timestamp,temp_out_c,cloud_cover_pct,shortwave_radiation_wm2,relative_humidity_pct,wind_speed_kmh
2026-01-01T00:00,1.1,100,0.0,80,13.3
2026-01-01T01:00,1.1,99,0.0,77,14.8
2026-01-01T02:00,1.6,52,0.0,75,18.7
2026-01-01T03:00,2.4,95,0.0,72,18.4
2026-01-01T04:00,2.0,96,0.0,73,15.8
2026-01-01T05:00,1.7,86,0.0,73,16.6
2026-01-01T06:00,1.5,98,0.0,73,16.9
2026-01-01T07:00,1.7,100,0.0,72,19.8
2026-01-01T08:00,1.9,100,0.0,73,21.2
2026-01-01T09:00,1.9,100,0.0,73,22.0
2026-01-01T10:00,2.2,100,21.0,70,22.0
2026-01-01T11:00,3.0,100,39.0,68,24.1
2026-01-01T12:00,3.8,100,40.0,68,24.5
2026-01-01T13:00,4.2,100,52.0,69,24.8
2026-01-01T14:00,4.7,100,92.0,69,23.0
2026-01-01T15:00,5.1,100,76.0,70,22.0
2026-01-01T16:00,4.6,100,40.0,73,23.0
2026-01-01T17:00,4.3,100,6.0,74,25.6
2026-01-01T18:00,4.1,100,0.0,74,23.0
2026-01-01T19:00,3.8,100,0.0,75,24.1
2026-01-01T20:00,3.8,100,0.0,73,24.1
2026-01-01T21:00,4.3,100,0.0,68,26.6
2026-01-01T22:00,4.3,99,0.0,65,28.1
2026-01-01T23:00,4.7,100,0.0,62,28.4
2026-01-02T00:00,5.0,100,0.0,63,26.6
2026-01-02T01:00,5.0,100,0.0,62,27.0
2026-01-02T02:00,5.3,100,0.0,55,29.9
2026-01-02T03:00,5.5,100,0.0,55,27.4
2026-01-02T04:00,5.5,100,0.0,57,25.6
2026-01-02T05:00,5.7,100,0.0,57,26.3
2026-01-02T06:00,5.7,100,0.0,58,25.9
2026-01-02T07:00,5.1,100,0.0,69,25.6
2026-01-02T08:00,5.6,100,0.0,69,16.2
2026-01-02T09:00,5.9,100,0.0,75,23.0
2026-01-02T10:00,5.5,100,5.0,80,23.4
2026-01-02T11:00,5.8,100,9.0,82,18.7
2026-01-02T12:00,6.0,100,7.0,87,23.0
2026-01-02T13:00,6.1,100,13.0,87,23.8
2026-01-02T14:00,6.3,100,12.0,85,29.5
2026-01-02T15:00,6.1,100,37.0,77,28.1
2026-01-02T16:00,5.0,100,36.0,72,23.4
2026-01-02T17:00,3.9,100,3.0,71,26.3
2026-01-02T18:00,3.5,100,0.0,67,21.2
2026-01-02T19:00,2.7,91,0.0,65,20.2
2026-01-02T20:00,2.0,6,0.0,65,19.1
2026-01-02T21:00,1.1,0,0.0,72,13.7
2026-01-02T22:00,0.5,0,0.0,76,11.9
2026-01-02T23:00,0.4,0,0.0,84,14.8
2026-01-03T00:00,0.2,1,0.0,80,13.7
2026-01-03T01:00,-0.2,0,0.0,79,12.6
2026-01-03T02:00,-0.3,0,0.0,79,13.3
2026-01-03T03:00,-0.5,0,0.0,79,13.0
2026-01-03T04:00,-0.5,2,0.0,85,12.2
2026-01-03T05:00,-0.4,100,0.0,87,14.8
2026-01-03T06:00,0.2,100,0.0,88,16.9
2026-01-03T07:00,0.7,99,0.0,87,18.7
2026-01-03T08:00,0.7,100,0.0,85,17.3
2026-01-03T09:00,0.5,5,1.0,87,14.8
2026-01-03T10:00,0.9,100,27.0,86,14.4
2026-01-03T11:00,1.3,100,33.0,84,17.6
2026-01-03T12:00,1.6,100,75.0,82,18.0
2026-01-03T13:00,1.6,100,119.0,81,15.8
2026-01-03T14:00,1.9,100,149.0,76,17.6
2026-01-03T15:00,1.6,100,37.0,81,18.4
2026-01-03T16:00,1.6,100,28.0,80,16.6
2026-01-03T17:00,1.2,100,2.0,87,15.8
2026-01-03T18:00,1.3,52,0.0,82,22.0
2026-01-03T19:00,1.0,100,0.0,79,21.2
2026-01-03T20:00,1.0,100,0.0,78,25.2
2026-01-03T21:00,1.1,100,0.0,77,26.6
2026-01-03T22:00,1.0,100,0.0,79,27.7
2026-01-03T23:00,0.4,100,0.0,89,21.6
2026-01-04T00:00,-0.3,32,0.0,76,20.9
2026-01-04T01:00,-0.8,35,0.0,78,24.5
2026-01-04T02:00,-1.4,1,0.0,76,31.0
2026-01-04T03:00,-1.9,1,0.0,74,29.2
2026-01-04T04:00,-2.2,8,0.0,73,28.4
2026-01-04T05:00,-2.3,1,0.0,74,28.4
2026-01-04T06:00,-2.6,33,0.0,76,27.7
2026-01-04T07:00,-2.3,100,0.0,79,23.4
2026-01-04T08:00,-1.6,10,0.0,76,22.7
2026-01-04T09:00,-1.5,100,0.0,76,23.0
2026-01-04T10:00,-1.7,7,46.0,79,18.4
2026-01-04T11:00,-1.2,0,133.0,74,18.4
2026-01-04T12:00,-0.7,4,213.0,69,17.6
2026-01-04T13:00,-0.5,4,239.0,66,16.6
2026-01-04T14:00,-0.5,0,226.0,63,15.8
2026-01-04T15:00,-0.6,0,173.0,63,15.1
2026-01-04T16:00,-0.8,0,87.0,63,13.7
2026-01-04T17:00,-1.5,0,10.0,76,13.0
2026-01-04T18:00,-1.9,99,0.0,82,14.4
2026-01-04T19:00,-2.2,4,0.0,82,13.3
2026-01-04T20:00,-2.8,14,0.0,83,11.9
2026-01-04T21:00,-2.8,98,0.0,81,13.7
2026-01-04T22:00,-3.1,53,0.0,80,11.2
2026-01-04T23:00,-3.7,97,0.0,81,13.3
2026-01-05T00:00,-3.8,100,0.0,85,11.9
2026-01-05T01:00,-3.4,100,0.0,86,10.8
2026-01-05T02:00,-3.4,100,0.0,85,9.7
2026-01-05T03:00,-3.1,100,0.0,83,11.9
2026-01-05T04:00,-3.0,4,0.0,84,12.6
2026-01-05T05:00,-3.4,15,0.0,85,13.3
2026-01-05T06:00,-3.0,100,0.0,82,13.0
2026-01-05T07:00,-3.0,90,0.0,80,10.8
2026-01-05T08:00,-3.7,45,0.0,80,9.0
2026-01-05T09:00,-4.4,9,1.0,84,11.5
2026-01-05T10:00,-4.3,97,51.0,83,9.4
2026-01-05T11:00,-3.7,100,125.0,82,7.6
2026-01-05T12:00,-2.7,100,160.0,76,7.9
2026-01-05T13:00,-1.8,100,180.0,74,8.3
2026-01-05T14:00,-1.1,100,191.0,74,7.2
2026-01-05T15:00,-0.7,100,145.0,70,7.6
2026-01-05T16:00,-0.8,99,71.0,71,8.3
2026-01-05T17:00,-1.3,100,8.0,76,10.8
2026-01-05T18:00,-1.8,100,0.0,78,9.7
2026-01-05T19:00,-2.0,100,0.0,76,11.2
2026-01-05T20:00,-2.6,99,0.0,79,12.2
2026-01-05T21:00,-3.0,100,0.0,82,10.8
2026-01-05T22:00,-2.8,100,0.0,81,10.4
2026-01-05T23:00,-2.6,100,0.0,83,10.8
2026-01-06T00:00,-2.3,100,0.0,82,11.2
2026-01-06T01:00,-2.0,100,0.0,82,12.6
2026-01-06T02:00,-1.8,100,0.0,82,11.9
2026-01-06T03:00,-1.8,100,0.0,84,13.7
2026-01-06T04:00,-1.7,100,0.0,88,15.8
2026-01-06T05:00,-1.4,100,0.0,89,15.8
2026-01-06T06:00,-1.2,100,0.0,90,16.6
2026-01-06T07:00,-0.9,100,0.0,92,18.4
2026-01-06T08:00,-0.6,100,0.0,93,15.1
2026-01-06T09:00,-0.3,100,0.0,93,16.6
2026-01-06T10:00,0.1,100,2.0,94,16.2
2026-01-06T11:00,0.7,100,5.0,93,14.0
2026-01-06T12:00,1.2,100,10.0,94,13.7
2026-01-06T13:00,2.1,100,35.0,91,14.4
2026-01-06T14:00,3.6,100,155.0,86,13.0
2026-01-06T15:00,4.3,100,137.0,84,13.3
2026-01-06T16:00,4.2,100,71.0,84,13.7
2026-01-06T17:00,3.7,100,10.0,86,11.9
2026-01-06T18:00,3.8,100,0.0,88,15.1
2026-01-06T19:00,3.7,99,0.0,87,15.1
2026-01-06T20:00,3.6,100,0.0,87,15.8
2026-01-06T21:00,3.9,100,0.0,90,15.1
2026-01-06T22:00,4.6,100,0.0,91,24.1
2026-01-06T23:00,5.4,100,0.0,90,18.0
2026-01-07T00:00,5.3,100,0.0,92,9.4
2026-01-07T01:00,4.8,100,0.0,90,15.1
2026-01-07T02:00,4.2,100,0.0,90,12.2
2026-01-07T03:00,3.7,100,0.0,91,12.2
2026-01-07T04:00,3.2,100,0.0,93,12.2
2026-01-07T05:00,2.8,100,0.0,94,11.5
2026-01-07T06:00,3.2,100,0.0,93,10.8
2026-01-07T07:00,3.5,100,0.0,91,11.2
2026-01-07T08:00,3.9,100,0.0,90,9.0
2026-01-07T09:00,4.2,100,0.0,89,8.3
2026-01-07T10:00,4.2,100,4.0,92,6.1
2026-01-07T11:00,4.0,100,18.0,93,8.3
2026-01-07T12:00,4.8,100,10.0,93,9.0
2026-01-07T13:00,5.0,100,8.0,93,10.4
2026-01-07T14:00,5.7,100,8.0,93,13.3
2026-01-07T15:00,5.8,100,7.0,92,9.0
2026-01-07T16:00,5.7,100,8.0,89,7.6
2026-01-07T17:00,5.3,100,1.0,91,9.0
2026-01-07T18:00,5.1,100,0.0,91,9.7
2026-01-07T19:00,4.8,100,0.0,93,10.4
2026-01-07T20:00,4.8,100,0.0,93,14.0
2026-01-07T21:00,4.8,100,0.0,93,13.7
2026-01-07T22:00,4.9,100,0.0,92,14.8
2026-01-07T23:00,4.7,100,0.0,91,19.8
2026-01-08T00:00,4.5,100,0.0,89,19.4
2026-01-08T01:00,4.2,2,0.0,84,19.8
2026-01-08T02:00,4.0,1,0.0,83,21.2
2026-01-08T03:00,3.7,14,0.0,84,21.6
2026-01-08T04:00,3.2,0,0.0,83,20.2
2026-01-08T05:00,2.6,0,0.0,82,16.9
2026-01-08T06:00,2.1,0,0.0,83,16.9
2026-01-08T07:00,1.8,26,0.0,82,16.2
2026-01-08T08:00,1.8,100,0.0,82,16.2
2026-01-08T09:00,2.1,15,0.0,81,17.3
2026-01-08T10:00,2.4,99,48.0,79,20.5
2026-01-08T11:00,3.1,99,107.0,75,15.8
2026-01-08T12:00,3.1,100,82.0,77,15.1
2026-01-08T13:00,3.2,100,68.0,83,15.1
2026-01-08T14:00,2.3,100,16.0,92,14.0
2026-01-08T15:00,1.2,100,7.0,97,10.4
2026-01-08T16:00,1.9,100,11.0,91,13.0
2026-01-08T17:00,2.4,100,8.0,87,14.0
2026-01-08T18:00,2.4,100,0.0,86,10.1
2026-01-08T19:00,1.8,100,0.0,88,9.7
2026-01-08T20:00,1.6,55,0.0,91,15.1
2026-01-08T21:00,1.5,0,0.0,89,14.0
2026-01-08T22:00,1.5,100,0.0,89,14.0
2026-01-08T23:00,1.2,100,0.0,89,10.8
2026-01-09T00:00,1.6,100,0.0,89,10.1
2026-01-09T01:00,1.0,2,0.0,90,9.4
2026-01-09T02:00,0.1,53,0.0,92,10.4
2026-01-09T03:00,-0.3,85,0.0,92,8.6
2026-01-09T04:00,-0.8,89,0.0,94,11.5
2026-01-09T05:00,-0.8,98,0.0,94,11.2
2026-01-09T06:00,-0.9,100,0.0,97,15.1
2026-01-09T07:00,-0.2,100,0.0,95,13.7
2026-01-09T08:00,0.4,100,0.0,95,7.9
2026-01-09T09:00,0.9,100,0.0,95,12.6
2026-01-09T10:00,1.4,100,2.0,94,17.6
2026-01-09T11:00,1.9,100,7.0,93,16.2
2026-01-09T12:00,2.5,100,41.0,92,12.2
2026-01-09T13:00,3.0,100,29.0,93,12.6
2026-01-09T14:00,3.9,100,55.0,93,13.0
2026-01-09T15:00,4.7,100,55.0,92,12.2
2026-01-09T16:00,5.2,100,37.0,92,12.6
2026-01-09T17:00,4.4,100,8.0,95,8.6
2026-01-09T18:00,4.2,100,0.0,97,9.7
2026-01-09T19:00,3.9,100,0.0,99,11.5
2026-01-09T20:00,4.2,98,0.0,97,16.2
2026-01-09T21:00,4.0,99,0.0,97,13.7
2026-01-09T22:00,3.6,69,0.0,97,14.8
2026-01-09T23:00,3.8,88,0.0,96,9.0
2026-01-10T00:00,3.8,36,0.0,95,13.7
2026-01-10T01:00,5.2,100,0.0,93,14.4
2026-01-10T02:00,6.4,100,0.0,95,21.2
2026-01-10T03:00,7.2,100,0.0,93,17.6
2026-01-10T04:00,7.1,100,0.0,95,16.9
2026-01-10T05:00,5.0,100,0.0,83,37.1
2026-01-10T06:00,2.3,100,0.0,79,31.0
2026-01-10T07:00,1.9,100,0.0,82,29.9
2026-01-10T08:00,1.7,100,0.0,83,28.4
2026-01-10T09:00,1.6,100,0.0,84,27.7
2026-01-10T10:00,1.6,100,9.0,84,27.4
2026-01-10T11:00,1.7,100,19.0,86,25.9
2026-01-10T12:00,1.8,100,18.0,87,26.6
2026-01-10T13:00,2.1,100,68.0,85,24.8
2026-01-10T14:00,2.4,100,73.0,82,17.6
2026-01-10T15:00,2.4,100,39.0,85,20.2
2026-01-10T16:00,2.2,100,13.0,84,20.2
2026-01-10T17:00,1.9,100,2.0,85,20.9
2026-01-10T18:00,1.7,100,0.0,88,20.5
2026-01-10T19:00,1.4,100,0.0,87,22.3
2026-01-10T20:00,1.1,100,0.0,85,24.8
2026-01-10T21:00,0.8,45,0.0,84,22.0
2026-01-10T22:00,0.9,100,0.0,87,19.8
2026-01-10T23:00,1.2,100,0.0,83,18.7
2026-01-11T00:00,0.9,100,0.0,85,16.6
2026-01-11T01:00,0.7,100,0.0,85,18.7
2026-01-11T02:00,0.9,100,0.0,85,17.6
2026-01-11T03:00,0.9,100,0.0,83,17.6
2026-01-11T04:00,0.7,100,0.0,82,21.6
2026-01-11T05:00,0.3,59,0.0,82,23.0
2026-01-11T06:00,-0.1,17,0.0,85,22.0
2026-01-11T07:00,0.2,100,0.0,82,23.0
2026-01-11T08:00,0.4,100,0.0,83,21.2
2026-01-11T09:00,0.7,100,0.0,81,24.1
2026-01-11T10:00,0.4,100,9.0,81,24.8
2026-01-11T11:00,0.7,100,25.0,81,23.0
2026-01-11T12:00,0.7,100,27.0,82,25.9
2026-01-11T13:00,0.7,100,33.0,80,27.4
2026-01-11T14:00,0.6,100,35.0,79,27.4
2026-01-11T15:00,0.5,100,14.0,80,25.2
2026-01-11T16:00,0.3,100,16.0,80,24.1
2026-01-11T17:00,0.1,100,3.0,81,24.1
2026-01-11T18:00,0.1,100,0.0,81,22.3
2026-01-11T19:00,-0.1,100,0.0,82,22.7
2026-01-11T20:00,-0.0,100,0.0,83,23.0
2026-01-11T21:00,0.0,100,0.0,85,22.0
2026-01-11T22:00,0.0,100,0.0,87,20.9
2026-01-11T23:00,-0.0,95,0.0,87,16.9
2026-01-12T00:00,0.1,100,0.0,88,14.8
2026-01-12T01:00,0.3,100,0.0,90,10.4
2026-01-12T02:00,0.4,100,0.0,88,17.6
2026-01-12T03:00,0.5,100,0.0,87,17.6
2026-01-12T04:00,0.3,100,0.0,83,19.1
2026-01-12T05:00,0.1,100,0.0,83,15.1
2026-01-12T06:00,0.1,100,0.0,79,15.5
2026-01-12T07:00,-0.1,99,0.0,83,16.2
2026-01-12T08:00,-0.0,98,0.0,85,11.5
2026-01-12T09:00,0.4,100,0.0,89,10.4
2026-01-12T10:00,0.8,100,9.0,92,10.4
2026-01-12T11:00,1.0,100,13.0,93,11.9
2026-01-12T12:00,1.3,100,20.0,92,18.4
2026-01-12T13:00,1.6,98,56.0,82,21.2
2026-01-12T14:00,1.4,100,78.0,87,18.4
2026-01-12T15:00,1.1,100,23.0,91,17.6
2026-01-12T16:00,1.2,100,11.0,84,16.9
2026-01-12T17:00,1.1,45,10.0,80,17.3
2026-01-12T18:00,1.1,68,0.0,82,18.7
2026-01-12T19:00,0.6,100,0.0,83,19.1
2026-01-12T20:00,0.3,81,0.0,82,18.0
2026-01-12T21:00,-0.1,100,0.0,80,17.3
2026-01-12T22:00,-0.4,87,0.0,81,16.9
2026-01-12T23:00,-0.7,100,0.0,81,15.8
2026-01-13T00:00,-0.5,100,0.0,79,16.9
2026-01-13T01:00,-0.4,100,0.0,79,15.8
2026-01-13T02:00,-0.5,100,0.0,81,14.0
2026-01-13T03:00,-0.4,100,0.0,83,14.0
2026-01-13T04:00,-0.5,100,0.0,84,13.3
2026-01-13T05:00,-0.7,100,0.0,86,9.7
2026-01-13T06:00,-0.9,100,0.0,85,11.9
2026-01-13T07:00,-0.9,100,0.0,82,11.5
2026-01-13T08:00,-0.8,100,0.0,79,12.6
2026-01-13T09:00,-0.9,100,1.0,76,12.2
2026-01-13T10:00,-1.6,20,46.0,74,12.2
2026-01-13T11:00,-1.5,100,158.0,71,9.7
2026-01-13T12:00,-1.0,96,206.0,66,7.9
2026-01-13T13:00,-0.5,33,227.0,61,7.9
2026-01-13T14:00,0.1,83,237.0,58,9.4
2026-01-13T15:00,0.2,61,164.0,64,8.6
2026-01-13T16:00,0.2,94,90.0,66,9.7
2026-01-13T17:00,0.1,64,15.0,67,10.1
2026-01-13T18:00,-0.1,92,0.0,69,10.4
2026-01-13T19:00,-0.7,76,0.0,72,11.2
2026-01-13T20:00,-0.9,63,0.0,75,5.8
2026-01-13T21:00,-1.0,59,0.0,86,11.9
2026-01-13T22:00,-1.7,100,0.0,95,14.0
2026-01-13T23:00,-0.9,100,0.0,94,14.0
2026-01-14T00:00,-0.4,100,0.0,93,15.8
2026-01-14T01:00,-0.5,76,0.0,90,14.8
2026-01-14T02:00,-0.7,100,0.0,89,14.8
2026-01-14T03:00,-1.0,100,0.0,89,20.2
2026-01-14T04:00,-1.1,99,0.0,88,18.7
2026-01-14T05:00,-1.1,92,0.0,86,17.6
2026-01-14T06:00,-1.2,100,0.0,85,17.6
2026-01-14T07:00,-1.1,100,0.0,83,19.4
2026-01-14T08:00,-1.2,100,0.0,81,12.6
2026-01-14T09:00,-0.9,100,1.0,79,18.0
2026-01-14T10:00,-0.8,100,32.0,79,19.8
2026-01-14T11:00,-0.4,100,99.0,77,20.2
2026-01-14T12:00,-0.0,100,125.0,72,19.4
2026-01-14T13:00,0.4,100,128.0,67,19.1
2026-01-14T14:00,1.0,100,115.0,63,17.6
2026-01-14T15:00,1.1,100,62.0,61,17.3
2026-01-14T16:00,1.2,100,25.0,62,16.9
2026-01-14T17:00,1.2,100,7.0,64,18.0
2026-01-14T18:00,1.0,100,0.0,71,21.6
2026-01-14T19:00,0.5,100,0.0,80,20.5
2026-01-14T20:00,0.5,100,0.0,85,20.9
2026-01-14T21:00,0.7,100,0.0,88,19.4
2026-01-14T22:00,0.5,100,0.0,89,20.9
2026-01-14T23:00,0.4,100,0.0,89,22.3
2026-01-15T00:00,0.2,100,0.0,91,20.2
2026-01-15T01:00,0.2,100,0.0,91,16.2
2026-01-15T02:00,0.4,100,0.0,92,15.8
2026-01-15T03:00,0.6,100,0.0,91,15.8
2026-01-15T04:00,0.5,100,0.0,92,15.1
2026-01-15T05:00,0.5,100,0.0,95,14.4
2026-01-15T06:00,0.6,100,0.0,94,14.4
2026-01-15T07:00,0.9,100,0.0,95,14.4
2026-01-15T08:00,1.0,100,0.0,96,12.6
2026-01-15T09:00,1.0,100,0.0,97,10.1
2026-01-15T10:00,1.2,100,2.0,96,9.7
2026-01-15T11:00,1.4,100,8.0,96,10.8
2026-01-15T12:00,1.5,100,18.0,97,10.8
2026-01-15T13:00,1.7,100,19.0,96,11.2
2026-01-15T14:00,2.1,100,38.0,95,10.1
2026-01-15T15:00,2.7,100,41.0,94,10.4
2026-01-15T16:00,2.9,100,22.0,93,9.7
2026-01-15T17:00,2.9,100,4.0,93,8.6
2026-01-15T18:00,2.9,100,0.0,93,8.3
2026-01-15T19:00,2.5,100,0.0,95,7.9
2026-01-15T20:00,2.3,100,0.0,95,8.3
2026-01-15T21:00,2.2,100,0.0,95,5.0
2026-01-15T22:00,2.3,100,0.0,94,4.0
2026-01-15T23:00,2.3,100,0.0,94,7.9
2026-01-16T00:00,2.1,100,0.0,95,6.5
2026-01-16T01:00,2.1,100,0.0,95,5.0
2026-01-16T02:00,1.3,100,0.0,97,7.9
2026-01-16T03:00,1.6,100,0.0,94,4.7
2026-01-16T04:00,1.7,100,0.0,94,5.8
2026-01-16T05:00,1.7,100,0.0,95,6.5
2026-01-16T06:00,1.5,100,0.0,97,7.9
2026-01-16T07:00,1.6,100,0.0,96,9.0
2026-01-16T08:00,1.7,100,0.0,95,9.4
2026-01-16T09:00,1.6,100,1.0,95,9.7
2026-01-16T10:00,1.9,100,19.0,93,9.7
2026-01-16T11:00,2.3,100,62.0,94,9.0
2026-01-16T12:00,2.4,100,95.0,90,12.6
2026-01-16T13:00,2.8,100,102.0,85,16.2
2026-01-16T14:00,2.5,100,74.0,87,17.6
2026-01-16T15:00,2.2,100,55.0,88,16.2
2026-01-16T16:00,2.2,100,43.0,86,16.9
2026-01-16T17:00,2.0,100,8.0,86,17.6
2026-01-16T18:00,1.8,100,0.0,88,19.1
2026-01-16T19:00,1.5,100,0.0,89,18.4
2026-01-16T20:00,1.7,87,0.0,87,13.0
2026-01-16T21:00,2.0,100,0.0,88,19.4
2026-01-16T22:00,1.6,100,0.0,91,20.9
2026-01-16T23:00,1.7,100,0.0,93,18.0
2026-01-17T00:00,2.1,100,0.0,93,20.9
2026-01-17T01:00,1.8,100,0.0,96,20.9
2026-01-17T02:00,1.8,100,0.0,97,19.4
2026-01-17T03:00,2.0,100,0.0,97,20.2
2026-01-17T04:00,1.7,100,0.0,97,18.0
2026-01-17T05:00,1.4,100,0.0,98,18.0
2026-01-17T06:00,1.2,100,0.0,98,16.9
2026-01-17T07:00,1.2,100,0.0,97,17.6
2026-01-17T08:00,1.6,100,0.0,92,10.1
2026-01-17T09:00,2.0,100,1.0,90,15.1
2026-01-17T10:00,1.8,100,17.0,93,14.8
2026-01-17T11:00,1.8,100,39.0,94,15.8
2026-01-17T12:00,1.8,100,66.0,93,17.6
2026-01-17T13:00,1.8,100,77.0,92,16.6
2026-01-17T14:00,2.2,100,77.0,90,16.6
2026-01-17T15:00,2.6,100,90.0,89,16.9
2026-01-17T16:00,2.6,100,44.0,90,14.4
2026-01-17T17:00,2.5,100,10.0,92,14.0
2026-01-17T18:00,2.3,100,0.0,94,14.0
2026-01-17T19:00,1.9,100,0.0,96,13.7
2026-01-17T20:00,1.7,100,0.0,95,11.9
2026-01-17T21:00,1.6,100,0.0,95,14.4
2026-01-17T22:00,1.4,100,0.0,96,15.1
2026-01-17T23:00,1.6,100,0.0,96,15.1
2026-01-18T00:00,1.6,100,0.0,94,13.7
2026-01-18T01:00,1.5,100,0.0,92,14.0
2026-01-18T02:00,1.4,100,0.0,93,13.0
2026-01-18T03:00,1.3,100,0.0,93,14.8
2026-01-18T04:00,1.4,100,0.0,89,14.0
2026-01-18T05:00,1.3,100,0.0,88,16.2
2026-01-18T06:00,1.0,0,0.0,87,15.1
2026-01-18T07:00,0.9,0,0.0,86,16.6
2026-01-18T08:00,1.0,0,0.0,83,14.0
2026-01-18T09:00,1.0,0,3.0,83,15.1
2026-01-18T10:00,1.2,35,67.0,84,16.6
2026-01-18T11:00,2.0,59,152.0,81,12.6
2026-01-18T12:00,3.5,1,218.0,74,11.9
2026-01-18T13:00,3.7,100,212.0,80,12.2
2026-01-18T14:00,3.5,100,84.0,85,10.8
2026-01-18T15:00,3.2,100,37.0,88,10.8
2026-01-18T16:00,2.8,100,18.0,91,12.2
2026-01-18T17:00,2.6,100,3.0,92,10.4
2026-01-18T18:00,2.4,100,0.0,93,10.4
2026-01-18T19:00,2.2,100,0.0,95,11.2
2026-01-18T20:00,2.1,100,0.0,97,9.7
2026-01-18T21:00,2.2,100,0.0,96,9.7
2026-01-18T22:00,2.2,100,0.0,96,9.4
2026-01-18T23:00,2.1,100,0.0,96,9.4
2026-01-19T00:00,2.0,100,0.0,96,8.3
2026-01-19T01:00,2.0,100,0.0,96,8.6
2026-01-19T02:00,2.1,100,0.0,96,6.8
2026-01-19T03:00,2.1,100,0.0,96,5.8
2026-01-19T04:00,2.1,100,0.0,95,7.2
2026-01-19T05:00,2.0,100,0.0,94,5.8
2026-01-19T06:00,2.0,100,0.0,94,5.4
2026-01-19T07:00,2.2,100,0.0,93,6.8
2026-01-19T08:00,2.2,100,0.0,92,6.1
2026-01-19T09:00,2.4,100,1.0,91,5.0
2026-01-19T10:00,2.8,100,15.0,91,4.3
2026-01-19T11:00,3.3,100,46.0,88,3.6
2026-01-19T12:00,3.7,100,86.0,86,4.3
2026-01-19T13:00,3.8,100,93.0,86,5.8
2026-01-19T14:00,3.8,100,74.0,88,6.1
2026-01-19T15:00,3.8,100,56.0,88,5.4
2026-01-19T16:00,3.7,100,38.0,87,4.0
2026-01-19T17:00,3.6,100,10.0,87,4.3
2026-01-19T18:00,3.4,100,0.0,87,4.3
2026-01-19T19:00,3.2,100,0.0,88,5.0
2026-01-19T20:00,3.1,100,0.0,89,6.8
2026-01-19T21:00,2.7,100,0.0,90,6.1
2026-01-19T22:00,2.4,100,0.0,91,5.0
2026-01-19T23:00,0.6,100,0.0,95,6.5
2026-01-20T00:00,0.7,100,0.0,95,6.5
2026-01-20T01:00,0.4,100,0.0,95,6.1
2026-01-20T02:00,0.1,100,0.0,95,7.6
2026-01-20T03:00,0.0,100,0.0,96,6.5
2026-01-20T04:00,-0.3,100,0.0,97,6.5
2026-01-20T05:00,-0.6,100,0.0,98,6.8
2026-01-20T06:00,-0.8,100,0.0,98,6.8
2026-01-20T07:00,-0.9,100,0.0,97,6.8
2026-01-20T08:00,-1.0,100,0.0,96,6.8
2026-01-20T09:00,-1.1,100,3.0,97,7.9
2026-01-20T10:00,-0.8,100,48.0,95,7.6
2026-01-20T11:00,-0.1,100,139.0,93,11.2
2026-01-20T12:00,0.1,100,126.0,96,8.3
2026-01-20T13:00,0.9,100,181.0,92,9.0
2026-01-20T14:00,2.4,90,236.0,85,7.9
2026-01-20T15:00,3.3,92,206.0,81,8.3
2026-01-20T16:00,3.4,99,124.0,81,8.6
2026-01-20T17:00,3.1,98,33.0,83,9.0
2026-01-20T18:00,2.6,99,0.0,85,9.0
2026-01-20T19:00,2.1,100,0.0,88,10.4
2026-01-20T20:00,1.6,99,0.0,91,12.6
2026-01-20T21:00,1.0,100,0.0,93,9.4
2026-01-20T22:00,0.6,100,0.0,94,9.0
2026-01-20T23:00,0.4,100,0.0,95,5.4
2026-01-21T00:00,0.5,100,0.0,95,9.7
2026-01-21T01:00,0.5,100,0.0,93,9.4
2026-01-21T02:00,0.6,100,0.0,93,8.3
2026-01-21T03:00,1.0,100,0.0,93,8.6
2026-01-21T04:00,1.5,100,0.0,88,8.3
2026-01-21T05:00,1.7,100,0.0,86,9.0
2026-01-21T06:00,1.9,100,0.0,84,8.3
2026-01-21T07:00,2.1,100,0.0,78,7.9
2026-01-21T08:00,2.0,100,0.0,76,10.4
2026-01-21T09:00,2.4,100,3.0,73,9.0
2026-01-21T10:00,2.8,98,53.0,70,9.0
2026-01-21T11:00,3.3,100,129.0,70,6.1
2026-01-21T12:00,3.8,100,182.0,70,5.8
2026-01-21T13:00,4.1,100,226.0,70,4.3
2026-01-21T14:00,4.4,100,194.0,70,4.0
2026-01-21T15:00,4.4,100,109.0,71,2.2
2026-01-21T16:00,4.3,100,58.0,72,4.3
2026-01-21T17:00,3.8,100,16.0,75,5.8
2026-01-21T18:00,3.6,100,0.0,76,6.8
2026-01-21T19:00,3.2,100,0.0,78,6.8
2026-01-21T20:00,2.9,100,0.0,82,6.1
2026-01-21T21:00,2.9,100,0.0,82,6.8
2026-01-21T22:00,2.9,100,0.0,83,9.4
2026-01-21T23:00,2.6,100,0.0,86,10.8
2026-01-22T00:00,2.3,100,0.0,86,6.5
2026-01-22T01:00,2.2,100,0.0,87,6.5
2026-01-22T02:00,1.9,100,0.0,86,3.6
2026-01-22T03:00,1.8,100,0.0,83,4.7
2026-01-22T04:00,1.8,100,0.0,83,5.0
2026-01-22T05:00,1.7,100,0.0,84,6.1
2026-01-22T06:00,1.3,100,0.0,88,5.4
2026-01-22T07:00,1.5,100,0.0,87,4.3
2026-01-22T08:00,1.6,99,0.0,86,3.6
2026-01-22T09:00,1.6,100,3.0,85,6.1
2026-01-22T10:00,1.6,100,52.0,87,6.5
2026-01-22T11:00,1.5,16,116.0,87,4.7
2026-01-22T12:00,2.1,3,244.0,81,6.8
2026-01-22T13:00,2.1,60,273.0,81,6.8
2026-01-22T14:00,2.6,1,253.0,78,4.7
2026-01-22T15:00,3.2,2,220.0,74,5.0
2026-01-22T16:00,3.2,0,137.0,74,3.6
2026-01-22T17:00,2.9,0,40.0,76,1.4
2026-01-22T18:00,2.1,0,0.0,77,6.5
2026-01-22T19:00,1.5,5,0.0,78,2.9
2026-01-22T20:00,0.9,34,0.0,79,3.2
2026-01-22T21:00,0.7,65,0.0,81,3.6
2026-01-22T22:00,0.4,37,0.0,84,5.0
2026-01-22T23:00,-0.4,92,0.0,87,9.0
2026-01-23T00:00,-0.6,78,0.0,88,6.1
2026-01-23T01:00,-0.9,100,0.0,90,6.8
2026-01-23T02:00,-0.9,100,0.0,92,5.8
2026-01-23T03:00,-1.2,100,0.0,97,6.8
2026-01-23T04:00,-1.6,100,0.0,98,8.3
2026-01-23T05:00,-1.3,100,0.0,98,11.2
2026-01-23T06:00,-0.9,100,0.0,98,10.8
2026-01-23T07:00,-0.5,100,0.0,98,13.0
2026-01-23T08:00,0.1,100,0.0,98,12.2
2026-01-23T09:00,0.2,100,2.0,97,12.2
2026-01-23T10:00,0.1,100,27.0,96,13.0
2026-01-23T11:00,0.2,100,67.0,94,14.8
2026-01-23T12:00,0.3,100,56.0,96,12.6
2026-01-23T13:00,0.8,100,96.0,92,14.8
2026-01-23T14:00,1.4,100,115.0,89,14.8
2026-01-23T15:00,2.1,100,136.0,85,15.1
2026-01-23T16:00,2.4,100,112.0,84,14.4
2026-01-23T17:00,2.2,100,37.0,84,15.1
2026-01-23T18:00,2.1,100,0.0,86,14.0
2026-01-23T19:00,1.8,100,0.0,87,12.6
2026-01-23T20:00,2.4,100,0.0,87,12.2
2026-01-23T21:00,2.4,100,0.0,90,12.2
2026-01-23T22:00,2.8,100,0.0,89,11.9
2026-01-23T23:00,3.3,100,0.0,86,17.6
2026-01-24T00:00,2.8,100,0.0,88,18.4
2026-01-24T01:00,2.6,100,0.0,90,15.8
2026-01-24T02:00,2.4,100,0.0,91,15.8
2026-01-24T03:00,2.5,100,0.0,91,13.7
2026-01-24T04:00,2.8,100,0.0,89,13.7
2026-01-24T05:00,3.2,100,0.0,91,15.8
2026-01-24T06:00,3.0,100,0.0,92,12.2
2026-01-24T07:00,3.1,100,0.0,92,12.2
2026-01-24T08:00,3.5,100,0.0,89,11.2
2026-01-24T09:00,3.8,100,1.0,88,6.1
2026-01-24T10:00,3.7,100,25.0,88,8.3
2026-01-24T11:00,3.8,100,47.0,87,7.6
2026-01-24T12:00,4.2,100,78.0,86,6.1
2026-01-24T13:00,4.9,100,181.0,83,6.8
2026-01-24T14:00,5.3,100,146.0,81,8.3
2026-01-24T15:00,6.1,0,196.0,75,8.6
2026-01-24T16:00,6.3,0,147.0,70,10.8
2026-01-24T17:00,5.3,14,47.0,77,10.4
2026-01-24T18:00,4.4,22,0.0,79,10.8
2026-01-24T19:00,3.6,96,0.0,82,11.5
2026-01-24T20:00,3.3,1,0.0,82,13.7
2026-01-24T21:00,2.6,2,0.0,83,12.6
2026-01-24T22:00,2.2,97,0.0,84,11.9
2026-01-24T23:00,2.2,97,0.0,84,13.3
2026-01-25T00:00,2.1,100,0.0,84,13.7
2026-01-25T01:00,1.9,100,0.0,84,14.8
2026-01-25T02:00,2.2,100,0.0,78,15.8
2026-01-25T03:00,2.6,100,0.0,74,15.5
2026-01-25T04:00,2.8,100,0.0,74,16.9
2026-01-25T05:00,2.9,100,0.0,78,16.9
2026-01-25T06:00,2.9,100,0.0,86,14.8
2026-01-25T07:00,3.2,100,0.0,90,13.3
2026-01-25T08:00,3.5,100,0.0,91,8.3
2026-01-25T09:00,3.5,100,1.0,92,12.2
2026-01-25T10:00,3.8,100,10.0,90,12.6
2026-01-25T11:00,4.4,100,28.0,86,14.4
2026-01-25T12:00,4.9,100,23.0,84,13.3
2026-01-25T13:00,6.1,100,172.0,78,14.0
2026-01-25T14:00,7.4,100,260.0,72,11.5
2026-01-25T15:00,8.1,100,211.0,69,14.4
2026-01-25T16:00,8.1,100,113.0,73,15.8
2026-01-25T17:00,7.9,100,33.0,75,16.2
2026-01-25T18:00,7.9,100,0.0,78,15.1
2026-01-25T19:00,7.5,100,0.0,80,14.8
2026-01-25T20:00,7.3,100,0.0,80,16.2
2026-01-25T21:00,7.4,100,0.0,81,14.0
2026-01-25T22:00,7.1,100,0.0,82,17.6
2026-01-25T23:00,7.2,100,0.0,79,11.9
2026-01-26T00:00,6.9,100,0.0,80,6.5
2026-01-26T01:00,6.7,100,0.0,76,10.1
2026-01-26T02:00,6.2,100,0.0,80,10.8
2026-01-26T03:00,5.6,100,0.0,83,10.4
2026-01-26T04:00,5.0,100,0.0,85,10.1
2026-01-26T05:00,4.4,100,0.0,87,10.4
2026-01-26T06:00,4.3,100,0.0,87,9.4
2026-01-26T07:00,4.3,100,0.0,88,10.8
2026-01-26T08:00,4.4,100,0.0,86,6.5
2026-01-26T09:00,4.7,100,2.0,85,11.5
2026-01-26T10:00,4.8,100,27.0,86,11.5
2026-01-26T11:00,4.8,100,58.0,86,9.7
2026-01-26T12:00,5.1,100,87.0,84,10.8
2026-01-26T13:00,5.4,100,72.0,82,11.9
2026-01-26T14:00,5.5,100,26.0,83,10.1
2026-01-26T15:00,5.5,100,31.0,84,10.4
2026-01-26T16:00,5.7,100,31.0,85,10.4
2026-01-26T17:00,5.9,100,8.0,87,9.4
2026-01-26T18:00,6.3,100,0.0,89,10.1
2026-01-26T19:00,6.2,100,0.0,91,11.2
2026-01-26T20:00,6.7,100,0.0,89,12.6
2026-01-26T21:00,7.0,100,0.0,90,12.6
2026-01-26T22:00,7.5,100,0.0,89,14.8
2026-01-26T23:00,7.5,100,0.0,90,14.4
2026-01-27T00:00,7.3,80,0.0,89,12.2
2026-01-27T01:00,6.9,10,0.0,90,12.6
2026-01-27T02:00,6.1,0,0.0,90,13.3
2026-01-27T03:00,5.4,0,0.0,90,12.2
2026-01-27T04:00,4.7,27,0.0,90,10.8
2026-01-27T05:00,4.3,100,0.0,91,10.1
2026-01-27T06:00,4.1,97,0.0,93,9.7
2026-01-27T07:00,3.5,69,0.0,93,10.4
2026-01-27T08:00,2.8,4,0.0,93,8.3
2026-01-27T09:00,2.5,100,9.0,93,10.1
2026-01-27T10:00,3.2,74,85.0,92,10.8
2026-01-27T11:00,4.4,100,185.0,90,5.4
2026-01-27T12:00,5.6,100,212.0,92,8.3
2026-01-27T13:00,6.9,97,268.0,88,9.0
2026-01-27T14:00,8.5,39,244.0,82,10.4
2026-01-27T15:00,9.2,100,161.0,82,12.6
2026-01-27T16:00,9.4,99,96.0,85,11.9
2026-01-27T17:00,9.4,100,33.0,86,9.0
2026-01-27T18:00,8.8,100,0.0,88,11.5
2026-01-27T19:00,8.4,100,0.0,90,11.2
2026-01-27T20:00,7.9,99,0.0,92,12.6
2026-01-27T21:00,7.2,97,0.0,94,13.3
2026-01-27T22:00,6.7,100,0.0,94,12.6
2026-01-27T23:00,6.2,100,0.0,91,12.6
2026-01-28T00:00,5.9,72,0.0,90,10.8
2026-01-28T01:00,5.5,100,0.0,90,11.2
2026-01-28T02:00,5.1,100,0.0,89,8.6
2026-01-28T03:00,5.3,100,0.0,87,9.4
2026-01-28T04:00,5.4,100,0.0,87,9.7
2026-01-28T05:00,5.1,69,0.0,88,9.7
2026-01-28T06:00,4.9,100,0.0,88,7.9
2026-01-28T07:00,4.8,96,0.0,89,9.4
2026-01-28T08:00,4.3,100,0.0,92,7.9
2026-01-28T09:00,4.0,100,8.0,96,9.4
2026-01-28T10:00,3.7,100,55.0,97,11.5
2026-01-28T11:00,4.1,100,88.0,97,10.4
2026-01-28T12:00,4.9,100,142.0,95,9.4
2026-01-28T13:00,5.7,100,164.0,92,8.3
2026-01-28T14:00,7.1,75,264.0,86,10.8
2026-01-28T15:00,8.6,99,228.0,80,8.6
2026-01-28T16:00,9.2,100,89.0,80,11.9
2026-01-28T17:00,9.1,100,20.0,84,7.2
2026-01-28T18:00,8.8,100,0.0,90,11.9
2026-01-28T19:00,8.5,100,0.0,93,13.0
2026-01-28T20:00,8.7,100,0.0,94,14.0
2026-01-28T21:00,9.1,100,0.0,94,15.1
2026-01-28T22:00,9.3,100,0.0,91,15.8
2026-01-28T23:00,9.3,100,0.0,89,13.7
2026-01-29T00:00,9.6,100,0.0,88,15.1
2026-01-29T01:00,9.5,100,0.0,87,14.8
2026-01-29T02:00,9.9,100,0.0,82,13.3
2026-01-29T03:00,9.9,100,0.0,82,14.0
2026-01-29T04:00,9.7,100,0.0,84,14.4
2026-01-29T05:00,9.5,100,0.0,87,13.0
2026-01-29T06:00,9.2,100,0.0,87,16.6
2026-01-29T07:00,8.8,100,0.0,85,14.4
2026-01-29T08:00,8.1,100,0.0,82,15.5
2026-01-29T09:00,7.6,8,12.0,85,9.7
2026-01-29T10:00,8.2,100,73.0,83,10.1
2026-01-29T11:00,8.1,100,57.0,84,12.2
2026-01-29T12:00,8.4,98,149.0,80,10.1
2026-01-29T13:00,8.6,98,116.0,77,12.6
2026-01-29T14:00,9.5,3,250.0,69,13.3
2026-01-29T15:00,10.2,0,245.0,65,15.5
2026-01-29T16:00,10.0,0,165.0,67,15.5
2026-01-29T17:00,9.6,4,62.0,72,11.5
2026-01-29T18:00,8.9,0,1.0,76,11.9
2026-01-29T19:00,8.5,100,0.0,78,16.6
2026-01-29T20:00,8.8,100,0.0,77,18.4
2026-01-29T21:00,8.7,100,0.0,79,17.6
2026-01-29T22:00,8.2,98,0.0,80,15.1
2026-01-29T23:00,7.9,0,0.0,79,17.3
2026-01-30T00:00,7.3,32,0.0,82,14.4
2026-01-30T01:00,7.1,80,0.0,81,15.5
2026-01-30T02:00,7.5,0,0.0,79,16.2
2026-01-30T03:00,7.2,0,0.0,81,14.8
2026-01-30T04:00,6.4,76,0.0,83,13.3
2026-01-30T05:00,5.9,0,0.0,84,14.4
2026-01-30T06:00,5.9,97,0.0,83,13.3
2026-01-30T07:00,5.6,0,0.0,82,11.9
2026-01-30T08:00,4.9,0,0.0,82,9.4
2026-01-30T09:00,4.2,0,14.0,85,10.1
2026-01-30T10:00,5.0,0,105.0,82,9.4
2026-01-30T11:00,6.1,0,206.0,79,9.7
2026-01-30T12:00,7.5,0,282.0,76,6.8
2026-01-30T13:00,8.6,18,319.0,72,9.4
2026-01-30T14:00,9.4,100,288.0,69,6.8
2026-01-30T15:00,9.6,100,180.0,68,10.1
2026-01-30T16:00,9.7,73,138.0,69,9.4
2026-01-30T17:00,9.3,21,58.0,74,8.6
2026-01-30T18:00,8.3,93,2.0,81,8.3
2026-01-30T19:00,8.2,100,0.0,84,11.5
2026-01-30T20:00,7.3,100,0.0,89,6.5
2026-01-30T21:00,6.4,100,0.0,92,9.0
2026-01-30T22:00,6.6,100,0.0,91,10.1
2026-01-30T23:00,7.1,96,0.0,86,9.7
2026-01-31T00:00,6.2,52,0.0,88,10.1
2026-01-31T01:00,6.0,91,0.0,88,10.1
2026-01-31T02:00,6.2,89,0.0,85,7.6
2026-01-31T03:00,4.5,2,0.0,89,9.4
2026-01-31T04:00,4.0,0,0.0,88,8.6
2026-01-31T05:00,3.2,0,0.0,89,10.1
2026-01-31T06:00,3.1,0,0.0,87,8.6
2026-01-31T07:00,3.2,52,0.0,84,7.9
2026-01-31T08:00,2.7,0,0.0,85,7.9
2026-01-31T09:00,2.5,99,15.0,86,9.0
2026-01-31T10:00,4.3,100,81.0,81,8.6
2026-01-31T11:00,5.8,87,156.0,77,11.5
2026-01-31T12:00,7.2,92,238.0,77,9.7
2026-01-31T13:00,7.1,100,179.0,80,14.4
2026-01-31T14:00,6.3,100,22.0,87,15.5
2026-01-31T15:00,4.7,100,12.0,89,23.8
2026-01-31T16:00,3.7,100,13.0,88,22.3
2026-01-31T17:00,3.4,71,11.0,87,19.4
2026-01-31T18:00,3.2,33,2.0,83,22.3
2026-01-31T19:00,2.8,2,0.0,87,17.3
2026-01-31T20:00,2.7,58,0.0,87,19.4
2026-01-31T21:00,2.7,1,0.0,86,20.9
2026-01-31T22:00,2.1,3,0.0,86,17.6
2026-01-31T23:00,1.9,1,0.0,88,16.9
2026-02-01T00:00,1.9,100,0.0,88,16.9
2026-02-01T01:00,2.1,100,0.0,87,16.9
2026-02-01T02:00,2.3,100,0.0,86,18.0
2026-02-01T03:00,2.4,99,0.0,89,17.3
2026-02-01T04:00,2.5,100,0.0,90,16.9
2026-02-01T05:00,2.5,100,0.0,88,16.6
2026-02-01T06:00,2.3,13,0.0,87,14.8
2026-02-01T07:00,2.3,98,0.0,81,17.3
2026-02-01T08:00,2.2,18,0.0,81,4.3
2026-02-01T09:00,2.0,89,16.0,85,10.8
2026-02-01T10:00,2.3,98,66.0,86,14.4
2026-02-01T11:00,2.6,100,89.0,85,13.0
2026-02-01T12:00,2.9,100,61.0,85,13.7
2026-02-01T13:00,3.3,100,138.0,81,13.3
2026-02-01T14:00,2.9,100,57.0,83,14.8
2026-02-01T15:00,2.8,100,67.0,83,15.5
2026-02-01T16:00,2.6,100,49.0,84,15.8
2026-02-01T17:00,2.6,100,30.0,83,16.2
2026-02-01T18:00,2.6,100,1.0,82,11.9
2026-02-01T19:00,2.5,100,0.0,83,10.8
2026-02-01T20:00,2.2,100,0.0,85,10.8
2026-02-01T21:00,2.0,100,0.0,89,10.8
2026-02-01T22:00,1.9,100,0.0,89,11.5
2026-02-01T23:00,1.9,100,0.0,89,10.8
2026-02-02T00:00,1.7,85,0.0,90,10.8
2026-02-02T01:00,1.1,100,0.0,91,10.4
2026-02-02T02:00,1.2,85,0.0,91,11.5
2026-02-02T03:00,1.3,100,0.0,90,10.8
2026-02-02T04:00,1.3,100,0.0,89,10.8
2026-02-02T05:00,1.3,100,0.0,90,10.1
2026-02-02T06:00,1.2,100,0.0,92,9.0
2026-02-02T07:00,1.5,72,0.0,85,7.6
2026-02-02T08:00,1.5,41,0.0,83,1.8
2026-02-02T09:00,1.7,100,10.0,81,5.8
2026-02-02T10:00,2.0,96,73.0,82,6.8
2026-02-02T11:00,1.8,100,105.0,85,3.2
2026-02-02T12:00,1.8,100,39.0,86,1.8
2026-02-02T13:00,2.6,19,201.0,81,1.4
2026-02-02T14:00,2.9,100,163.0,75,7.2
2026-02-02T15:00,2.9,100,107.0,72,7.6
2026-02-02T16:00,2.6,100,61.0,79,9.4
2026-02-02T17:00,2.3,100,15.0,75,12.6
2026-02-02T18:00,1.9,100,1.0,75,10.1
2026-02-02T19:00,1.6,100,0.0,76,7.2
2026-02-02T20:00,1.1,100,0.0,90,9.7
2026-02-02T21:00,0.8,100,0.0,74,11.5
2026-02-02T22:00,1.1,100,0.0,69,6.5
2026-02-02T23:00,0.8,100,0.0,76,13.3
2026-02-03T00:00,0.4,21,0.0,86,10.8
2026-02-03T01:00,0.4,100,0.0,84,9.7
2026-02-03T02:00,0.4,100,0.0,79,11.2
2026-02-03T03:00,-0.0,0,0.0,69,11.2
2026-02-03T04:00,-0.6,0,0.0,73,11.2
2026-02-03T05:00,-1.1,0,0.0,73,10.4
2026-02-03T06:00,-1.2,1,0.0,77,9.7
2026-02-03T07:00,-1.0,62,0.0,82,10.8
2026-02-03T08:00,-1.4,100,0.0,88,7.9
2026-02-03T09:00,-0.9,15,12.0,86,7.9
2026-02-03T10:00,-0.4,97,101.0,80,7.6
2026-02-03T11:00,0.3,9,138.0,74,9.0
2026-02-03T12:00,0.8,98,258.0,71,11.2
2026-02-03T13:00,1.1,100,180.0,70,10.8
2026-02-03T14:00,1.4,100,130.0,69,8.3
2026-02-03T15:00,1.7,100,110.0,69,10.1
2026-02-03T16:00,1.7,14,106.0,70,11.2
2026-02-03T17:00,1.6,5,81.0,70,13.3
2026-02-03T18:00,1.4,99,5.0,74,11.2
2026-02-03T19:00,1.2,100,0.0,79,13.7
2026-02-03T20:00,0.7,100,0.0,83,11.9
2026-02-03T21:00,0.5,100,0.0,84,10.1
2026-02-03T22:00,0.8,89,0.0,81,10.4
2026-02-03T23:00,0.2,5,0.0,90,10.1
2026-02-04T00:00,0.2,100,0.0,93,9.7
2026-02-04T01:00,0.5,100,0.0,92,8.3
2026-02-04T02:00,0.4,74,0.0,92,8.6
2026-02-04T03:00,0.6,100,0.0,91,8.3
2026-02-04T04:00,0.9,100,0.0,94,9.7
2026-02-04T05:00,0.8,100,0.0,96,6.8
2026-02-04T06:00,0.9,100,0.0,95,8.6
2026-02-04T07:00,1.1,100,0.0,94,10.1
2026-02-04T08:00,1.2,59,0.0,92,11.5
2026-02-04T09:00,1.1,100,14.0,90,11.9
2026-02-04T10:00,1.2,97,81.0,89,10.4
2026-02-04T11:00,1.6,34,177.0,87,7.9
2026-02-04T12:00,2.3,7,298.0,85,7.2
2026-02-04T13:00,2.7,23,343.0,85,8.3
2026-02-04T14:00,3.2,1,321.0,82,5.8
2026-02-04T15:00,4.0,0,280.0,75,7.2
2026-02-04T16:00,4.2,0,193.0,75,6.8
2026-02-04T17:00,4.2,0,84.0,77,5.0
2026-02-04T18:00,3.6,0,6.0,76,4.0
2026-02-04T19:00,2.5,7,0.0,76,5.4
2026-02-04T20:00,2.1,71,0.0,80,7.2
2026-02-04T21:00,2.1,28,0.0,80,7.6
2026-02-04T22:00,2.5,86,0.0,75,9.0
2026-02-04T23:00,2.8,50,0.0,73,4.0
2026-02-05T00:00,2.5,45,0.0,75,5.8
2026-02-05T01:00,2.4,100,0.0,76,6.1
2026-02-05T02:00,2.5,99,0.0,73,7.6
2026-02-05T03:00,2.3,38,0.0,71,8.3
2026-02-05T04:00,1.5,26,0.0,73,8.6
2026-02-05T05:00,1.2,4,0.0,75,9.0
2026-02-05T06:00,0.8,0,0.0,78,7.9
2026-02-05T07:00,0.8,36,0.0,78,9.0
2026-02-05T08:00,0.7,75,0.0,78,7.2
2026-02-05T09:00,0.9,92,24.0,79,7.9
2026-02-05T10:00,1.7,94,119.0,77,6.1
2026-02-05T11:00,2.3,88,216.0,77,2.9
2026-02-05T12:00,3.1,51,299.0,77,3.2
2026-02-05T13:00,4.2,100,338.0,72,4.7
2026-02-05T14:00,4.7,100,253.0,70,4.7
2026-02-05T15:00,5.1,99,251.0,67,6.1
2026-02-05T16:00,4.8,100,187.0,71,6.8
2026-02-05T17:00,4.3,88,87.0,74,6.8
2026-02-05T18:00,3.7,100,7.0,76,8.6
2026-02-05T19:00,2.9,92,0.0,81,10.1
2026-02-05T20:00,2.4,36,0.0,85,11.9
2026-02-05T21:00,1.7,84,0.0,87,12.2
2026-02-05T22:00,1.4,97,0.0,85,11.5
2026-02-05T23:00,0.9,98,0.0,87,10.8
2026-02-06T00:00,0.9,100,0.0,90,11.2
2026-02-06T01:00,1.3,100,0.0,90,10.1
2026-02-06T02:00,1.5,100,0.0,90,11.9
2026-02-06T03:00,1.5,100,0.0,90,7.9
2026-02-06T04:00,1.4,100,0.0,94,7.9
2026-02-06T05:00,1.7,100,0.0,94,7.9
2026-02-06T06:00,2.0,100,0.0,94,8.3
2026-02-06T07:00,2.1,100,0.0,94,7.6
2026-02-06T08:00,2.0,100,0.0,97,6.5
2026-02-06T09:00,2.4,100,8.0,94,6.8
2026-02-06T10:00,2.5,100,25.0,94,5.4
2026-02-06T11:00,2.7,100,31.0,94,5.8
2026-02-06T12:00,2.5,100,38.0,95,6.5
2026-02-06T13:00,2.7,100,39.0,95,6.1
2026-02-06T14:00,3.5,100,114.0,92,1.8
2026-02-06T15:00,3.7,100,85.0,91,7.2
2026-02-06T16:00,3.8,100,75.0,87,6.8
2026-02-06T17:00,4.1,100,30.0,84,6.8
2026-02-06T18:00,4.4,100,2.0,83,6.5
2026-02-06T19:00,4.0,100,0.0,87,5.8
2026-02-06T20:00,3.4,100,0.0,89,4.0
2026-02-06T21:00,2.9,100,0.0,88,2.5
2026-02-06T22:00,3.2,100,0.0,89,5.8
2026-02-06T23:00,3.2,100,0.0,88,6.1
2026-02-07T00:00,3.2,100,0.0,89,4.7
2026-02-07T01:00,2.6,100,0.0,93,5.0
2026-02-07T02:00,2.6,100,0.0,95,6.5
2026-02-07T03:00,2.3,100,0.0,98,6.1
2026-02-07T04:00,2.0,100,0.0,98,9.4
2026-02-07T05:00,1.3,100,0.0,94,11.5
2026-02-07T06:00,0.9,100,0.0,92,12.2
2026-02-07T07:00,0.7,100,0.0,89,13.3
2026-02-07T08:00,0.0,100,0.0,90,13.7
2026-02-07T09:00,0.3,98,12.0,85,11.5
2026-02-07T10:00,0.5,100,83.0,74,14.0
2026-02-07T11:00,1.0,100,178.0,66,14.0
2026-02-07T12:00,0.6,100,67.0,66,15.1
2026-02-07T13:00,0.9,100,207.0,62,16.6
2026-02-07T14:00,0.9,100,223.0,62,16.9
2026-02-07T15:00,1.0,98,204.0,59,18.4
2026-02-07T16:00,1.0,99,137.0,62,18.7
2026-02-07T17:00,0.5,100,55.0,66,21.6
2026-02-07T18:00,0.1,100,7.0,66,20.2
2026-02-07T19:00,-0.1,100,0.0,66,20.9
2026-02-07T20:00,-0.2,73,0.0,65,22.0
2026-02-07T21:00,-0.5,98,0.0,67,22.0
2026-02-07T22:00,-0.8,97,0.0,68,21.2
2026-02-07T23:00,-1.1,71,0.0,68,14.8
2026-02-08T00:00,-1.3,96,0.0,69,18.4
2026-02-08T01:00,-1.5,62,0.0,71,18.7
2026-02-08T02:00,-1.8,73,0.0,71,16.9
2026-02-08T03:00,-1.8,100,0.0,70,18.4
2026-02-08T04:00,-1.9,100,0.0,72,18.0
2026-02-08T05:00,-2.0,100,0.0,74,17.6
2026-02-08T06:00,-2.1,100,0.0,77,18.0
2026-02-08T07:00,-2.1,100,0.0,79,18.0
2026-02-08T08:00,-2.2,100,0.0,78,16.9
2026-02-08T09:00,-2.1,100,14.0,77,18.4
2026-02-08T10:00,-1.6,100,71.0,75,18.4
2026-02-08T11:00,-1.0,100,128.0,75,18.7
2026-02-08T12:00,-0.6,100,98.0,76,18.7
2026-02-08T13:00,-0.1,100,193.0,74,18.7
2026-02-08T14:00,0.4,100,250.0,72,11.9
2026-02-08T15:00,0.4,100,179.0,74,17.6
2026-02-08T16:00,0.3,92,138.0,75,18.4
2026-02-08T17:00,-0.0,100,81.0,76,17.6
2026-02-08T18:00,-0.3,88,5.0,77,17.6
2026-02-08T19:00,-0.7,71,0.0,79,16.2
2026-02-08T20:00,-1.1,8,0.0,80,15.5
2026-02-08T21:00,-1.3,2,0.0,82,14.4
2026-02-08T22:00,-1.6,16,0.0,81,14.8
2026-02-08T23:00,-1.9,75,0.0,80,15.8
2026-02-09T00:00,-2.1,51,0.0,78,14.0
2026-02-09T01:00,-2.4,34,0.0,75,13.7
2026-02-09T02:00,-2.9,12,0.0,75,11.9
2026-02-09T03:00,-3.3,2,0.0,78,13.3
2026-02-09T04:00,-3.7,0,0.0,79,13.0
2026-02-09T05:00,-4.1,0,0.0,81,11.2
2026-02-09T06:00,-4.3,0,0.0,82,11.9
2026-02-09T07:00,-4.5,0,0.0,82,11.9
2026-02-09T08:00,-4.8,6,0.0,82,12.2
2026-02-09T09:00,-4.8,11,35.0,81,13.0
2026-02-09T10:00,-4.1,49,147.0,78,12.6
2026-02-09T11:00,-2.9,0,260.0,75,12.6
2026-02-09T12:00,-1.5,0,343.0,72,11.5
2026-02-09T13:00,-0.1,0,385.0,67,11.2
2026-02-09T14:00,0.8,0,376.0,65,9.0
2026-02-09T15:00,1.3,0,323.0,67,11.9
2026-02-09T16:00,1.5,0,227.0,70,12.6
2026-02-09T17:00,1.0,1,109.0,73,9.4
2026-02-09T18:00,0.4,0,13.0,76,10.1
2026-02-09T19:00,-0.3,0,0.0,79,11.2
2026-02-09T20:00,-0.8,0,0.0,81,11.5
2026-02-09T21:00,-1.2,0,0.0,80,10.8
2026-02-09T22:00,-1.6,0,0.0,81,10.8
2026-02-09T23:00,-2.1,0,0.0,83,9.4
2026-02-10T00:00,-2.4,0,0.0,85,9.7
2026-02-10T01:00,-2.7,0,0.0,85,10.1
2026-02-10T02:00,-3.2,0,0.0,81,9.7
2026-02-10T03:00,-3.7,0,0.0,77,8.6
2026-02-10T04:00,-4.0,0,0.0,78,7.9
2026-02-10T05:00,-4.4,0,0.0,78,9.0
2026-02-10T06:00,-4.7,0,0.0,81,9.0
2026-02-10T07:00,-5.0,0,0.0,81,10.1
2026-02-10T08:00,-5.5,0,0.0,81,8.3
2026-02-10T09:00,-5.5,0,39.0,81,9.7
2026-02-10T10:00,-4.6,0,159.0,76,8.6
2026-02-10T11:00,-3.3,0,276.0,70,6.8
2026-02-10T12:00,-2.0,0,357.0,63,8.3
2026-02-10T13:00,-0.6,0,399.0,54,8.3
2026-02-10T14:00,0.5,0,393.0,50,7.6
2026-02-10T15:00,1.1,0,341.0,51,9.7
2026-02-10T16:00,1.2,0,243.0,54,10.4
2026-02-10T17:00,0.7,0,120.0,62,11.9
2026-02-10T18:00,-0.0,0,15.0,70,11.2
2026-02-10T19:00,-0.7,0,0.0,75,10.4
2026-02-10T20:00,-1.5,0,0.0,78,9.0
2026-02-10T21:00,-1.9,0,0.0,79,9.4
2026-02-10T22:00,-2.3,0,0.0,81,9.0
2026-02-10T23:00,-3.1,0,0.0,84,6.8
2026-02-11T00:00,-3.3,0,0.0,86,9.0
2026-02-11T01:00,-3.8,0,0.0,86,9.7
2026-02-11T02:00,-4.5,0,0.0,87,10.1
2026-02-11T03:00,-5.1,0,0.0,87,10.4
2026-02-11T04:00,-5.4,0,0.0,85,10.1
2026-02-11T05:00,-5.9,0,0.0,87,9.4
2026-02-11T06:00,-6.2,0,0.0,89,8.6
2026-02-11T07:00,-6.3,0,0.0,87,8.6
2026-02-11T08:00,-6.6,6,0.0,87,9.4
2026-02-11T09:00,-6.5,1,41.0,89,9.0
2026-02-11T10:00,-5.4,0,161.0,83,8.6
2026-02-11T11:00,-4.3,0,277.0,77,11.2
2026-02-11T12:00,-3.3,16,349.0,73,11.2
2026-02-11T13:00,-2.8,96,349.0,73,11.5
2026-02-11T14:00,-3.1,100,256.0,72,8.3
2026-02-11T15:00,-3.2,86,257.0,72,13.3
2026-02-11T16:00,-3.2,98,172.0,71,13.3
2026-02-11T17:00,-3.8,17,84.0,71,15.1
2026-02-11T18:00,-4.3,3,15.0,72,13.7
2026-02-11T19:00,-4.8,0,0.0,74,12.2
2026-02-11T20:00,-5.4,100,0.0,79,7.6
2026-02-11T21:00,-5.2,100,0.0,83,12.6
2026-02-11T22:00,-5.4,0,0.0,80,13.0
2026-02-11T23:00,-5.7,20,0.0,81,10.4
2026-02-12T00:00,-6.0,0,0.0,84,13.0
2026-02-12T01:00,-6.1,0,0.0,82,12.6
2026-02-12T02:00,-6.3,2,0.0,80,11.9
2026-02-12T03:00,-6.5,0,0.0,78,12.6
2026-02-12T04:00,-6.6,0,0.0,77,12.6
2026-02-12T05:00,-6.6,0,0.0,80,13.3
2026-02-12T06:00,-6.6,0,0.0,83,13.0
2026-02-12T07:00,-6.7,0,0.0,83,12.6
2026-02-12T08:00,-6.8,0,0.0,83,13.7
2026-02-12T09:00,-6.5,1,45.0,84,14.4
2026-02-12T10:00,-5.6,0,168.0,79,14.4
2026-02-12T11:00,-4.3,100,287.0,74,9.4
2026-02-12T12:00,-3.1,0,335.0,76,11.9
2026-02-12T13:00,-1.2,0,417.0,67,11.9
2026-02-12T14:00,0.3,0,407.0,61,12.6
2026-02-12T15:00,1.1,0,350.0,61,13.3
2026-02-12T16:00,1.3,0,252.0,64,14.8
2026-02-12T17:00,0.6,0,128.0,69,12.6
2026-02-12T18:00,-0.2,0,19.0,75,11.2
2026-02-12T19:00,-0.8,46,0.0,80,11.2
2026-02-12T20:00,-1.3,36,0.0,85,11.5
2026-02-12T21:00,-1.7,0,0.0,87,10.4
2026-02-12T22:00,-2.0,0,0.0,87,10.4
2026-02-12T23:00,-2.6,0,0.0,88,7.6
2026-02-13T00:00,-2.9,23,0.0,90,9.7
2026-02-13T01:00,-3.2,23,0.0,89,9.0
2026-02-13T02:00,-3.8,10,0.0,87,8.6
2026-02-13T03:00,-4.2,4,0.0,86,8.6
2026-02-13T04:00,-4.6,39,0.0,86,9.4
2026-02-13T05:00,-5.2,86,0.0,85,9.0
2026-02-13T06:00,-5.4,85,0.0,85,8.6
2026-02-13T07:00,-5.6,8,0.0,84,8.6
2026-02-13T08:00,-5.9,98,0.0,82,6.5
2026-02-13T09:00,-5.6,43,46.0,80,7.6
2026-02-13T10:00,-4.7,41,126.0,75,8.3
2026-02-13T11:00,-3.1,100,215.0,72,7.9
2026-02-13T12:00,-1.4,71,291.0,70,6.1
2026-02-13T13:00,0.1,23,371.0,64,5.8
2026-02-13T14:00,1.2,1,388.0,56,4.0
2026-02-13T15:00,1.8,80,255.0,52,4.0
2026-02-13T16:00,2.3,85,220.0,52,5.8
2026-02-13T17:00,2.2,100,99.0,56,5.8
2026-02-13T18:00,1.7,100,16.0,61,5.4
2026-02-13T19:00,1.4,100,0.0,62,4.7
2026-02-13T20:00,1.4,100,0.0,63,2.5
2026-02-13T21:00,1.6,100,0.0,65,4.3
2026-02-13T22:00,1.5,100,0.0,70,6.1
2026-02-13T23:00,1.3,100,0.0,71,3.2
2026-02-14T00:00,1.3,100,0.0,71,4.3
2026-02-14T01:00,1.1,100,0.0,74,5.4
2026-02-14T02:00,0.8,100,0.0,73,8.3
2026-02-14T03:00,-0.0,100,0.0,79,5.8
2026-02-14T04:00,-0.4,100,0.0,85,8.3
2026-02-14T05:00,-0.5,100,0.0,89,8.3
2026-02-14T06:00,-0.4,100,0.0,87,9.0
2026-02-14T07:00,-0.2,100,0.0,85,9.0
2026-02-14T08:00,-0.1,98,0.0,82,9.7
2026-02-14T09:00,-0.0,100,31.0,76,11.9
2026-02-14T10:00,-0.2,100,86.0,75,13.3
2026-02-14T11:00,-0.2,97,142.0,77,9.7
2026-02-14T12:00,-0.1,100,242.0,76,13.0
2026-02-14T13:00,-0.3,97,184.0,73,14.0
2026-02-14T14:00,-0.3,100,274.0,63,15.1
2026-02-14T15:00,-0.7,0,276.0,53,13.0
2026-02-14T16:00,-0.7,0,264.0,55,15.1
2026-02-14T17:00,-0.8,100,139.0,56,13.7
2026-02-14T18:00,-0.8,94,13.0,57,12.6
2026-02-14T19:00,-1.3,0,0.0,63,11.5
2026-02-14T20:00,-1.7,0,0.0,67,9.4
2026-02-14T21:00,-1.8,45,0.0,67,10.1
2026-02-14T22:00,-2.1,100,0.0,75,11.5
2026-02-14T23:00,-2.0,100,0.0,80,12.6
2026-02-15T00:00,-1.7,15,0.0,69,8.3
2026-02-15T01:00,-2.5,2,0.0,77,7.9
2026-02-15T02:00,-2.9,7,0.0,80,9.7
2026-02-15T03:00,-2.9,22,0.0,89,11.2
2026-02-15T04:00,-3.1,12,0.0,88,11.9
2026-02-15T05:00,-3.5,0,0.0,88,10.8
2026-02-15T06:00,-3.5,85,0.0,90,10.1
2026-02-15T07:00,-3.5,100,0.0,92,11.9
2026-02-15T08:00,-3.1,100,0.0,87,10.1
2026-02-15T09:00,-2.9,100,42.0,86,10.4
2026-02-15T10:00,-2.6,100,87.0,85,11.2
2026-02-15T11:00,-2.1,100,157.0,81,10.1
2026-02-15T12:00,-0.9,93,247.0,72,11.5
2026-02-15T13:00,-0.1,39,316.0,60,11.2
2026-02-15T14:00,0.1,65,359.0,51,11.5
2026-02-15T15:00,-0.1,100,260.0,55,12.6
2026-02-15T16:00,-0.4,90,140.0,61,11.9
2026-02-15T17:00,-0.7,67,97.0,67,14.0
2026-02-15T18:00,-1.0,51,21.0,68,12.6
2026-02-15T19:00,-1.2,74,0.0,69,12.6
2026-02-15T20:00,-1.4,100,0.0,72,12.2
2026-02-15T21:00,-1.7,100,0.0,74,12.2
2026-02-15T22:00,-1.9,100,0.0,77,11.9
2026-02-15T23:00,-2.3,54,0.0,82,12.6
2026-02-16T00:00,-3.0,0,0.0,84,11.2
2026-02-16T01:00,-3.6,0,0.0,87,11.2
2026-02-16T02:00,-4.1,0,0.0,88,10.4
2026-02-16T03:00,-4.6,0,0.0,89,12.6
2026-02-16T04:00,-5.0,0,0.0,89,12.2
2026-02-16T05:00,-5.5,0,0.0,89,11.5
2026-02-16T06:00,-5.6,0,0.0,88,10.8
2026-02-16T07:00,-5.7,8,0.0,86,12.2
2026-02-16T08:00,-5.8,100,0.0,85,9.7
2026-02-16T09:00,-5.2,100,23.0,87,10.8
2026-02-16T10:00,-4.7,73,84.0,85,9.7
2026-02-16T11:00,-3.4,33,278.0,81,10.1
2026-02-16T12:00,-2.8,100,300.0,78,11.2
2026-02-16T13:00,-2.4,100,260.0,73,11.2
2026-02-16T14:00,-2.1,1,303.0,67,10.4
2026-02-16T15:00,-2.2,78,322.0,68,11.5
2026-02-16T16:00,-1.8,1,260.0,61,10.4
2026-02-16T17:00,-1.7,0,147.0,55,7.9
2026-02-16T18:00,-2.1,0,30.0,50,9.4
2026-02-16T19:00,-3.0,0,0.0,52,10.8
2026-02-16T20:00,-4.0,0,0.0,55,10.1
2026-02-16T21:00,-4.6,0,0.0,59,7.9
2026-02-16T22:00,-5.0,0,0.0,62,5.8
2026-02-16T23:00,-5.5,0,0.0,62,2.9
2026-02-17T00:00,-5.8,0,0.0,62,6.1
2026-02-17T01:00,-5.8,0,0.0,63,6.5
2026-02-17T02:00,-6.5,0,0.0,66,4.3
2026-02-17T03:00,-6.7,0,0.0,67,8.3
2026-02-17T04:00,-7.1,0,0.0,71,9.0
2026-02-17T05:00,-7.7,0,0.0,72,9.7
2026-02-17T06:00,-7.8,0,0.0,73,10.4
2026-02-17T07:00,-7.6,0,0.0,71,10.8
2026-02-17T08:00,-8.1,3,1.0,72,7.6
2026-02-17T09:00,-6.9,0,66.0,66,10.4
2026-02-17T10:00,-5.4,50,196.0,59,11.5
2026-02-17T11:00,-4.3,98,296.0,58,8.6
2026-02-17T12:00,-3.3,100,343.0,60,9.7
2026-02-17T13:00,-2.4,100,367.0,59,10.4
2026-02-17T14:00,-1.5,100,376.0,52,12.6
2026-02-17T15:00,-1.1,27,357.0,45,11.5
2026-02-17T16:00,-1.1,51,274.0,46,11.9
2026-02-17T17:00,-1.4,99,144.0,48,11.9
2026-02-17T18:00,-1.8,98,29.0,53,11.5
2026-02-17T19:00,-2.4,90,0.0,56,10.8
2026-02-17T20:00,-3.1,96,0.0,60,7.6
2026-02-17T21:00,-3.3,92,0.0,63,9.7
2026-02-17T22:00,-3.3,84,0.0,64,10.4
2026-02-17T23:00,-3.9,60,0.0,64,10.1
2026-02-18T00:00,-4.3,31,0.0,64,9.7
2026-02-18T01:00,-4.7,1,0.0,66,10.4
2026-02-18T02:00,-5.7,0,0.0,68,8.6
2026-02-18T03:00,-6.1,0,0.0,67,10.4
2026-02-18T04:00,-6.3,76,0.0,68,11.2
2026-02-18T05:00,-6.8,37,0.0,70,12.6
2026-02-18T06:00,-7.1,0,0.0,71,11.5
2026-02-18T07:00,-7.1,2,0.0,72,12.6
2026-02-18T08:00,-6.9,100,1.0,73,6.1
2026-02-18T09:00,-6.1,100,15.0,76,11.2
2026-02-18T10:00,-5.1,100,43.0,80,11.9
2026-02-18T11:00,-4.4,74,186.0,81,11.2
2026-02-18T12:00,-3.5,69,312.0,81,9.4
2026-02-18T13:00,-2.4,90,356.0,79,8.3
2026-02-18T14:00,-2.1,18,313.0,75,8.6
2026-02-18T15:00,-1.5,69,342.0,73,8.3
2026-02-18T16:00,-1.2,61,210.0,74,10.4
2026-02-18T17:00,-1.3,100,97.0,78,9.0
2026-02-18T18:00,-1.2,100,15.0,80,10.4
2026-02-18T19:00,-1.4,100,0.0,83,12.2
2026-02-18T20:00,-1.6,86,0.0,85,11.5
2026-02-18T21:00,-2.0,15,0.0,86,12.2
2026-02-18T22:00,-2.5,1,0.0,88,12.2
2026-02-18T23:00,-3.0,64,0.0,91,13.0
2026-02-19T00:00,-3.3,88,0.0,94,11.2
2026-02-19T01:00,-3.4,19,0.0,95,11.2
2026-02-19T02:00,-3.3,100,0.0,94,14.0
2026-02-19T03:00,-2.6,96,0.0,91,14.0
2026-02-19T04:00,-2.7,98,0.0,90,14.8
2026-02-19T05:00,-2.9,100,0.0,91,14.4
2026-02-19T06:00,-2.8,100,0.0,92,14.0
2026-02-19T07:00,-2.7,100,0.0,90,13.7
2026-02-19T08:00,-2.8,100,1.0,91,8.6
2026-02-19T09:00,-2.3,100,13.0,89,9.4
2026-02-19T10:00,-2.0,100,45.0,89,12.6
2026-02-19T11:00,-1.4,100,104.0,87,7.6
2026-02-19T12:00,-0.7,100,176.0,84,6.8
2026-02-19T13:00,0.1,100,210.0,80,7.9
2026-02-19T14:00,0.3,100,139.0,77,9.4
2026-02-19T15:00,0.2,100,55.0,82,8.3
2026-02-19T16:00,0.5,100,72.0,80,7.6
2026-02-19T17:00,0.5,100,42.0,76,5.8
2026-02-19T18:00,0.3,100,7.0,83,5.0
2026-02-19T19:00,0.0,97,0.0,89,6.8
2026-02-19T20:00,-0.5,20,0.0,91,7.9
2026-02-19T21:00,-0.6,95,0.0,91,8.6
2026-02-19T22:00,-1.2,100,0.0,94,8.3
2026-02-19T23:00,-1.5,83,0.0,94,6.1
2026-02-20T00:00,-1.4,100,0.0,94,5.4
2026-02-20T01:00,-1.4,100,0.0,96,4.0
2026-02-20T02:00,-1.9,100,0.0,94,5.0
2026-02-20T03:00,-1.6,100,0.0,95,3.6
2026-02-20T04:00,-1.6,100,0.0,93,2.9
2026-02-20T05:00,-1.9,100,0.0,94,5.4
2026-02-20T06:00,-1.4,100,0.0,97,5.4
2026-02-20T07:00,-1.3,100,0.0,92,6.1
2026-02-20T08:00,-1.7,57,1.0,90,5.8
2026-02-20T09:00,-1.5,100,62.0,90,5.4
2026-02-20T10:00,-1.4,100,120.0,90,5.8
2026-02-20T11:00,-1.0,100,186.0,88,6.5
2026-02-20T12:00,-0.6,100,153.0,86,6.5
2026-02-20T13:00,-0.1,97,278.0,83,7.2
2026-02-20T14:00,0.7,2,366.0,74,4.7
2026-02-20T15:00,1.6,0,392.0,63,6.5
2026-02-20T16:00,1.6,2,295.0,56,7.6
2026-02-20T17:00,1.3,0,165.0,58,8.6
2026-02-20T18:00,0.5,0,40.0,63,10.1
2026-02-20T19:00,-0.4,0,0.0,73,10.8
2026-02-20T20:00,-1.2,0,0.0,76,11.2
2026-02-20T21:00,-1.6,0,0.0,76,10.1
2026-02-20T22:00,-2.0,0,0.0,78,11.2
2026-02-20T23:00,-2.7,0,0.0,84,10.4
2026-02-21T00:00,-3.1,0,0.0,87,9.0
2026-02-21T01:00,-3.4,0,0.0,86,9.7
2026-02-21T02:00,-4.3,0,0.0,81,10.1
2026-02-21T03:00,-4.7,0,0.0,77,10.8
2026-02-21T04:00,-5.1,11,0.0,77,11.2
2026-02-21T05:00,-5.5,4,0.0,79,12.6
2026-02-21T06:00,-5.7,2,0.0,81,11.5
2026-02-21T07:00,-5.8,2,0.0,79,12.6
2026-02-21T08:00,-5.9,0,3.0,78,12.2
2026-02-21T09:00,-5.4,48,85.0,76,13.3
2026-02-21T10:00,-4.4,77,207.0,70,15.1
2026-02-21T11:00,-2.6,100,308.0,64,18.0
2026-02-21T12:00,-1.3,100,287.0,58,17.3
2026-02-21T13:00,-0.4,100,259.0,57,18.0
2026-02-21T14:00,0.6,100,251.0,54,16.2
2026-02-21T15:00,1.2,100,195.0,55,17.3
2026-02-21T16:00,1.2,100,133.0,59,17.3
2026-02-21T17:00,1.2,97,79.0,63,17.6
2026-02-21T18:00,1.0,89,26.0,68,15.8
2026-02-21T19:00,0.6,82,0.0,72,15.1
2026-02-21T20:00,0.2,88,0.0,75,12.2
2026-02-21T21:00,-0.2,94,0.0,78,13.0
2026-02-21T22:00,-0.4,100,0.0,76,15.5
2026-02-21T23:00,-0.8,7,0.0,75,12.6
2026-02-22T00:00,-1.3,96,0.0,77,13.7
2026-02-22T01:00,-1.6,70,0.0,77,14.0
2026-02-22T02:00,-2.0,27,0.0,71,14.0
2026-02-22T03:00,-2.4,0,0.0,68,13.3
2026-02-22T04:00,-2.9,0,0.0,72,13.3
2026-02-22T05:00,-3.3,12,0.0,74,15.5
2026-02-22T06:00,-3.5,24,0.0,76,14.8
2026-02-22T07:00,-3.7,54,0.0,76,14.0
2026-02-22T08:00,-4.0,14,4.0,78,12.2
2026-02-22T09:00,-3.5,61,86.0,77,15.5
2026-02-22T10:00,-2.6,67,212.0,74,14.4
2026-02-22T11:00,-1.1,92,335.0,70,15.8
2026-02-22T12:00,0.3,57,404.0,67,14.0
2026-02-22T13:00,1.5,8,457.0,62,14.4
2026-02-22T14:00,2.9,45,430.0,55,12.6
2026-02-22T15:00,4.0,18,398.0,53,16.6
2026-02-22T16:00,4.0,0,301.0,56,17.3
2026-02-22T17:00,3.6,100,173.0,61,16.6
2026-02-22T18:00,2.7,99,41.0,66,15.5
2026-02-22T19:00,1.8,99,0.0,68,14.4
2026-02-22T20:00,1.4,99,0.0,72,13.7
2026-02-22T21:00,0.9,100,0.0,77,14.4
2026-02-22T22:00,0.6,100,0.0,76,15.8
2026-02-22T23:00,0.3,85,0.0,75,15.1
2026-02-23T00:00,-0.1,3,0.0,73,14.4
2026-02-23T01:00,-0.4,21,0.0,73,13.3
2026-02-23T02:00,-0.5,2,0.0,66,11.9
2026-02-23T03:00,-0.6,0,0.0,63,12.2
2026-02-23T04:00,-0.9,0,0.0,67,11.5
2026-02-23T05:00,-1.3,0,0.0,71,10.8
2026-02-23T06:00,-1.5,13,0.0,73,10.8
2026-02-23T07:00,-1.3,45,0.0,72,11.9
2026-02-23T08:00,-1.1,35,4.0,71,14.0
2026-02-23T09:00,-0.6,37,75.0,69,14.4
2026-02-23T10:00,0.3,59,181.0,67,12.2
2026-02-23T11:00,1.6,18,288.0,65,11.2
2026-02-23T12:00,3.4,0,408.0,58,9.0
2026-02-23T13:00,4.6,1,457.0,57,9.4
2026-02-23T14:00,5.7,1,446.0,54,5.8
2026-02-23T15:00,6.6,0,394.0,52,9.4
2026-02-23T16:00,6.8,0,297.0,56,10.1
2026-02-23T17:00,7.0,22,160.0,58,5.8
2026-02-23T18:00,6.3,19,45.0,64,5.0
2026-02-23T19:00,4.5,5,0.0,71,4.7
2026-02-23T20:00,2.8,7,0.0,76,6.5
2026-02-23T21:00,2.4,5,0.0,77,5.8
2026-02-23T22:00,2.1,0,0.0,80,6.8
2026-02-23T23:00,1.3,18,0.0,85,6.1
2026-02-24T00:00,1.8,88,0.0,82,4.3
2026-02-24T01:00,2.2,90,0.0,84,4.7
2026-02-24T02:00,3.1,67,0.0,90,4.3
2026-02-24T03:00,2.9,100,0.0,81,4.0
2026-02-24T04:00,3.2,100,0.0,81,4.3
2026-02-24T05:00,3.2,100,0.0,83,2.9
2026-02-24T06:00,3.3,100,0.0,84,6.1
2026-02-24T07:00,3.0,100,0.0,88,5.4
2026-02-24T08:00,3.2,100,1.0,87,4.0
2026-02-24T09:00,3.6,100,33.0,86,1.4
2026-02-24T10:00,3.9,100,57.0,86,2.5
2026-02-24T11:00,4.4,100,95.0,82,3.2
2026-02-24T12:00,5.5,100,160.0,75,0.7
2026-02-24T13:00,6.3,100,198.0,73,3.2
2026-02-24T14:00,6.1,100,152.0,77,6.1
2026-02-24T15:00,6.0,100,132.0,79,4.3
2026-02-24T16:00,5.9,100,87.0,81,5.0
2026-02-24T17:00,6.1,100,51.0,74,5.0
2026-02-24T18:00,5.8,97,18.0,79,7.2
2026-02-24T19:00,5.1,100,0.0,86,6.1
2026-02-24T20:00,4.8,100,0.0,87,5.0
2026-02-24T21:00,4.6,100,0.0,88,5.8
2026-02-24T22:00,4.5,100,0.0,90,6.5
2026-02-24T23:00,3.8,100,0.0,93,7.9
2026-02-25T00:00,3.4,100,0.0,95,9.0
2026-02-25T01:00,3.2,100,0.0,96,7.9
2026-02-25T02:00,3.0,100,0.0,96,7.9
2026-02-25T03:00,3.0,100,0.0,96,5.8
2026-02-25T04:00,2.8,100,0.0,97,7.9
2026-02-25T05:00,2.5,100,0.0,97,10.8
2026-02-25T06:00,2.6,100,0.0,96,9.7
2026-02-25T07:00,2.8,100,0.0,96,9.0
2026-02-25T08:00,2.8,100,3.0,96,7.9
2026-02-25T09:00,2.5,100,45.0,97,13.0
2026-02-25T10:00,2.9,100,107.0,97,11.2
2026-02-25T11:00,3.6,100,169.0,94,13.0
2026-02-25T12:00,4.5,100,218.0,91,12.6
2026-02-25T13:00,5.3,100,219.0,87,12.2
2026-02-25T14:00,6.0,100,245.0,83,9.0
2026-02-25T15:00,6.7,100,240.0,81,10.8
2026-02-25T16:00,7.4,100,201.0,82,11.2
2026-02-25T17:00,8.0,100,90.0,80,5.8
2026-02-25T18:00,8.2,100,14.0,82,9.0
2026-02-25T19:00,7.4,100,0.0,85,10.8
2026-02-25T20:00,6.4,100,0.0,90,9.4
2026-02-25T21:00,5.3,100,0.0,93,8.6
2026-02-25T22:00,4.8,100,0.0,94,9.7
2026-02-25T23:00,4.1,100,0.0,94,8.3
2026-02-26T00:00,4.1,100,0.0,93,9.4
2026-02-26T01:00,3.8,100,0.0,93,8.6
2026-02-26T02:00,3.3,94,0.0,92,8.6
2026-02-26T03:00,2.5,1,0.0,91,8.6
2026-02-26T04:00,1.7,99,0.0,91,8.3
2026-02-26T05:00,0.9,1,0.0,91,9.0
2026-02-26T06:00,0.9,100,0.0,91,7.2
2026-02-26T07:00,1.2,100,0.0,89,6.8
2026-02-26T08:00,1.3,100,5.0,88,7.2
2026-02-26T09:00,2.0,100,64.0,87,6.1
2026-02-26T10:00,2.6,100,108.0,86,5.8
2026-02-26T11:00,4.2,100,212.0,83,5.4
2026-02-26T12:00,6.0,99,296.0,81,5.8
2026-02-26T13:00,7.2,100,347.0,78,6.1
2026-02-26T14:00,8.0,100,302.0,74,5.8
2026-02-26T15:00,7.9,100,123.0,76,7.9
2026-02-26T16:00,8.2,100,129.0,76,6.8
2026-02-26T17:00,8.6,100,86.0,76,5.0
2026-02-26T18:00,7.9,100,29.0,83,8.3
2026-02-26T19:00,7.1,100,0.0,87,7.6
2026-02-26T20:00,6.8,100,0.0,89,5.0
2026-02-26T21:00,6.9,100,0.0,89,6.5
2026-02-26T22:00,6.9,100,0.0,88,8.6
2026-02-26T23:00,6.6,100,0.0,90,4.7
2026-02-27T00:00,6.2,100,0.0,93,5.8
2026-02-27T01:00,5.9,100,0.0,95,5.8
2026-02-27T02:00,5.5,100,0.0,93,2.5
2026-02-27T03:00,5.2,100,0.0,91,6.8
2026-02-27T04:00,5.3,100,0.0,93,5.8
2026-02-27T05:00,5.5,100,0.0,93,7.6
2026-02-27T06:00,5.3,100,0.0,94,7.2
2026-02-27T07:00,5.4,100,0.0,93,7.6
2026-02-27T08:00,5.5,100,3.0,92,5.4
2026-02-27T09:00,6.1,100,46.0,90,7.2
2026-02-27T10:00,6.7,100,124.0,87,5.0
2026-02-27T11:00,7.4,100,165.0,85,5.0
2026-02-27T12:00,7.5,100,127.0,84,0.4
2026-02-27T13:00,8.4,100,147.0,84,6.1
2026-02-27T14:00,8.6,100,127.0,83,4.3
2026-02-27T15:00,8.9,100,122.0,80,4.0
2026-02-27T16:00,9.1,100,90.0,79,4.3
2026-02-27T17:00,8.4,100,20.0,90,4.3
2026-02-27T18:00,8.2,100,2.0,92,6.8
2026-02-27T19:00,7.8,100,0.0,94,6.8
2026-02-27T20:00,7.6,100,0.0,95,9.7
2026-02-27T21:00,7.2,100,0.0,96,4.7
2026-02-27T22:00,7.2,100,0.0,96,1.1
2026-02-27T23:00,7.2,100,0.0,94,3.6
2026-02-28T00:00,7.1,100,0.0,93,5.4
2026-02-28T01:00,6.9,100,0.0,93,4.3
2026-02-28T02:00,6.8,100,0.0,94,5.0
2026-02-28T03:00,6.6,100,0.0,94,4.3
2026-02-28T04:00,6.6,100,0.0,94,4.0
2026-02-28T05:00,6.4,100,0.0,94,4.7
2026-02-28T06:00,6.1,100,0.0,95,6.1
2026-02-28T07:00,5.7,100,0.0,94,6.5
2026-02-28T08:00,5.8,100,2.0,94,5.4
2026-02-28T09:00,5.9,100,20.0,94,4.7
2026-02-28T10:00,6.4,100,70.0,92,5.8
2026-02-28T11:00,6.4,100,148.0,91,0.0
2026-02-28T12:00,6.6,100,102.0,89,2.2
2026-02-28T13:00,6.9,100,72.0,88,4.0
2026-02-28T14:00,7.5,100,106.0,85,8.6
2026-02-28T15:00,7.2,100,65.0,87,8.6
2026-02-28T16:00,5.6,100,22.0,89,17.6
2026-02-28T17:00,4.8,100,23.0,88,14.4
2026-02-28T18:00,4.1,100,3.0,90,17.3
2026-02-28T19:00,3.7,100,0.0,90,12.2
2026-02-28T20:00,3.8,100,0.0,89,10.1
2026-02-28T21:00,4.1,100,0.0,89,9.4
2026-02-28T22:00,4.2,100,0.0,91,8.6
2026-02-28T23:00,4.4,100,0.0,86,13.3
2026-03-01T00:00,4.1,100,0.0,87,13.0
2026-03-01T01:00,3.7,100,0.0,88,13.7
2026-03-01T02:00,3.8,100,0.0,88,16.2
2026-03-01T03:00,3.9,100,0.0,87,15.5
2026-03-01T04:00,3.1,100,0.0,87,16.2
2026-03-01T05:00,2.9,100,0.0,85,15.1
2026-03-01T06:00,3.1,100,0.0,84,12.6
2026-03-01T07:00,3.2,100,0.0,86,11.9
2026-03-01T08:00,3.2,100,2.0,87,12.6
2026-03-01T09:00,3.1,100,10.0,89,12.2
2026-03-01T10:00,3.0,100,45.0,89,12.2
2026-03-01T11:00,2.9,100,59.0,87,12.6
2026-03-01T12:00,2.7,100,23.0,90,10.4
2026-03-01T13:00,2.2,100,26.0,93,9.7
2026-03-01T14:00,2.0,100,43.0,92,10.1
2026-03-01T15:00,1.8,100,20.0,93,9.4
2026-03-01T16:00,1.9,100,21.0,93,11.5
2026-03-01T17:00,1.9,100,19.0,97,11.5
2026-03-01T18:00,2.9,100,9.0,90,15.5
2026-03-01T19:00,2.7,100,0.0,91,15.8
2026-03-01T20:00,2.6,100,0.0,92,12.2
2026-03-01T21:00,2.6,100,0.0,93,13.7
2026-03-01T22:00,2.6,100,0.0,93,14.8
2026-03-01T23:00,2.4,100,0.0,92,14.0
2026-03-02T00:00,2.4,100,0.0,89,14.8
2026-03-02T01:00,2.1,100,0.0,87,15.1
2026-03-02T02:00,2.1,100,0.0,87,13.3
2026-03-02T03:00,2.5,100,0.0,89,12.6
2026-03-02T04:00,2.1,100,0.0,90,12.6
2026-03-02T05:00,1.9,100,0.0,87,10.1
2026-03-02T06:00,1.8,100,0.0,89,9.4
2026-03-02T07:00,1.7,100,0.0,92,11.9
2026-03-02T08:00,1.4,100,2.0,89,12.2
2026-03-02T09:00,1.3,100,37.0,86,10.4
2026-03-02T10:00,1.4,100,77.0,88,12.6
2026-03-02T11:00,1.9,100,127.0,86,13.7
2026-03-02T12:00,2.5,100,193.0,85,13.3
2026-03-02T13:00,2.5,100,109.0,87,14.0
2026-03-02T14:00,2.5,100,76.0,86,14.8
2026-03-02T15:00,2.6,100,53.0,87,14.4
2026-03-02T16:00,2.5,100,61.0,87,16.6
2026-03-02T17:00,2.3,100,30.0,88,16.9
2026-03-02T18:00,2.2,100,20.0,88,17.3
2026-03-02T19:00,2.0,100,0.0,90,15.8
2026-03-02T20:00,2.1,100,0.0,90,14.8
2026-03-02T21:00,2.2,100,0.0,91,16.9
2026-03-02T22:00,2.3,100,0.0,92,16.2
2026-03-02T23:00,2.6,100,0.0,89,16.2
2026-03-03T00:00,2.8,100,0.0,92,15.8
2026-03-03T01:00,2.6,100,0.0,93,18.7
2026-03-03T02:00,2.7,100,0.0,91,22.3
2026-03-03T03:00,2.7,100,0.0,90,19.4
2026-03-03T04:00,2.5,100,0.0,92,19.8
2026-03-03T05:00,2.6,100,0.0,93,18.4
2026-03-03T06:00,2.8,100,0.0,92,16.6
2026-03-03T07:00,2.8,100,0.0,92,15.1
2026-03-03T08:00,2.9,100,3.0,90,16.6
2026-03-03T09:00,3.5,100,46.0,88,15.8
2026-03-03T10:00,3.7,100,68.0,89,18.0
2026-03-03T11:00,4.2,100,78.0,86,16.2
2026-03-03T12:00,5.0,100,118.0,82,18.4
2026-03-03T13:00,5.4,100,152.0,82,19.1
2026-03-03T14:00,6.1,88,217.0,77,22.7
2026-03-03T15:00,7.2,100,354.0,73,20.5
2026-03-03T16:00,7.1,100,83.0,77,19.8
2026-03-03T17:00,7.0,100,46.0,77,15.1
2026-03-03T18:00,6.9,100,12.0,81,15.8
2026-03-03T19:00,6.6,100,0.0,77,16.2
2026-03-03T20:00,6.2,100,0.0,87,15.1
2026-03-03T21:00,6.1,100,0.0,85,19.8
2026-03-03T22:00,5.9,100,0.0,86,19.1
2026-03-03T23:00,5.6,100,0.0,87,14.4
2026-03-04T00:00,5.4,100,0.0,86,17.3
2026-03-04T01:00,5.3,100,0.0,86,18.4
2026-03-04T02:00,5.3,100,0.0,83,17.3
2026-03-04T03:00,5.5,100,0.0,80,17.3
2026-03-04T04:00,5.2,100,0.0,84,18.7
2026-03-04T05:00,5.1,100,0.0,85,20.9
2026-03-04T06:00,5.0,100,0.0,85,18.4
2026-03-04T07:00,4.7,100,0.0,86,20.5
2026-03-04T08:00,4.5,100,6.0,87,14.8
2026-03-04T09:00,4.8,100,50.0,85,18.7
2026-03-04T10:00,5.6,100,119.0,81,19.1
2026-03-04T11:00,5.9,100,143.0,83,22.0
2026-03-04T12:00,6.4,100,154.0,85,22.3
2026-03-04T13:00,6.6,100,168.0,85,25.9
2026-03-04T14:00,7.1,100,171.0,81,22.0
2026-03-04T15:00,7.7,100,171.0,78,22.7
2026-03-04T16:00,7.9,100,102.0,77,20.5
2026-03-04T17:00,8.7,100,73.0,75,23.4
2026-03-04T18:00,8.8,99,63.0,78,21.2
2026-03-04T19:00,8.4,100,1.0,78,20.9
2026-03-04T20:00,8.1,100,0.0,81,16.9
2026-03-04T21:00,7.9,100,0.0,77,21.2
2026-03-04T22:00,7.1,100,0.0,75,19.8
2026-03-04T23:00,6.0,100,0.0,77,19.4
2026-03-05T00:00,5.2,100,0.0,78,20.2
2026-03-05T01:00,4.6,100,0.0,78,18.4
2026-03-05T02:00,4.5,100,0.0,73,19.8
2026-03-05T03:00,4.5,99,0.0,72,19.1
2026-03-05T04:00,4.0,97,0.0,77,17.6
2026-03-05T05:00,3.7,100,0.0,78,18.4
2026-03-05T06:00,3.6,100,0.0,78,18.7
2026-03-05T07:00,3.4,100,0.0,77,16.9
2026-03-05T08:00,3.8,100,21.0,76,10.4
2026-03-05T09:00,4.5,96,124.0,74,17.6
2026-03-05T10:00,5.8,100,270.0,71,19.1
2026-03-05T11:00,7.7,100,337.0,62,20.5
2026-03-05T12:00,9.3,100,437.0,59,22.3
2026-03-05T13:00,10.8,100,504.0,49,23.0
2026-03-05T14:00,11.7,100,494.0,44,20.9
2026-03-05T15:00,12.4,98,453.0,41,20.5
2026-03-05T16:00,12.7,100,352.0,39,23.0
2026-03-05T17:00,13.0,100,218.0,39,18.4
2026-03-05T18:00,12.7,100,78.0,40,22.0
2026-03-05T19:00,11.3,100,4.0,43,19.4
2026-03-05T20:00,10.4,100,0.0,45,18.4
2026-03-05T21:00,9.6,100,0.0,52,20.9
2026-03-05T22:00,9.1,100,0.0,52,20.5
2026-03-05T23:00,8.9,100,0.0,51,20.2
2026-03-06T00:00,8.6,84,0.0,53,18.7
2026-03-06T01:00,8.1,56,0.0,55,17.6
2026-03-06T02:00,8.0,0,0.0,51,18.0
2026-03-06T03:00,8.0,40,0.0,47,18.7
2026-03-06T04:00,7.1,0,0.0,54,16.9
2026-03-06T05:00,6.8,0,0.0,57,18.0
2026-03-06T06:00,6.7,0,0.0,58,17.3
2026-03-06T07:00,6.3,0,0.0,59,16.9
2026-03-06T08:00,6.6,0,26.0,56,11.5
2026-03-06T09:00,8.0,0,145.0,54,11.2
2026-03-06T10:00,9.9,0,283.0,48,10.8
2026-03-06T11:00,11.9,0,403.0,44,11.9
2026-03-06T12:00,13.5,0,491.0,42,11.5
2026-03-06T13:00,14.6,0,528.0,40,10.4
2026-03-06T14:00,15.8,0,516.0,35,7.9
2026-03-06T15:00,16.7,0,456.0,33,8.3
2026-03-06T16:00,16.9,0,354.0,37,8.3
2026-03-06T17:00,16.7,0,224.0,43,8.6
2026-03-06T18:00,15.2,0,87.0,52,8.3
2026-03-06T19:00,12.4,0,4.0,61,8.6
2026-03-06T20:00,11.3,0,0.0,70,10.1
2026-03-06T21:00,11.3,0,0.0,73,11.2
2026-03-06T22:00,11.0,0,0.0,76,11.9
2026-03-06T23:00,10.0,0,0.0,79,6.1
2026-03-07T00:00,7.8,0,0.0,82,6.5
2026-03-07T01:00,7.7,0,0.0,83,5.8
2026-03-07T02:00,8.1,0,0.0,79,6.5
2026-03-07T03:00,6.2,0,0.0,77,6.1
2026-03-07T04:00,5.4,0,0.0,75,4.0
2026-03-07T05:00,5.2,0,0.0,80,5.8
2026-03-07T06:00,5.6,1,0.0,88,5.4
2026-03-07T07:00,4.9,4,0.0,85,4.7
2026-03-07T08:00,4.9,0,28.0,83,5.8
2026-03-07T09:00,6.2,3,147.0,77,4.0
2026-03-07T10:00,8.6,37,281.0,71,2.9
2026-03-07T11:00,10.7,100,388.0,68,4.7
2026-03-07T12:00,12.2,100,392.0,66,5.4
2026-03-07T13:00,13.0,100,333.0,66,5.4
2026-03-07T14:00,14.0,100,339.0,62,4.7
2026-03-07T15:00,14.1,100,279.0,61,6.1
2026-03-07T16:00,14.4,85,263.0,63,6.5
2026-03-07T17:00,14.6,100,203.0,66,7.6
2026-03-07T18:00,14.0,100,77.0,71,5.8
2026-03-07T19:00,11.7,58,5.0,77,6.1
2026-03-07T20:00,9.6,41,0.0,82,6.8
2026-03-07T21:00,8.6,72,0.0,85,7.6
2026-03-07T22:00,7.9,33,0.0,86,5.4
2026-03-07T23:00,6.8,0,0.0,84,6.1
2026-03-08T00:00,6.3,0,0.0,83,5.4
2026-03-08T01:00,5.9,0,0.0,81,5.8
2026-03-08T02:00,5.2,25,0.0,76,6.5
2026-03-08T03:00,4.9,0,0.0,73,5.4
2026-03-08T04:00,5.0,0,0.0,71,2.2
2026-03-08T05:00,4.1,3,0.0,75,2.5
2026-03-08T06:00,3.7,0,0.0,75,5.0
2026-03-08T07:00,3.4,0,0.0,76,6.1
2026-03-08T08:00,3.9,0,32.0,78,6.8
2026-03-08T09:00,5.4,0,154.0,74,6.1
2026-03-08T10:00,7.5,0,292.0,66,4.7
2026-03-08T11:00,9.3,0,411.0,60,2.9
2026-03-08T12:00,11.7,99,492.0,54,4.7
2026-03-08T13:00,13.7,72,507.0,50,4.3
2026-03-08T14:00,15.9,0,520.0,39,4.0
2026-03-08T15:00,17.1,0,468.0,31,6.8
2026-03-08T16:00,17.0,0,365.0,34,4.7
2026-03-08T17:00,17.1,0,234.0,39,7.2
2026-03-08T18:00,15.2,0,96.0,53,6.8
2026-03-08T19:00,12.4,0,6.0,63,6.1
2026-03-08T20:00,11.0,5,0.0,72,5.8
2026-03-08T21:00,10.5,26,0.0,76,6.5
2026-03-08T22:00,9.5,38,0.0,82,6.1
2026-03-08T23:00,8.8,26,0.0,82,4.7
2026-03-09T00:00,8.2,93,0.0,81,3.6
2026-03-09T01:00,7.7,88,0.0,81,3.6
2026-03-09T02:00,7.3,96,0.0,77,8.6
2026-03-09T03:00,6.3,100,0.0,72,4.3
2026-03-09T04:00,6.0,99,0.0,72,5.4
2026-03-09T05:00,5.6,100,0.0,73,1.8
2026-03-09T06:00,5.8,98,0.0,74,4.0
2026-03-09T07:00,5.4,100,0.0,76,5.0
2026-03-09T08:00,5.4,100,29.0,77,1.4
2026-03-09T09:00,6.9,100,132.0,75,5.4
2026-03-09T10:00,8.2,100,234.0,66,6.1
2026-03-09T11:00,9.7,100,283.0,60,5.0
2026-03-09T12:00,11.0,100,276.0,56,5.4
2026-03-09T13:00,11.8,100,280.0,57,6.5
2026-03-09T14:00,13.2,100,327.0,54,5.8
2026-03-09T15:00,14.5,100,265.0,51,5.8
2026-03-09T16:00,14.5,100,202.0,57,4.7
2026-03-09T17:00,14.9,100,126.0,61,6.1
2026-03-09T18:00,14.7,90,70.0,69,8.6
2026-03-09T19:00,12.8,100,6.0,78,9.7
2026-03-09T20:00,12.2,100,0.0,77,13.7
2026-03-09T21:00,11.8,100,0.0,75,9.7
2026-03-09T22:00,11.0,100,0.0,77,8.6
2026-03-09T23:00,10.4,100,0.0,78,7.6
2026-03-10T00:00,10.1,100,0.0,77,11.5
2026-03-10T01:00,10.0,100,0.0,75,7.6
2026-03-10T02:00,9.5,99,0.0,72,7.9
2026-03-10T03:00,8.4,98,0.0,69,5.8
2026-03-10T04:00,7.4,100,0.0,71,9.7
2026-03-10T05:00,6.9,100,0.0,75,7.2
2026-03-10T06:00,6.7,100,0.0,76,8.6
2026-03-10T07:00,6.7,100,0.0,75,9.0
2026-03-10T08:00,6.9,100,21.0,76,6.5
2026-03-10T09:00,8.4,100,108.0,72,5.8
2026-03-10T10:00,9.8,100,215.0,66,7.6
2026-03-10T11:00,12.3,25,351.0,59,8.6
2026-03-10T12:00,14.3,71,465.0,57,8.6
2026-03-10T13:00,16.4,91,521.0,53,10.1
2026-03-10T14:00,17.6,93,481.0,50,4.3
2026-03-10T15:00,18.9,77,441.0,46,10.1
2026-03-10T16:00,18.6,100,309.0,51,10.4
2026-03-10T17:00,17.7,100,151.0,58,14.4
2026-03-10T18:00,16.3,100,58.0,65,11.2
2026-03-10T19:00,14.9,100,5.0,67,9.0
2026-03-10T20:00,13.6,99,0.0,74,4.7
2026-03-10T21:00,12.9,100,0.0,76,6.5
2026-03-10T22:00,12.1,91,0.0,76,7.2
2026-03-10T23:00,11.8,94,0.0,73,8.6
2026-03-11T00:00,11.3,99,0.0,74,10.4
2026-03-11T01:00,10.4,100,0.0,77,8.6
2026-03-11T02:00,10.4,100,0.0,74,12.2
2026-03-11T03:00,11.3,100,0.0,70,13.3
2026-03-11T04:00,11.1,93,0.0,75,13.3
2026-03-11T05:00,10.6,99,0.0,77,10.4
2026-03-11T06:00,10.5,100,0.0,76,12.6
2026-03-11T07:00,9.9,100,0.0,79,16.2
2026-03-11T08:00,9.1,100,27.0,84,14.0
2026-03-11T09:00,9.4,100,147.0,84,15.1
2026-03-11T10:00,9.9,100,269.0,80,15.5
2026-03-11T11:00,10.6,100,338.0,80,15.8
2026-03-11T12:00,11.2,100,261.0,78,13.3
2026-03-11T13:00,11.6,100,261.0,78,12.2
2026-03-11T14:00,11.9,100,386.0,75,11.5
2026-03-11T15:00,11.7,100,167.0,75,10.8
2026-03-11T16:00,12.1,98,287.0,72,11.2
2026-03-11T17:00,12.3,78,228.0,70,8.6
2026-03-11T18:00,12.5,100,100.0,68,10.8
2026-03-11T19:00,10.9,100,8.0,74,7.6
2026-03-11T20:00,10.2,100,0.0,76,3.6
2026-03-11T21:00,9.8,100,0.0,78,6.8
2026-03-11T22:00,9.3,100,0.0,80,7.2
2026-03-11T23:00,8.5,100,0.0,83,5.4
2026-03-12T00:00,8.5,100,0.0,81,1.4
2026-03-12T01:00,8.5,100,0.0,81,1.8
2026-03-12T02:00,8.6,100,0.0,79,5.4
2026-03-12T03:00,8.4,100,0.0,76,7.6
2026-03-12T04:00,6.6,82,0.0,82,7.2
2026-03-12T05:00,5.5,99,0.0,84,8.6
2026-03-12T06:00,4.5,99,0.0,87,8.6
2026-03-12T07:00,4.0,56,0.0,87,7.9
2026-03-12T08:00,3.2,100,20.0,93,6.1
2026-03-12T09:00,4.9,13,156.0,82,4.7
2026-03-12T10:00,6.4,100,268.0,77,4.7
2026-03-12T11:00,7.9,100,255.0,76,4.7
2026-03-12T12:00,10.2,100,423.0,67,4.3
2026-03-12T13:00,11.7,99,437.0,64,5.0
2026-03-12T14:00,13.7,4,507.0,63,7.9
2026-03-12T15:00,15.9,100,471.0,58,7.6
2026-03-12T16:00,15.8,100,182.0,58,11.2
2026-03-12T17:00,15.7,53,154.0,58,13.3
2026-03-12T18:00,15.0,97,109.0,61,9.7
2026-03-12T19:00,13.4,100,10.0,70,7.9
2026-03-12T20:00,12.7,100,0.0,76,9.4
2026-03-12T21:00,12.3,100,0.0,80,12.2
2026-03-12T22:00,11.9,100,0.0,80,9.7
2026-03-12T23:00,11.4,100,0.0,85,9.7
2026-03-13T00:00,10.6,100,0.0,92,8.3
2026-03-13T01:00,10.3,100,0.0,94,11.2
2026-03-13T02:00,10.1,100,0.0,93,7.9
2026-03-13T03:00,10.0,100,0.0,92,8.6
2026-03-13T04:00,9.6,100,0.0,93,12.2
2026-03-13T05:00,9.4,100,0.0,92,7.6
2026-03-13T06:00,8.7,100,0.0,93,9.7
2026-03-13T07:00,8.6,100,0.0,93,9.0
2026-03-13T08:00,8.8,100,19.0,92,9.4
2026-03-13T09:00,9.2,100,48.0,90,6.5
2026-03-13T10:00,9.8,100,97.0,89,9.7
2026-03-13T11:00,10.0,100,81.0,91,12.2
2026-03-13T12:00,9.8,100,27.0,93,4.7
2026-03-13T13:00,9.9,100,29.0,94,6.8
2026-03-13T14:00,10.3,100,13.0,93,4.7
2026-03-13T15:00,10.7,100,17.0,92,7.2
2026-03-13T16:00,10.5,100,7.0,93,8.3
2026-03-13T17:00,10.5,100,3.0,94,7.6
2026-03-13T18:00,10.6,100,3.0,93,4.3
2026-03-13T19:00,10.5,100,0.0,93,11.2
2026-03-13T20:00,9.8,100,0.0,96,9.4
2026-03-13T21:00,8.9,100,0.0,92,16.9
2026-03-13T22:00,6.7,100,0.0,90,20.9
2026-03-13T23:00,5.1,100,0.0,90,24.1
2026-03-14T00:00,3.1,100,0.0,91,23.8
2026-03-14T01:00,2.0,100,0.0,90,22.0
2026-03-14T02:00,2.0,100,0.0,90,24.8
2026-03-14T03:00,2.1,99,0.0,88,19.1
2026-03-14T04:00,2.2,100,0.0,88,17.6
2026-03-14T05:00,2.3,100,0.0,88,14.0
2026-03-14T06:00,2.4,100,0.0,88,12.2
2026-03-14T07:00,2.5,100,0.0,87,10.8
2026-03-14T08:00,2.6,33,13.0,86,11.9
2026-03-14T09:00,3.2,100,141.0,84,9.4
2026-03-14T10:00,3.8,100,219.0,79,7.2
2026-03-14T11:00,4.3,100,204.0,76,5.0
2026-03-14T12:00,4.5,100,154.0,72,2.9
2026-03-14T13:00,4.4,100,68.0,73,2.2
2026-03-14T14:00,4.7,100,128.0,76,4.7
2026-03-14T15:00,5.1,100,172.0,75,5.8
2026-03-14T16:00,5.1,100,69.0,74,5.8
2026-03-14T17:00,4.7,100,36.0,79,7.6
2026-03-14T18:00,4.3,100,19.0,82,9.7
2026-03-14T19:00,3.8,100,2.0,85,10.8
2026-03-14T20:00,3.4,100,0.0,86,10.1
2026-03-14T21:00,3.6,100,0.0,87,11.5
2026-03-14T22:00,3.5,100,0.0,87,12.6
2026-03-14T23:00,3.3,100,0.0,85,11.5
2026-03-15T00:00,3.1,100,0.0,84,10.8
2026-03-15T01:00,2.7,100,0.0,83,10.1
2026-03-15T02:00,2.4,100,0.0,82,7.9
2026-03-15T03:00,2.1,0,0.0,82,8.3
2026-03-15T04:00,1.4,18,0.0,86,11.2
2026-03-15T05:00,0.9,9,0.0,86,8.6
2026-03-15T06:00,0.5,15,0.0,87,9.4
2026-03-15T07:00,0.3,99,0.0,85,10.4
2026-03-15T08:00,0.8,98,59.0,81,7.9
2026-03-15T09:00,1.6,69,182.0,76,8.6
2026-03-15T10:00,2.6,80,326.0,72,10.1
2026-03-15T11:00,3.8,100,438.0,66,8.6
2026-03-15T12:00,4.6,99,397.0,60,11.5
2026-03-15T13:00,5.4,88,542.0,56,12.6
2026-03-15T14:00,6.1,83,544.0,54,10.4
2026-03-15T15:00,6.5,54,468.0,52,11.9
2026-03-15T16:00,6.6,77,392.0,51,12.2
2026-03-15T17:00,6.4,100,254.0,51,9.4
2026-03-15T18:00,5.9,98,112.0,52,10.4
2026-03-15T19:00,4.8,99,16.0,59,9.4
2026-03-15T20:00,3.8,7,0.0,67,6.5
2026-03-15T21:00,3.2,93,0.0,68,8.3
2026-03-15T22:00,2.9,63,0.0,68,9.4
2026-03-15T23:00,2.1,27,0.0,71,6.5
2026-03-16T00:00,1.8,0,0.0,75,6.1
2026-03-16T01:00,1.5,0,0.0,76,4.3
2026-03-16T02:00,0.9,0,0.0,74,4.3
2026-03-16T03:00,0.6,0,0.0,71,3.6
2026-03-16T04:00,0.3,0,0.0,72,4.3
2026-03-16T05:00,-0.4,0,0.0,73,2.2
2026-03-16T06:00,-0.3,0,0.0,73,2.5
2026-03-16T07:00,-0.2,0,1.0,71,3.2
2026-03-16T08:00,0.7,0,68.0,69,0.7
2026-03-16T09:00,3.1,0,210.0,61,4.7
2026-03-16T10:00,4.0,0,359.0,57,6.1
2026-03-16T11:00,5.0,0,483.0,53,7.9
2026-03-16T12:00,6.0,0,569.0,48,7.2
2026-03-16T13:00,6.9,5,604.0,43,6.1
2026-03-16T14:00,7.5,1,587.0,37,7.9
2026-03-16T15:00,7.6,0,533.0,32,11.5
2026-03-16T16:00,7.5,50,429.0,39,12.2
2026-03-16T17:00,7.5,95,280.0,43,14.0
2026-03-16T18:00,7.3,83,122.0,50,14.8
2026-03-16T19:00,6.6,100,14.0,59,12.6
2026-03-16T20:00,6.3,100,0.0,66,11.5
2026-03-16T21:00,5.4,99,0.0,73,11.5
2026-03-16T22:00,4.9,100,0.0,75,11.2
2026-03-16T23:00,4.7,100,0.0,72,15.1
2026-03-17T00:00,4.1,100,0.0,74,15.5
2026-03-17T01:00,3.2,100,0.0,88,14.8
2026-03-17T02:00,2.7,100,0.0,93,15.1
2026-03-17T03:00,1.4,100,0.0,89,19.8
2026-03-17T04:00,0.8,100,0.0,84,19.8
2026-03-17T05:00,0.8,100,0.0,74,16.9
2026-03-17T06:00,0.3,99,0.0,66,18.4
2026-03-17T07:00,-0.3,0,1.0,70,18.0
2026-03-17T08:00,-0.3,0,75.0,69,17.3
2026-03-17T09:00,0.2,3,220.0,67,18.0
2026-03-17T10:00,0.8,6,366.0,58,19.4
2026-03-17T11:00,1.5,0,480.0,56,19.4
2026-03-17T12:00,2.2,23,554.0,48,18.0
2026-03-17T13:00,2.5,93,527.0,48,15.8
2026-03-17T14:00,3.1,0,552.0,43,19.1
2026-03-17T15:00,3.5,5,538.0,40,16.6
2026-03-17T16:00,3.5,14,423.0,39,14.8
2026-03-17T17:00,3.3,0,280.0,37,13.0
2026-03-17T18:00,2.9,9,140.0,38,15.5
2026-03-17T19:00,1.8,0,21.0,42,13.7
2026-03-17T20:00,1.1,2,0.0,53,8.3
2026-03-17T21:00,1.7,25,0.0,59,12.2
2026-03-17T22:00,1.3,100,0.0,60,14.4
2026-03-17T23:00,0.4,0,0.0,67,11.9
2026-03-18T00:00,0.1,28,0.0,69,9.4
2026-03-18T01:00,-0.3,0,0.0,68,8.6
2026-03-18T02:00,-0.9,0,0.0,74,9.0
2026-03-18T03:00,-1.4,0,0.0,66,9.0
2026-03-18T04:00,-1.7,0,0.0,65,8.3
2026-03-18T05:00,-2.1,0,0.0,72,10.1
2026-03-18T06:00,-2.2,6,0.0,76,11.2
2026-03-18T07:00,-2.0,62,2.0,73,13.7
2026-03-18T08:00,-1.5,96,73.0,72,14.4
2026-03-18T09:00,-0.4,48,190.0,70,16.2
2026-03-18T10:00,0.5,88,259.0,68,19.4
2026-03-18T11:00,2.0,8,390.0,63,19.8
2026-03-18T12:00,3.4,13,573.0,59,21.2
2026-03-18T13:00,4.5,2,605.0,57,21.6
2026-03-18T14:00,5.8,100,564.0,50,15.8
2026-03-18T15:00,6.6,9,336.0,46,16.9
2026-03-18T16:00,6.9,7,412.0,47,18.7
2026-03-18T17:00,6.5,3,283.0,48,19.4
2026-03-18T18:00,5.9,0,140.0,50,18.7
2026-03-18T19:00,4.6,0,22.0,61,12.6
2026-03-18T20:00,3.9,0,0.0,70,14.0
2026-03-18T21:00,3.3,16,0.0,74,15.5
2026-03-18T22:00,2.8,44,0.0,79,16.2
2026-03-18T23:00,2.3,0,0.0,77,14.4
2026-03-19T00:00,1.8,0,0.0,77,14.0
2026-03-19T01:00,1.4,0,0.0,78,13.7
2026-03-19T02:00,1.0,0,0.0,76,10.8
2026-03-19T03:00,0.7,0,0.0,72,12.6
2026-03-19T04:00,0.4,0,0.0,75,11.9
2026-03-19T05:00,0.0,0,0.0,79,13.3
2026-03-19T06:00,-0.0,0,0.0,79,12.6
2026-03-19T07:00,0.1,0,2.0,74,13.0
2026-03-19T08:00,0.8,0,81.0,68,10.8
2026-03-19T09:00,2.1,0,225.0,63,11.9
2026-03-19T10:00,3.5,0,372.0,60,12.2
2026-03-19T11:00,5.1,0,494.0,55,12.6
2026-03-19T12:00,6.6,0,577.0,51,14.0
2026-03-19T13:00,7.6,0,614.0,48,15.5
2026-03-19T14:00,8.7,0,599.0,46,14.0
2026-03-19T15:00,9.2,0,543.0,45,15.1
2026-03-19T16:00,9.2,0,436.0,48,14.0
2026-03-19T17:00,9.2,0,298.0,50,11.5
2026-03-19T18:00,9.0,0,145.0,52,12.6
2026-03-19T19:00,7.6,0,24.0,59,11.2
2026-03-19T20:00,6.6,0,0.0,65,4.3
2026-03-19T21:00,5.5,0,0.0,68,8.3
2026-03-19T22:00,5.1,0,0.0,73,9.0
2026-03-19T23:00,4.7,13,0.0,72,10.8
2026-03-20T00:00,4.6,0,0.0,71,10.4
2026-03-20T01:00,4.2,0,0.0,69,10.1
2026-03-20T02:00,3.2,0,0.0,66,7.2
2026-03-20T03:00,2.6,0,0.0,63,7.6
2026-03-20T04:00,1.6,0,0.0,68,7.2
2026-03-20T05:00,0.6,0,0.0,73,7.2
2026-03-20T06:00,0.6,0,0.0,75,7.6
2026-03-20T07:00,0.7,0,3.0,74,7.2
2026-03-20T08:00,2.1,0,87.0,69,5.0
2026-03-20T09:00,3.8,9,231.0,62,5.8
2026-03-20T10:00,5.9,2,376.0,57,6.5
2026-03-20T11:00,8.1,9,496.0,50,4.3
2026-03-20T12:00,10.4,82,580.0,44,9.4
2026-03-20T13:00,11.3,55,611.0,47,10.4
2026-03-20T14:00,12.4,71,597.0,39,10.1
2026-03-20T15:00,12.9,48,539.0,33,9.0
2026-03-20T16:00,12.7,7,434.0,38,10.8
2026-03-20T17:00,12.5,0,297.0,41,9.4
2026-03-20T18:00,12.0,16,148.0,47,10.8
2026-03-20T19:00,10.1,0,26.0,55,7.6
2026-03-20T20:00,8.5,0,0.0,64,5.8
2026-03-20T21:00,7.3,0,0.0,68,7.6
2026-03-20T22:00,7.0,0,0.0,72,7.2
2026-03-20T23:00,6.4,0,0.0,74,7.6
2026-03-21T00:00,6.2,0,0.0,73,9.7
2026-03-21T01:00,6.4,0,0.0,71,10.8
2026-03-21T02:00,5.7,0,0.0,69,5.8
2026-03-21T03:00,3.8,0,0.0,68,6.8
2026-03-21T04:00,3.2,0,0.0,70,5.8
2026-03-21T05:00,2.3,57,0.0,74,6.8
2026-03-21T06:00,1.9,0,0.0,76,6.5
2026-03-21T07:00,1.9,0,4.0,75,6.8
2026-03-21T08:00,3.9,1,89.0,73,1.8
2026-03-21T09:00,6.4,5,231.0,70,4.7
2026-03-21T10:00,8.0,0,376.0,64,4.7
2026-03-21T11:00,10.1,7,495.0,57,2.2
2026-03-21T12:00,12.3,97,546.0,50,3.6
2026-03-21T13:00,13.5,100,530.0,47,4.3
2026-03-21T14:00,14.5,100,453.0,42,6.8
2026-03-21T15:00,14.5,100,148.0,38,6.5
2026-03-21T16:00,15.1,98,307.0,34,5.0
2026-03-21T17:00,15.2,100,266.0,36,5.4
2026-03-21T18:00,14.7,100,125.0,38,7.6
2026-03-21T19:00,12.8,100,20.0,43,4.7
2026-03-21T20:00,11.6,100,0.0,48,5.8
2026-03-21T21:00,10.8,98,0.0,56,5.0
2026-03-21T22:00,9.7,27,0.0,77,14.0
2026-03-21T23:00,8.8,1,0.0,75,13.3
2026-03-22T00:00,7.9,63,0.0,74,11.5
2026-03-22T01:00,7.1,52,0.0,78,12.6
2026-03-22T02:00,6.4,6,0.0,78,13.0
2026-03-22T03:00,5.7,78,0.0,78,10.1
2026-03-22T04:00,4.9,0,0.0,78,11.9
2026-03-22T05:00,3.9,0,0.0,81,10.4
2026-03-22T06:00,3.3,0,0.0,85,11.9
2026-03-22T07:00,2.9,11,5.0,87,11.2
2026-03-22T08:00,2.5,100,82.0,90,11.5
2026-03-22T09:00,2.4,100,116.0,90,13.3
2026-03-22T10:00,3.1,100,170.0,87,13.0
2026-03-22T11:00,4.7,100,221.0,83,9.4
2026-03-22T12:00,6.9,71,363.0,78,10.4
2026-03-22T13:00,9.4,62,585.0,71,12.2
2026-03-22T14:00,12.6,0,571.0,59,14.4
2026-03-22T15:00,13.2,100,420.0,54,19.8
2026-03-22T16:00,13.7,94,222.0,52,21.2
2026-03-22T17:00,13.6,0,252.0,49,23.8
2026-03-22T18:00,12.6,0,152.0,60,24.1
2026-03-22T19:00,11.0,0,30.0,64,22.3
2026-03-22T20:00,10.3,0,0.0,65,14.0
2026-03-22T21:00,9.9,0,0.0,65,20.2
2026-03-22T22:00,8.9,0,0.0,64,20.5
2026-03-22T23:00,8.3,0,0.0,63,20.2
2026-03-23T00:00,7.9,6,0.0,63,20.2
2026-03-23T01:00,7.2,0,0.0,63,17.6
2026-03-23T02:00,6.9,0,0.0,62,13.3
2026-03-23T03:00,6.8,0,0.0,63,16.6
2026-03-23T04:00,5.9,0,0.0,65,16.2
2026-03-23T05:00,5.1,0,0.0,68,16.6
2026-03-23T06:00,4.6,0,0.0,70,16.9
2026-03-23T07:00,4.2,0,7.0,70,16.6
2026-03-23T08:00,4.8,14,101.0,68,14.8
2026-03-23T09:00,6.0,54,230.0,65,15.8
2026-03-23T10:00,7.2,0,385.0,62,16.6
2026-03-23T11:00,8.7,0,510.0,60,17.3
2026-03-23T12:00,10.2,0,589.0,58,18.0
2026-03-23T13:00,11.5,0,623.0,55,19.1
2026-03-23T14:00,12.8,0,606.0,49,23.4
2026-03-23T15:00,13.5,0,539.0,45,21.2
2026-03-23T16:00,13.5,96,429.0,47,21.2
2026-03-23T17:00,12.7,100,175.0,49,21.6
2026-03-23T18:00,12.1,100,36.0,51,18.0
2026-03-23T19:00,11.1,100,3.0,57,19.1
2026-03-23T20:00,9.4,100,0.0,73,8.3
2026-03-23T21:00,8.0,100,0.0,85,10.8
2026-03-23T22:00,7.5,100,0.0,88,12.6
2026-03-23T23:00,7.1,100,0.0,89,13.0
2026-03-24T00:00,6.9,100,0.0,90,13.0
2026-03-24T01:00,6.8,100,0.0,89,13.3
2026-03-24T02:00,6.6,100,0.0,89,10.8
2026-03-24T03:00,6.4,100,0.0,91,9.0
2026-03-24T04:00,6.2,100,0.0,94,9.7
2026-03-24T05:00,6.1,100,0.0,96,6.5
2026-03-24T06:00,6.1,100,0.0,96,8.3
2026-03-24T07:00,6.2,100,0.0,93,7.6
2026-03-24T08:00,6.2,100,1.0,92,11.2
2026-03-24T09:00,6.0,100,10.0,91,10.1
2026-03-24T10:00,6.5,100,108.0,90,8.3
2026-03-24T11:00,6.9,100,197.0,88,5.4
2026-03-24T12:00,6.8,100,92.0,87,7.6
2026-03-24T13:00,7.2,100,115.0,84,6.8
2026-03-24T14:00,7.4,100,121.0,81,9.0
2026-03-24T15:00,7.1,100,113.0,82,7.9
2026-03-24T16:00,7.3,100,94.0,79,8.3
2026-03-24T17:00,7.4,100,67.0,78,3.2
2026-03-24T18:00,7.4,100,28.0,78,5.0
2026-03-24T19:00,7.2,100,11.0,76,7.2
2026-03-24T20:00,6.9,100,0.0,77,6.8
2026-03-24T21:00,6.5,40,0.0,79,3.6
2026-03-24T22:00,6.4,98,0.0,80,3.2
2026-03-24T23:00,6.1,50,0.0,81,2.5
2026-03-25T00:00,5.9,95,0.0,81,1.4
2026-03-25T01:00,5.9,79,0.0,82,1.1
2026-03-25T02:00,5.5,96,0.0,81,3.6
2026-03-25T03:00,5.1,93,0.0,82,5.8
2026-03-25T04:00,4.8,28,0.0,87,2.9
2026-03-25T05:00,4.0,88,0.0,88,3.6
2026-03-25T06:00,3.9,4,0.0,92,4.3
2026-03-25T07:00,3.0,97,9.0,96,2.5
2026-03-25T08:00,3.5,100,76.0,95,3.6
2026-03-25T09:00,4.6,99,206.0,94,5.4
2026-03-25T10:00,6.6,0,391.0,80,3.6
2026-03-25T11:00,8.6,0,524.0,70,5.4
2026-03-25T12:00,9.9,0,605.0,64,6.1
2026-03-25T13:00,10.9,1,636.0,60,7.6
2026-03-25T14:00,12.1,4,621.0,58,8.6
2026-03-25T15:00,12.6,0,543.0,53,10.8
2026-03-25T16:00,12.8,3,455.0,53,10.4
2026-03-25T17:00,12.8,0,314.0,53,10.4
2026-03-25T18:00,12.4,0,167.0,55,9.0
2026-03-25T19:00,10.9,0,38.0,62,7.2
2026-03-25T20:00,9.4,3,0.0,70,6.8
2026-03-25T21:00,8.6,2,0.0,73,7.9
2026-03-25T22:00,8.5,83,0.0,70,9.4
2026-03-25T23:00,8.1,43,0.0,68,9.4
2026-03-26T00:00,7.6,72,0.0,69,10.1
2026-03-26T01:00,7.5,97,0.0,68,10.4
2026-03-26T02:00,6.6,1,0.0,70,9.7
2026-03-26T03:00,6.9,18,0.0,67,11.5
2026-03-26T04:00,6.7,0,0.0,65,11.2
2026-03-26T05:00,5.7,33,0.0,70,10.8
2026-03-26T06:00,6.3,100,0.0,77,11.2
2026-03-26T07:00,6.6,100,6.0,80,9.0
2026-03-26T08:00,7.2,98,68.0,77,4.0
2026-03-26T09:00,9.2,96,197.0,70,6.8
2026-03-26T10:00,9.3,100,255.0,73,8.6
2026-03-26T11:00,10.0,100,362.0,72,4.7
2026-03-26T12:00,10.8,100,153.0,68,5.8
2026-03-26T13:00,10.1,100,128.0,75,5.0
2026-03-26T14:00,9.9,100,90.0,75,7.2
2026-03-26T15:00,10.1,100,57.0,77,6.1
2026-03-26T16:00,10.0,100,117.0,81,7.6
2026-03-26T17:00,10.3,100,98.0,81,6.1
2026-03-26T18:00,11.0,100,21.0,77,8.6
2026-03-26T19:00,10.1,100,11.0,82,7.2
2026-03-26T20:00,9.6,100,0.0,85,7.9
2026-03-26T21:00,9.6,100,0.0,85,8.3
2026-03-26T22:00,8.8,100,0.0,86,10.4
2026-03-26T23:00,8.4,100,0.0,89,11.2
2026-03-27T00:00,8.1,100,0.0,89,10.8
2026-03-27T01:00,7.8,100,0.0,91,10.1
2026-03-27T02:00,7.7,100,0.0,91,11.2
2026-03-27T03:00,7.6,100,0.0,90,9.7
2026-03-27T04:00,7.4,100,0.0,91,9.7
2026-03-27T05:00,7.1,100,0.0,91,8.6
2026-03-27T06:00,7.0,100,0.0,91,8.6
2026-03-27T07:00,7.1,100,2.0,91,8.3
2026-03-27T08:00,7.3,100,25.0,89,8.3
2026-03-27T09:00,7.8,100,146.0,86,8.3
2026-03-27T10:00,8.6,99,275.0,81,6.8
2026-03-27T11:00,8.8,100,290.0,79,5.4
2026-03-27T12:00,9.2,98,306.0,75,5.4
2026-03-27T13:00,10.2,98,465.0,68,5.4
2026-03-27T14:00,10.2,100,338.0,64,7.6
2026-03-27T15:00,9.8,82,286.0,66,7.6
2026-03-27T16:00,10.3,39,414.0,63,7.9
2026-03-27T17:00,10.1,4,279.0,63,6.5
2026-03-27T18:00,9.6,8,160.0,65,7.6
2026-03-27T19:00,8.7,0,44.0,70,5.4
2026-03-27T20:00,7.9,0,0.0,73,5.4
2026-03-27T21:00,7.0,0,0.0,76,5.4
2026-03-27T22:00,6.4,0,0.0,78,5.0
2026-03-27T23:00,5.8,0,0.0,80,6.5
2026-03-28T00:00,5.4,0,0.0,83,6.1
2026-03-28T01:00,5.3,3,0.0,84,5.4
2026-03-28T02:00,4.6,87,0.0,84,5.4
2026-03-28T03:00,4.4,5,0.0,83,4.3
2026-03-28T04:00,4.1,0,0.0,83,3.2
2026-03-28T05:00,3.3,0,0.0,83,3.6
2026-03-28T06:00,3.1,38,0.0,85,4.7
2026-03-28T07:00,2.9,11,15.0,93,6.1
2026-03-28T08:00,3.6,45,123.0,93,4.3
2026-03-28T09:00,5.5,1,270.0,86,5.0
2026-03-28T10:00,7.8,0,421.0,72,7.2
2026-03-28T11:00,9.4,0,541.0,66,7.6
2026-03-28T12:00,10.6,0,623.0,59,6.8
2026-03-28T13:00,11.6,0,655.0,57,5.0
2026-03-28T14:00,13.0,0,639.0,49,5.0
2026-03-28T15:00,13.7,0,578.0,48,9.0
2026-03-28T16:00,13.8,0,470.0,49,11.2
2026-03-28T17:00,13.7,0,333.0,52,12.6
2026-03-28T18:00,13.1,0,181.0,56,12.2
2026-03-28T19:00,11.8,0,48.0,63,11.2
2026-03-28T20:00,10.6,0,0.0,70,6.1
2026-03-28T21:00,9.7,0,0.0,75,9.4
2026-03-28T22:00,9.1,0,0.0,76,11.2
2026-03-28T23:00,8.5,0,0.0,73,12.2
2026-03-29T00:00,8.0,0,0.0,72,10.8
2026-03-29T01:00,7.6,0,0.0,71,10.8
2026-03-29T02:00,7.3,0,0.0,74,10.1
2026-03-29T03:00,7.2,0,0.0,76,10.4
2026-03-29T04:00,6.8,0,0.0,76,10.1
2026-03-29T05:00,6.7,18,0.0,75,11.2
2026-03-29T06:00,6.3,72,0.0,77,11.2
2026-03-29T07:00,6.3,76,17.0,75,12.6
2026-03-29T08:00,7.2,43,129.0,71,12.6
2026-03-29T09:00,8.7,61,275.0,66,13.3
2026-03-29T10:00,10.2,56,420.0,63,13.3
2026-03-29T11:00,12.3,99,535.0,58,12.6
2026-03-29T12:00,14.0,68,598.0,53,14.8
2026-03-29T13:00,14.8,4,652.0,50,16.2
2026-03-29T14:00,15.5,9,639.0,45,18.4
2026-03-29T15:00,16.1,23,578.0,41,16.2
2026-03-29T16:00,15.9,10,469.0,43,16.6
2026-03-29T17:00,15.9,32,333.0,44,14.8
2026-03-29T18:00,15.8,85,181.0,44,15.1
2026-03-29T19:00,14.3,94,48.0,48,11.9
2026-03-29T20:00,12.9,84,0.0,51,10.8
2026-03-29T21:00,11.9,83,0.0,53,9.0
2026-03-29T22:00,11.0,9,0.0,55,6.5
2026-03-29T23:00,9.9,44,0.0,58,1.8
2026-03-30T00:00,9.3,0,0.0,59,5.4
2026-03-30T01:00,8.5,6,0.0,60,7.2
2026-03-30T02:00,7.5,21,0.0,65,5.0
2026-03-30T03:00,7.1,0,0.0,67,6.5
2026-03-30T04:00,6.6,0,0.0,69,7.2
2026-03-30T05:00,5.6,54,0.0,72,7.9
2026-03-30T06:00,5.2,4,0.0,74,9.0
2026-03-30T07:00,5.2,80,19.0,73,9.4
2026-03-30T08:00,6.5,1,132.0,68,8.3
2026-03-30T09:00,8.5,0,289.0,60,7.2
2026-03-30T10:00,11.3,1,433.0,53,6.1
2026-03-30T11:00,13.8,51,546.0,45,6.8
2026-03-30T12:00,15.0,93,539.0,43,7.2
2026-03-30T13:00,16.3,100,559.0,40,10.4
2026-03-30T14:00,16.5,100,512.0,39,8.3
2026-03-30T15:00,16.3,100,310.0,41,10.4
2026-03-30T16:00,15.9,100,238.0,44,11.2
2026-03-30T17:00,13.2,100,36.0,72,11.9
2026-03-30T18:00,13.0,100,29.0,72,10.1
2026-03-30T19:00,11.0,100,6.0,76,13.3
2026-03-30T20:00,9.1,100,0.0,83,12.2
2026-03-30T21:00,8.5,100,0.0,80,7.2
2026-03-30T22:00,8.4,100,0.0,76,6.5
2026-03-30T23:00,8.4,100,0.0,75,1.4
2026-03-31T00:00,8.6,100,0.0,73,3.2
2026-03-31T01:00,8.7,100,0.0,74,7.2
2026-03-31T02:00,8.3,100,0.0,76,2.2
2026-03-31T03:00,8.5,100,0.0,76,6.5
2026-03-31T04:00,8.3,100,0.0,78,6.1
2026-03-31T05:00,7.9,100,0.0,80,4.0
2026-03-31T06:00,7.9,100,0.0,80,1.1
2026-03-31T07:00,8.5,100,7.0,61,5.4
2026-03-31T08:00,8.3,100,38.0,65,2.5
2026-03-31T09:00,8.2,100,48.0,70,5.4
2026-03-31T10:00,8.5,100,81.0,70,6.8
2026-03-31T11:00,8.9,87,201.0,70,6.5
2026-03-31T12:00,10.1,99,435.0,62,9.0
2026-03-31T13:00,10.8,100,447.0,63,12.6
2026-03-31T14:00,10.6,73,235.0,63,9.4
2026-03-31T15:00,11.8,75,474.0,57,13.7
2026-03-31T16:00,11.4,86,363.0,61,13.7
2026-03-31T17:00,9.9,100,177.0,73,13.0
2026-03-31T18:00,9.4,89,82.0,72,13.0
2026-03-31T19:00,8.6,100,45.0,77,13.7
2026-03-31T20:00,8.3,100,0.0,81,13.0
2026-03-31T21:00,8.1,100,0.0,84,12.2
2026-03-31T22:00,8.0,100,0.0,85,13.3
2026-03-31T23:00,7.8,100,0.0,86,12.6
2026-04-01T00:00,7.7,100,0.0,85,13.3
2026-04-01T01:00,7.4,100,0.0,86,14.0
2026-04-01T02:00,7.3,100,0.0,88,13.3
2026-04-01T03:00,7.2,100,0.0,89,13.7
2026-04-01T04:00,7.1,100,0.0,89,13.0
2026-04-01T05:00,7.0,100,0.0,88,13.3
2026-04-01T06:00,6.8,100,0.0,89,13.3
2026-04-01T07:00,6.7,100,9.0,89,13.3
2026-04-01T08:00,6.5,100,49.0,89,11.9
2026-04-01T09:00,6.7,100,61.0,88,12.2
2026-04-01T10:00,7.2,100,121.0,85,13.0
2026-04-01T11:00,7.8,100,185.0,82,12.6
2026-04-01T12:00,9.2,100,313.0,76,13.3
2026-04-01T13:00,10.6,100,494.0,71,13.3
2026-04-01T14:00,11.7,100,383.0,67,13.0
2026-04-01T15:00,11.7,100,243.0,66,12.6
2026-04-01T16:00,12.5,100,321.0,64,13.0
2026-04-01T17:00,13.0,100,221.0,62,15.1
2026-04-01T18:00,12.6,100,40.0,64,14.8
2026-04-01T19:00,12.2,100,11.0,66,11.9
2026-04-01T20:00,11.9,100,0.0,68,13.3
2026-04-01T21:00,11.6,100,0.0,71,15.5
2026-04-01T22:00,11.1,100,0.0,73,14.8
2026-04-01T23:00,10.6,100,0.0,76,12.6
2026-04-02T00:00,10.0,100,0.0,78,15.1
2026-04-02T01:00,9.1,100,0.0,81,15.1
2026-04-02T02:00,8.2,100,0.0,85,17.3
2026-04-02T03:00,7.5,100,0.0,89,15.8
2026-04-02T04:00,7.3,100,0.0,89,15.5
2026-04-02T05:00,7.2,100,0.0,89,14.0
2026-04-02T06:00,7.1,100,0.0,90,14.8
2026-04-02T07:00,6.9,100,16.0,89,14.4
2026-04-02T08:00,7.4,97,91.0,85,14.8
2026-04-02T09:00,8.7,2,270.0,77,14.0
2026-04-02T10:00,10.2,0,446.0,69,14.4
2026-04-02T11:00,12.0,0,566.0,64,11.5
2026-04-02T12:00,13.8,0,646.0,59,15.1
2026-04-02T13:00,15.1,0,676.0,53,15.8
2026-04-02T14:00,15.9,0,660.0,45,15.8
2026-04-02T15:00,16.5,0,597.0,42,17.6
2026-04-02T16:00,16.6,0,488.0,43,17.3
2026-04-02T17:00,16.5,0,350.0,42,17.3
2026-04-02T18:00,16.0,0,199.0,44,18.4
2026-04-02T19:00,14.8,0,61.0,47,17.3
2026-04-02T20:00,13.9,0,0.0,53,12.2
2026-04-02T21:00,13.1,0,0.0,57,13.0
2026-04-02T22:00,12.1,0,0.0,62,13.0
2026-04-02T23:00,11.4,0,0.0,64,13.0
2026-04-03T00:00,10.7,0,0.0,65,12.2
2026-04-03T01:00,10.0,0,0.0,66,11.9
2026-04-03T02:00,9.4,0,0.0,67,11.5
2026-04-03T03:00,8.8,0,0.0,65,11.2
2026-04-03T04:00,8.2,0,0.0,72,10.8
2026-04-03T05:00,7.7,0,0.0,77,11.5
2026-04-03T06:00,7.4,0,0.0,81,10.4
2026-04-03T07:00,7.6,0,31.0,81,9.7
2026-04-03T08:00,8.7,0,153.0,77,9.4
2026-04-03T09:00,10.2,0,303.0,72,7.2
2026-04-03T10:00,12.2,0,444.0,65,6.5
2026-04-03T11:00,14.2,2,561.0,59,6.5
2026-04-03T12:00,15.8,37,642.0,55,7.6
2026-04-03T13:00,16.9,3,672.0,51,7.9
2026-04-03T14:00,18.0,17,657.0,46,11.9
2026-04-03T15:00,18.5,0,592.0,43,10.8
2026-04-03T16:00,18.7,0,486.0,44,10.4
2026-04-03T17:00,18.7,0,350.0,46,10.1
2026-04-03T18:00,18.4,50,199.0,48,10.8
2026-04-03T19:00,17.3,77,63.0,53,7.9
2026-04-03T20:00,16.0,3,1.0,58,2.5
2026-04-03T21:00,15.3,0,0.0,64,8.6
2026-04-03T22:00,14.5,0,0.0,69,7.6
2026-04-03T23:00,13.6,0,0.0,71,8.6
2026-04-04T00:00,13.0,0,0.0,73,8.3
2026-04-04T01:00,12.3,0,0.0,75,7.9
2026-04-04T02:00,11.3,0,0.0,77,9.0
2026-04-04T03:00,10.7,0,0.0,78,7.2
2026-04-04T04:00,10.3,0,0.0,80,7.9
2026-04-04T05:00,9.5,0,0.0,80,7.2
2026-04-04T06:00,9.3,0,0.0,79,6.8
2026-04-04T07:00,9.9,0,34.0,77,5.8
2026-04-04T08:00,11.0,0,158.0,74,5.0
2026-04-04T09:00,12.5,0,308.0,69,4.0
2026-04-04T10:00,14.5,0,449.0,62,5.0
2026-04-04T11:00,16.1,36,564.0,56,5.4
2026-04-04T12:00,17.5,0,642.0,53,7.6
2026-04-04T13:00,18.3,96,646.0,51,9.0
2026-04-04T14:00,19.3,78,593.0,45,8.3
2026-04-04T15:00,19.8,77,581.0,39,10.1
2026-04-04T16:00,19.9,8,485.0,40,12.6
2026-04-04T17:00,19.8,10,353.0,40,16.6
2026-04-04T18:00,19.2,99,191.0,43,15.5
2026-04-04T19:00,18.4,100,49.0,47,13.3
2026-04-04T20:00,17.8,100,0.0,51,9.0
2026-04-04T21:00,17.3,100,0.0,54,10.1
2026-04-04T22:00,14.9,97,0.0,60,12.2
2026-04-04T23:00,14.0,100,0.0,63,11.2
2026-04-05T00:00,14.1,100,0.0,63,13.3
2026-04-05T01:00,11.2,99,0.0,71,15.1
2026-04-05T02:00,9.6,100,0.0,62,13.3
2026-04-05T03:00,8.1,0,0.0,46,14.0
2026-04-05T04:00,6.1,0,0.0,57,15.1
2026-04-05T05:00,5.0,98,0.0,65,13.7
2026-04-05T06:00,4.5,100,0.0,68,15.8
2026-04-05T07:00,4.1,100,19.0,69,18.4
2026-04-05T08:00,4.3,100,96.0,67,17.6
2026-04-05T09:00,5.6,0,304.0,59,17.3
2026-04-05T10:00,6.7,2,480.0,55,18.7
2026-04-05T11:00,6.6,100,458.0,54,19.8
2026-04-05T12:00,7.5,100,564.0,51,20.2
2026-04-05T13:00,7.3,99,468.0,46,21.2
2026-04-05T14:00,6.5,100,481.0,50,20.5
2026-04-05T15:00,6.5,100,448.0,51,20.9
2026-04-05T16:00,6.7,48,241.0,44,24.1
2026-04-05T17:00,6.0,0,348.0,43,26.6
2026-04-05T18:00,5.2,100,194.0,48,27.4
2026-04-05T19:00,3.7,100,9.0,62,25.2
2026-04-05T20:00,3.3,100,0.0,63,25.9
2026-04-05T21:00,3.0,100,0.0,67,25.2
2026-04-05T22:00,2.4,100,0.0,73,25.9
2026-04-05T23:00,2.2,100,0.0,63,20.9
2026-04-06T00:00,2.0,99,0.0,61,24.5
2026-04-06T01:00,1.1,14,0.0,62,24.8
2026-04-06T02:00,0.5,100,0.0,62,23.4
2026-04-06T03:00,1.1,100,0.0,62,23.8
2026-04-06T04:00,0.6,100,0.0,63,23.0
2026-04-06T05:00,-0.1,29,0.0,63,23.0
2026-04-06T06:00,-0.7,7,0.0,64,22.7
2026-04-06T07:00,-0.6,20,42.0,63,21.6
2026-04-06T08:00,-0.3,37,151.0,60,21.6
2026-04-06T09:00,0.2,86,305.0,56,21.2
2026-04-06T10:00,0.4,99,327.0,52,21.6
2026-04-06T11:00,1.2,100,427.0,53,20.9
2026-04-06T12:00,1.6,100,234.0,50,20.2
2026-04-06T13:00,2.3,100,351.0,46,20.5
2026-04-06T14:00,2.9,97,364.0,40,21.6
2026-04-06T15:00,4.0,11,604.0,35,17.6
2026-04-06T16:00,4.2,94,463.0,36,20.2
2026-04-06T17:00,4.2,3,307.0,35,19.1
2026-04-06T18:00,4.0,39,222.0,35,18.7
2026-04-06T19:00,3.4,82,65.0,38,15.5
2026-04-06T20:00,3.1,83,2.0,42,16.9
2026-04-06T21:00,2.9,100,0.0,47,13.3
2026-04-06T22:00,2.6,100,0.0,48,15.1
2026-04-06T23:00,2.2,100,0.0,50,13.0
2026-04-07T00:00,2.0,100,0.0,53,14.4
2026-04-07T01:00,1.7,100,0.0,59,9.4
2026-04-07T02:00,1.0,100,0.0,57,13.3
2026-04-07T03:00,-0.0,99,0.0,61,14.0
2026-04-07T04:00,-0.3,100,0.0,64,13.7
2026-04-07T05:00,-0.8,100,0.0,68,13.3
2026-04-07T06:00,-1.0,0,0.0,71,13.0
2026-04-07T07:00,-0.8,0,49.0,69,11.9
2026-04-07T08:00,0.3,0,191.0,64,13.0
2026-04-07T09:00,1.6,78,342.0,55,13.0
2026-04-07T10:00,3.4,36,482.0,45,13.3
2026-04-07T11:00,4.5,100,579.0,40,14.0
2026-04-07T12:00,5.0,100,536.0,41,14.4
2026-04-07T13:00,6.1,100,556.0,38,13.0
2026-04-07T14:00,7.1,100,547.0,37,16.9
2026-04-07T15:00,8.0,100,534.0,37,16.6
2026-04-07T16:00,8.0,100,310.0,40,15.1
2026-04-07T17:00,7.8,100,212.0,46,18.0
2026-04-07T18:00,6.8,90,86.0,64,17.6
2026-04-07T19:00,6.3,61,68.0,65,14.0
2026-04-07T20:00,6.0,100,3.0,70,11.9
2026-04-07T21:00,6.0,94,0.0,71,13.3
2026-04-07T22:00,5.5,100,0.0,79,10.1
2026-04-07T23:00,4.3,100,0.0,89,13.0
2026-04-08T00:00,4.7,100,0.0,88,16.2
2026-04-08T01:00,4.1,56,0.0,84,16.9
2026-04-08T02:00,3.8,100,0.0,85,13.3
2026-04-08T03:00,3.6,100,0.0,80,12.2
2026-04-08T04:00,3.0,100,0.0,85,13.0
2026-04-08T05:00,2.9,100,0.0,87,13.7
2026-04-08T06:00,2.9,100,0.0,89,15.5
2026-04-08T07:00,3.0,17,36.0,83,15.5
2026-04-08T08:00,3.2,98,159.0,82,17.3
2026-04-08T09:00,4.1,10,302.0,77,15.1
2026-04-08T10:00,5.2,33,481.0,58,15.5
2026-04-08T11:00,5.7,3,484.0,53,17.3
2026-04-08T12:00,6.6,20,685.0,47,18.0
2026-04-08T13:00,7.4,37,706.0,44,17.6
2026-04-08T14:00,8.0,8,658.0,41,17.3
2026-04-08T15:00,8.7,85,609.0,37,18.0
2026-04-08T16:00,9.0,88,428.0,36,17.3
2026-04-08T17:00,8.9,1,313.0,34,17.6
2026-04-08T18:00,8.5,2,228.0,32,16.9
2026-04-08T19:00,7.4,19,85.0,35,15.8
2026-04-08T20:00,6.5,69,3.0,38,17.6
2026-04-08T21:00,5.9,99,0.0,42,16.2
2026-04-08T22:00,5.2,100,0.0,43,15.5
2026-04-08T23:00,4.3,100,0.0,47,14.4
2026-04-09T00:00,3.8,41,0.0,52,13.3
2026-04-09T01:00,2.9,88,0.0,55,12.6
2026-04-09T02:00,2.0,12,0.0,58,13.3
2026-04-09T03:00,1.5,0,0.0,63,11.9
2026-04-09T04:00,1.0,22,0.0,69,11.5
2026-04-09T05:00,0.6,2,0.0,74,12.2
2026-04-09T06:00,0.3,0,0.0,85,10.8
2026-04-09T07:00,1.0,18,56.0,84,8.6
2026-04-09T08:00,2.0,75,183.0,78,8.3
2026-04-09T09:00,3.4,16,331.0,67,7.6
2026-04-09T10:00,5.1,30,446.0,53,7.9
2026-04-09T11:00,6.1,96,500.0,53,5.8
2026-04-09T12:00,5.1,48,351.0,63,9.4
2026-04-09T13:00,7.7,63,700.0,52,13.0
2026-04-09T14:00,8.6,100,449.0,54,14.0
2026-04-09T15:00,9.0,100,381.0,55,17.6
2026-04-09T16:00,8.3,100,296.0,57,22.7
2026-04-09T17:00,7.2,100,82.0,68,20.2
2026-04-09T18:00,6.9,100,23.0,71,20.5
2026-04-09T19:00,6.7,100,14.0,76,16.6
2026-04-09T20:00,6.4,100,1.0,82,17.3
2026-04-09T21:00,6.4,100,0.0,86,20.5
2026-04-09T22:00,6.3,100,0.0,88,18.4
2026-04-09T23:00,6.3,100,0.0,88,18.0
2026-04-10T00:00,3.3,100,0.0,94,18.4
2026-04-10T01:00,2.5,100,0.0,81,23.0
2026-04-10T02:00,1.4,100,0.0,75,15.1
2026-04-10T03:00,1.5,0,0.0,72,20.9
2026-04-10T04:00,0.8,0,0.0,73,20.5
2026-04-10T05:00,0.3,0,0.0,74,18.0
2026-04-10T06:00,0.2,45,0.0,76,18.0
2026-04-10T07:00,0.5,0,61.0,70,18.4
2026-04-10T08:00,1.1,1,208.0,65,15.5
2026-04-10T09:00,2.1,21,364.0,62,17.6
2026-04-10T10:00,3.2,35,492.0,55,19.4
2026-04-10T11:00,4.1,21,617.0,53,19.1
2026-04-10T12:00,3.7,100,420.0,56,20.2
2026-04-10T13:00,4.3,95,400.0,57,18.4
2026-04-10T14:00,4.3,100,364.0,54,25.9
2026-04-10T15:00,3.8,100,252.0,60,19.4
2026-04-10T16:00,3.9,100,254.0,66,17.3
2026-04-10T17:00,3.7,100,150.0,76,19.8
2026-04-10T18:00,3.7,100,87.0,74,18.7
2026-04-10T19:00,3.7,100,32.0,70,15.1
2026-04-10T20:00,3.7,100,3.0,74,10.4
2026-04-10T21:00,3.7,99,0.0,76,10.8
2026-04-10T22:00,3.8,100,0.0,77,11.2
2026-04-10T23:00,3.6,100,0.0,84,5.4
2026-04-11T00:00,3.8,100,0.0,83,2.2
2026-04-11T01:00,3.8,100,0.0,83,8.6
2026-04-11T02:00,3.4,100,0.0,82,9.0
2026-04-11T03:00,3.0,100,0.0,84,11.5
2026-04-11T04:00,3.0,100,0.0,89,11.5
2026-04-11T05:00,3.3,100,0.0,89,10.8
2026-04-11T06:00,4.1,100,0.0,89,6.8
2026-04-11T07:00,5.3,100,1.0,90,14.8
2026-04-11T08:00,5.8,100,5.0,90,16.9
2026-04-11T09:00,6.1,100,16.0,89,18.0
2026-04-11T10:00,6.3,100,35.0,88,18.0
2026-04-11T11:00,6.6,100,48.0,87,16.9
2026-04-11T12:00,6.3,100,10.0,89,17.3
2026-04-11T13:00,6.3,100,17.0,90,18.0
2026-04-11T14:00,6.6,100,30.0,91,11.9
2026-04-11T15:00,7.2,100,75.0,89,16.6
2026-04-11T16:00,7.3,100,40.0,90,16.6
2026-04-11T17:00,7.6,100,30.0,89,17.3
2026-04-11T18:00,8.1,100,19.0,87,15.8
2026-04-11T19:00,8.1,100,9.0,88,14.0
2026-04-11T20:00,8.0,0,1.0,89,11.9
2026-04-11T21:00,7.7,100,0.0,91,10.1
2026-04-11T22:00,7.1,20,0.0,93,11.9
2026-04-11T23:00,7.2,10,0.0,93,16.2
2026-04-12T00:00,7.0,100,0.0,93,14.4
2026-04-12T01:00,6.7,99,0.0,93,13.0
2026-04-12T02:00,6.5,98,0.0,89,15.8
2026-04-12T03:00,5.4,5,0.0,83,10.8
2026-04-12T04:00,4.5,0,0.0,88,10.1
2026-04-12T05:00,3.5,16,0.0,90,7.9
2026-04-12T06:00,3.1,4,1.0,89,8.6
2026-04-12T07:00,4.0,3,66.0,79,7.9
2026-04-12T08:00,5.2,9,208.0,62,7.2
2026-04-12T09:00,6.7,97,359.0,57,4.7
2026-04-12T10:00,8.2,97,501.0,65,5.0
2026-04-12T11:00,9.9,95,610.0,66,2.5
2026-04-12T12:00,11.4,100,667.0,64,3.6
2026-04-12T13:00,12.7,99,667.0,61,6.8
2026-04-12T14:00,13.7,100,622.0,59,4.7
2026-04-12T15:00,14.5,100,497.0,55,6.8
2026-04-12T16:00,14.7,94,379.0,55,9.4
2026-04-12T17:00,14.8,99,344.0,54,11.5
2026-04-12T18:00,14.7,54,225.0,55,10.1
2026-04-12T19:00,13.6,100,92.0,61,9.0
2026-04-12T20:00,12.1,99,6.0,69,6.8
2026-04-12T21:00,11.4,98,0.0,73,10.1
2026-04-12T22:00,10.8,54,0.0,76,10.4
2026-04-12T23:00,9.9,53,0.0,79,9.0
2026-04-13T00:00,8.9,6,0.0,80,8.6
2026-04-13T01:00,8.2,11,0.0,82,8.3
2026-04-13T02:00,7.3,55,0.0,82,5.8
2026-04-13T03:00,6.5,6,0.0,82,9.0
2026-04-13T04:00,6.0,0,0.0,84,9.0
2026-04-13T05:00,5.4,0,0.0,86,8.3
2026-04-13T06:00,5.1,0,1.0,85,9.0
2026-04-13T07:00,5.9,4,69.0,80,9.0
2026-04-13T08:00,7.4,69,207.0,75,7.6
2026-04-13T09:00,9.5,95,361.0,71,8.3
2026-04-13T10:00,11.6,99,497.0,67,9.7
2026-04-13T11:00,14.0,95,596.0,62,11.9
2026-04-13T12:00,16.2,98,688.0,56,10.8
2026-04-13T13:00,17.9,6,715.0,52,11.2
2026-04-13T14:00,19.2,0,705.0,48,10.1
2026-04-13T15:00,20.0,0,638.0,45,13.3
2026-04-13T16:00,20.0,0,531.0,45,15.1
2026-04-13T17:00,19.8,100,372.0,47,14.4
2026-04-13T18:00,19.5,99,230.0,49,14.8
2026-04-13T19:00,18.2,100,91.0,56,12.6
2026-04-13T20:00,17.1,100,7.0,60,10.4
2026-04-13T21:00,16.6,100,0.0,64,13.0
2026-04-13T22:00,15.9,100,0.0,66,13.0
2026-04-13T23:00,15.7,100,0.0,68,13.7
2026-04-14T00:00,15.5,100,0.0,69,11.2
2026-04-14T01:00,15.0,100,0.0,71,9.4
2026-04-14T02:00,14.6,100,0.0,73,8.6
2026-04-14T03:00,14.3,100,0.0,73,8.3
2026-04-14T04:00,14.1,100,0.0,74,9.4
2026-04-14T05:00,14.1,100,0.0,73,8.6
2026-04-14T06:00,13.6,100,1.0,73,9.0
2026-04-14T07:00,14.0,100,35.0,72,9.4
2026-04-14T08:00,14.3,100,78.0,69,10.4
2026-04-14T09:00,15.1,100,130.0,66,9.4
2026-04-14T10:00,16.3,99,313.0,63,9.7
2026-04-14T11:00,18.2,0,553.0,59,10.4
2026-04-14T12:00,19.9,57,684.0,55,11.9
2026-04-14T13:00,21.3,0,714.0,51,10.4
2026-04-14T14:00,21.8,25,677.0,48,6.8
2026-04-14T15:00,22.8,98,607.0,42,6.5
2026-04-14T16:00,22.8,99,355.0,41,6.1
2026-04-14T17:00,22.7,50,189.0,42,6.8
2026-04-14T18:00,22.5,100,204.0,44,6.1
2026-04-14T19:00,19.9,70,21.0,57,8.3
2026-04-14T20:00,18.2,0,8.0,68,8.3
2026-04-14T21:00,17.7,2,0.0,68,8.3
2026-04-14T22:00,17.1,63,0.0,72,12.2
2026-04-14T23:00,17.0,100,0.0,68,14.8
2026-04-15T00:00,16.6,74,0.0,70,13.7
2026-04-15T01:00,15.1,44,0.0,76,13.0
2026-04-15T02:00,14.0,0,0.0,78,14.0
2026-04-15T03:00,13.2,0,0.0,78,13.3
2026-04-15T04:00,12.4,2,0.0,83,13.7
2026-04-15T05:00,11.6,96,0.0,86,18.0
2026-04-15T06:00,11.2,81,3.0,87,13.7
2026-04-15T07:00,11.8,57,75.0,85,14.8
2026-04-15T08:00,12.7,87,209.0,81,14.8
2026-04-15T09:00,14.1,100,338.0,76,14.8
2026-04-15T10:00,15.6,100,400.0,70,14.8
2026-04-15T11:00,16.9,100,483.0,65,13.0
2026-04-15T12:00,17.7,100,435.0,62,15.8
2026-04-15T13:00,18.3,100,370.0,60,19.1
2026-04-15T14:00,18.9,100,309.0,58,20.9
2026-04-15T15:00,18.4,100,244.0,58,24.1
2026-04-15T16:00,17.3,100,98.0,63,21.2
2026-04-15T17:00,16.3,100,79.0,69,20.5
2026-04-15T18:00,15.5,100,29.0,76,18.0
2026-04-15T19:00,14.6,100,13.0,83,18.0
2026-04-15T20:00,14.1,100,1.0,90,18.7
2026-04-15T21:00,13.8,100,0.0,91,18.4
2026-04-15T22:00,13.4,100,0.0,91,19.4
2026-04-15T23:00,13.2,100,0.0,90,19.1
2026-04-16T00:00,13.0,100,0.0,90,18.7
2026-04-16T01:00,12.6,100,0.0,91,18.4
2026-04-16T02:00,12.6,100,0.0,91,18.0
2026-04-16T03:00,12.4,100,0.0,93,16.6
2026-04-16T04:00,12.4,100,0.0,93,16.6
2026-04-16T05:00,12.6,100,0.0,92,18.4
2026-04-16T06:00,12.7,100,0.0,93,15.8
2026-04-16T07:00,12.9,100,4.0,92,16.6
2026-04-16T08:00,13.1,100,33.0,92,17.6
2026-04-16T09:00,13.4,100,34.0,93,15.5
2026-04-16T10:00,13.9,100,75.0,92,14.0
2026-04-16T11:00,15.8,100,345.0,88,15.5
2026-04-16T12:00,17.0,100,367.0,84,11.9
2026-04-16T13:00,18.1,100,248.0,81,10.4
2026-04-16T14:00,19.4,100,320.0,76,11.5
2026-04-16T15:00,20.7,98,518.0,72,12.6
2026-04-16T16:00,21.7,79,466.0,69,10.4
2026-04-16T17:00,22.6,3,348.0,66,10.4
2026-04-16T18:00,22.4,0,241.0,69,12.2
2026-04-16T19:00,21.3,54,101.0,74,11.2
2026-04-16T20:00,20.2,0,8.0,79,12.6
2026-04-16T21:00,19.3,7,0.0,83,11.9
2026-04-16T22:00,18.7,37,0.0,85,11.9
2026-04-16T23:00,18.1,0,0.0,87,10.4
2026-04-17T00:00,17.4,2,0.0,89,9.7
2026-04-17T01:00,17.1,0,0.0,89,9.4
2026-04-17T02:00,15.8,54,0.0,92,7.6
2026-04-17T03:00,15.1,43,0.0,93,8.3
2026-04-17T04:00,15.0,82,0.0,93,9.4
2026-04-17T05:00,14.5,37,0.0,93,10.8
2026-04-17T06:00,14.2,67,4.0,92,9.4
2026-04-17T07:00,14.8,91,77.0,89,9.7
2026-04-17T08:00,16.0,100,191.0,84,6.5
2026-04-17T09:00,17.7,70,301.0,78,9.0
2026-04-17T10:00,20.0,73,482.0,71,8.6
2026-04-17T11:00,22.3,51,616.0,64,9.7
2026-04-17T12:00,23.6,100,691.0,61,13.0
2026-04-17T13:00,24.6,12,694.0,55,13.7
2026-04-17T14:00,26.1,11,702.0,49,13.0
2026-04-17T15:00,27.0,94,635.0,43,15.5
2026-04-17T16:00,27.3,72,521.0,39,15.5
2026-04-17T17:00,27.2,100,396.0,35,15.5
2026-04-17T18:00,26.3,100,221.0,44,15.8
2026-04-17T19:00,24.9,100,78.0,51,13.0
2026-04-17T20:00,23.4,100,9.0,56,11.9
2026-04-17T21:00,22.4,100,0.0,60,11.5
2026-04-17T22:00,21.3,100,0.0,63,11.2
2026-04-17T23:00,20.2,100,0.0,66,11.9
2026-04-18T00:00,19.5,100,0.0,70,10.8
2026-04-18T01:00,18.9,100,0.0,72,10.1
2026-04-18T02:00,18.6,100,0.0,71,11.9
2026-04-18T03:00,17.6,99,0.0,72,9.7
2026-04-18T04:00,17.4,100,0.0,74,8.6
2026-04-18T05:00,17.3,100,0.0,74,10.8
2026-04-18T06:00,17.2,99,2.0,77,10.1
2026-04-18T07:00,17.5,100,43.0,76,10.8
2026-04-18T08:00,19.1,94,132.0,71,2.9
2026-04-18T09:00,20.1,3,219.0,68,10.4
2026-04-18T10:00,21.1,0,507.0,65,9.0
2026-04-18T11:00,23.1,29,619.0,59,5.8
2026-04-18T12:00,24.7,95,689.0,53,4.3
2026-04-18T13:00,26.1,99,710.0,49,6.5
2026-04-18T14:00,26.9,100,690.0,45,11.2
2026-04-18T15:00,27.1,100,573.0,44,10.4
2026-04-18T16:00,26.6,100,352.0,48,7.6
2026-04-18T17:00,25.8,100,152.0,52,8.3
2026-04-18T18:00,24.7,100,78.0,58,10.8
2026-04-18T19:00,21.0,36,14.0,75,7.9
2026-04-18T20:00,20.5,15,12.0,83,6.1
2026-04-18T21:00,20.7,100,0.0,74,7.2
2026-04-18T22:00,18.0,100,0.0,88,13.7
2026-04-18T23:00,17.6,99,0.0,87,6.1
2026-04-19T00:00,17.4,0,0.0,88,9.7
2026-04-19T01:00,17.1,1,0.0,86,12.2
2026-04-19T02:00,16.7,100,0.0,83,11.9
2026-04-19T03:00,16.2,26,0.0,72,14.0
2026-04-19T04:00,15.3,37,0.0,69,13.7
2026-04-19T05:00,14.1,14,0.0,71,14.4
2026-04-19T06:00,13.6,0,6.0,75,10.8
2026-04-19T07:00,13.8,6,90.0,76,9.4
2026-04-19T08:00,13.9,100,100.0,78,10.8
2026-04-19T09:00,14.4,100,190.0,76,10.1
2026-04-19T10:00,15.1,94,231.0,74,8.3
2026-04-19T11:00,16.6,10,523.0,67,8.6
2026-04-19T12:00,17.8,63,661.0,59,9.7
2026-04-19T13:00,18.6,21,654.0,54,11.5
2026-04-19T14:00,18.9,27,627.0,51,10.8
2026-04-19T15:00,19.5,100,584.0,49,11.5
2026-04-19T16:00,19.7,28,448.0,48,11.2
2026-04-19T17:00,19.5,28,358.0,47,9.7
2026-04-19T18:00,19.3,0,259.0,47,9.4
2026-04-19T19:00,18.5,0,117.0,49,7.9
2026-04-19T20:00,17.6,0,14.0,51,6.1
2026-04-19T21:00,16.9,0,0.0,54,2.9
2026-04-19T22:00,16.3,0,0.0,57,1.8
2026-04-19T23:00,15.0,0,0.0,64,2.5
2026-04-20T00:00,14.4,0,0.0,70,5.0
2026-04-20T01:00,13.6,0,0.0,78,6.8
2026-04-20T02:00,12.7,2,0.0,81,6.1
2026-04-20T03:00,12.5,24,0.0,81,9.7
2026-04-20T04:00,13.2,100,0.0,76,7.6
2026-04-20T05:00,13.3,73,0.0,75,6.1
2026-04-20T06:00,12.4,2,6.0,81,6.8
2026-04-20T07:00,14.0,29,95.0,76,5.0
2026-04-20T08:00,15.3,80,215.0,75,7.6
2026-04-20T09:00,16.6,72,265.0,71,6.8
2026-04-20T10:00,18.9,63,483.0,58,7.9
2026-04-20T11:00,20.4,100,638.0,47,10.8
2026-04-20T12:00,20.9,47,673.0,48,11.5
2026-04-20T13:00,21.5,97,682.0,45,12.2
2026-04-20T14:00,22.1,100,621.0,42,10.4
2026-04-20T15:00,22.3,100,498.0,40,11.2
2026-04-20T16:00,22.3,100,399.0,41,11.2
2026-04-20T17:00,22.3,89,303.0,41,10.4
2026-04-20T18:00,22.1,0,247.0,42,10.4
2026-04-20T19:00,20.9,0,120.0,49,12.2
2026-04-20T20:00,19.2,0,16.0,59,5.8
2026-04-20T21:00,18.4,29,0.0,63,6.8
2026-04-20T22:00,17.7,51,0.0,68,7.2
2026-04-20T23:00,16.5,93,0.0,72,9.7
2026-04-21T00:00,15.5,0,0.0,75,9.4
2026-04-21T01:00,15.0,0,0.0,72,9.4
2026-04-21T02:00,13.9,0,0.0,74,6.5
2026-04-21T03:00,13.6,59,0.0,73,7.2
2026-04-21T04:00,12.8,0,0.0,76,6.8
2026-04-21T05:00,12.1,0,0.0,79,7.6
2026-04-21T06:00,11.9,66,9.0,79,7.2
2026-04-21T07:00,12.9,63,101.0,75,6.5
2026-04-21T08:00,14.7,100,240.0,69,5.8
2026-04-21T09:00,16.4,100,326.0,63,6.1
2026-04-21T10:00,17.3,100,336.0,61,6.8
2026-04-21T11:00,19.7,78,437.0,55,3.6
2026-04-21T12:00,22.0,98,697.0,45,0.7
2026-04-21T13:00,23.6,81,744.0,40,2.5
2026-04-21T14:00,24.5,50,721.0,37,5.4
2026-04-21T15:00,24.8,99,595.0,34,5.0
2026-04-21T16:00,24.8,100,468.0,33,2.5
2026-04-21T17:00,24.3,100,242.0,36,2.5
2026-04-21T18:00,23.9,100,124.0,37,9.4
2026-04-21T19:00,22.8,100,56.0,47,10.1
2026-04-21T20:00,21.9,100,14.0,50,11.2
2026-04-21T21:00,20.9,100,0.0,55,6.5
2026-04-21T22:00,20.3,100,0.0,60,7.6
2026-04-21T23:00,19.5,100,0.0,59,5.4
2026-04-22T00:00,19.9,100,0.0,54,1.4
2026-04-22T01:00,18.8,95,0.0,59,4.0
2026-04-22T02:00,17.0,100,0.0,66,4.7
2026-04-22T03:00,16.2,100,0.0,68,6.5
2026-04-22T04:00,15.2,100,0.0,72,7.9
2026-04-22T05:00,14.1,100,0.0,77,9.4
2026-04-22T06:00,13.7,99,10.0,78,6.8
2026-04-22T07:00,15.2,82,100.0,72,6.8
2026-04-22T08:00,16.3,96,242.0,69,6.8
2026-04-22T09:00,18.3,99,331.0,62,6.8
2026-04-22T10:00,19.1,98,503.0,63,9.0
2026-04-22T11:00,20.1,51,613.0,59,9.0
2026-04-22T12:00,20.9,82,718.0,56,13.7
2026-04-22T13:00,21.0,92,738.0,55,14.0
2026-04-22T14:00,19.2,100,535.0,61,13.3
2026-04-22T15:00,19.0,100,150.0,64,9.4
2026-04-22T16:00,21.1,92,318.0,55,13.0
2026-04-22T17:00,21.1,80,415.0,54,14.0
2026-04-22T18:00,20.4,100,260.0,55,12.6
2026-04-22T19:00,19.5,24,106.0,58,14.8
2026-04-22T20:00,18.3,0,17.0,63,13.3
2026-04-22T21:00,17.5,1,0.0,66,10.8
2026-04-22T22:00,16.7,92,0.0,69,10.8
2026-04-22T23:00,15.3,40,0.0,75,9.4
2026-04-23T00:00,14.4,2,0.0,78,9.7
2026-04-23T01:00,13.9,73,0.0,80,8.6
2026-04-23T02:00,12.9,0,0.0,82,9.4
2026-04-23T03:00,12.8,0,0.0,80,7.2
2026-04-23T04:00,12.1,0,0.0,83,8.6
2026-04-23T05:00,11.1,0,0.0,86,8.3
2026-04-23T06:00,10.9,0,12.0,87,6.5
2026-04-23T07:00,11.8,0,111.0,83,6.1
2026-04-23T08:00,13.2,0,256.0,77,8.3
2026-04-23T09:00,14.7,0,412.0,70,2.9
2026-04-23T10:00,16.3,87,549.0,62,3.6
2026-04-23T11:00,17.8,93,655.0,56,3.6
2026-04-23T12:00,18.5,63,725.0,52,2.5
2026-04-23T13:00,19.7,15,756.0,46,2.2
2026-04-23T14:00,20.7,19,738.0,42,1.8
2026-04-23T15:00,21.4,100,570.0,41,4.7
2026-04-23T16:00,21.6,76,346.0,41,5.0
2026-04-23T17:00,21.5,13,362.0,41,7.2
2026-04-23T18:00,20.8,45,235.0,43,7.6
2026-04-23T19:00,20.1,100,95.0,46,9.0
2026-04-23T20:00,19.5,98,6.0,47,7.2
2026-04-23T21:00,19.3,94,0.0,50,11.2
2026-04-23T22:00,18.0,100,0.0,54,8.6
2026-04-23T23:00,16.8,91,0.0,56,6.5
2026-04-24T00:00,16.0,18,0.0,60,6.5
2026-04-24T01:00,15.3,14,0.0,64,4.3
2026-04-24T02:00,14.6,93,0.0,65,7.2
2026-04-24T03:00,14.1,100,0.0,67,6.5
2026-04-24T04:00,14.3,99,0.0,66,6.5
2026-04-24T05:00,13.6,99,0.0,69,6.5
2026-04-24T06:00,13.4,86,6.0,69,5.8
2026-04-24T07:00,14.2,80,97.0,67,5.4
2026-04-24T08:00,15.7,19,219.0,62,4.0
2026-04-24T09:00,16.1,100,335.0,61,7.6
2026-04-24T10:00,17.6,100,413.0,56,6.8
2026-04-24T11:00,18.6,95,458.0,54,9.7
2026-04-24T12:00,19.5,99,623.0,53,10.1
2026-04-24T13:00,20.7,95,687.0,48,9.7
2026-04-24T14:00,21.5,94,652.0,43,8.6
2026-04-24T15:00,21.9,99,646.0,40,12.2
2026-04-24T16:00,21.6,96,548.0,42,13.3
2026-04-24T17:00,21.3,78,405.0,40,12.6
2026-04-24T18:00,20.4,100,259.0,47,13.7
2026-04-24T19:00,19.1,100,105.0,52,14.8
2026-04-24T20:00,18.2,100,17.0,59,12.6
2026-04-24T21:00,18.1,89,0.0,61,12.2
2026-04-24T22:00,17.5,98,0.0,61,16.2
2026-04-24T23:00,16.5,100,0.0,65,16.9
2026-04-25T00:00,15.4,100,0.0,70,18.4
2026-04-25T01:00,14.0,100,0.0,79,18.4
2026-04-25T02:00,13.1,100,0.0,79,13.0
2026-04-25T03:00,12.0,100,0.0,87,18.4
2026-04-25T04:00,11.6,100,0.0,89,14.8
2026-04-25T05:00,11.3,100,0.0,90,16.6
2026-04-25T06:00,11.2,100,1.0,89,18.0
2026-04-25T07:00,10.9,100,11.0,87,17.3
2026-04-25T08:00,10.3,100,28.0,82,18.4
2026-04-25T09:00,11.1,100,228.0,74,18.7
2026-04-25T10:00,11.7,100,393.0,69,17.6
2026-04-25T11:00,12.7,100,548.0,60,17.3
2026-04-25T12:00,13.4,100,445.0,53,16.2
2026-04-25T13:00,14.5,100,705.0,45,16.2
2026-04-25T14:00,15.4,100,700.0,42,11.2
2026-04-25T15:00,15.6,100,528.0,44,13.3
2026-04-25T16:00,16.2,100,447.0,39,13.3
2026-04-25T17:00,16.1,100,338.0,36,14.8
2026-04-25T18:00,15.9,100,257.0,36,14.8
2026-04-25T19:00,14.7,99,134.0,41,18.4
2026-04-25T20:00,13.2,100,25.0,45,11.5
2026-04-25T21:00,12.5,96,0.0,46,15.1
2026-04-25T22:00,11.5,69,0.0,48,14.4
2026-04-25T23:00,10.3,100,0.0,51,18.0
2026-04-26T00:00,8.9,60,0.0,58,16.9
2026-04-26T01:00,7.8,0,0.0,60,15.5
2026-04-26T02:00,6.9,0,0.0,60,14.0
2026-04-26T03:00,6.2,0,0.0,57,14.0
2026-04-26T04:00,5.3,0,0.0,61,12.6
2026-04-26T05:00,4.4,0,0.0,66,11.5
2026-04-26T06:00,4.0,0,18.0,68,11.2
2026-04-26T07:00,4.6,0,129.0,67,11.2
2026-04-26T08:00,5.8,0,283.0,58,10.4
2026-04-26T09:00,7.2,0,446.0,48,11.9
2026-04-26T10:00,8.6,0,593.0,42,12.2
2026-04-26T11:00,10.0,39,712.0,39,9.7
2026-04-26T12:00,11.0,79,784.0,34,10.8
2026-04-26T13:00,11.7,100,809.0,30,10.4
2026-04-26T14:00,12.4,92,777.0,29,11.5
2026-04-26T15:00,12.7,77,712.0,32,10.1
2026-04-26T16:00,12.9,54,612.0,29,11.2
2026-04-26T17:00,12.9,82,471.0,26,13.7
2026-04-26T18:00,12.5,99,302.0,24,13.7
2026-04-26T19:00,11.8,90,146.0,25,13.7
2026-04-26T20:00,10.9,81,28.0,29,11.9
2026-04-26T21:00,10.3,89,0.0,33,10.8
2026-04-26T22:00,9.6,77,0.0,34,10.4
2026-04-26T23:00,8.4,14,0.0,36,13.3
2026-04-27T00:00,7.4,0,0.0,41,11.9
2026-04-27T01:00,6.5,0,0.0,47,11.9
2026-04-27T02:00,5.6,0,0.0,53,11.2
2026-04-27T03:00,4.9,2,0.0,54,10.1
2026-04-27T04:00,4.6,10,0.0,51,9.7
2026-04-27T05:00,4.0,57,0.0,51,9.4
2026-04-27T06:00,3.9,83,20.0,57,9.4
2026-04-27T07:00,4.8,93,132.0,61,7.9
2026-04-27T08:00,6.0,99,282.0,59,7.9
2026-04-27T09:00,7.5,99,441.0,48,5.8
2026-04-27T10:00,8.9,79,584.0,41,6.1
2026-04-27T11:00,10.0,20,711.0,37,6.8
2026-04-27T12:00,11.1,41,780.0,32,6.1
2026-04-27T13:00,12.2,19,813.0,30,4.3
2026-04-27T14:00,12.9,48,790.0,28,4.0
2026-04-27T15:00,13.1,99,717.0,22,6.1
2026-04-27T16:00,13.5,77,609.0,21,6.5
2026-04-27T17:00,13.6,77,474.0,22,5.4
2026-04-27T18:00,13.4,76,307.0,22,6.1
2026-04-27T19:00,12.7,57,151.0,26,6.5
2026-04-27T20:00,11.8,91,30.0,30,4.7
2026-04-27T21:00,11.6,100,0.0,32,4.7
2026-04-27T22:00,10.8,99,0.0,37,4.7
2026-04-27T23:00,9.9,44,0.0,39,3.6
2026-04-28T00:00,9.1,1,0.0,43,4.0
2026-04-28T01:00,8.5,30,0.0,47,4.0
2026-04-28T02:00,6.9,45,0.0,57,8.3
2026-04-28T03:00,6.4,43,0.0,59,7.6
2026-04-28T04:00,6.2,44,0.0,58,7.2
2026-04-28T05:00,5.4,88,0.0,60,7.9
2026-04-28T06:00,5.3,100,21.0,64,6.5
2026-04-28T07:00,6.9,99,128.0,57,5.8
2026-04-28T08:00,9.5,100,279.0,46,2.9
2026-04-28T09:00,11.6,71,436.0,41,5.0
2026-04-28T10:00,13.4,97,590.0,37,5.4
2026-04-28T11:00,14.5,100,699.0,35,7.6
2026-04-28T12:00,15.6,100,762.0,33,6.8
2026-04-28T13:00,16.4,100,753.0,32,5.8
2026-04-28T14:00,17.3,100,651.0,30,4.0
2026-04-28T15:00,18.4,99,674.0,27,3.6
2026-04-28T16:00,18.8,53,595.0,26,5.8
2026-04-28T17:00,18.7,3,416.0,27,6.5
2026-04-28T18:00,18.4,4,306.0,28,7.2
2026-04-28T19:00,17.5,78,150.0,32,7.2
2026-04-28T20:00,16.1,0,31.0,35,4.3
2026-04-28T21:00,15.0,0,0.0,38,4.0
2026-04-28T22:00,14.1,89,0.0,41,4.3
2026-04-28T23:00,12.9,5,0.0,45,6.1
2026-04-29T00:00,12.2,57,0.0,47,5.4
2026-04-29T01:00,11.9,87,0.0,51,7.6
2026-04-29T02:00,11.4,48,0.0,48,9.0
2026-04-29T03:00,11.5,2,0.0,45,9.7
2026-04-29T04:00,11.6,22,0.0,44,11.5
2026-04-29T05:00,10.1,50,0.0,52,13.3
2026-04-29T06:00,10.3,97,23.0,55,14.8
2026-04-29T07:00,11.6,100,131.0,50,14.4
2026-04-29T08:00,12.9,100,262.0,49,13.7
2026-04-29T09:00,14.1,100,343.0,48,13.0
2026-04-29T10:00,16.0,100,504.0,45,13.7
2026-04-29T11:00,17.4,100,600.0,43,14.8
2026-04-29T12:00,17.5,100,396.0,44,15.8
2026-04-29T13:00,17.0,100,113.0,47,14.4
2026-04-29T14:00,18.4,100,317.0,40,18.7
2026-04-29T15:00,19.0,100,460.0,37,16.9
2026-04-29T16:00,19.4,100,481.0,40,17.6
2026-04-29T17:00,19.8,100,419.0,43,15.1
2026-04-29T18:00,19.3,100,98.0,48,13.3
2026-04-29T19:00,18.8,100,21.0,52,10.8
2026-04-29T20:00,18.2,100,15.0,58,9.4
2026-04-29T21:00,18.0,100,0.0,59,9.7
2026-04-29T22:00,16.6,100,0.0,56,17.3
2026-04-29T23:00,15.3,100,0.0,53,11.9
2026-04-30T00:00,15.0,100,0.0,58,11.2
2026-04-30T01:00,13.6,100,0.0,61,10.1
2026-04-30T02:00,12.1,100,0.0,66,9.4
2026-04-30T03:00,11.7,100,0.0,67,7.6
2026-04-30T04:00,11.0,100,0.0,70,7.9
2026-04-30T05:00,9.9,100,0.0,75,7.9
2026-04-30T06:00,9.7,99,24.0,78,6.1
2026-04-30T07:00,10.8,87,119.0,78,4.3
2026-04-30T08:00,12.2,90,281.0,72,1.4
2026-04-30T09:00,14.0,95,436.0,63,2.9
2026-04-30T10:00,15.7,98,566.0,56,7.2
2026-04-30T11:00,16.7,78,686.0,49,9.0
2026-04-30T12:00,18.3,84,770.0,43,11.2
2026-04-30T13:00,19.2,100,776.0,39,11.5
2026-04-30T14:00,19.9,92,734.0,37,11.9
2026-04-30T15:00,20.7,93,704.0,33,13.7
2026-04-30T16:00,20.8,100,580.0,30,14.4
2026-04-30T17:00,20.6,100,400.0,34,13.3
2026-04-30T18:00,20.3,99,219.0,38,13.7
2026-04-30T19:00,19.8,100,107.0,41,13.7
2026-04-30T20:00,19.2,60,25.0,44,12.6
2026-04-30T21:00,19.2,100,0.0,46,16.2
2026-04-30T22:00,18.5,98,0.0,50,16.2
2026-04-30T23:00,17.5,100,0.0,56,18.0
2026-05-01T00:00,16.6,98,0.0,60,15.1
2026-05-01T01:00,15.7,38,0.0,60,10.4
2026-05-01T02:00,14.4,0,0.0,65,9.4
2026-05-01T03:00,13.6,0,0.0,70,10.4
2026-05-01T04:00,13.1,1,0.0,71,12.6
2026-05-01T05:00,11.9,1,0.0,75,13.3
2026-05-01T06:00,11.3,0,27.0,78,10.1
2026-05-01T07:00,12.3,2,141.0,74,8.6
2026-05-01T08:00,12.9,5,291.0,67,10.4
2026-05-01T09:00,14.2,91,440.0,50,8.6
2026-05-01T10:00,15.5,0,582.0,39,7.9
2026-05-01T11:00,16.5,0,705.0,38,6.5
2026-05-01T12:00,17.6,1,772.0,34,7.6
2026-05-01T13:00,18.2,0,810.0,31,7.6
2026-05-01T14:00,18.9,0,790.0,29,6.8
2026-05-01T15:00,19.5,0,724.0,25,10.4
2026-05-01T16:00,19.5,87,610.0,25,10.1
2026-05-01T17:00,19.3,20,469.0,26,8.3
2026-05-01T18:00,18.9,0,316.0,28,8.6
2026-05-01T19:00,18.1,0,161.0,30,8.6
2026-05-01T20:00,17.2,38,38.0,30,6.5
2026-05-01T21:00,16.9,31,0.0,31,4.7
2026-05-01T22:00,16.4,75,0.0,33,2.9
2026-05-01T23:00,14.8,8,0.0,38,5.0
2026-05-02T00:00,14.1,0,0.0,41,7.2
2026-05-02T01:00,13.5,56,0.0,44,7.9
2026-05-02T02:00,12.3,26,0.0,49,8.3
2026-05-02T03:00,10.3,98,0.0,61,7.6
2026-05-02T04:00,9.7,76,0.0,64,7.9
2026-05-02T05:00,8.8,0,0.0,66,8.6
2026-05-02T06:00,8.8,94,30.0,66,9.4
2026-05-02T07:00,10.6,100,130.0,59,7.6
2026-05-02T08:00,12.3,100,204.0,52,5.8
2026-05-02T09:00,14.4,98,371.0,47,8.3
2026-05-02T10:00,17.4,100,528.0,40,10.4
2026-05-02T11:00,19.3,99,595.0,41,11.5
2026-05-02T12:00,20.6,100,697.0,41,13.0
2026-05-02T13:00,21.8,71,748.0,38,14.4
2026-05-02T14:00,22.6,100,755.0,33,13.0
2026-05-02T15:00,23.2,100,633.0,32,13.0
2026-05-02T16:00,23.5,100,510.0,35,12.6
2026-05-02T17:00,23.8,100,345.0,37,12.6
2026-05-02T18:00,24.2,20,268.0,38,11.2
2026-05-02T19:00,23.3,100,131.0,43,13.7
2026-05-02T20:00,19.8,100,19.0,65,13.3
2026-05-02T21:00,18.8,100,0.0,68,8.6
2026-05-02T22:00,18.0,100,0.0,71,2.9
2026-05-02T23:00,17.5,100,0.0,71,5.4
2026-05-03T00:00,17.3,100,0.0,75,5.0
2026-05-03T01:00,17.0,85,0.0,77,9.7
2026-05-03T02:00,16.2,99,0.0,81,8.3
2026-05-03T03:00,15.2,100,0.0,87,15.5
2026-05-03T04:00,16.3,100,0.0,78,6.5
2026-05-03T05:00,15.7,55,0.0,80,12.2
2026-05-03T06:00,15.2,100,7.0,83,7.2
2026-05-03T07:00,15.6,97,51.0,82,7.9
2026-05-03T08:00,16.4,100,194.0,77,11.5
2026-05-03T09:00,16.5,97,195.0,78,9.7
2026-05-03T10:00,17.2,98,346.0,75,6.5
2026-05-03T11:00,17.6,100,292.0,74,5.4
2026-05-03T12:00,17.4,100,124.0,77,8.6
2026-05-03T13:00,18.6,100,332.0,72,7.2
2026-05-03T14:00,20.5,100,508.0,64,10.4
2026-05-03T15:00,21.6,100,384.0,58,13.0
2026-05-03T16:00,21.4,30,312.0,59,14.4
2026-05-03T17:00,21.3,41,455.0,61,15.1
2026-05-03T18:00,21.0,93,265.0,61,12.2
2026-05-03T19:00,20.3,0,149.0,63,9.4
2026-05-03T20:00,19.6,59,41.0,67,6.5
2026-05-03T21:00,19.2,100,0.0,69,5.8
2026-05-03T22:00,18.8,100,0.0,65,5.4
2026-05-03T23:00,18.5,100,0.0,59,7.9
2026-05-04T00:00,17.1,100,0.0,69,6.1
2026-05-04T01:00,16.3,100,0.0,82,3.6
2026-05-04T02:00,15.7,100,0.0,85,6.1
2026-05-04T03:00,15.8,100,0.0,89,6.1
2026-05-04T04:00,16.2,100,0.0,93,9.7
2026-05-04T05:00,15.8,100,0.0,92,11.9
2026-05-04T06:00,15.6,100,4.0,91,12.6
2026-05-04T07:00,16.1,100,27.0,87,22.0
2026-05-04T08:00,15.4,100,35.0,86,23.4
2026-05-04T09:00,15.0,100,63.0,83,22.3
2026-05-04T10:00,14.0,100,104.0,79,23.4
2026-05-04T11:00,14.1,100,227.0,75,20.2
2026-05-04T12:00,13.4,100,230.0,78,23.0
2026-05-04T13:00,14.5,100,537.0,68,24.5
2026-05-04T14:00,15.4,0,691.0,51,23.0
2026-05-04T15:00,15.1,1,713.0,46,21.6
2026-05-04T16:00,15.1,0,553.0,50,20.9
2026-05-04T17:00,14.3,0,392.0,55,24.5
2026-05-04T18:00,14.1,2,321.0,55,19.4
2026-05-04T19:00,13.4,18,170.0,59,18.7
2026-05-04T20:00,12.6,0,44.0,62,14.0
2026-05-04T21:00,12.3,46,0.0,65,16.2
2026-05-04T22:00,11.4,0,0.0,69,14.8
2026-05-04T23:00,11.0,100,0.0,69,15.5
2026-05-05T00:00,10.5,99,0.0,70,13.0
2026-05-05T01:00,9.6,70,0.0,70,16.6
2026-05-05T02:00,7.8,24,0.0,70,16.6
2026-05-05T03:00,8.1,100,0.0,71,15.5
2026-05-05T04:00,8.0,100,0.0,73,14.0
2026-05-05T05:00,7.9,100,0.0,71,13.3
2026-05-05T06:00,8.0,100,6.0,70,13.3
2026-05-05T07:00,7.7,100,53.0,74,15.8
2026-05-05T08:00,7.5,100,62.0,69,17.3
2026-05-05T09:00,8.3,100,160.0,63,14.0
2026-05-05T10:00,8.0,100,212.0,65,15.8
2026-05-05T11:00,9.3,100,535.0,56,12.2
2026-05-05T12:00,9.4,100,211.0,56,11.9
2026-05-05T13:00,11.3,100,546.0,49,8.3
2026-05-05T14:00,11.0,100,231.0,47,8.6
2026-05-05T15:00,10.4,100,148.0,48,10.4
2026-05-05T16:00,11.0,74,253.0,47,6.5
2026-05-05T17:00,11.8,100,451.0,42,6.8
2026-05-05T18:00,11.7,25,175.0,41,9.4
2026-05-05T19:00,11.4,0,175.0,39,7.6
2026-05-05T20:00,10.6,100,49.0,36,9.7
2026-05-05T21:00,9.9,100,0.0,41,8.6
2026-05-05T22:00,9.2,100,0.0,44,7.6
2026-05-05T23:00,8.3,100,0.0,42,5.8
2026-05-06T00:00,7.5,100,0.0,45,8.3
2026-05-06T01:00,6.9,100,0.0,47,10.4
2026-05-06T02:00,6.5,100,0.0,49,10.8
2026-05-06T03:00,6.0,90,0.0,53,10.8
2026-05-06T04:00,5.6,98,0.0,55,8.6
2026-05-06T05:00,5.1,86,0.0,58,7.2
2026-05-06T06:00,5.1,94,37.0,59,5.8
2026-05-06T07:00,6.2,100,127.0,53,5.4
2026-05-06T08:00,7.5,100,221.0,47,4.0
2026-05-06T09:00,9.2,100,351.0,41,4.0
2026-05-06T10:00,11.0,36,584.0,36,5.0
2026-05-06T11:00,12.2,1,734.0,33,3.6
2026-05-06T12:00,13.0,23,807.0,31,2.2
2026-05-06T13:00,13.7,75,833.0,29,1.4
2026-05-06T14:00,14.5,91,794.0,28,2.2
2026-05-06T15:00,15.2,99,681.0,26,4.3
2026-05-06T16:00,15.4,46,604.0,28,8.3
2026-05-06T17:00,15.2,84,489.0,29,11.5
2026-05-06T18:00,14.8,1,332.0,31,11.2
2026-05-06T19:00,14.2,4,181.0,32,10.1
2026-05-06T20:00,13.3,25,51.0,29,13.3
2026-05-06T21:00,12.8,100,0.0,31,7.6
2026-05-06T22:00,12.0,83,0.0,38,8.3
2026-05-06T23:00,11.2,1,0.0,41,8.3
2026-05-07T00:00,10.6,0,0.0,47,9.0
2026-05-07T01:00,8.4,0,0.0,63,13.7
2026-05-07T02:00,7.4,0,0.0,71,13.0
2026-05-07T03:00,6.8,0,0.0,76,11.9
2026-05-07T04:00,6.2,5,0.0,80,12.2
2026-05-07T05:00,5.8,81,0.0,82,12.6
2026-05-07T06:00,5.6,41,32.0,80,13.7
2026-05-07T07:00,5.9,14,157.0,75,13.7
2026-05-07T08:00,6.6,0,325.0,66,13.0
2026-05-07T09:00,7.6,6,488.0,62,13.3
2026-05-07T10:00,9.0,73,637.0,51,12.6
2026-05-07T11:00,10.8,100,738.0,38,14.8
2026-05-07T12:00,12.1,51,791.0,35,14.0
2026-05-07T13:00,13.1,93,821.0,32,13.0
2026-05-07T14:00,13.5,87,728.0,28,12.6
2026-05-07T15:00,13.6,97,713.0,29,14.4
2026-05-07T16:00,13.6,100,613.0,29,12.6
2026-05-07T17:00,13.0,100,416.0,33,15.5
2026-05-07T18:00,12.2,100,201.0,37,15.5
2026-05-07T19:00,11.4,100,113.0,39,15.5
2026-05-07T20:00,10.7,97,41.0,40,13.7
2026-05-07T21:00,9.9,99,0.0,43,12.2
2026-05-07T22:00,8.9,87,0.0,52,13.0
2026-05-07T23:00,8.0,87,0.0,55,12.6
2026-05-08T00:00,7.7,100,0.0,56,11.2
2026-05-08T01:00,6.9,100,0.0,58,12.2
2026-05-08T02:00,5.7,100,0.0,63,11.5
2026-05-08T03:00,5.3,100,0.0,60,11.2
2026-05-08T04:00,4.4,96,0.0,59,11.2
2026-05-08T05:00,3.4,83,0.0,63,10.4
2026-05-08T06:00,3.7,100,40.0,63,8.6
2026-05-08T07:00,4.4,94,145.0,60,8.3
2026-05-08T08:00,5.2,44,319.0,58,7.2
2026-05-08T09:00,6.3,55,485.0,53,8.6
2026-05-08T10:00,7.6,0,635.0,47,9.4
2026-05-08T11:00,9.2,0,756.0,40,7.9
2026-05-08T12:00,10.6,57,816.0,39,10.1
2026-05-08T13:00,11.5,82,759.0,38,10.8
2026-05-08T14:00,11.9,90,695.0,38,7.2
2026-05-08T15:00,12.0,68,686.0,36,12.2
2026-05-08T16:00,12.3,56,604.0,34,12.2
2026-05-08T17:00,12.3,0,454.0,34,11.9
2026-05-08T18:00,12.2,0,346.0,31,13.0
2026-05-08T19:00,11.5,0,189.0,32,13.0
2026-05-08T20:00,10.5,0,57.0,33,13.3
2026-05-08T21:00,9.5,0,0.0,36,10.8
2026-05-08T22:00,8.9,0,0.0,38,9.7
2026-05-08T23:00,7.9,0,0.0,42,5.4
2026-05-09T00:00,7.0,0,0.0,45,9.0
2026-05-09T01:00,6.4,0,0.0,48,8.6
2026-05-09T02:00,5.4,0,0.0,52,6.5
2026-05-09T03:00,5.1,99,0.0,55,7.2
2026-05-09T04:00,5.3,52,0.0,55,7.6
2026-05-09T05:00,4.8,100,0.0,60,5.4
2026-05-09T06:00,5.0,97,44.0,61,5.8
2026-05-09T07:00,5.7,100,65.0,59,3.6
2026-05-09T08:00,5.6,100,37.0,63,5.8
2026-05-09T09:00,5.5,63,86.0,68,4.3
2026-05-09T10:00,7.7,39,596.0,61,5.4
2026-05-09T11:00,8.8,12,584.0,57,7.6
2026-05-09T12:00,10.2,61,705.0,49,8.6
2026-05-09T13:00,10.3,88,499.0,46,10.8
2026-05-09T14:00,11.2,100,570.0,42,9.4
2026-05-09T15:00,11.1,98,259.0,45,11.9
2026-05-09T16:00,11.2,100,336.0,46,10.8
2026-05-09T17:00,11.5,100,335.0,46,8.6
2026-05-09T18:00,11.1,100,78.0,48,11.9
2026-05-09T19:00,10.2,100,53.0,55,7.9
2026-05-09T20:00,9.6,100,11.0,63,2.5
2026-05-09T21:00,9.1,100,0.0,72,4.7
2026-05-09T22:00,8.4,100,0.0,80,7.6
2026-05-09T23:00,8.3,100,0.0,82,10.8
2026-05-10T00:00,8.3,100,0.0,85,14.0
2026-05-10T01:00,8.4,100,0.0,89,15.5
2026-05-10T02:00,8.6,100,0.0,90,18.0
2026-05-10T03:00,8.7,100,0.0,91,18.7
2026-05-10T04:00,8.9,100,0.0,91,17.6
2026-05-10T05:00,9.1,100,0.0,91,18.0
2026-05-10T06:00,9.1,100,1.0,92,17.3
2026-05-10T07:00,9.4,100,4.0,92,17.3
2026-05-10T08:00,9.5,100,12.0,92,17.6
2026-05-10T09:00,9.2,100,19.0,88,13.7
2026-05-10T10:00,8.1,100,41.0,88,14.0
2026-05-10T11:00,8.9,100,219.0,80,15.5
2026-05-10T12:00,8.8,100,260.0,77,15.1
2026-05-10T13:00,8.9,100,262.0,75,13.3
2026-05-10T14:00,9.8,100,431.0,71,7.2
2026-05-10T15:00,9.2,100,171.0,68,7.9
2026-05-10T16:00,9.5,97,128.0,69,11.2
2026-05-10T17:00,10.3,100,332.0,64,12.6
2026-05-10T18:00,9.6,100,210.0,64,11.5
2026-05-10T19:00,9.1,99,125.0,65,8.3
2026-05-10T20:00,8.8,100,41.0,69,8.6
2026-05-10T21:00,8.8,100,0.0,69,8.6
2026-05-10T22:00,8.7,100,0.0,72,9.7
2026-05-10T23:00,8.2,100,0.0,76,8.6
2026-05-11T00:00,7.8,4,0.0,78,10.1
2026-05-11T01:00,7.1,0,0.0,80,10.1
2026-05-11T02:00,6.1,0,0.0,82,11.2
2026-05-11T03:00,5.4,0,0.0,84,9.4
2026-05-11T04:00,4.8,0,0.0,85,9.7
2026-05-11T05:00,4.1,0,0.0,88,9.4
2026-05-11T06:00,4.3,0,54.0,88,7.9
2026-05-11T07:00,5.5,0,181.0,83,6.8
2026-05-11T08:00,7.4,0,336.0,76,7.2
2026-05-11T09:00,9.2,0,493.0,70,7.6
2026-05-11T10:00,10.9,0,630.0,62,7.6
2026-05-11T11:00,12.0,6,728.0,57,9.0
2026-05-11T12:00,12.6,57,708.0,54,9.4
2026-05-11T13:00,13.4,27,760.0,49,8.6
2026-05-11T14:00,14.0,8,754.0,45,11.9
2026-05-11T15:00,14.5,80,689.0,41,11.5
2026-05-11T16:00,12.4,100,290.0,59,14.8
2026-05-11T17:00,13.2,0,396.0,56,9.0
2026-05-11T18:00,12.8,100,332.0,57,16.9
2026-05-11T19:00,10.8,100,37.0,64,10.4
2026-05-11T20:00,9.1,100,9.0,78,11.2
2026-05-11T21:00,9.1,100,0.0,74,9.4
2026-05-11T22:00,8.8,100,0.0,74,10.4
2026-05-11T23:00,8.2,100,0.0,77,7.9
2026-05-12T00:00,8.6,51,0.0,69,5.4
2026-05-12T01:00,8.6,31,0.0,67,8.3
2026-05-12T02:00,7.4,84,0.0,82,10.1
2026-05-12T03:00,7.5,0,0.0,76,9.0
2026-05-12T04:00,6.5,0,0.0,81,10.4
2026-05-12T05:00,5.9,0,1.0,79,10.4
2026-05-12T06:00,6.1,0,56.0,80,9.0
2026-05-12T07:00,7.0,0,185.0,77,9.0
2026-05-12T08:00,8.1,31,337.0,73,6.5
2026-05-12T09:00,9.5,59,470.0,68,7.6
2026-05-12T10:00,10.9,29,630.0,60,7.9
2026-05-12T11:00,12.0,20,724.0,52,8.6
2026-05-12T12:00,13.0,21,800.0,45,9.0
2026-05-12T13:00,13.8,21,820.0,41,9.4
2026-05-12T14:00,14.4,23,800.0,38,7.9
2026-05-12T15:00,15.0,80,659.0,35,10.8
2026-05-12T16:00,15.1,96,525.0,35,10.4
2026-05-12T17:00,14.9,9,332.0,35,10.4
2026-05-12T18:00,14.9,2,335.0,34,12.2
2026-05-12T19:00,14.3,0,198.0,35,11.2
2026-05-12T20:00,13.5,0,67.0,38,10.1
2026-05-12T21:00,12.8,39,2.0,42,9.7
2026-05-12T22:00,12.4,67,0.0,47,11.2
2026-05-12T23:00,11.3,2,0.0,53,9.7
2026-05-13T00:00,9.9,1,0.0,56,12.2
2026-05-13T01:00,9.1,2,0.0,59,9.4
2026-05-13T02:00,8.1,0,0.0,63,8.6
2026-05-13T03:00,7.6,0,0.0,64,8.6
2026-05-13T04:00,7.4,57,0.0,61,6.5
2026-05-13T05:00,6.9,0,1.0,63,9.4
2026-05-13T06:00,6.4,0,58.0,67,9.4
2026-05-13T07:00,7.8,0,186.0,61,5.8
2026-05-13T08:00,9.1,0,341.0,59,6.1
2026-05-13T09:00,10.9,0,497.0,52,7.2
2026-05-13T10:00,12.3,56,634.0,48,10.1
2026-05-13T11:00,13.6,17,713.0,46,9.0
2026-05-13T12:00,14.9,85,823.0,42,9.7
2026-05-13T13:00,15.3,100,695.0,40,10.4
2026-05-13T14:00,16.0,83,694.0,37,11.2
2026-05-13T15:00,16.7,39,720.0,34,11.9
2026-05-13T16:00,16.9,100,609.0,32,11.9
2026-05-13T17:00,16.5,100,445.0,29,11.5
2026-05-13T18:00,15.8,100,192.0,31,11.5
2026-05-13T19:00,15.4,100,98.0,33,10.1
2026-05-13T20:00,15.2,100,36.0,34,9.4
2026-05-13T21:00,15.1,100,1.0,37,8.6
2026-05-13T22:00,14.5,100,0.0,51,10.4
2026-05-13T23:00,13.6,100,0.0,58,4.0
2026-05-14T00:00,13.4,100,0.0,63,5.4
2026-05-14T01:00,12.0,100,0.0,79,8.3
2026-05-14T02:00,11.5,100,0.0,84,8.3
2026-05-14T03:00,11.0,100,0.0,86,8.6
2026-05-14T04:00,11.1,100,0.0,86,7.2
2026-05-14T05:00,11.0,100,0.0,87,9.4
2026-05-14T06:00,11.0,100,3.0,88,9.4
2026-05-14T07:00,11.4,100,29.0,86,11.5
2026-05-14T08:00,12.2,100,201.0,85,11.5
2026-05-14T09:00,13.6,100,325.0,79,13.0
2026-05-14T10:00,13.9,100,348.0,78,13.3
2026-05-14T11:00,16.3,87,491.0,69,15.1
2026-05-14T12:00,17.4,100,683.0,63,17.6
2026-05-14T13:00,18.1,100,409.0,60,11.9
2026-05-14T14:00,18.6,100,279.0,53,18.7
2026-05-14T15:00,19.5,100,439.0,48,19.1
2026-05-14T16:00,15.6,100,123.0,66,19.4
2026-05-14T17:00,16.4,100,226.0,69,18.4
2026-05-14T18:00,12.6,100,46.0,85,12.6
2026-05-14T19:00,12.6,100,12.0,82,11.5
2026-05-14T20:00,12.1,100,2.0,87,13.0
2026-05-14T21:00,11.7,100,0.0,90,16.9
2026-05-14T22:00,10.7,100,0.0,85,14.4
2026-05-14T23:00,9.0,100,0.0,81,18.0
2026-05-15T00:00,7.8,100,0.0,81,15.5
2026-05-15T01:00,7.3,100,0.0,78,13.3
2026-05-15T02:00,6.7,100,0.0,74,14.4
2026-05-15T03:00,5.9,100,0.0,68,11.9
2026-05-15T04:00,5.5,100,0.0,73,12.6
2026-05-15T05:00,4.9,20,1.0,78,14.0
2026-05-15T06:00,4.7,7,65.0,82,13.0
2026-05-15T07:00,5.2,64,190.0,80,13.7
2026-05-15T08:00,6.1,0,305.0,77,10.8
2026-05-15T09:00,7.8,11,511.0,67,10.4
2026-05-15T10:00,8.9,63,620.0,61,11.2
2026-05-15T11:00,9.6,100,609.0,58,9.4
2026-05-15T12:00,10.2,41,380.0,55,7.9
2026-05-15T13:00,9.2,100,508.0,63,16.6
2026-05-15T14:00,7.8,100,154.0,69,19.8
2026-05-15T15:00,7.8,100,172.0,63,16.9
2026-05-15T16:00,7.7,36,378.0,69,13.0
2026-05-15T17:00,8.5,25,459.0,69,13.7
2026-05-15T18:00,8.5,0,338.0,66,10.8
2026-05-15T19:00,8.0,8,201.0,71,11.9
2026-05-15T20:00,7.6,7,67.0,75,10.1
2026-05-15T21:00,7.3,99,3.0,80,12.2
2026-05-15T22:00,6.7,88,0.0,86,15.5
2026-05-15T23:00,6.3,15,0.0,87,15.1
2026-05-16T00:00,6.5,100,0.0,87,18.7
2026-05-16T01:00,6.5,100,0.0,89,14.4
2026-05-16T02:00,5.9,100,0.0,81,16.2
2026-05-16T03:00,5.9,100,0.0,87,21.2
2026-05-16T04:00,5.9,100,0.0,90,21.2
2026-05-16T05:00,6.4,100,0.0,91,24.8
2026-05-16T06:00,7.0,100,2.0,90,27.7
2026-05-16T07:00,7.2,100,5.0,89,28.1
2026-05-16T08:00,7.3,100,5.0,87,22.0
2026-05-16T09:00,7.6,100,24.0,86,21.2
2026-05-16T10:00,7.2,100,48.0,88,20.5
2026-05-16T11:00,7.6,16,212.0,75,24.5
2026-05-16T12:00,7.5,100,601.0,72,22.3
2026-05-16T13:00,7.1,100,141.0,78,18.4
2026-05-16T14:00,7.2,100,174.0,80,15.8
2026-05-16T15:00,7.8,100,218.0,76,13.3
2026-05-16T16:00,8.1,100,324.0,76,13.3
2026-05-16T17:00,9.0,100,289.0,72,13.7
2026-05-16T18:00,8.5,100,84.0,75,8.3
2026-05-16T19:00,8.3,100,56.0,80,9.7
2026-05-16T20:00,7.9,22,48.0,78,11.2
2026-05-16T21:00,7.1,0,3.0,83,7.9
2026-05-16T22:00,6.6,0,0.0,84,9.4
2026-05-16T23:00,6.6,32,0.0,85,15.5
2026-05-17T00:00,7.0,100,0.0,80,15.8
2026-05-17T01:00,7.1,100,0.0,89,16.9
2026-05-17T02:00,6.9,100,0.0,90,16.6
2026-05-17T03:00,6.7,100,0.0,90,20.9
2026-05-17T04:00,6.6,100,0.0,92,22.3
2026-05-17T05:00,7.0,100,0.0,93,19.1
2026-05-17T06:00,5.9,100,11.0,84,23.0
2026-05-17T07:00,4.5,100,14.0,90,24.8
2026-05-17T08:00,5.0,100,26.0,89,25.6
2026-05-17T09:00,5.5,100,95.0,87,22.0
2026-05-17T10:00,6.1,100,122.0,86,19.1
2026-05-17T11:00,6.8,100,146.0,85,16.2
2026-05-17T12:00,7.0,100,84.0,86,14.8
2026-05-17T13:00,7.3,100,140.0,84,16.6
2026-05-17T14:00,8.4,100,190.0,83,15.8
2026-05-17T15:00,9.0,100,394.0,83,15.8
2026-05-17T16:00,9.4,96,335.0,76,9.0
2026-05-17T17:00,9.3,100,259.0,77,8.6
2026-05-17T18:00,9.0,97,107.0,83,9.4
2026-05-17T19:00,8.8,100,153.0,82,9.4
2026-05-17T20:00,8.5,97,15.0,82,11.2
2026-05-17T21:00,8.2,15,3.0,83,9.7
2026-05-17T22:00,7.7,100,0.0,88,11.2
2026-05-17T23:00,7.5,100,0.0,90,10.1
2026-05-18T00:00,6.8,100,0.0,90,10.8
2026-05-18T01:00,6.7,100,0.0,92,9.4
2026-05-18T02:00,6.8,97,0.0,90,10.1
2026-05-18T03:00,6.3,79,0.0,90,8.3
2026-05-18T04:00,6.0,100,0.0,89,7.2
2026-05-18T05:00,6.1,33,1.0,89,7.9
2026-05-18T06:00,6.2,100,57.0,90,8.6
2026-05-18T07:00,7.0,100,98.0,86,7.9
2026-05-18T08:00,8.0,97,209.0,79,4.7
2026-05-18T09:00,9.0,100,361.0,74,7.2
2026-05-18T10:00,9.1,100,199.0,71,6.5
2026-05-18T11:00,7.8,100,132.0,87,10.4
2026-05-18T12:00,10.0,100,344.0,74,10.4
2026-05-18T13:00,9.4,100,350.0,75,11.5
2026-05-18T14:00,9.6,61,319.0,74,5.0
2026-05-18T15:00,11.7,100,719.0,63,7.6
2026-05-18T16:00,11.2,100,293.0,66,7.9
2026-05-18T17:00,11.5,0,412.0,66,11.9
2026-05-18T18:00,11.4,0,369.0,72,7.6
2026-05-18T19:00,10.9,98,202.0,73,5.8
2026-05-18T20:00,10.4,0,26.0,76,5.8
2026-05-18T21:00,9.5,2,5.0,82,5.4
2026-05-18T22:00,8.9,77,0.0,84,7.2
2026-05-18T23:00,8.3,0,0.0,87,5.0
2026-05-19T00:00,8.2,30,0.0,86,6.5
2026-05-19T01:00,7.7,0,0.0,85,6.8
2026-05-19T02:00,7.0,0,0.0,85,4.7
2026-05-19T03:00,6.6,0,0.0,85,5.8
2026-05-19T04:00,6.3,0,0.0,83,2.2
2026-05-19T05:00,5.5,0,3.0,86,7.2
2026-05-19T06:00,6.5,0,73.0,84,6.5
2026-05-19T07:00,7.6,0,204.0,81,4.7
2026-05-19T08:00,9.3,0,359.0,75,5.4
2026-05-19T09:00,11.1,0,514.0,68,6.1
2026-05-19T10:00,12.6,5,651.0,60,7.2
2026-05-19T11:00,13.8,99,730.0,53,6.5
2026-05-19T12:00,14.5,98,617.0,49,7.9
2026-05-19T13:00,14.0,100,418.0,53,12.6
2026-05-19T14:00,15.4,8,552.0,49,7.2
2026-05-19T15:00,16.1,61,702.0,43,7.9
2026-05-19T16:00,16.4,78,551.0,43,9.0
2026-05-19T17:00,16.2,100,391.0,45,10.1
2026-05-19T18:00,15.9,100,214.0,51,15.1
2026-05-19T19:00,15.0,56,44.0,55,13.0
2026-05-19T20:00,14.3,0,76.0,61,13.7
2026-05-19T21:00,13.5,100,5.0,68,11.5
2026-05-19T22:00,12.7,70,0.0,73,12.6
2026-05-19T23:00,12.3,96,0.0,78,12.6
2026-05-20T00:00,11.5,100,0.0,82,13.0
2026-05-20T01:00,10.9,100,0.0,84,13.0
2026-05-20T02:00,10.4,100,0.0,86,13.3
2026-05-20T03:00,10.3,100,0.0,88,14.8
2026-05-20T04:00,10.1,100,0.0,93,14.4
2026-05-20T05:00,10.6,100,0.0,95,15.5
2026-05-20T06:00,10.9,100,29.0,87,15.1
2026-05-20T07:00,11.0,100,104.0,85,14.4
2026-05-20T08:00,12.0,0,296.0,80,11.9
2026-05-20T09:00,13.7,0,509.0,74,11.5
2026-05-20T10:00,15.5,0,647.0,66,10.8
2026-05-20T11:00,17.3,46,753.0,54,10.4
2026-05-20T12:00,18.6,57,781.0,51,12.2
2026-05-20T13:00,19.6,10,823.0,46,13.3
2026-05-20T14:00,20.5,0,814.0,47,9.4
2026-05-20T15:00,21.2,12,751.0,42,14.4
2026-05-20T16:00,21.4,12,624.0,43,15.5
2026-05-20T17:00,21.3,0,501.0,42,15.8
2026-05-20T18:00,21.0,8,368.0,45,14.8
2026-05-20T19:00,19.7,0,166.0,53,12.2
2026-05-20T20:00,19.3,21,82.0,57,11.2
2026-05-20T21:00,19.3,100,5.0,59,12.2
2026-05-20T22:00,17.8,0,0.0,65,10.8
2026-05-20T23:00,16.5,0,0.0,66,11.5
2026-05-21T00:00,15.6,0,0.0,73,13.0
2026-05-21T01:00,14.8,0,0.0,77,14.0
2026-05-21T02:00,14.0,0,0.0,80,14.0
2026-05-21T03:00,13.6,0,0.0,80,13.7
2026-05-21T04:00,13.3,0,0.0,80,13.3
2026-05-21T05:00,12.8,0,4.0,81,15.5
2026-05-21T06:00,13.4,0,75.0,77,16.2
2026-05-21T07:00,14.3,0,205.0,71,12.6
2026-05-21T08:00,16.0,4,356.0,66,9.4
2026-05-21T09:00,18.1,9,482.0,59,9.0
2026-05-21T10:00,20.1,0,638.0,51,11.2
2026-05-21T11:00,21.5,0,749.0,49,11.9
2026-05-21T12:00,21.8,72,634.0,47,13.0
2026-05-21T13:00,22.9,99,790.0,41,12.6
2026-05-21T14:00,23.1,0,473.0,41,5.4
2026-05-21T15:00,24.1,23,752.0,35,11.5
2026-05-21T16:00,23.2,99,508.0,42,17.3
2026-05-21T17:00,16.7,100,135.0,75,10.8
2026-05-21T18:00,16.7,100,127.0,74,17.6
2026-05-21T19:00,15.8,99,50.0,79,9.4
2026-05-21T20:00,16.7,100,51.0,73,5.8
2026-05-21T21:00,17.2,93,3.0,69,6.1
2026-05-21T22:00,16.2,16,0.0,75,6.5
2026-05-21T23:00,15.2,94,0.0,78,16.2
2026-05-22T00:00,14.6,100,0.0,81,14.0
2026-05-22T01:00,14.8,86,0.0,81,13.3
2026-05-22T02:00,15.0,100,0.0,79,13.7
2026-05-22T03:00,15.3,100,0.0,77,11.9
2026-05-22T04:00,15.0,100,0.0,80,9.0
2026-05-22T05:00,14.7,96,4.0,80,11.2
2026-05-22T06:00,14.8,69,36.0,82,10.4
2026-05-22T07:00,15.0,99,80.0,82,9.4
2026-05-22T08:00,16.1,100,304.0,77,5.4
2026-05-22T09:00,16.7,95,242.0,76,7.2
2026-05-22T10:00,18.2,99,511.0,72,7.6
2026-05-22T11:00,19.6,100,611.0,61,7.6
2026-05-22T12:00,19.8,100,340.0,61,7.2
2026-05-22T13:00,19.9,100,358.0,54,13.3
2026-05-22T14:00,19.3,100,313.0,49,11.2
2026-05-22T15:00,16.8,100,484.0,58,20.2
2026-05-22T16:00,15.5,100,164.0,62,13.3
2026-05-22T17:00,15.2,100,102.0,65,13.7
2026-05-22T18:00,15.3,100,105.0,68,11.2
2026-05-22T19:00,14.0,100,24.0,78,9.0
2026-05-22T20:00,13.1,100,4.0,83,7.6
2026-05-22T21:00,12.8,100,1.0,82,8.3
2026-05-22T22:00,12.6,100,0.0,85,7.2
2026-05-22T23:00,12.7,100,0.0,83,12.6
2026-05-23T00:00,12.2,100,0.0,83,11.9
2026-05-23T01:00,11.8,100,0.0,86,12.6
2026-05-23T02:00,11.4,100,0.0,87,8.6
2026-05-23T03:00,11.0,100,0.0,86,13.0
2026-05-23T04:00,11.0,100,0.0,84,13.3
2026-05-23T05:00,11.0,100,1.0,74,9.0
2026-05-23T06:00,10.9,100,6.0,79,11.5
2026-05-23T07:00,10.8,100,31.0,78,13.3
2026-05-23T08:00,10.0,100,51.0,64,13.0
2026-05-23T09:00,10.5,100,211.0,64,8.6
2026-05-23T10:00,10.6,100,295.0,63,9.4
2026-05-23T11:00,11.4,100,244.0,60,9.4
2026-05-23T12:00,12.6,100,295.0,58,7.6
2026-05-23T13:00,13.8,100,548.0,53,6.5
2026-05-23T14:00,14.2,100,374.0,50,4.0
2026-05-23T15:00,14.8,100,390.0,47,4.7
2026-05-23T16:00,14.9,100,231.0,43,6.5
2026-05-23T17:00,15.2,100,232.0,39,7.9
2026-05-23T18:00,15.3,100,265.0,39,11.2
2026-05-23T19:00,14.9,90,138.0,37,9.0
2026-05-23T20:00,14.2,100,63.0,39,6.1
2026-05-23T21:00,13.0,100,4.0,66,10.4
2026-05-23T22:00,12.9,100,0.0,64,9.7
2026-05-23T23:00,12.6,100,0.0,65,7.9
2026-05-24T00:00,12.7,99,0.0,61,6.5
2026-05-24T01:00,12.6,91,0.0,59,6.1
2026-05-24T02:00,12.1,100,0.0,58,6.8
2026-05-24T03:00,12.0,100,0.0,53,7.2
2026-05-24T04:00,11.8,100,0.0,52,6.5
2026-05-24T05:00,11.2,100,3.0,55,6.1
2026-05-24T06:00,11.4,100,13.0,55,6.5
2026-05-24T07:00,12.0,99,90.0,52,7.9
2026-05-24T08:00,13.0,100,198.0,48,6.5
2026-05-24T09:00,13.7,100,243.0,44,6.8
2026-05-24T10:00,14.1,100,275.0,45,7.2
2026-05-24T11:00,14.4,100,247.0,45,5.4
2026-05-24T12:00,14.7,100,164.0,46,7.2
2026-05-24T13:00,13.1,100,156.0,60,7.9
2026-05-24T14:00,14.5,100,200.0,51,3.6
2026-05-24T15:00,15.4,100,276.0,42,3.6
2026-05-24T16:00,14.3,100,412.0,63,11.9
2026-05-24T17:00,14.2,100,317.0,63,12.6
2026-05-24T18:00,14.4,9,218.0,64,10.8
2026-05-24T19:00,14.1,0,228.0,67,10.8
2026-05-24T20:00,13.6,13,93.0,71,4.3
2026-05-24T21:00,13.1,97,9.0,74,7.6
2026-05-24T22:00,12.8,14,0.0,76,6.8
2026-05-24T23:00,12.7,74,0.0,73,5.0
2026-05-25T00:00,12.0,47,0.0,75,4.3
2026-05-25T01:00,11.5,0,0.0,75,4.7
2026-05-25T02:00,10.6,0,0.0,69,9.7
2026-05-25T03:00,9.9,0,0.0,70,9.0
2026-05-25T04:00,9.5,0,0.0,70,8.3
2026-05-25T05:00,9.1,0,6.0,70,7.9
2026-05-25T06:00,10.3,0,83.0,65,5.8
2026-05-25T07:00,12.3,0,216.0,59,4.3
2026-05-25T08:00,13.8,0,370.0,53,2.9
2026-05-25T09:00,15.3,0,525.0,45,2.5
2026-05-25T10:00,16.3,12,662.0,39,0.7
2026-05-25T11:00,17.2,99,642.0,37,4.7
2026-05-25T12:00,17.9,56,656.0,36,6.1
2026-05-25T13:00,18.7,51,783.0,36,6.5
2026-05-25T14:00,19.1,0,743.0,34,6.5
2026-05-25T15:00,19.9,24,774.0,31,7.2
2026-05-25T16:00,20.0,41,630.0,31,8.3
2026-05-25T17:00,19.8,2,477.0,32,5.4
2026-05-25T18:00,19.9,20,371.0,30,6.1
2026-05-25T19:00,19.3,89,178.0,33,8.6
2026-05-25T20:00,18.6,100,50.0,34,3.6
2026-05-25T21:00,18.0,100,5.0,36,7.2
2026-05-25T22:00,17.1,94,0.0,45,10.4
2026-05-25T23:00,15.1,0,0.0,59,7.6
2026-05-26T00:00,14.0,0,0.0,65,7.2
2026-05-26T01:00,13.1,0,0.0,69,8.3
2026-05-26T02:00,11.6,0,0.0,72,9.0
2026-05-26T03:00,10.9,0,0.0,72,7.9
2026-05-26T04:00,10.6,0,0.0,72,6.8
2026-05-26T05:00,9.8,0,7.0,74,6.5
2026-05-26T06:00,10.5,0,85.0,71,6.1
2026-05-26T07:00,13.5,0,218.0,59,5.8
2026-05-26T08:00,16.6,0,373.0,45,8.3
2026-05-26T09:00,18.0,0,528.0,44,9.4
2026-05-26T10:00,19.3,0,661.0,44,9.4
2026-05-26T11:00,20.1,0,766.0,47,10.4
2026-05-26T12:00,21.7,93,822.0,39,8.6
2026-05-26T13:00,20.8,100,572.0,49,14.0
2026-05-26T14:00,19.7,100,386.0,56,12.6
2026-05-26T15:00,20.1,93,327.0,49,14.0
2026-05-26T16:00,20.9,91,517.0,43,8.6
2026-05-26T17:00,18.9,100,156.0,57,9.7
2026-05-26T18:00,19.5,100,78.0,54,7.2
2026-05-26T19:00,19.0,51,95.0,61,4.3
2026-05-26T20:00,18.1,100,44.0,70,9.7
2026-05-26T21:00,17.2,100,3.0,83,8.6
2026-05-26T22:00,15.7,100,0.0,82,14.0
2026-05-26T23:00,15.2,100,0.0,85,14.4
2026-05-27T00:00,14.7,100,0.0,84,13.7
2026-05-27T01:00,14.3,100,0.0,77,14.0
2026-05-27T02:00,13.8,18,0.0,74,14.8
2026-05-27T03:00,13.4,9,0.0,75,12.6
2026-05-27T04:00,12.6,83,0.0,75,12.2
2026-05-27T05:00,12.0,1,6.0,77,12.2
2026-05-27T06:00,12.1,0,85.0,76,11.5
2026-05-27T07:00,13.1,0,217.0,69,10.4
2026-05-27T08:00,14.5,0,373.0,62,8.6
2026-05-27T09:00,15.7,0,528.0,55,10.4
2026-05-27T10:00,17.1,0,663.0,47,10.1
2026-05-27T11:00,18.4,0,771.0,43,6.8
2026-05-27T12:00,20.0,0,839.0,41,9.4
2026-05-27T13:00,21.0,1,860.0,39,10.4
2026-05-27T14:00,21.6,10,837.0,37,8.6
2026-05-27T15:00,22.0,0,774.0,35,10.1
2026-05-27T16:00,22.2,15,666.0,34,10.1
2026-05-27T17:00,22.1,0,534.0,35,9.7
2026-05-27T18:00,21.9,64,374.0,38,10.8
2026-05-27T19:00,21.1,58,214.0,40,12.2
2026-05-27T20:00,20.4,25,91.0,41,8.3
2026-05-27T21:00,19.9,9,11.0,42,8.3
2026-05-27T22:00,19.0,0,0.0,49,6.8
2026-05-27T23:00,17.7,0,0.0,55,8.3
2026-05-28T00:00,16.9,0,0.0,60,9.4
2026-05-28T01:00,16.6,0,0.0,63,9.0
2026-05-28T02:00,15.9,0,0.0,64,6.8
2026-05-28T03:00,15.6,0,0.0,62,5.4
2026-05-28T04:00,14.7,0,0.0,69,6.8
2026-05-28T05:00,14.3,73,7.0,74,8.3
2026-05-28T06:00,15.7,46,77.0,69,2.5
2026-05-28T07:00,17.5,96,202.0,61,6.8
2026-05-28T08:00,17.9,100,346.0,60,5.8
2026-05-28T09:00,19.1,100,458.0,55,5.0
2026-05-28T10:00,20.1,100,469.0,51,4.0
2026-05-28T11:00,21.2,92,617.0,45,1.4
2026-05-28T12:00,22.1,98,657.0,39,5.4
2026-05-28T13:00,22.9,100,682.0,38,7.2
2026-05-28T14:00,23.5,79,698.0,37,5.4
2026-05-28T15:00,23.8,100,559.0,34,9.0
2026-05-28T16:00,23.8,100,238.0,35,5.8
2026-05-28T17:00,23.2,100,168.0,38,7.2
2026-05-28T18:00,23.4,100,202.0,38,7.2
2026-05-28T19:00,23.0,100,173.0,40,5.4
2026-05-28T20:00,19.9,100,17.0,70,4.3
2026-05-28T21:00,18.3,100,1.0,76,5.8
2026-05-28T22:00,16.3,100,0.0,86,8.3
2026-05-28T23:00,16.2,100,0.0,86,13.3
2026-05-29T00:00,16.4,100,0.0,87,9.4
2026-05-29T01:00,16.3,100,0.0,90,10.1
2026-05-29T02:00,15.6,100,0.0,90,13.3
2026-05-29T03:00,15.3,100,0.0,91,13.0
2026-05-29T04:00,15.1,100,0.0,91,11.9
2026-05-29T05:00,14.9,100,0.0,92,13.7
2026-05-29T06:00,14.8,100,2.0,91,14.0
2026-05-29T07:00,14.9,100,5.0,90,13.3
2026-05-29T08:00,15.0,100,13.0,91,8.3
2026-05-29T09:00,14.0,100,5.0,90,16.9
2026-05-29T10:00,13.6,100,11.0,90,16.9
2026-05-29T11:00,13.5,100,8.0,90,19.4
2026-05-29T12:00,13.3,100,13.0,90,21.2
2026-05-29T13:00,13.3,100,26.0,88,22.0
2026-05-29T14:00,13.9,100,80.0,82,19.1
2026-05-29T15:00,15.5,100,290.0,69,24.1
2026-05-29T16:00,15.5,100,93.0,72,14.4
2026-05-29T17:00,17.1,68,235.0,64,12.6
2026-05-29T18:00,17.5,20,368.0,50,23.0
2026-05-29T19:00,16.5,0,233.0,55,20.5
2026-05-29T20:00,15.7,0,101.0,60,13.7
2026-05-29T21:00,14.6,0,13.0,65,10.4
2026-05-29T22:00,13.8,0,0.0,71,9.7
2026-05-29T23:00,13.0,0,0.0,71,8.6
2026-05-30T00:00,12.4,0,0.0,72,10.4
2026-05-30T01:00,11.7,0,0.0,71,11.5
2026-05-30T02:00,11.1,0,0.0,73,11.2
2026-05-30T03:00,10.6,0,0.0,76,10.4
2026-05-30T04:00,10.0,0,0.0,75,10.1
2026-05-30T05:00,9.0,0,9.0,73,11.2
2026-05-30T06:00,9.5,0,92.0,65,10.1
2026-05-30T07:00,10.8,92,223.0,64,7.9
2026-05-30T08:00,12.4,0,372.0,62,8.3
2026-05-30T09:00,13.8,62,533.0,54,7.6
2026-05-30T10:00,15.4,54,654.0,43,8.6
2026-05-30T11:00,16.9,22,762.0,49,9.0
2026-05-30T12:00,18.3,89,828.0,48,10.1
2026-05-30T13:00,19.4,99,831.0,47,11.9
2026-05-30T14:00,20.3,98,755.0,44,13.7
2026-05-30T15:00,20.6,59,702.0,39,16.9
2026-05-30T16:00,19.3,100,600.0,53,20.2
2026-05-30T17:00,17.4,100,157.0,61,15.5
2026-05-30T18:00,17.7,100,63.0,65,15.1
2026-05-30T19:00,16.3,100,11.0,74,13.7
2026-05-30T20:00,15.9,100,36.0,78,8.3
2026-05-30T21:00,15.9,100,6.0,79,10.8
2026-05-30T22:00,15.7,66,0.0,83,11.9
2026-05-30T23:00,15.5,77,0.0,86,13.0
2026-05-31T00:00,15.2,83,0.0,88,13.3
2026-05-31T01:00,15.5,6,0.0,89,14.0
2026-05-31T02:00,15.6,100,0.0,90,12.2
2026-05-31T03:00,15.9,7,0.0,89,10.4
2026-05-31T04:00,15.6,100,0.0,91,9.7
2026-05-31T05:00,15.6,100,2.0,93,10.8
2026-05-31T06:00,16.1,93,39.0,92,12.2
2026-05-31T07:00,16.6,78,107.0,90,11.2
2026-05-31T08:00,17.4,98,313.0,87,6.5
2026-05-31T09:00,18.3,3,307.0,83,6.8
2026-05-31T10:00,20.0,26,633.0,74,9.0
2026-05-31T11:00,20.8,98,459.0,71,11.2
2026-05-31T12:00,21.8,28,719.0,65,13.3
2026-05-31T13:00,20.9,31,548.0,71,18.0
2026-05-31T14:00,21.0,0,397.0,73,10.4
2026-05-31T15:00,21.3,100,602.0,68,12.6
2026-05-31T16:00,22.8,1,490.0,59,11.9
2026-05-31T17:00,23.1,1,474.0,56,8.6
2026-05-31T18:00,23.1,32,363.0,56,10.4
2026-05-31T19:00,22.4,10,222.0,58,10.1
2026-05-31T20:00,21.7,99,101.0,61,6.1
2026-05-31T21:00,21.0,100,14.0,66,5.8
2026-05-31T22:00,20.0,100,0.0,69,7.2
2026-05-31T23:00,18.8,100,0.0,74,5.8
2026-06-01T00:00,18.5,92,0.0,76,4.7
2026-06-01T01:00,18.1,100,0.0,76,2.9
2026-06-01T02:00,17.2,100,0.0,78,4.0
2026-06-01T03:00,17.1,100,0.0,75,3.2
2026-06-01T04:00,16.6,100,0.0,81,4.0
2026-06-01T05:00,16.2,75,8.0,80,4.3
2026-06-01T06:00,16.2,0,83.0,79,7.2
2026-06-01T07:00,16.6,0,219.0,74,5.4
2026-06-01T08:00,18.2,3,369.0,69,4.7
2026-06-01T09:00,20.1,1,520.0,64,3.6
2026-06-01T10:00,22.1,22,652.0,57,5.0
2026-06-01T11:00,23.3,0,754.0,51,2.2
2026-06-01T12:00,24.3,4,828.0,43,2.2
2026-06-01T13:00,25.4,55,855.0,38,4.0
2026-06-01T14:00,26.3,69,834.0,37,5.8
2026-06-01T15:00,27.3,100,735.0,36,6.8
2026-06-01T16:00,26.6,100,509.0,38,9.7
2026-06-01T17:00,25.8,100,99.0,41,10.1
2026-06-01T18:00,25.6,100,245.0,46,11.5
2026-06-01T19:00,24.5,100,74.0,52,14.4
2026-06-01T20:00,19.4,100,4.0,82,4.7
2026-06-01T21:00,20.1,99,0.0,79,7.9
2026-06-01T22:00,19.7,100,0.0,82,11.2
2026-06-01T23:00,19.9,100,0.0,86,15.1
2026-06-02T00:00,19.8,98,0.0,87,10.8
2026-06-02T01:00,19.5,100,0.0,91,15.5
2026-06-02T02:00,19.8,100,0.0,86,16.2
2026-06-02T03:00,19.9,100,0.0,85,14.4
2026-06-02T04:00,19.5,100,0.0,83,12.2
2026-06-02T05:00,19.3,100,3.0,83,10.8
2026-06-02T06:00,19.3,100,37.0,80,14.4
2026-06-02T07:00,19.2,100,160.0,80,13.0
2026-06-02T08:00,19.5,48,308.0,82,12.2
2026-06-02T09:00,20.3,93,504.0,79,11.5
2026-06-02T10:00,21.4,4,604.0,73,12.6
2026-06-02T11:00,22.5,100,711.0,66,12.2
2026-06-02T12:00,23.4,62,730.0,63,11.5
2026-06-02T13:00,23.9,88,743.0,61,12.6
2026-06-02T14:00,24.0,59,567.0,59,12.6
2026-06-02T15:00,24.5,63,620.0,55,14.0
2026-06-02T16:00,23.0,100,221.0,60,13.7
2026-06-02T17:00,22.4,100,80.0,59,15.1
2026-06-02T18:00,23.5,93,253.0,57,11.5
2026-06-02T19:00,22.7,73,212.0,56,11.5
2026-06-02T20:00,21.5,6,90.0,62,14.0
2026-06-02T21:00,20.5,100,15.0,63,9.0
2026-06-02T22:00,20.1,100,0.0,65,9.0
2026-06-02T23:00,19.5,100,0.0,68,4.3
2026-06-03T00:00,19.5,100,0.0,67,5.0
2026-06-03T01:00,19.4,100,0.0,69,5.4
2026-06-03T02:00,19.0,100,0.0,71,2.5
2026-06-03T03:00,18.3,100,0.0,79,7.6
2026-06-03T04:00,17.6,100,0.0,84,3.2
2026-06-03T05:00,17.0,100,1.0,87,6.1
2026-06-03T06:00,16.9,100,8.0,88,5.0
2026-06-03T07:00,17.3,100,25.0,85,6.1
2026-06-03T08:00,17.1,100,34.0,88,7.2
2026-06-03T09:00,17.3,100,84.0,90,6.1
2026-06-03T10:00,17.9,100,132.0,87,7.2
2026-06-03T11:00,18.9,100,331.0,83,6.1
2026-06-03T12:00,20.3,53,477.0,75,5.4
2026-06-03T13:00,20.3,100,356.0,72,5.0
2026-06-03T14:00,20.6,100,164.0,72,2.5
2026-06-03T15:00,21.6,100,285.0,66,4.7
2026-06-03T16:00,22.1,100,282.0,65,10.1
2026-06-03T17:00,21.1,100,297.0,70,19.4
2026-06-03T18:00,19.4,0,192.0,61,3.6
2026-06-03T19:00,19.1,0,242.0,71,6.1
2026-06-03T20:00,19.1,0,109.0,70,5.4
2026-06-03T21:00,18.6,0,17.0,73,3.6
2026-06-03T22:00,17.5,0,0.0,82,5.8
2026-06-03T23:00,17.0,0,0.0,84,5.0
2026-06-04T00:00,16.2,0,0.0,87,6.8
2026-06-04T01:00,15.5,0,0.0,90,7.2
2026-06-04T02:00,14.9,98,0.0,90,4.0
2026-06-04T03:00,14.3,0,0.0,89,4.3
2026-06-04T04:00,14.0,0,0.0,90,5.4
2026-06-04T05:00,13.8,0,12.0,92,6.1
2026-06-04T06:00,14.4,10,93.0,91,8.3
2026-06-04T07:00,15.8,0,222.0,84,9.0
2026-06-04T08:00,17.7,0,372.0,78,7.6
2026-06-04T09:00,19.4,11,517.0,70,12.2
2026-06-04T10:00,20.9,34,617.0,67,14.0
2026-06-04T11:00,21.4,100,432.0,68,11.2
2026-06-04T12:00,23.6,3,600.0,66,14.0
2026-06-04T13:00,22.0,78,604.0,74,17.3
2026-06-04T14:00,24.3,21,750.0,55,13.3
2026-06-04T15:00,25.5,3,766.0,57,16.6
2026-06-04T16:00,25.4,26,527.0,63,16.6
2026-06-04T17:00,25.2,100,408.0,69,14.0
2026-06-04T18:00,22.6,100,4.0,88,19.1
2026-06-04T19:00,22.3,5,77.0,83,15.5
2026-06-04T20:00,22.5,0,104.0,82,9.7
2026-06-04T21:00,22.0,100,17.0,82,10.8
2026-06-04T22:00,21.2,100,0.0,81,9.4
2026-06-04T23:00,22.3,100,0.0,79,22.7
2026-06-05T00:00,21.3,100,0.0,90,7.2
2026-06-05T01:00,21.0,100,0.0,92,15.8
2026-06-05T02:00,18.5,100,0.0,89,12.6
2026-06-05T03:00,18.8,99,0.0,90,8.6
2026-06-05T04:00,18.6,59,0.0,93,8.3
2026-06-05T05:00,18.2,100,9.0,92,12.6
2026-06-05T06:00,18.6,100,64.0,90,14.0
2026-06-05T07:00,20.0,100,189.0,86,12.2
2026-06-05T08:00,20.8,77,105.0,85,9.7
2026-06-05T09:00,23.3,0,466.0,77,7.6
2026-06-05T10:00,23.7,100,553.0,74,13.0
2026-06-05T11:00,22.5,100,331.0,78,13.3
2026-06-05T12:00,22.8,100,579.0,75,13.3
2026-06-05T13:00,23.8,43,452.0,67,13.0
2026-06-05T14:00,24.9,86,778.0,61,13.3
2026-06-05T15:00,24.4,19,461.0,62,16.2
2026-06-05T16:00,23.8,1,363.0,66,13.0
2026-06-05T17:00,24.0,3,422.0,65,10.1
2026-06-05T18:00,25.0,90,329.0,55,11.5
2026-06-05T19:00,24.2,2,212.0,65,10.1
2026-06-05T20:00,23.6,0,108.0,71,9.4
2026-06-05T21:00,22.9,0,18.0,75,7.2
2026-06-05T22:00,22.6,72,0.0,75,5.8
2026-06-05T23:00,22.5,100,0.0,72,4.7
2026-06-06T00:00,21.2,100,0.0,88,10.4
2026-06-06T01:00,21.1,100,0.0,81,9.0
2026-06-06T02:00,20.4,100,0.0,80,9.4
2026-06-06T03:00,20.1,61,0.0,81,11.5
2026-06-06T04:00,19.6,0,0.0,84,11.2
2026-06-06T05:00,18.5,0,11.0,83,12.2
2026-06-06T06:00,18.8,0,93.0,83,11.2
2026-06-06T07:00,19.4,0,220.0,78,8.6
2026-06-06T08:00,20.3,28,368.0,74,7.9
2026-06-06T09:00,21.4,99,511.0,71,9.7
2026-06-06T10:00,22.3,100,536.0,66,12.2
2026-06-06T11:00,23.1,100,514.0,62,15.1
2026-06-06T12:00,23.9,100,624.0,56,14.4
2026-06-06T13:00,24.6,100,604.0,51,15.5
2026-06-06T14:00,24.2,85,294.0,51,13.0
2026-06-06T15:00,25.2,100,458.0,48,13.7
2026-06-06T16:00,26.3,100,329.0,47,12.6
2026-06-06T17:00,25.8,0,331.0,44,20.9
2026-06-06T18:00,25.3,0,393.0,47,21.2
2026-06-06T19:00,24.8,0,242.0,55,15.1
2026-06-06T20:00,23.9,0,104.0,60,6.8
2026-06-06T21:00,21.0,1,19.0,59,16.9
2026-06-06T22:00,20.2,100,0.0,68,13.7
2026-06-06T23:00,18.4,72,0.0,83,10.4
2026-06-07T00:00,18.8,1,0.0,82,10.1
2026-06-07T01:00,18.3,84,0.0,82,10.4
2026-06-07T02:00,18.2,100,0.0,80,12.6
2026-06-07T03:00,18.5,77,0.0,79,9.0
2026-06-07T04:00,18.3,84,0.0,80,7.6
2026-06-07T05:00,17.6,98,11.0,83,6.8
2026-06-07T06:00,17.4,95,82.0,87,6.1
2026-06-07T07:00,18.5,1,95.0,83,6.8
2026-06-07T08:00,20.3,100,358.0,78,1.4
2026-06-07T09:00,21.3,44,261.0,71,5.8
2026-06-07T10:00,22.4,100,517.0,68,9.7
2026-06-07T11:00,21.8,100,172.0,68,10.4
2026-06-07T12:00,22.4,100,223.0,69,9.0
2026-06-07T13:00,22.3,100,201.0,68,15.1
2026-06-07T14:00,21.6,100,96.0,63,10.1
2026-06-07T15:00,19.3,100,41.0,75,14.8
2026-06-07T16:00,18.1,100,23.0,82,7.9
2026-06-07T17:00,18.1,100,29.0,82,10.8
2026-06-07T18:00,17.9,100,18.0,85,7.2
2026-06-07T19:00,17.8,100,25.0,86,9.0
2026-06-07T20:00,17.4,5,27.0,90,10.1
2026-06-07T21:00,17.2,3,17.0,90,8.3
2026-06-07T22:00,17.1,53,0.0,90,9.0
2026-06-07T23:00,16.9,87,0.0,92,10.8
2026-06-08T00:00,17.0,77,0.0,91,13.7
2026-06-08T01:00,17.1,100,0.0,91,12.2
2026-06-08T02:00,17.6,100,0.0,87,14.4
2026-06-08T03:00,17.6,100,0.0,86,16.2
2026-06-08T04:00,17.3,100,0.0,83,14.4
2026-06-08T05:00,16.9,50,7.0,82,14.8
2026-06-08T06:00,16.7,69,92.0,83,15.1
2026-06-08T07:00,17.0,2,222.0,82,13.0
2026-06-08T08:00,17.6,11,373.0,80,11.5
2026-06-08T09:00,18.5,68,464.0,73,7.9
2026-06-08T10:00,19.7,75,570.0,65,9.7
2026-06-08T11:00,20.6,100,593.0,58,11.2
2026-06-08T12:00,20.7,100,427.0,57,10.1
2026-06-08T13:00,20.4,100,265.0,60,11.5
2026-06-08T14:00,20.7,100,232.0,61,9.7
2026-06-08T15:00,20.2,100,122.0,64,12.2
2026-06-08T16:00,19.7,100,77.0,70,13.0
2026-06-08T17:00,19.6,100,127.0,75,13.7
2026-06-08T18:00,19.3,100,30.0,76,16.2
2026-06-08T19:00,18.4,100,24.0,74,18.4
2026-06-08T20:00,18.0,74,18.0,75,13.7
2026-06-08T21:00,17.8,100,15.0,78,15.8
2026-06-08T22:00,17.4,100,0.0,78,18.0
2026-06-08T23:00,17.1,100,0.0,77,18.7
2026-06-09T00:00,16.1,100,0.0,79,16.9
2026-06-09T01:00,15.2,100,0.0,74,18.7
2026-06-09T02:00,14.1,100,0.0,76,18.0
2026-06-09T03:00,13.9,86,0.0,81,18.4
2026-06-09T04:00,13.5,6,0.0,79,24.5
2026-06-09T05:00,12.9,84,12.0,80,24.1
2026-06-09T06:00,12.9,100,50.0,78,23.8
2026-06-09T07:00,13.3,100,81.0,77,22.3
2026-06-09T08:00,13.2,100,78.0,76,23.4
2026-06-09T09:00,12.7,100,96.0,79,26.6
2026-06-09T10:00,12.5,100,73.0,83,22.0
2026-06-09T11:00,14.1,100,366.0,75,21.6
2026-06-09T12:00,13.9,100,234.0,77,21.2
2026-06-09T13:00,15.5,64,495.0,69,23.0
2026-06-09T14:00,16.6,0,828.0,60,21.6
2026-06-09T15:00,16.7,47,487.0,60,17.3
2026-06-09T16:00,14.0,100,228.0,77,12.2
2026-06-09T17:00,15.4,100,225.0,69,18.0
2026-06-09T18:00,13.0,22,77.0,80,16.2
2026-06-09T19:00,13.7,4,242.0,74,14.0
2026-06-09T20:00,13.4,0,119.0,80,10.8
2026-06-09T21:00,13.0,1,23.0,80,10.4
2026-06-09T22:00,13.1,100,0.0,80,14.0
2026-06-09T23:00,12.0,0,0.0,82,15.1
2026-06-10T00:00,11.4,0,0.0,80,13.7
2026-06-10T01:00,11.1,0,0.0,85,14.0
2026-06-10T02:00,10.4,0,0.0,86,15.5
2026-06-10T03:00,10.0,2,0.0,85,11.5
2026-06-10T04:00,9.8,6,0.0,85,10.4
2026-06-10T05:00,9.5,0,14.0,85,8.3
2026-06-10T06:00,10.2,21,100.0,82,7.2
2026-06-10T07:00,11.9,8,231.0,79,7.2
2026-06-10T08:00,13.8,2,371.0,74,6.8
2026-06-10T09:00,15.9,99,532.0,66,9.4
2026-06-10T10:00,16.8,100,547.0,60,10.8
2026-06-10T11:00,17.4,100,566.0,55,12.6
2026-06-10T12:00,17.5,100,357.0,53,11.5
2026-06-10T13:00,18.3,100,487.0,49,11.2
2026-06-10T14:00,19.5,100,766.0,45,11.5
2026-06-10T15:00,20.0,100,577.0,42,11.9
2026-06-10T16:00,20.2,98,348.0,43,11.9
2026-06-10T17:00,19.9,100,314.0,44,12.6
2026-06-10T18:00,19.8,100,141.0,50,13.0
2026-06-10T19:00,18.9,100,78.0,59,14.8
2026-06-10T20:00,18.3,100,22.0,64,9.0
2026-06-10T21:00,17.8,100,3.0,72,4.0
2026-06-10T22:00,16.2,100,0.0,85,9.4
2026-06-10T23:00,16.0,100,0.0,87,13.0
2026-06-11T00:00,16.0,100,0.0,83,10.8
2026-06-11T01:00,15.5,100,0.0,85,11.9
2026-06-11T02:00,14.7,100,0.0,85,14.0
2026-06-11T03:00,14.9,100,0.0,85,13.0
2026-06-11T04:00,14.8,100,0.0,83,14.0
2026-06-11T05:00,14.3,100,0.0,88,16.6
2026-06-11T06:00,13.9,100,1.0,91,15.8
2026-06-11T07:00,14.1,100,22.0,91,15.5
2026-06-11T08:00,14.4,100,64.0,89,16.6
2026-06-11T09:00,14.7,36,88.0,86,13.3
2026-06-11T10:00,15.6,100,435.0,83,16.6
2026-06-11T11:00,16.8,24,401.0,75,15.5
2026-06-11T12:00,16.6,100,495.0,78,19.1
2026-06-11T13:00,18.1,10,469.0,67,14.0
2026-06-11T14:00,19.5,100,697.0,64,15.5
2026-06-11T15:00,20.4,100,514.0,57,15.1
2026-06-11T16:00,17.3,100,243.0,84,17.3
2026-06-11T17:00,16.0,100,26.0,84,24.1
2026-06-11T18:00,15.5,100,51.0,83,20.2
2026-06-11T19:00,15.6,100,132.0,80,19.4
2026-06-11T20:00,15.6,98,50.0,76,16.9
2026-06-11T21:00,15.6,98,13.0,77,15.8
2026-06-11T22:00,14.8,3,0.0,76,15.1
2026-06-11T23:00,14.1,0,0.0,76,13.3
2026-06-12T00:00,13.7,0,0.0,79,13.7
2026-06-12T01:00,13.0,0,0.0,78,14.0
2026-06-12T02:00,12.5,0,0.0,76,14.4
2026-06-12T03:00,12.0,0,0.0,77,13.3
2026-06-12T04:00,11.3,3,0.0,81,13.7
2026-06-12T05:00,11.0,0,14.0,82,14.0
2026-06-12T06:00,10.9,0,100.0,81,13.7
2026-06-12T07:00,11.5,0,232.0,80,13.3
2026-06-12T08:00,12.9,0,384.0,77,10.8
2026-06-12T09:00,14.5,0,533.0,72,11.9
2026-06-12T10:00,16.2,0,666.0,66,12.6
2026-06-12T11:00,17.6,1,772.0,58,14.8
2026-06-12T12:00,18.3,27,823.0,55,16.9
2026-06-12T13:00,18.2,100,694.0,55,18.7
2026-06-12T14:00,18.5,100,464.0,53,18.0
2026-06-12T15:00,19.2,98,485.0,49,16.2
2026-06-12T16:00,19.4,62,463.0,48,19.8
2026-06-12T17:00,19.2,23,484.0,48,15.8
2026-06-12T18:00,18.6,84,303.0,49,19.4
2026-06-12T19:00,17.7,0,221.0,51,19.8
2026-06-12T20:00,16.4,0,124.0,56,18.0
2026-06-12T21:00,15.2,0,25.0,57,17.6
2026-06-12T22:00,14.2,0,0.0,62,17.6
2026-06-12T23:00,13.3,0,0.0,67,13.3
2026-06-13T00:00,12.8,0,0.0,70,15.1
2026-06-13T01:00,12.0,0,0.0,74,15.8
2026-06-13T02:00,11.4,100,0.0,77,16.6
2026-06-13T03:00,11.1,99,0.0,79,14.8
2026-06-13T04:00,10.7,100,0.0,81,15.8
2026-06-13T05:00,10.8,100,2.0,82,13.3
2026-06-13T06:00,11.3,100,20.0,81,12.2
2026-06-13T07:00,11.9,100,63.0,80,11.9
2026-06-13T08:00,12.2,100,105.0,79,12.6
2026-06-13T09:00,13.1,100,179.0,76,12.6
2026-06-13T10:00,15.0,24,435.0,70,12.6
2026-06-13T11:00,15.5,100,461.0,70,10.8
2026-06-13T12:00,16.6,100,350.0,67,10.1
2026-06-13T13:00,17.6,100,402.0,65,10.8
2026-06-13T14:00,18.8,96,502.0,62,5.8
2026-06-13T15:00,20.1,99,689.0,57,9.4
2026-06-13T16:00,20.9,52,645.0,54,9.0
2026-06-13T17:00,21.2,25,515.0,53,10.8
2026-06-13T18:00,21.2,91,396.0,52,10.4
2026-06-13T19:00,20.8,46,249.0,54,11.5
2026-06-13T20:00,20.1,1,119.0,57,9.0
2026-06-13T21:00,19.2,70,24.0,66,9.7
2026-06-13T22:00,18.5,33,0.0,65,11.5
2026-06-13T23:00,17.3,68,0.0,70,12.6
2026-06-14T00:00,16.3,69,0.0,73,10.8
2026-06-14T01:00,15.5,65,0.0,73,10.4
2026-06-14T02:00,14.6,0,0.0,77,10.4
2026-06-14T03:00,14.1,19,0.0,78,9.0
2026-06-14T04:00,13.2,21,0.0,82,10.8
2026-06-14T05:00,12.4,89,14.0,85,10.4
2026-06-14T06:00,12.7,24,98.0,82,9.0
2026-06-14T07:00,13.5,0,229.0,78,7.6
2026-06-14T08:00,15.1,94,373.0,72,5.8
2026-06-14T09:00,16.9,24,459.0,60,5.8
2026-06-14T10:00,18.8,58,656.0,49,5.8
2026-06-14T11:00,20.1,0,717.0,51,6.8
2026-06-14T12:00,21.2,2,828.0,48,8.3
2026-06-14T13:00,22.4,0,869.0,39,9.4
2026-06-14T14:00,22.8,0,857.0,35,11.5
2026-06-14T15:00,23.1,0,795.0,34,9.4
2026-06-14T16:00,23.3,20,690.0,34,8.6
2026-06-14T17:00,23.4,6,559.0,35,6.1
2026-06-14T18:00,23.5,34,412.0,35,7.6
2026-06-14T19:00,23.0,0,260.0,37,6.5
2026-06-14T20:00,22.2,12,124.0,38,6.8
2026-06-14T21:00,21.4,38,25.0,39,5.8
2026-06-14T22:00,20.5,28,0.0,43,5.4
2026-06-14T23:00,19.4,8,0.0,49,6.5
2026-06-15T00:00,18.7,24,0.0,53,3.6
2026-06-15T01:00,18.2,44,0.0,57,1.4
2026-06-15T02:00,17.1,100,0.0,58,2.2
2026-06-15T03:00,16.6,99,0.0,60,3.6
2026-06-15T04:00,16.3,96,0.0,61,2.2
2026-06-15T05:00,15.7,56,14.0,63,1.8
2026-06-15T06:00,16.2,53,97.0,63,1.8
2026-06-15T07:00,18.2,35,227.0,59,3.2
2026-06-15T08:00,19.7,0,377.0,53,3.6
2026-06-15T09:00,20.9,0,527.0,50,5.0
2026-06-15T10:00,22.1,93,657.0,45,3.6
2026-06-15T11:00,23.3,98,751.0,41,5.4
2026-06-15T12:00,24.3,12,829.0,40,4.3
2026-06-15T13:00,25.3,0,864.0,37,4.0
2026-06-15T14:00,26.5,1,842.0,36,6.5
2026-06-15T15:00,27.5,2,784.0,33,8.6
2026-06-15T16:00,27.4,98,679.0,34,7.6
2026-06-15T17:00,27.0,85,532.0,37,9.0
2026-06-15T18:00,26.3,98,372.0,40,8.3
2026-06-15T19:00,25.4,98,205.0,43,9.7
2026-06-15T20:00,24.9,64,102.0,45,7.2
2026-06-15T21:00,24.4,73,23.0,49,7.6
2026-06-15T22:00,23.5,4,0.0,55,7.6
2026-06-15T23:00,22.0,6,0.0,61,8.6
2026-06-16T00:00,21.4,18,0.0,61,9.0
2026-06-16T01:00,20.5,0,0.0,64,7.6
2026-06-16T02:00,19.8,0,0.0,62,6.8
2026-06-16T03:00,18.1,0,0.0,68,8.6
2026-06-16T04:00,17.7,39,0.0,68,6.1
2026-06-16T05:00,16.8,99,13.0,70,5.8
2026-06-16T06:00,16.9,94,93.0,71,5.0
2026-06-16T07:00,20.5,88,222.0,56,5.4
2026-06-16T08:00,22.7,93,361.0,48,5.0
2026-06-16T09:00,24.3,77,517.0,45,6.1
2026-06-16T10:00,25.7,48,653.0,42,7.2
2026-06-16T11:00,26.9,98,753.0,39,9.0
2026-06-16T12:00,28.0,3,815.0,35,6.8
2026-06-16T13:00,28.8,1,858.0,32,9.7
2026-06-16T14:00,28.3,99,621.0,44,16.9
2026-06-16T15:00,25.4,97,499.0,59,21.6
2026-06-16T16:00,23.0,100,227.0,65,21.2
2026-06-16T17:00,21.9,100,140.0,67,22.0
2026-06-16T18:00,20.2,100,22.0,77,22.3
2026-06-16T19:00,18.9,100,14.0,82,22.3
2026-06-16T20:00,17.6,100,10.0,79,20.9
2026-06-16T21:00,17.1,100,4.0,79,17.6
2026-06-16T22:00,16.8,100,0.0,78,17.6
2026-06-16T23:00,16.4,100,0.0,79,10.8
2026-06-17T00:00,16.4,100,0.0,76,14.8
2026-06-17T01:00,15.9,97,0.0,74,14.8
2026-06-17T02:00,15.7,100,0.0,75,12.6
2026-06-17T03:00,15.2,100,0.0,75,13.3
2026-06-17T04:00,14.7,70,0.0,80,13.7
2026-06-17T05:00,14.3,1,13.0,78,16.6
2026-06-17T06:00,14.5,0,98.0,78,16.9
2026-06-17T07:00,15.4,0,228.0,77,14.4
2026-06-17T08:00,16.7,0,378.0,76,13.0
2026-06-17T09:00,18.2,0,529.0,67,13.3
2026-06-17T10:00,19.6,82,656.0,60,14.4
2026-06-17T11:00,20.0,100,654.0,58,14.0
2026-06-17T12:00,20.7,100,662.0,55,15.8
2026-06-17T13:00,21.5,100,735.0,53,16.6
2026-06-17T14:00,22.1,97,735.0,50,14.0
2026-06-17T15:00,22.3,100,650.0,49,16.6
2026-06-17T16:00,22.5,97,563.0,48,16.9
2026-06-17T17:00,22.6,100,433.0,47,14.0
2026-06-17T18:00,22.8,20,387.0,46,14.4
2026-06-17T19:00,22.4,7,255.0,47,14.0
2026-06-17T20:00,21.9,81,122.0,49,13.3
2026-06-17T21:00,21.0,90,26.0,59,12.6
2026-06-17T22:00,20.4,90,0.0,62,13.3
2026-06-17T23:00,19.5,89,0.0,64,9.7
2026-06-18T00:00,19.2,100,0.0,66,11.2
2026-06-18T01:00,18.8,91,0.0,68,11.5
2026-06-18T02:00,18.0,0,0.0,71,12.2
2026-06-18T03:00,17.4,0,0.0,71,10.8
2026-06-18T04:00,17.0,3,0.0,72,9.7
2026-06-18T05:00,16.5,65,12.0,75,9.4
2026-06-18T06:00,17.1,3,94.0,73,8.6
2026-06-18T07:00,18.7,69,225.0,66,7.6
2026-06-18T08:00,19.9,69,332.0,63,8.3
2026-06-18T09:00,21.4,100,492.0,60,11.9
2026-06-18T10:00,22.9,97,572.0,54,14.0
2026-06-18T11:00,24.1,88,735.0,50,15.5
2026-06-18T12:00,25.3,11,801.0,47,17.3
2026-06-18T13:00,26.0,98,784.0,44,18.7
2026-06-18T14:00,27.0,0,773.0,41,22.3
2026-06-18T15:00,27.9,97,754.0,39,22.7
2026-06-18T16:00,27.3,100,576.0,44,21.6
2026-06-18T17:00,26.9,92,403.0,43,19.4
2026-06-18T18:00,26.2,86,243.0,40,18.7
2026-06-18T19:00,25.4,99,239.0,36,21.2
2026-06-18T20:00,24.7,100,107.0,40,16.9
2026-06-18T21:00,23.2,100,19.0,53,20.2
2026-06-18T22:00,22.2,100,0.0,54,17.6
2026-06-18T23:00,21.2,100,0.0,57,16.6
2026-06-19T00:00,20.3,1,0.0,50,15.8
2026-06-19T01:00,19.2,19,0.0,48,13.3
2026-06-19T02:00,18.1,34,0.0,49,11.9
2026-06-19T03:00,17.9,22,0.0,60,11.5
2026-06-19T04:00,17.3,2,0.0,62,12.6
2026-06-19T05:00,16.9,100,10.0,61,13.0
2026-06-19T06:00,17.0,100,28.0,64,11.9
2026-06-19T07:00,17.3,100,66.0,67,13.0
2026-06-19T08:00,17.7,100,118.0,66,9.4
2026-06-19T09:00,17.4,100,111.0,72,13.0
2026-06-19T10:00,17.4,100,127.0,75,14.0
2026-06-19T11:00,17.7,100,196.0,74,8.6
2026-06-19T12:00,17.8,100,120.0,69,14.4
2026-06-19T13:00,19.5,62,504.0,61,15.8
2026-06-19T14:00,21.1,0,798.0,41,20.9
2026-06-19T15:00,21.8,35,790.0,36,20.9
2026-06-19T16:00,21.6,35,651.0,37,22.3
2026-06-19T17:00,21.3,0,541.0,32,22.0
2026-06-19T18:00,20.7,0,422.0,35,24.8
2026-06-19T19:00,19.6,54,263.0,38,24.5
2026-06-19T20:00,18.5,0,73.0,41,22.7
2026-06-19T21:00,17.5,0,28.0,43,21.2
2026-06-19T22:00,16.7,0,0.0,46,20.9
2026-06-19T23:00,15.9,0,0.0,51,9.0
2026-06-20T00:00,15.7,2,0.0,52,15.1
2026-06-20T01:00,15.0,0,0.0,57,18.4
2026-06-20T02:00,14.3,0,0.0,61,20.2
2026-06-20T03:00,13.9,0,0.0,62,17.6
2026-06-20T04:00,13.1,0,0.0,64,16.2
2026-06-20T05:00,12.8,0,14.0,65,17.6
2026-06-20T06:00,13.0,0,100.0,64,16.6
2026-06-20T07:00,13.7,0,231.0,63,14.4
2026-06-20T08:00,15.0,0,381.0,60,13.0
2026-06-20T09:00,16.4,0,534.0,56,13.7
2026-06-20T10:00,18.2,0,668.0,50,15.1
2026-06-20T11:00,19.6,0,776.0,43,15.5
2026-06-20T12:00,20.5,47,821.0,40,19.1
2026-06-20T13:00,20.5,100,669.0,39,19.4
2026-06-20T14:00,21.1,0,517.0,37,22.0
2026-06-20T15:00,21.9,87,706.0,35,21.2
2026-06-20T16:00,21.9,50,504.0,33,20.5
2026-06-20T17:00,21.7,0,513.0,31,23.0
2026-06-20T18:00,21.3,0,425.0,29,21.6
2026-06-20T19:00,20.3,0,271.0,31,20.9
2026-06-20T20:00,19.3,0,131.0,36,19.1
2026-06-20T21:00,18.2,0,28.0,38,19.4
2026-06-20T22:00,17.2,0,0.0,44,16.6
2026-06-20T23:00,16.2,0,0.0,47,13.7
2026-06-21T00:00,15.5,0,0.0,49,15.1
2026-06-21T01:00,14.6,0,0.0,52,14.4
2026-06-21T02:00,13.5,0,0.0,57,13.7
2026-06-21T03:00,12.9,5,0.0,62,10.8
2026-06-21T04:00,12.4,37,0.0,63,10.1
2026-06-21T05:00,12.0,68,13.0,64,9.4
2026-06-21T06:00,12.9,4,90.0,60,6.8
2026-06-21T07:00,14.2,94,226.0,53,6.8
2026-06-21T08:00,15.5,100,358.0,50,7.2
2026-06-21T09:00,17.2,5,504.0,48,9.4
2026-06-21T10:00,18.7,74,659.0,45,11.5
2026-06-21T11:00,20.1,0,741.0,42,9.4
2026-06-21T12:00,21.6,30,842.0,37,13.3
2026-06-21T13:00,22.4,20,843.0,35,15.5
2026-06-21T14:00,23.4,31,841.0,31,13.0
2026-06-21T15:00,24.0,41,794.0,28,15.8
2026-06-21T16:00,24.0,93,662.0,28,16.6
2026-06-21T17:00,23.8,91,458.0,29,16.6
2026-06-21T18:00,23.6,98,335.0,33,14.4
2026-06-21T19:00,23.3,0,194.0,35,14.8
2026-06-21T20:00,22.9,1,125.0,39,11.9
2026-06-21T21:00,22.5,51,25.0,42,13.0
2026-06-21T22:00,21.9,90,0.0,41,14.4
2026-06-21T23:00,21.6,87,0.0,43,15.8
2026-06-22T00:00,20.8,10,0.0,44,17.3
2026-06-22T01:00,20.0,94,0.0,46,19.4
2026-06-22T02:00,19.3,62,0.0,47,21.6
2026-06-22T03:00,18.2,100,0.0,49,17.6
2026-06-22T04:00,17.5,66,0.0,53,15.8
2026-06-22T05:00,17.2,28,3.0,57,14.4
2026-06-22T06:00,17.2,99,47.0,59,13.7
2026-06-22T07:00,18.3,51,121.0,58,13.0
2026-06-22T08:00,19.6,100,294.0,59,10.8
2026-06-22T09:00,19.7,100,161.0,62,13.0
2026-06-22T10:00,21.5,6,434.0,58,14.0
2026-06-22T11:00,23.4,1,760.0,48,14.8
2026-06-22T12:00,24.7,24,826.0,39,16.2
2026-06-22T13:00,25.5,43,832.0,35,17.6
2026-06-22T14:00,26.1,28,796.0,32,20.5
2026-06-22T15:00,26.4,88,786.0,26,18.7
2026-06-22T16:00,26.2,57,673.0,25,17.6
2026-06-22T17:00,25.9,34,530.0,26,14.4
2026-06-22T18:00,25.3,17,405.0,27,14.4
2026-06-22T19:00,24.1,1,253.0,32,14.4
2026-06-22T20:00,22.8,0,129.0,35,14.0
2026-06-22T21:00,21.6,4,28.0,38,12.2
2026-06-22T22:00,20.8,99,0.0,39,10.1
2026-06-22T23:00,20.0,100,0.0,38,10.4
2026-06-23T00:00,19.5,100,0.0,38,9.7
2026-06-23T01:00,18.6,85,0.0,41,11.9
2026-06-23T02:00,17.2,0,0.0,45,10.4
2026-06-23T03:00,16.2,13,0.0,48,10.8
2026-06-23T04:00,15.6,8,0.0,49,12.2
2026-06-23T05:00,15.1,99,10.0,52,13.3
2026-06-23T06:00,15.1,81,70.0,52,14.8
2026-06-23T07:00,16.1,100,207.0,51,17.3
2026-06-23T08:00,17.7,100,293.0,47,15.8
2026-06-23T09:00,19.5,100,415.0,44,16.9
2026-06-23T10:00,20.7,100,436.0,43,17.6
2026-06-23T11:00,22.1,100,382.0,43,17.3
2026-06-23T12:00,24.3,100,565.0,41,15.5
2026-06-23T13:00,24.5,87,285.0,44,17.6
2026-06-23T14:00,28.6,97,752.0,38,13.0
2026-06-23T15:00,30.2,98,514.0,33,16.6
2026-06-23T16:00,29.9,99,475.0,37,18.0
2026-06-23T17:00,27.6,100,189.0,42,15.5
2026-06-23T18:00,27.2,100,152.0,45,10.8
2026-06-23T19:00,26.5,95,128.0,51,11.2
2026-06-23T20:00,26.6,92,110.0,51,17.6
2026-06-23T21:00,26.4,100,22.0,55,14.0
2026-06-23T22:00,24.3,100,0.0,66,23.0
2026-06-23T23:00,22.6,100,0.0,65,6.1
2026-06-24T00:00,21.4,100,0.0,64,23.4
2026-06-24T01:00,18.7,100,0.0,79,20.5
2026-06-24T02:00,17.4,1,0.0,77,18.0
2026-06-24T03:00,16.7,97,0.0,68,22.7
2026-06-24T04:00,16.0,100,0.0,77,17.3
2026-06-24T05:00,15.0,100,5.0,77,18.4
2026-06-24T06:00,14.6,2,67.0,80,17.3
2026-06-24T07:00,15.2,2,225.0,75,18.4
2026-06-24T08:00,16.3,1,374.0,68,16.9
2026-06-24T09:00,17.5,10,515.0,60,19.1
2026-06-24T10:00,18.5,70,632.0,55,19.4
2026-06-24T11:00,19.6,10,703.0,48,20.5
2026-06-24T12:00,20.4,10,806.0,44,22.3
2026-06-24T13:00,21.3,45,831.0,41,23.0
2026-06-24T14:00,21.4,5,752.0,38,25.6
2026-06-24T15:00,21.1,36,626.0,41,23.0
2026-06-24T16:00,21.3,100,553.0,39,20.5
2026-06-24T17:00,21.5,40,418.0,38,18.4
2026-06-24T18:00,21.8,2,380.0,36,17.6
2026-06-24T19:00,21.4,42,262.0,35,20.5
2026-06-24T20:00,20.6,1,126.0,39,11.5
2026-06-24T21:00,19.9,0,27.0,36,21.6
2026-06-24T22:00,19.0,38,0.0,37,18.0
2026-06-24T23:00,18.8,97,0.0,40,17.3
2026-06-25T00:00,18.5,2,0.0,42,17.3
2026-06-25T01:00,18.0,33,0.0,44,15.1
2026-06-25T02:00,18.0,98,0.0,44,14.8
2026-06-25T03:00,18.0,66,0.0,43,12.6
2026-06-25T04:00,17.3,100,0.0,49,14.4
2026-06-25T05:00,17.6,100,6.0,50,18.7
2026-06-25T06:00,17.4,100,15.0,54,18.4
2026-06-25T07:00,17.6,100,24.0,54,19.1
2026-06-25T08:00,19.0,84,238.0,56,21.6
2026-06-25T09:00,19.9,0,331.0,57,21.2
2026-06-25T10:00,21.6,99,632.0,54,21.6
2026-06-25T11:00,22.4,50,549.0,52,22.3
2026-06-25T12:00,23.4,67,707.0,49,22.7
2026-06-25T13:00,23.4,99,463.0,50,24.1
2026-06-25T14:00,23.7,3,530.0,50,24.5
2026-06-25T15:00,21.9,100,303.0,57,24.5
2026-06-25T16:00,23.2,0,518.0,54,25.2
2026-06-25T17:00,23.2,100,547.0,54,30.6
2026-06-25T18:00,19.5,100,78.0,81,23.0
2026-06-25T19:00,18.9,73,49.0,81,18.7
2026-06-25T20:00,19.0,4,99.0,79,18.0
2026-06-25T21:00,18.7,0,27.0,71,18.4
2026-06-25T22:00,18.0,0,0.0,70,15.8
2026-06-25T23:00,17.6,0,0.0,68,13.0
2026-06-26T00:00,17.3,0,0.0,66,16.6
2026-06-26T01:00,16.4,0,0.0,68,13.7
2026-06-26T02:00,15.7,0,0.0,70,14.0
2026-06-26T03:00,15.2,0,0.0,70,11.5
2026-06-26T04:00,14.6,0,0.0,72,11.2
2026-06-26T05:00,14.1,0,13.0,75,11.2
2026-06-26T06:00,14.8,0,95.0,73,10.8
2026-06-26T07:00,16.0,0,224.0,69,9.4
2026-06-26T08:00,17.2,0,373.0,66,7.6
2026-06-26T09:00,18.4,0,522.0,63,6.1
2026-06-26T10:00,19.8,0,651.0,59,5.0
2026-06-26T11:00,21.2,0,758.0,55,6.1
2026-06-26T12:00,22.0,37,789.0,52,7.9
2026-06-26T13:00,23.1,7,802.0,47,8.3
2026-06-26T14:00,24.2,0,840.0,41,5.4
2026-06-26T15:00,25.1,72,786.0,35,6.8
2026-06-26T16:00,25.5,0,688.0,34,7.2
2026-06-26T17:00,25.6,41,563.0,37,7.6
2026-06-26T18:00,25.5,78,405.0,38,7.6
2026-06-26T19:00,24.9,98,232.0,41,8.6
2026-06-26T20:00,24.2,99,111.0,43,9.0
2026-06-26T21:00,23.5,99,21.0,46,10.1
2026-06-26T22:00,22.6,91,0.0,48,11.5
2026-06-26T23:00,22.0,82,0.0,54,11.2
2026-06-27T00:00,21.1,95,0.0,59,12.2
2026-06-27T01:00,20.6,100,0.0,59,14.0
2026-06-27T02:00,21.1,100,0.0,56,14.0
2026-06-27T03:00,19.9,100,0.0,83,12.2
2026-06-27T04:00,20.4,100,0.0,84,12.6
2026-06-27T05:00,20.2,100,0.0,89,20.2
2026-06-27T06:00,20.1,100,6.0,89,19.4
2026-06-27T07:00,20.2,100,44.0,87,20.5
2026-06-27T08:00,20.4,100,80.0,85,16.9
2026-06-27T09:00,20.7,100,146.0,84,19.8
2026-06-27T10:00,20.7,2,123.0,80,17.3
2026-06-27T11:00,21.7,100,504.0,73,19.4
2026-06-27T12:00,22.7,9,434.0,74,17.6
2026-06-27T13:00,22.1,99,439.0,71,19.1
2026-06-27T14:00,24.7,12,752.0,59,19.1
2026-06-27T15:00,25.2,69,651.0,56,17.3
2026-06-27T16:00,24.0,99,320.0,61,16.9
2026-06-27T17:00,21.4,100,183.0,76,18.7
2026-06-27T18:00,21.0,100,143.0,73,14.4
2026-06-27T19:00,19.4,100,22.0,81,20.9
2026-06-27T20:00,18.4,100,6.0,82,16.6
2026-06-27T21:00,18.0,100,6.0,87,13.0
2026-06-27T22:00,17.5,71,0.0,84,20.5
2026-06-27T23:00,16.9,99,0.0,80,19.8
2026-06-28T00:00,16.4,100,0.0,84,16.9
2026-06-28T01:00,15.8,20,0.0,82,19.4
2026-06-28T02:00,14.7,0,0.0,87,17.3
2026-06-28T03:00,14.6,2,0.0,86,17.3
2026-06-28T04:00,14.1,6,0.0,88,16.6
2026-06-28T05:00,14.0,43,11.0,87,16.9
2026-06-28T06:00,14.5,65,87.0,84,16.6
2026-06-28T07:00,15.3,20,194.0,82,15.5
2026-06-28T08:00,16.4,98,344.0,79,15.1
2026-06-28T09:00,17.7,31,494.0,72,16.9
2026-06-28T10:00,18.5,94,467.0,67,17.3
2026-06-28T11:00,20.0,29,561.0,58,18.4
2026-06-28T12:00,21.1,19,752.0,51,18.0
2026-06-28T13:00,22.0,68,793.0,49,17.3
2026-06-28T14:00,22.7,98,627.0,47,18.0
2026-06-28T15:00,22.7,96,418.0,48,20.2
2026-06-28T16:00,23.0,100,416.0,48,18.0
2026-06-28T17:00,22.4,100,129.0,51,16.2
2026-06-28T18:00,22.6,100,153.0,51,14.8
2026-06-28T19:00,22.2,100,81.0,52,15.1
2026-06-28T20:00,22.0,96,55.0,52,13.0
2026-06-28T21:00,22.2,100,15.0,53,10.8
2026-06-28T22:00,21.7,100,0.0,60,13.0
2026-06-28T23:00,21.5,100,0.0,61,9.7
2026-06-29T00:00,21.4,100,0.0,61,14.0
2026-06-29T01:00,21.3,100,0.0,64,14.4
2026-06-29T02:00,21.2,100,0.0,66,17.3
2026-06-29T03:00,21.0,100,0.0,68,18.0
2026-06-29T04:00,20.7,80,0.0,69,17.3
2026-06-29T05:00,20.7,100,8.0,71,17.3
2026-06-29T06:00,20.7,61,58.0,73,15.8
2026-06-29T07:00,21.3,99,192.0,73,16.9
2026-06-29T08:00,21.7,81,164.0,72,17.3
2026-06-29T09:00,22.0,100,229.0,69,20.2
2026-06-29T10:00,22.2,100,189.0,66,19.1
2026-06-29T11:00,24.1,94,555.0,60,18.4
2026-06-29T12:00,24.4,100,546.0,58,20.9
2026-06-29T13:00,23.6,24,183.0,61,19.8
2026-06-29T14:00,25.7,100,711.0,53,18.0
2026-06-29T15:00,26.3,100,526.0,50,20.2
2026-06-29T16:00,25.1,87,134.0,57,20.5
2026-06-29T17:00,23.4,1,224.0,69,23.8
2026-06-29T18:00,23.6,100,256.0,67,17.6
2026-06-29T19:00,22.3,59,107.0,79,15.5
2026-06-29T20:00,22.3,0,101.0,70,19.8
2026-06-29T21:00,21.6,3,27.0,73,14.4
2026-06-29T22:00,20.9,0,0.0,55,20.9
2026-06-29T23:00,19.6,0,0.0,47,19.8
2026-06-30T00:00,18.4,0,0.0,53,15.8
2026-06-30T01:00,17.5,0,0.0,54,14.4
2026-06-30T02:00,16.4,0,0.0,59,20.2
2026-06-30T03:00,15.8,0,0.0,62,17.6
2026-06-30T04:00,15.3,91,0.0,61,17.6
2026-06-30T05:00,14.8,92,11.0,60,16.9
2026-06-30T06:00,15.0,0,89.0,59,18.4
2026-06-30T07:00,15.4,9,222.0,59,18.4
2026-06-30T08:00,16.1,0,370.0,60,13.3
2026-06-30T09:00,17.4,0,522.0,56,15.1
2026-06-30T10:00,18.7,0,654.0,52,15.8
2026-06-30T11:00,19.8,0,762.0,49,16.9
2026-06-30T12:00,20.9,0,838.0,45,17.3
2026-06-30T13:00,22.4,37,865.0,40,18.0
2026-06-30T14:00,23.3,15,845.0,37,21.2
2026-06-30T15:00,23.9,0,791.0,35,19.4
2026-06-30T16:00,24.3,55,688.0,34,20.9
2026-06-30T17:00,24.1,0,534.0,35,21.2
2026-06-30T18:00,23.7,0,415.0,35,19.8
2026-06-30T19:00,23.0,7,264.0,36,19.8
2026-06-30T20:00,20.9,1,126.0,37,20.5
2026-06-30T21:00,19.7,0,28.0,38,19.8
2026-06-30T22:00,18.4,4,0.0,38,19.1
2026-06-30T23:00,17.4,15,0.0,42,15.8
2026-07-01T00:00,16.9,0,0.0,45,14.4
2026-07-01T01:00,16.0,0,0.0,48,14.0
2026-07-01T02:00,15.0,0,0.0,53,12.2
2026-07-01T03:00,14.6,0,0.0,60,11.5
2026-07-01T04:00,14.3,0,0.0,60,10.8
2026-07-01T05:00,13.6,0,11.0,62,10.1
2026-07-01T06:00,14.3,0,92.0,59,8.3
2026-07-01T07:00,15.9,0,222.0,52,7.6
2026-07-01T08:00,17.7,0,371.0,46,7.2
2026-07-01T09:00,19.2,0,523.0,41,8.3
2026-07-01T10:00,20.5,0,655.0,36,8.3
2026-07-01T11:00,21.6,0,761.0,38,6.5
2026-07-01T12:00,23.1,0,835.0,36,10.1
2026-07-01T13:00,24.2,0,860.0,35,10.4
2026-07-01T14:00,25.5,0,843.0,33,13.3
2026-07-01T15:00,26.4,0,787.0,31,13.3
2026-07-01T16:00,26.6,0,684.0,32,14.0
2026-07-01T17:00,26.6,0,555.0,33,13.3
2026-07-01T18:00,26.3,0,414.0,31,14.8
2026-07-01T19:00,25.6,0,263.0,32,14.0
2026-07-01T20:00,24.8,0,128.0,35,9.7
2026-07-01T21:00,24.0,0,27.0,38,9.7
2026-07-01T22:00,23.1,31,0.0,42,8.6
2026-07-01T23:00,22.0,0,0.0,46,9.0
2026-07-02T00:00,21.3,0,0.0,48,8.3
2026-07-02T01:00,20.9,0,0.0,48,1.8
2026-07-02T02:00,19.7,0,0.0,52,1.1
2026-07-02T03:00,19.4,0,0.0,53,2.2
2026-07-02T04:00,18.8,0,0.0,57,2.9
2026-07-02T05:00,17.5,0,10.0,63,5.0
2026-07-02T06:00,18.0,0,88.0,60,4.7
2026-07-02T07:00,19.8,0,215.0,54,4.3
2026-07-02T08:00,22.1,0,362.0,47,5.0
2026-07-02T09:00,24.1,0,512.0,40,2.9
2026-07-02T10:00,25.7,0,643.0,36,6.1
2026-07-02T11:00,26.7,0,751.0,35,5.4
2026-07-02T12:00,27.8,0,828.0,33,5.0
2026-07-02T13:00,28.9,0,855.0,32,6.1
2026-07-02T14:00,30.0,0,838.0,31,2.9
2026-07-02T15:00,31.7,0,781.0,27,5.4
2026-07-02T16:00,31.9,0,680.0,27,7.9
2026-07-02T17:00,31.7,0,552.0,29,7.9
2026-07-02T18:00,31.4,0,409.0,30,6.8
2026-07-02T19:00,30.7,0,260.0,32,7.6
2026-07-02T20:00,30.0,0,125.0,33,7.9
2026-07-02T21:00,28.8,0,27.0,37,5.4
2026-07-02T22:00,27.2,0,0.0,43,9.7
2026-07-02T23:00,25.5,0,0.0,49,10.1
2026-07-03T00:00,24.4,0,0.0,51,10.4
2026-07-03T01:00,24.5,0,0.0,46,11.5
2026-07-03T02:00,23.6,0,0.0,48,11.5
2026-07-03T03:00,23.0,0,0.0,50,10.1
2026-07-03T04:00,21.3,0,0.0,57,9.7
2026-07-03T05:00,20.0,0,9.0,63,9.7
2026-07-03T06:00,20.3,0,88.0,63,8.6
2026-07-03T07:00,22.0,0,215.0,56,10.4
2026-07-03T08:00,24.3,0,363.0,50,9.4
2026-07-03T09:00,26.8,0,512.0,42,11.5
2026-07-03T10:00,29.1,0,645.0,40,10.8
2026-07-03T11:00,31.0,0,753.0,34,10.4
2026-07-03T12:00,32.8,0,830.0,28,12.6
2026-07-03T13:00,33.8,0,855.0,25,13.7
2026-07-03T14:00,34.7,0,836.0,26,9.7
2026-07-03T15:00,35.8,0,779.0,22,18.4
2026-07-03T16:00,35.5,0,677.0,21,15.1
2026-07-03T17:00,33.3,2,511.0,30,25.6
2026-07-03T18:00,31.5,0,333.0,33,23.8
2026-07-03T19:00,29.3,66,227.0,45,24.5
2026-07-03T20:00,26.2,83,88.0,57,25.9
2026-07-03T21:00,24.6,13,14.0,59,21.2
2026-07-03T22:00,23.6,100,0.0,64,18.7
2026-07-03T23:00,22.1,59,0.0,60,18.0
2026-07-04T00:00,21.3,100,0.0,55,19.8
2026-07-04T01:00,20.8,99,0.0,51,17.3
2026-07-04T02:00,19.4,100,0.0,55,14.4
2026-07-04T03:00,18.1,0,0.0,64,13.7
2026-07-04T04:00,17.5,100,0.0,58,12.2
2026-07-04T05:00,17.1,0,4.0,55,12.2
2026-07-04T06:00,16.9,0,88.0,55,11.9
2026-07-04T07:00,17.3,0,219.0,54,10.8
2026-07-04T08:00,18.2,11,371.0,49,8.6
2026-07-04T09:00,19.3,11,518.0,41,7.9
2026-07-04T10:00,20.0,100,588.0,40,8.6
2026-07-04T11:00,21.0,79,627.0,38,11.5
2026-07-04T12:00,21.7,55,699.0,37,10.8
2026-07-04T13:00,22.6,100,731.0,32,13.0
2026-07-04T14:00,23.8,0,817.0,26,14.8
2026-07-04T15:00,24.6,0,802.0,25,14.4
2026-07-04T16:00,24.8,94,696.0,24,14.0
2026-07-04T17:00,23.9,85,361.0,26,15.8
2026-07-04T18:00,23.5,0,367.0,27,16.2
2026-07-04T19:00,22.6,0,267.0,28,16.9
2026-07-04T20:00,21.7,0,130.0,29,13.0
2026-07-04T21:00,21.1,0,27.0,30,9.7
2026-07-04T22:00,20.6,0,0.0,31,7.6
2026-07-04T23:00,19.2,0,0.0,42,15.1
2026-07-05T00:00,18.3,0,0.0,45,10.8
2026-07-05T01:00,17.7,15,0.0,48,7.2
2026-07-05T02:00,16.7,0,0.0,54,5.0
2026-07-05T03:00,16.5,0,0.0,57,4.3
2026-07-05T04:00,16.3,15,0.0,57,5.8
2026-07-05T05:00,15.6,80,8.0,59,7.9
2026-07-05T06:00,16.5,86,68.0,55,9.0
2026-07-05T07:00,17.5,82,163.0,49,10.1
2026-07-05T08:00,18.5,61,295.0,46,10.4
2026-07-05T09:00,19.8,3,471.0,44,10.4
2026-07-05T10:00,21.5,0,643.0,39,9.7
2026-07-05T11:00,22.7,0,753.0,35,10.4
2026-07-05T12:00,23.7,0,828.0,32,10.4
2026-07-05T13:00,24.7,0,856.0,29,10.4
2026-07-05T14:00,25.5,90,840.0,27,7.2
2026-07-05T15:00,25.9,18,734.0,25,8.3
2026-07-05T16:00,26.2,0,687.0,26,9.0
2026-07-05T17:00,26.4,8,558.0,27,6.8
2026-07-05T18:00,26.6,11,408.0,26,9.4
2026-07-05T19:00,26.2,0,257.0,28,9.0
2026-07-05T20:00,25.5,19,125.0,31,7.2
2026-07-05T21:00,24.8,72,24.0,35,7.9
2026-07-05T22:00,23.8,9,0.0,38,11.5
2026-07-05T23:00,22.0,100,0.0,44,15.8
2026-07-06T00:00,21.4,100,0.0,44,11.5
2026-07-06T01:00,21.1,28,0.0,43,13.0
2026-07-06T02:00,20.2,0,0.0,45,16.9
2026-07-06T03:00,19.7,17,0.0,49,15.5
2026-07-06T04:00,19.0,65,0.0,53,13.7
2026-07-06T05:00,18.2,98,8.0,57,14.0
2026-07-06T06:00,18.5,56,75.0,59,13.7
2026-07-06T07:00,19.6,100,161.0,56,13.0
2026-07-06T08:00,21.4,100,273.0,51,10.4
2026-07-06T09:00,21.8,100,178.0,53,7.6
2026-07-06T10:00,23.6,75,244.0,45,5.8
2026-07-06T11:00,25.8,100,586.0,39,7.2
2026-07-06T12:00,25.9,100,359.0,41,8.6
2026-07-06T13:00,27.0,100,382.0,39,8.3
2026-07-06T14:00,28.8,57,440.0,37,8.3
2026-07-06T15:00,30.8,71,612.0,32,10.8
2026-07-06T16:00,29.4,100,326.0,34,16.6
2026-07-06T17:00,28.2,100,215.0,39,9.7
2026-07-06T18:00,29.9,79,340.0,36,7.2
2026-07-06T19:00,29.2,100,236.0,38,9.4
2026-07-06T20:00,27.6,98,54.0,43,3.6
2026-07-06T21:00,26.0,97,22.0,50,10.1
2026-07-06T22:00,24.6,100,0.0,57,10.4
2026-07-06T23:00,23.8,99,0.0,59,5.8
2026-07-07T00:00,23.8,97,0.0,49,11.5
2026-07-07T01:00,23.1,84,0.0,46,10.8
2026-07-07T02:00,22.0,100,0.0,46,12.2
2026-07-07T03:00,21.5,94,0.0,48,11.5
2026-07-07T04:00,21.5,100,0.0,48,13.3
2026-07-07T05:00,21.0,100,4.0,52,9.0
2026-07-07T06:00,20.7,100,19.0,57,14.0
2026-07-07T07:00,20.1,100,20.0,66,18.4
2026-07-07T08:00,20.3,100,47.0,66,11.2
2026-07-07T09:00,21.4,100,147.0,62,5.0
2026-07-07T10:00,22.3,100,99.0,59,7.2
2026-07-07T11:00,20.4,100,83.0,79,2.9
2026-07-07T12:00,20.1,100,21.0,84,13.3
2026-07-07T13:00,18.9,100,15.0,88,11.9
2026-07-07T14:00,19.4,100,138.0,83,9.0
2026-07-07T15:00,21.6,100,446.0,75,9.0
2026-07-07T16:00,21.2,100,320.0,74,7.6
2026-07-07T17:00,21.9,100,332.0,70,6.8
2026-07-07T18:00,22.9,100,292.0,66,9.0
2026-07-07T19:00,21.6,100,56.0,76,10.1
2026-07-07T20:00,20.9,100,31.0,79,10.8
2026-07-07T21:00,20.1,100,1.0,85,10.8
2026-07-07T22:00,19.7,100,0.0,89,8.3
2026-07-07T23:00,19.5,100,0.0,89,9.4
2026-07-08T00:00,19.1,100,0.0,90,12.6
2026-07-08T01:00,18.7,77,0.0,89,10.1
2026-07-08T02:00,17.9,7,0.0,87,11.5
2026-07-08T03:00,17.5,0,0.0,87,9.7
2026-07-08T04:00,17.4,100,0.0,90,10.8
2026-07-08T05:00,16.7,100,3.0,90,9.7
2026-07-08T06:00,16.9,100,25.0,91,9.0
2026-07-08T07:00,17.5,100,71.0,86,5.8
2026-07-08T08:00,18.4,45,200.0,82,5.8
2026-07-08T09:00,19.9,96,469.0,76,4.0
2026-07-08T10:00,21.5,12,599.0,70,3.6
2026-07-08T11:00,22.8,100,637.0,63,2.5
2026-07-08T12:00,23.1,100,332.0,60,4.3
2026-07-08T13:00,23.5,100,299.0,57,3.2
2026-07-08T14:00,25.2,100,704.0,51,8.6
2026-07-08T15:00,26.4,100,602.0,44,6.5
2026-07-08T16:00,25.5,100,365.0,51,9.7
2026-07-08T17:00,21.2,100,159.0,81,20.5
2026-07-08T18:00,19.3,100,34.0,88,22.0
2026-07-08T19:00,19.1,100,35.0,87,13.0
2026-07-08T20:00,18.8,100,17.0,88,15.1
2026-07-08T21:00,18.7,100,5.0,89,14.4
2026-07-08T22:00,18.5,100,0.0,85,15.8
2026-07-08T23:00,18.5,100,0.0,83,16.9
2026-07-09T00:00,18.0,100,0.0,87,13.7
2026-07-09T01:00,17.9,100,0.0,89,11.9
2026-07-09T02:00,17.8,100,0.0,93,13.0
2026-07-09T03:00,17.7,100,0.0,93,16.6
2026-07-09T04:00,16.8,100,0.0,91,19.8
2026-07-09T05:00,16.3,100,0.0,92,18.7
2026-07-09T06:00,16.1,100,2.0,92,17.6
2026-07-09T07:00,15.4,100,7.0,89,20.2
2026-07-09T08:00,15.0,100,7.0,90,16.9
2026-07-09T09:00,14.9,100,4.0,92,17.3
2026-07-09T10:00,14.9,100,4.0,89,20.9
2026-07-09T11:00,14.8,100,9.0,90,17.6
2026-07-09T12:00,14.9,100,10.0,91,16.9
2026-07-09T13:00,15.2,100,12.0,91,18.4
2026-07-09T14:00,15.6,100,27.0,91,21.2
2026-07-09T15:00,15.6,100,23.0,89,21.6
2026-07-09T16:00,15.6,100,17.0,89,18.0
2026-07-09T17:00,16.1,100,64.0,89,16.6
2026-07-09T18:00,16.3,100,55.0,90,13.7
2026-07-09T19:00,16.3,100,39.0,93,12.6
2026-07-09T20:00,16.4,100,20.0,93,13.0
2026-07-09T21:00,16.2,96,2.0,91,14.0
2026-07-09T22:00,15.8,100,0.0,90,12.6
2026-07-09T23:00,15.6,100,0.0,90,12.2
2026-07-10T00:00,15.2,100,0.0,88,15.1
2026-07-10T01:00,14.6,100,0.0,89,15.1
2026-07-10T02:00,14.1,100,0.0,90,13.3
2026-07-10T03:00,14.2,100,0.0,89,13.7
2026-07-10T04:00,14.2,100,0.0,89,14.8
2026-07-10T05:00,14.2,100,1.0,90,13.7
2026-07-10T06:00,14.2,100,7.0,91,15.1
2026-07-10T07:00,14.6,100,30.0,91,15.8
2026-07-10T08:00,14.9,100,62.0,90,13.3
2026-07-10T09:00,15.0,100,46.0,90,17.6
2026-07-10T10:00,15.1,100,30.0,90,15.8
2026-07-10T11:00,15.3,100,36.0,90,15.5
2026-07-10T12:00,16.1,100,157.0,87,16.6
2026-07-10T13:00,17.0,100,225.0,85,16.6
2026-07-10T14:00,18.6,100,262.0,70,17.3
2026-07-10T15:00,19.1,100,242.0,62,19.8
2026-07-10T16:00,18.4,100,151.0,66,20.5
2026-07-10T17:00,17.5,100,65.0,73,19.4
2026-07-10T18:00,17.2,100,42.0,71,13.7
2026-07-10T19:00,17.2,100,90.0,73,15.5
2026-07-10T20:00,16.8,100,22.0,70,15.8
2026-07-10T21:00,16.4,100,7.0,68,16.2
2026-07-10T22:00,16.3,100,0.0,69,16.2
2026-07-10T23:00,16.2,100,0.0,73,16.2
2026-07-11T00:00,16.1,100,0.0,67,16.9
2026-07-11T01:00,15.5,100,0.0,66,23.0
2026-07-11T02:00,14.9,100,0.0,67,27.4
2026-07-11T03:00,15.0,100,0.0,67,23.8
2026-07-11T04:00,14.1,100,0.0,78,22.3
2026-07-11T05:00,13.4,100,0.0,89,22.0
2026-07-11T06:00,13.3,100,2.0,90,20.5
2026-07-11T07:00,13.5,100,11.0,89,21.2
2026-07-11T08:00,13.8,100,15.0,89,21.2
2026-07-11T09:00,13.7,100,10.0,91,19.4
2026-07-11T10:00,13.8,100,9.0,92,19.1
2026-07-11T11:00,14.0,100,11.0,91,18.4
2026-07-11T12:00,14.1,100,22.0,89,18.0
2026-07-11T13:00,14.4,100,35.0,86,16.6
2026-07-11T14:00,15.1,100,28.0,84,12.6
2026-07-11T15:00,15.8,100,97.0,77,19.1
2026-07-11T16:00,15.7,100,146.0,77,15.5
2026-07-11T17:00,15.9,100,110.0,79,13.3
2026-07-11T18:00,16.7,16,271.0,72,15.8
2026-07-11T19:00,17.0,25,243.0,72,10.8
2026-07-11T20:00,16.3,65,73.0,74,12.6
2026-07-11T21:00,15.5,23,13.0,78,12.6
2026-07-11T22:00,15.0,0,0.0,81,12.2
2026-07-11T23:00,14.6,8,0.0,84,10.4
2026-07-12T00:00,14.2,38,0.0,87,10.1
2026-07-12T01:00,14.3,100,0.0,86,11.2
2026-07-12T02:00,14.3,18,0.0,84,7.2
2026-07-12T03:00,13.8,0,0.0,84,11.9
2026-07-12T04:00,13.8,100,0.0,85,11.2
2026-07-12T05:00,13.6,100,2.0,86,13.7
2026-07-12T06:00,13.8,100,20.0,83,13.7
2026-07-12T07:00,14.1,100,27.0,82,14.0
2026-07-12T08:00,14.7,100,57.0,80,13.0
2026-07-12T09:00,15.9,100,110.0,78,13.7
2026-07-12T10:00,15.8,100,61.0,80,15.5
2026-07-12T11:00,15.9,100,84.0,81,12.2
2026-07-12T12:00,16.0,100,76.0,82,16.9
2026-07-12T13:00,15.6,100,68.0,87,16.9
2026-07-12T14:00,16.1,100,133.0,86,14.8
2026-07-12T15:00,16.1,100,76.0,89,11.9
2026-07-12T16:00,16.6,100,89.0,88,9.7
2026-07-12T17:00,17.8,100,172.0,82,10.8
2026-07-12T18:00,19.0,95,218.0,77,10.8
2026-07-12T19:00,18.1,100,71.0,80,10.1
2026-07-12T20:00,18.5,49,32.0,74,11.5
2026-07-12T21:00,17.9,94,18.0,85,10.8
2026-07-12T22:00,17.3,100,0.0,89,10.4
2026-07-12T23:00,17.0,88,0.0,87,11.5
2026-07-13T00:00,16.3,1,0.0,88,11.2
2026-07-13T01:00,15.8,6,0.0,89,8.6
2026-07-13T02:00,15.4,12,0.0,91,6.1
2026-07-13T03:00,14.9,7,0.0,92,7.9
2026-07-13T04:00,14.3,0,0.0,93,9.0
2026-07-13T05:00,14.0,2,4.0,94,7.2
2026-07-13T06:00,14.6,0,72.0,93,8.3
2026-07-13T07:00,16.1,0,194.0,87,11.5
2026-07-13T08:00,17.9,4,336.0,82,10.8
2026-07-13T09:00,19.6,0,487.0,77,11.5
2026-07-13T10:00,21.5,7,620.0,68,11.9
2026-07-13T11:00,23.0,100,664.0,61,11.9
2026-07-13T12:00,23.7,97,433.0,59,10.8
2026-07-13T13:00,23.1,100,319.0,59,9.4
2026-07-13T14:00,23.2,100,473.0,58,6.1
2026-07-13T15:00,23.6,100,152.0,58,7.6
2026-07-13T16:00,23.5,98,137.0,52,11.2
2026-07-13T17:00,24.5,5,341.0,49,9.0
2026-07-13T18:00,24.7,78,384.0,57,12.6
2026-07-13T19:00,23.5,100,195.0,59,7.2
2026-07-13T20:00,22.8,100,58.0,62,9.0
2026-07-13T21:00,19.5,100,3.0,83,6.1
2026-07-13T22:00,19.4,100,0.0,79,12.6
2026-07-13T23:00,19.2,0,0.0,73,11.5
2026-07-14T00:00,18.6,0,0.0,84,4.3
2026-07-14T01:00,18.0,0,0.0,86,2.2
2026-07-14T02:00,17.3,19,0.0,89,6.5
2026-07-14T03:00,17.1,1,0.0,91,9.4
2026-07-14T04:00,16.5,1,0.0,91,6.8
2026-07-14T05:00,15.9,1,4.0,92,6.1
2026-07-14T06:00,16.6,4,68.0,90,5.4
2026-07-14T07:00,17.5,0,187.0,88,6.5
2026-07-14T08:00,19.1,47,328.0,83,8.3
2026-07-14T09:00,20.5,97,431.0,78,10.1
2026-07-14T10:00,21.7,99,492.0,73,7.9
2026-07-14T11:00,23.0,100,520.0,70,8.3
2026-07-14T12:00,23.3,100,400.0,66,5.8
2026-07-14T13:00,22.4,100,222.0,74,10.4
2026-07-14T14:00,23.5,99,322.0,69,3.2
2026-07-14T15:00,26.5,0,659.0,50,5.0
2026-07-14T16:00,26.9,100,598.0,46,8.3
2026-07-14T17:00,26.0,100,265.0,51,15.1
2026-07-14T18:00,24.5,87,340.0,61,15.8
2026-07-14T19:00,23.6,0,200.0,50,10.4
2026-07-14T20:00,22.8,0,111.0,56,2.2
2026-07-14T21:00,22.7,94,18.0,58,5.0
2026-07-14T22:00,21.5,100,0.0,82,8.3
2026-07-14T23:00,19.3,100,0.0,84,5.4
2026-07-15T00:00,19.5,0,0.0,82,10.4
2026-07-15T01:00,18.7,0,0.0,82,8.3
2026-07-15T02:00,18.8,6,0.0,83,4.0
2026-07-15T03:00,18.8,42,0.0,86,6.1
2026-07-15T04:00,18.2,45,0.0,84,7.2
2026-07-15T05:00,17.6,67,3.0,86,7.6
2026-07-15T06:00,18.3,47,57.0,88,6.1
2026-07-15T07:00,19.5,0,175.0,82,5.4
2026-07-15T08:00,21.0,0,332.0,75,4.0
2026-07-15T09:00,22.3,14,382.0,70,5.4
2026-07-15T10:00,22.4,2,529.0,76,9.0
2026-07-15T11:00,23.7,90,602.0,69,9.0
2026-07-15T12:00,25.0,4,607.0,62,9.7
2026-07-15T13:00,25.6,74,753.0,57,11.5
2026-07-15T14:00,26.3,96,725.0,54,13.7
2026-07-15T15:00,22.8,100,405.0,56,23.4
2026-07-15T16:00,22.1,100,197.0,66,12.2
2026-07-15T17:00,23.8,0,338.0,60,6.1
2026-07-15T18:00,24.4,95,390.0,60,7.2
2026-07-15T19:00,23.8,100,186.0,65,10.1
2026-07-15T20:00,23.2,92,48.0,69,8.3
2026-07-15T21:00,22.8,75,15.0,70,10.1
2026-07-15T22:00,22.0,100,0.0,71,12.2
2026-07-15T23:00,21.5,100,0.0,76,12.6
2026-07-16T00:00,21.0,100,0.0,78,16.9
2026-07-16T01:00,19.8,100,0.0,84,15.8
2026-07-16T02:00,19.5,100,0.0,85,15.5
2026-07-16T03:00,19.2,95,0.0,84,13.3
2026-07-16T04:00,18.4,100,0.0,87,14.0
2026-07-16T05:00,18.2,77,1.0,86,16.6
2026-07-16T06:00,17.9,100,20.0,87,15.8
2026-07-16T07:00,18.0,100,28.0,88,14.4
2026-07-16T08:00,17.6,100,14.0,87,16.6
2026-07-16T09:00,18.3,100,151.0,84,16.9
2026-07-16T10:00,18.1,100,237.0,84,17.3
2026-07-16T11:00,18.7,100,307.0,80,16.9
2026-07-16T12:00,17.7,100,219.0,87,16.9
2026-07-16T13:00,19.8,100,442.0,77,17.3
2026-07-16T14:00,19.6,6,114.0,79,11.5
2026-07-16T15:00,19.6,100,607.0,78,24.5
2026-07-16T16:00,20.1,11,324.0,63,16.9
2026-07-16T17:00,20.6,4,538.0,63,14.8
2026-07-16T18:00,20.3,0,391.0,55,15.5
2026-07-16T19:00,19.2,22,245.0,56,14.8
2026-07-16T20:00,18.5,17,107.0,64,7.6
2026-07-16T21:00,18.4,100,17.0,66,6.5
2026-07-16T22:00,18.1,100,0.0,67,9.0
2026-07-16T23:00,17.1,89,0.0,69,7.9
2026-07-17T00:00,16.6,82,0.0,71,4.0
2026-07-17T01:00,16.3,62,0.0,71,2.2
2026-07-17T02:00,16.4,100,0.0,70,4.3
2026-07-17T03:00,16.4,100,0.0,76,8.6
2026-07-17T04:00,16.3,90,0.0,67,9.7
2026-07-17T05:00,15.1,6,3.0,77,7.9
2026-07-17T06:00,15.4,100,49.0,69,7.2
2026-07-17T07:00,16.2,0,147.0,67,7.2
2026-07-17T08:00,17.0,60,330.0,65,7.2
2026-07-17T09:00,18.8,1,475.0,58,4.7
2026-07-17T10:00,19.1,100,331.0,58,4.0
2026-07-17T11:00,19.1,100,40.0,59,0.7
2026-07-17T12:00,20.8,25,439.0,55,1.1
2026-07-17T13:00,21.8,100,638.0,54,8.3
2026-07-17T14:00,21.9,100,362.0,53,5.8
2026-07-17T15:00,21.5,95,103.0,53,5.0
2026-07-17T16:00,22.8,100,578.0,51,11.9
2026-07-17T17:00,22.2,93,367.0,48,12.6
2026-07-17T18:00,21.4,90,326.0,60,11.2
2026-07-17T19:00,20.7,99,217.0,57,10.1
2026-07-17T20:00,20.1,100,73.0,57,8.6
2026-07-17T21:00,19.5,100,12.0,60,8.3
2026-07-17T22:00,19.3,100,0.0,65,8.3
2026-07-17T23:00,18.6,99,0.0,75,12.6
2026-07-18T00:00,18.3,100,0.0,77,9.7
2026-07-18T01:00,17.9,100,0.0,77,9.7
2026-07-18T02:00,17.3,100,0.0,80,10.8
2026-07-18T03:00,17.1,100,0.0,81,9.0
2026-07-18T04:00,16.7,100,0.0,84,8.3
2026-07-18T05:00,16.5,100,0.0,85,9.0
2026-07-18T06:00,16.6,100,24.0,85,7.2
2026-07-18T07:00,17.3,99,82.0,82,7.9
2026-07-18T08:00,18.7,92,278.0,77,7.6
2026-07-18T09:00,20.0,100,377.0,71,4.7
2026-07-18T10:00,21.0,100,397.0,68,6.8
2026-07-18T11:00,22.0,100,494.0,64,6.1
2026-07-18T12:00,22.8,100,571.0,60,7.2
2026-07-18T13:00,23.0,100,320.0,58,4.7
2026-07-18T14:00,24.4,99,503.0,52,12.6
2026-07-18T15:00,25.5,100,489.0,47,11.2
2026-07-18T16:00,21.3,100,264.0,70,17.6
2026-07-18T17:00,23.4,12,149.0,63,11.5
2026-07-18T18:00,24.4,10,380.0,55,12.6
2026-07-18T19:00,23.8,0,233.0,56,14.0
2026-07-18T20:00,22.9,75,102.0,62,12.6
2026-07-18T21:00,22.0,100,15.0,67,11.9
2026-07-18T22:00,21.3,100,0.0,69,12.2
2026-07-18T23:00,20.7,100,0.0,72,10.8
2026-07-19T00:00,20.3,73,0.0,75,10.4
2026-07-19T01:00,19.8,100,0.0,76,11.9
2026-07-19T02:00,19.1,100,0.0,80,11.2
2026-07-19T03:00,18.6,96,0.0,80,11.5
2026-07-19T04:00,18.1,100,0.0,85,10.4
2026-07-19T05:00,17.6,100,1.0,87,9.7
2026-07-19T06:00,17.4,100,12.0,88,11.2
2026-07-19T07:00,17.3,100,18.0,89,11.2
2026-07-19T08:00,17.5,100,24.0,91,10.1
2026-07-19T09:00,17.8,100,43.0,90,11.2
2026-07-19T10:00,18.0,100,54.0,89,11.2
2026-07-19T11:00,18.5,100,155.0,87,11.9
2026-07-19T12:00,18.5,100,81.0,88,11.2
2026-07-19T13:00,18.6,100,55.0,88,10.4
2026-07-19T14:00,19.6,100,148.0,85,7.2
2026-07-19T15:00,20.6,100,269.0,82,8.3
2026-07-19T16:00,21.6,44,372.0,80,9.0
2026-07-19T17:00,22.2,93,424.0,78,9.4
2026-07-19T18:00,22.5,100,241.0,76,9.4
2026-07-19T19:00,22.2,4,123.0,79,7.2
2026-07-19T20:00,21.8,3,98.0,83,6.1
2026-07-19T21:00,21.2,45,14.0,86,6.5
2026-07-19T22:00,20.8,100,0.0,89,8.3
2026-07-19T23:00,20.4,99,0.0,90,7.6
2026-07-20T00:00,20.2,99,0.0,91,7.9
2026-07-20T01:00,19.6,98,0.0,94,8.3
2026-07-20T02:00,19.2,98,0.0,95,10.4
2026-07-20T03:00,19.0,100,0.0,94,9.4
2026-07-20T04:00,18.9,100,0.0,94,10.1
2026-07-20T05:00,18.2,90,1.0,95,9.4
2026-07-20T06:00,18.2,77,50.0,95,7.9
2026-07-20T07:00,18.7,100,105.0,94,9.0
2026-07-20T08:00,19.6,98,166.0,90,10.1
2026-07-20T09:00,20.4,100,262.0,87,10.4
2026-07-20T10:00,21.6,99,374.0,82,10.4
2026-07-20T11:00,22.5,49,452.0,78,10.4
2026-07-20T12:00,22.8,83,467.0,77,13.7
2026-07-20T13:00,23.6,100,468.0,72,14.4
2026-07-20T14:00,23.6,100,150.0,76,11.2
2026-07-20T15:00,25.7,53,655.0,68,14.0
2026-07-20T16:00,24.5,100,458.0,73,20.2
2026-07-20T17:00,22.8,100,19.0,85,7.2
2026-07-20T18:00,21.6,100,32.0,87,10.4
2026-07-20T19:00,22.7,96,142.0,83,6.5
2026-07-20T20:00,21.9,100,42.0,87,8.6
2026-07-20T21:00,21.5,0,6.0,85,7.6
2026-07-20T22:00,21.0,0,0.0,88,8.3
2026-07-20T23:00,20.7,17,0.0,91,9.4
2026-07-21T00:00,20.7,9,0.0,92,7.9
2026-07-21T01:00,20.4,2,0.0,91,7.6
2026-07-21T02:00,20.3,61,0.0,90,8.3
2026-07-21T03:00,19.6,4,0.0,92,6.5
2026-07-21T04:00,19.1,0,0.0,93,7.2
2026-07-21T05:00,18.6,1,1.0,94,6.5
2026-07-21T06:00,19.2,4,55.0,93,5.0
2026-07-21T07:00,20.5,4,170.0,90,3.2
2026-07-21T08:00,21.6,4,313.0,88,1.1
2026-07-21T09:00,22.8,17,461.0,83,1.1
2026-07-21T10:00,23.9,36,528.0,76,3.6
2026-07-21T11:00,25.1,1,652.0,68,2.9
2026-07-21T12:00,26.3,30,766.0,59,2.5
2026-07-21T13:00,27.2,33,760.0,52,1.8
2026-07-21T14:00,28.2,3,725.0,47,3.2
2026-07-21T15:00,28.8,100,546.0,45,5.0
2026-07-21T16:00,28.5,100,219.0,47,4.7
2026-07-21T17:00,29.0,89,322.0,44,8.3
2026-07-21T18:00,28.7,100,267.0,48,9.7
2026-07-21T19:00,27.8,38,166.0,52,11.9
2026-07-21T20:00,26.6,93,96.0,62,11.9
2026-07-21T21:00,25.4,68,12.0,68,10.8
2026-07-21T22:00,24.6,76,0.0,71,10.4
2026-07-21T23:00,24.0,100,0.0,69,9.0
2026-07-22T00:00,24.0,100,0.0,71,11.2
2026-07-22T01:00,23.6,71,0.0,73,12.2
2026-07-22T02:00,23.1,32,0.0,74,11.2
2026-07-22T03:00,22.5,75,0.0,75,10.1
2026-07-22T04:00,22.2,100,0.0,78,10.8
2026-07-22T05:00,21.8,100,0.0,81,7.9
2026-07-22T06:00,21.4,100,6.0,85,15.1
2026-07-22T07:00,20.9,100,10.0,86,17.3
2026-07-22T08:00,19.5,100,31.0,89,22.7
2026-07-22T09:00,18.6,100,49.0,84,19.4
2026-07-22T10:00,18.5,100,73.0,82,18.4
2026-07-22T11:00,19.4,99,202.0,79,18.4
2026-07-22T12:00,21.1,100,534.0,71,16.6
2026-07-22T13:00,22.7,92,697.0,63,17.6
2026-07-22T14:00,24.2,17,750.0,57,13.0
2026-07-22T15:00,25.2,70,712.0,52,15.8
2026-07-22T16:00,25.5,20,544.0,49,16.2
2026-07-22T17:00,25.6,1,498.0,49,13.7
2026-07-22T18:00,25.6,95,320.0,48,12.2
2026-07-22T19:00,25.1,58,146.0,51,10.4
2026-07-22T20:00,24.6,100,68.0,51,11.2
2026-07-22T21:00,24.0,15,3.0,56,11.9
2026-07-22T22:00,23.1,100,0.0,56,15.8
2026-07-22T23:00,21.8,0,0.0,64,14.8
2026-07-23T00:00,21.6,0,0.0,68,15.5
2026-07-23T01:00,20.6,0,0.0,73,14.0
2026-07-23T02:00,19.5,78,0.0,76,15.5
2026-07-23T03:00,18.6,15,0.0,75,16.9
2026-07-23T04:00,17.5,0,0.0,75,15.5
2026-07-23T05:00,16.9,0,1.0,76,14.4
2026-07-23T06:00,17.2,0,53.0,75,13.3
2026-07-23T07:00,18.1,0,171.0,72,14.0
2026-07-23T08:00,18.9,0,316.0,69,14.0
2026-07-23T09:00,20.2,0,467.0,65,12.2
2026-07-23T10:00,21.5,0,599.0,63,13.0
2026-07-23T11:00,23.0,100,676.0,54,12.2
2026-07-23T12:00,23.8,94,631.0,50,13.3
2026-07-23T13:00,23.7,99,596.0,52,15.1
2026-07-23T14:00,23.5,100,299.0,55,11.2
2026-07-23T15:00,24.3,100,488.0,51,14.8
2026-07-23T16:00,23.9,1,536.0,59,14.4
2026-07-23T17:00,20.5,100,297.0,78,12.6
2026-07-23T18:00,21.5,100,194.0,68,11.5
2026-07-23T19:00,20.5,4,73.0,78,4.7
2026-07-23T20:00,20.8,0,91.0,74,9.7
2026-07-23T21:00,20.5,9,11.0,77,7.9
2026-07-23T22:00,20.2,100,0.0,78,6.8
2026-07-23T23:00,19.9,0,0.0,81,8.6
2026-07-24T00:00,20.0,0,0.0,80,6.8
2026-07-24T01:00,19.4,0,0.0,81,9.4
2026-07-24T02:00,18.6,0,0.0,81,11.5
2026-07-24T03:00,18.4,0,0.0,81,12.2
2026-07-24T04:00,18.3,0,0.0,80,11.9
2026-07-24T05:00,17.9,0,1.0,80,11.2
2026-07-24T06:00,18.0,1,49.0,81,11.5
2026-07-24T07:00,19.5,62,164.0,74,9.7
2026-07-24T08:00,20.5,55,213.0,70,8.3
2026-07-24T09:00,20.7,100,190.0,71,7.9
2026-07-24T10:00,22.0,99,278.0,67,11.5
2026-07-24T11:00,23.5,100,405.0,63,12.6
2026-07-24T12:00,23.5,97,424.0,63,15.1
2026-07-24T13:00,23.3,98,434.0,66,15.8
2026-07-24T14:00,23.6,6,409.0,64,13.3
2026-07-24T15:00,24.2,5,506.0,61,17.3
2026-07-24T16:00,24.2,2,609.0,63,16.9
2026-07-24T17:00,24.9,0,510.0,60,16.2
2026-07-24T18:00,25.1,7,357.0,56,12.2
2026-07-24T19:00,24.2,0,216.0,59,9.7
2026-07-24T20:00,23.5,0,91.0,61,9.0
2026-07-24T21:00,22.7,14,10.0,68,7.2
2026-07-24T22:00,21.9,56,0.0,72,6.8
2026-07-24T23:00,21.0,13,0.0,76,8.6
2026-07-25T00:00,20.6,1,0.0,78,6.8
2026-07-25T01:00,20.4,1,0.0,77,4.0
2026-07-25T02:00,19.9,100,0.0,78,2.9
2026-07-25T03:00,19.7,100,0.0,76,3.2
2026-07-25T04:00,19.3,100,0.0,77,5.4
2026-07-25T05:00,18.5,100,0.0,80,7.2
2026-07-25T06:00,18.7,100,28.0,82,5.4
2026-07-25T07:00,19.8,100,108.0,78,2.2
2026-07-25T08:00,21.0,100,238.0,72,5.4
2026-07-25T09:00,22.3,95,414.0,66,5.0
2026-07-25T10:00,23.6,85,558.0,61,5.8
2026-07-25T11:00,24.7,29,652.0,57,7.6
2026-07-25T12:00,25.1,92,616.0,57,9.4
2026-07-25T13:00,25.8,61,581.0,53,8.6
2026-07-25T14:00,26.3,100,498.0,51,7.2
2026-07-25T15:00,27.1,100,314.0,48,10.1
2026-07-25T16:00,25.1,100,174.0,48,15.5
2026-07-25T17:00,26.0,93,175.0,49,11.5
2026-07-25T18:00,25.1,8,347.0,57,10.1
2026-07-25T19:00,23.4,100,151.0,69,13.0
2026-07-25T20:00,23.5,100,22.0,67,2.9
2026-07-25T21:00,23.7,100,4.0,67,6.1
2026-07-25T22:00,23.4,100,0.0,69,5.4
2026-07-25T23:00,22.4,100,0.0,74,5.8
2026-07-26T00:00,22.7,97,0.0,71,8.6
2026-07-26T01:00,21.7,61,0.0,72,8.3
2026-07-26T02:00,21.1,100,0.0,75,6.8
2026-07-26T03:00,21.3,3,0.0,76,7.6
2026-07-26T04:00,20.6,0,0.0,80,3.6
2026-07-26T05:00,19.7,0,0.0,83,8.6
2026-07-26T06:00,20.1,1,46.0,82,6.5
2026-07-26T07:00,21.4,44,104.0,77,6.1
2026-07-26T08:00,22.0,0,297.0,75,7.2
2026-07-26T09:00,23.4,0,451.0,69,4.3
2026-07-26T10:00,25.2,0,583.0,60,4.7
2026-07-26T11:00,25.9,100,546.0,57,7.6
2026-07-26T12:00,26.4,100,280.0,52,7.6
2026-07-26T13:00,25.1,100,166.0,63,9.4
2026-07-26T14:00,25.6,100,304.0,60,8.3
2026-07-26T15:00,23.2,100,18.0,75,11.2
2026-07-26T16:00,23.8,100,178.0,71,11.2
2026-07-26T17:00,24.3,100,203.0,71,9.4
2026-07-26T18:00,25.4,96,253.0,65,6.8
2026-07-26T19:00,24.3,100,125.0,67,4.7
2026-07-26T20:00,23.5,40,32.0,77,8.3
2026-07-26T21:00,23.3,66,7.0,74,11.9
2026-07-26T22:00,22.9,100,0.0,78,7.6
2026-07-26T23:00,22.4,100,0.0,80,9.4
2026-07-27T00:00,22.5,100,0.0,82,10.4
2026-07-27T01:00,21.8,100,0.0,89,10.8
2026-07-27T02:00,21.4,100,0.0,86,1.8
2026-07-27T03:00,21.6,100,0.0,82,7.6
2026-07-27T04:00,20.7,100,0.0,91,9.4
2026-07-27T05:00,20.3,100,0.0,91,7.9
2026-07-27T06:00,20.4,100,8.0,91,6.8
2026-07-27T07:00,20.6,100,21.0,91,5.8
2026-07-27T08:00,20.6,100,27.0,90,7.2
2026-07-27T09:00,20.1,100,36.0,93,8.6
2026-07-27T10:00,20.2,100,24.0,92,7.6
2026-07-27T11:00,20.7,100,44.0,91,5.4
2026-07-27T12:00,21.0,100,70.0,93,8.3
2026-07-27T13:00,20.9,100,41.0,89,3.6
2026-07-27T14:00,22.3,39,157.0,87,11.5
2026-07-27T15:00,23.6,100,452.0,79,9.4
2026-07-27T16:00,22.6,100,91.0,86,9.7
2026-07-27T17:00,22.1,100,6.0,89,7.2
2026-07-27T18:00,22.2,100,16.0,86,14.0
2026-07-27T19:00,21.2,100,6.0,92,13.0
2026-07-27T20:00,21.0,100,13.0,94,15.5
2026-07-27T21:00,20.5,100,0.0,94,10.1
2026-07-27T22:00,20.3,100,0.0,95,9.7
2026-07-27T23:00,20.1,100,0.0,93,11.5
2026-07-28T00:00,20.2,100,0.0,96,5.8
2026-07-28T01:00,20.5,100,0.0,94,9.4
2026-07-28T02:00,20.1,100,0.0,94,7.2
2026-07-28T03:00,20.0,100,0.0,95,6.8
2026-07-28T04:00,20.0,100,0.0,96,6.8
2026-07-28T05:00,19.9,100,0.0,97,7.6
2026-07-28T06:00,20.0,100,14.0,96,8.3
2026-07-28T07:00,20.4,100,56.0,93,5.4
2026-07-28T08:00,20.2,100,82.0,93,7.2
2026-07-28T09:00,20.2,100,76.0,94,7.6
2026-07-28T10:00,21.2,100,288.0,87,9.4
2026-07-28T11:00,22.4,100,508.0,81,7.9
2026-07-28T12:00,21.8,100,125.0,83,11.2
2026-07-28T13:00,22.3,0,407.0,80,9.0
2026-07-28T14:00,21.8,100,633.0,85,7.6
2026-07-28T15:00,21.7,100,118.0,87,7.2
2026-07-28T16:00,21.5,100,274.0,85,14.0
2026-07-28T17:00,19.8,100,21.0,84,7.9
2026-07-28T18:00,21.4,100,124.0,81,6.5
2026-07-28T19:00,20.3,100,84.0,89,14.0
2026-07-28T20:00,19.0,100,5.0,87,21.6
2026-07-28T21:00,18.7,100,0.0,87,19.1
2026-07-28T22:00,17.9,100,0.0,85,19.8
2026-07-28T23:00,17.8,100,0.0,87,22.3
2026-07-29T00:00,17.2,100,0.0,88,23.8
2026-07-29T01:00,16.6,100,0.0,90,24.5
2026-07-29T02:00,16.4,100,0.0,90,21.6
2026-07-29T03:00,16.6,100,0.0,89,22.7
2026-07-29T04:00,16.3,100,0.0,89,23.8
2026-07-29T05:00,16.1,100,0.0,89,22.7
2026-07-29T06:00,16.1,100,9.0,89,23.0
2026-07-29T07:00,16.3,100,42.0,89,20.5
2026-07-29T08:00,16.0,100,23.0,89,23.0
2026-07-29T09:00,16.0,100,24.0,89,20.5
2026-07-29T10:00,16.1,100,39.0,89,18.4
2026-07-29T11:00,16.8,100,80.0,86,15.1
2026-07-29T12:00,18.6,99,322.0,79,17.3
2026-07-29T13:00,18.6,100,245.0,76,16.2
2026-07-29T14:00,19.0,100,117.0,75,18.0
2026-07-29T15:00,19.5,100,221.0,75,13.7
2026-07-29T16:00,20.3,97,329.0,71,14.0
2026-07-29T17:00,20.7,100,264.0,68,10.4
2026-07-29T18:00,20.9,100,87.0,67,11.5
2026-07-29T19:00,20.3,100,34.0,71,11.2
2026-07-29T20:00,19.8,1,62.0,75,8.6
2026-07-29T21:00,18.5,58,6.0,83,6.8
2026-07-29T22:00,17.8,6,0.0,86,7.6
2026-07-29T23:00,17.5,4,0.0,85,8.3
2026-07-30T00:00,17.4,32,0.0,85,10.1
2026-07-30T01:00,17.4,98,0.0,82,8.6
2026-07-30T02:00,17.0,94,0.0,82,12.6
2026-07-30T03:00,15.8,95,0.0,85,7.2
2026-07-30T04:00,15.5,100,0.0,85,6.8
2026-07-30T05:00,14.8,99,0.0,89,10.4
2026-07-30T06:00,14.9,22,36.0,88,8.3
2026-07-30T07:00,16.5,21,154.0,77,7.2
2026-07-30T08:00,18.2,5,292.0,67,8.6
2026-07-30T09:00,19.4,7,447.0,63,8.3
2026-07-30T10:00,20.6,100,563.0,60,7.9
2026-07-30T11:00,21.5,3,615.0,57,10.1
2026-07-30T12:00,22.1,98,682.0,53,11.9
2026-07-30T13:00,22.6,96,650.0,51,13.7
2026-07-30T14:00,23.1,1,706.0,51,14.0
2026-07-30T15:00,23.9,27,568.0,46,14.4
2026-07-30T16:00,23.8,53,584.0,45,15.1
2026-07-30T17:00,23.7,0,458.0,44,13.0
2026-07-30T18:00,23.3,13,358.0,44,13.0
2026-07-30T19:00,20.7,0,189.0,59,13.0
2026-07-30T20:00,21.4,18,79.0,56,7.2
2026-07-30T21:00,20.8,0,5.0,58,9.4
2026-07-30T22:00,20.2,1,0.0,60,9.4
2026-07-30T23:00,19.4,17,0.0,62,8.6
2026-07-31T00:00,19.0,12,0.0,64,7.2
2026-07-31T01:00,18.5,3,0.0,66,6.8
2026-07-31T02:00,17.7,82,0.0,68,7.6
2026-07-31T03:00,18.0,74,0.0,64,5.4
2026-07-31T04:00,17.8,98,0.0,63,5.0
2026-07-31T05:00,17.4,80,0.0,66,5.0
2026-07-31T06:00,17.1,100,15.0,68,6.1
2026-07-31T07:00,17.8,100,40.0,66,0.7
2026-07-31T08:00,18.7,100,61.0,63,3.2
2026-07-31T09:00,17.1,100,98.0,73,11.9
2026-07-31T10:00,16.8,100,38.0,79,10.1
2026-07-31T11:00,16.5,100,36.0,84,7.9
2026-07-31T12:00,16.6,100,50.0,85,6.5
2026-07-31T13:00,17.2,100,98.0,79,4.0
2026-07-31T14:00,18.7,100,244.0,74,0.7
2026-07-31T15:00,20.7,6,393.0,65,1.4
2026-07-31T16:00,21.5,41,589.0,60,3.2
2026-07-31T17:00,21.8,68,457.0,53,10.4
2026-07-31T18:00,17.8,100,311.0,69,13.7
2026-07-31T19:00,16.8,99,69.0,77,7.9
2026-07-31T20:00,16.8,4,60.0,77,4.7
2026-07-31T21:00,16.4,17,4.0,79,10.1
2026-07-31T22:00,16.0,12,0.0,85,7.2
2026-07-31T23:00,15.6,25,0.0,87,6.5
2026-08-01T00:00,15.5,32,0.0,87,7.6
2026-08-01T01:00,14.9,0,0.0,88,7.6
2026-08-01T02:00,14.5,0,0.0,87,8.3
2026-08-01T03:00,14.3,0,0.0,84,9.4
2026-08-01T04:00,14.1,0,0.0,85,9.4
2026-08-01T05:00,13.9,6,0.0,86,7.6
2026-08-01T06:00,14.3,94,23.0,85,6.8
2026-08-01T07:00,15.9,100,122.0,81,5.8
2026-08-01T08:00,17.0,0,229.0,77,4.0
2026-08-01T09:00,18.2,5,437.0,75,6.8
2026-08-01T10:00,19.4,76,567.0,69,7.9
2026-08-01T11:00,19.8,6,418.0,69,8.6
2026-08-01T12:00,20.9,100,679.0,62,10.8
2026-08-01T13:00,21.4,100,476.0,60,11.5
2026-08-01T14:00,22.4,100,463.0,55,7.6
2026-08-01T15:00,22.8,96,315.0,54,12.2
2026-08-01T16:00,22.5,100,285.0,55,10.1
2026-08-01T17:00,22.2,100,180.0,52,6.5
2026-08-01T18:00,21.7,100,82.0,56,5.4
2026-08-01T19:00,21.0,100,22.0,60,1.8
2026-08-01T20:00,20.4,100,11.0,64,4.7
2026-08-01T21:00,19.4,100,1.0,69,2.9
2026-08-01T22:00,19.5,100,0.0,69,5.4
2026-08-01T23:00,19.0,9,0.0,73,6.8
2026-08-02T00:00,18.3,38,0.0,79,7.6
2026-08-02T01:00,17.6,6,0.0,82,6.8
2026-08-02T02:00,16.8,100,0.0,89,9.4
2026-08-02T03:00,16.5,7,0.0,90,7.9
2026-08-02T04:00,16.3,22,0.0,89,7.6
2026-08-02T05:00,15.8,99,0.0,90,6.8
2026-08-02T06:00,15.6,62,28.0,91,6.8
2026-08-02T07:00,16.8,27,134.0,85,5.4
2026-08-02T08:00,18.5,1,277.0,78,4.7
2026-08-02T09:00,20.4,27,419.0,71,7.2
2026-08-02T10:00,21.5,100,469.0,69,9.0
2026-08-02T11:00,22.5,1,635.0,65,11.2
2026-08-02T12:00,22.6,2,746.0,69,12.6
2026-08-02T13:00,23.8,1,777.0,64,9.7
2026-08-02T14:00,23.1,100,638.0,71,11.2
2026-08-02T15:00,20.2,100,92.0,77,16.6
2026-08-02T16:00,19.2,100,11.0,81,11.2
2026-08-02T17:00,19.7,1,182.0,85,12.6
2026-08-02T18:00,21.1,0,262.0,79,5.4
2026-08-02T19:00,21.0,0,194.0,81,7.2
2026-08-02T20:00,20.8,0,69.0,83,5.4
2026-08-02T21:00,20.4,61,3.0,85,4.3
2026-08-02T22:00,19.8,0,0.0,85,5.8
2026-08-02T23:00,19.0,0,0.0,87,7.9
2026-08-03T00:00,18.7,0,0.0,85,6.5
2026-08-03T01:00,18.2,0,0.0,85,6.8
2026-08-03T02:00,17.8,99,0.0,86,9.0
2026-08-03T03:00,17.6,99,0.0,88,9.0
2026-08-03T04:00,17.4,62,0.0,91,7.9
2026-08-03T05:00,16.9,100,0.0,90,7.9
2026-08-03T06:00,17.4,98,28.0,87,7.6
2026-08-03T07:00,17.9,99,85.0,85,6.5
2026-08-03T08:00,18.4,100,49.0,84,7.2
2026-08-03T09:00,19.1,100,190.0,86,6.8
2026-08-03T10:00,21.0,45,412.0,79,6.1
2026-08-03T11:00,22.8,49,650.0,76,6.1
2026-08-03T12:00,24.8,79,710.0,67,8.3
2026-08-03T13:00,25.9,63,746.0,62,10.4
2026-08-03T14:00,27.0,97,743.0,59,6.8
2026-08-03T15:00,27.9,95,681.0,55,12.2
2026-08-03T16:00,23.5,100,254.0,69,29.9
2026-08-03T17:00,22.0,100,14.0,80,12.2
2026-08-03T18:00,20.5,56,84.0,83,15.1
2026-08-03T19:00,20.5,80,161.0,81,9.7
2026-08-03T20:00,20.5,48,57.0,81,11.5
2026-08-03T21:00,20.8,98,3.0,83,8.3
2026-08-03T22:00,19.4,22,0.0,86,15.8
2026-08-03T23:00,18.4,100,0.0,84,16.9
2026-08-04T00:00,17.7,4,0.0,85,13.0
2026-08-04T01:00,17.0,28,0.0,88,11.5
2026-08-04T02:00,16.7,88,0.0,88,14.4
2026-08-04T03:00,16.3,99,0.0,90,13.0
2026-08-04T04:00,16.1,97,0.0,92,10.8
2026-08-04T05:00,15.5,100,0.0,94,10.8
2026-08-04T06:00,15.5,100,13.0,94,8.3
2026-08-04T07:00,16.1,96,84.0,91,6.1
2026-08-04T08:00,17.0,100,199.0,86,6.1
2026-08-04T09:00,18.5,79,316.0,77,5.8
2026-08-04T10:00,19.8,0,534.0,70,6.8
2026-08-04T11:00,21.2,2,674.0,64,7.9
2026-08-04T12:00,22.2,89,706.0,58,9.4
2026-08-04T13:00,22.6,61,554.0,55,9.7
2026-08-04T14:00,22.7,9,567.0,53,13.0
2026-08-04T15:00,23.8,12,677.0,49,13.3
2026-08-04T16:00,23.7,34,585.0,49,12.2
2026-08-04T17:00,23.2,2,415.0,53,10.8
2026-08-04T18:00,22.7,6,319.0,56,12.6
2026-08-04T19:00,22.0,2,186.0,60,11.5
2026-08-04T20:00,21.0,0,64.0,64,8.6
2026-08-04T21:00,20.5,0,2.0,67,9.4
2026-08-04T22:00,19.7,0,0.0,66,10.4
2026-08-04T23:00,18.9,0,0.0,69,6.1
2026-08-05T00:00,18.8,0,0.0,68,5.8
2026-08-05T01:00,18.4,0,0.0,71,7.2
2026-08-05T02:00,17.6,0,0.0,74,8.6
2026-08-05T03:00,17.1,0,0.0,75,9.0
2026-08-05T04:00,16.5,0,0.0,77,9.4
2026-08-05T05:00,15.8,0,0.0,81,9.4
2026-08-05T06:00,15.9,0,27.0,80,8.6
2026-08-05T07:00,17.0,3,135.0,75,9.4
2026-08-05T08:00,18.4,0,271.0,70,7.9
2026-08-05T09:00,20.2,1,425.0,63,9.7
2026-08-05T10:00,21.6,4,564.0,58,10.1
2026-08-05T11:00,22.9,81,660.0,55,10.4
2026-08-05T12:00,23.8,26,636.0,51,13.3
2026-08-05T13:00,24.7,4,755.0,47,14.4
2026-08-05T14:00,25.7,12,763.0,43,12.2
2026-08-05T15:00,26.6,21,699.0,39,13.0
2026-08-05T16:00,26.5,16,581.0,37,13.3
2026-08-05T17:00,26.5,6,406.0,36,13.3
2026-08-05T18:00,26.9,99,292.0,36,13.3
2026-08-05T19:00,25.0,100,78.0,47,8.6
2026-08-05T20:00,24.6,100,16.0,45,7.2
2026-08-05T21:00,21.8,100,0.0,68,20.2
2026-08-05T22:00,20.3,100,0.0,82,12.2
2026-08-05T23:00,18.5,100,0.0,92,22.3
2026-08-06T00:00,16.3,100,0.0,87,10.4
2026-08-06T01:00,16.2,100,0.0,86,6.8
2026-08-06T02:00,16.1,100,0.0,83,5.0
2026-08-06T03:00,16.9,100,0.0,79,9.0
2026-08-06T04:00,16.7,100,0.0,81,10.8
2026-08-06T05:00,16.1,100,0.0,84,12.6
2026-08-06T06:00,15.7,100,6.0,84,15.1
2026-08-06T07:00,15.6,100,56.0,89,13.3
2026-08-06T08:00,15.9,100,132.0,85,9.4
2026-08-06T09:00,15.3,100,159.0,86,11.5
2026-08-06T10:00,15.5,100,199.0,84,14.0
2026-08-06T11:00,17.0,2,311.0,75,12.6
2026-08-06T12:00,18.9,33,735.0,65,14.0
2026-08-06T13:00,19.9,34,737.0,55,16.2
2026-08-06T14:00,19.7,0,607.0,57,20.9
2026-08-06T15:00,20.7,6,709.0,52,19.8
2026-08-06T16:00,20.6,26,593.0,53,16.6
2026-08-06T17:00,20.5,100,400.0,52,13.3
2026-08-06T18:00,20.7,7,198.0,52,12.6
2026-08-06T19:00,20.0,0,177.0,54,13.7
2026-08-06T20:00,18.9,1,61.0,64,11.5
2026-08-06T21:00,18.3,0,1.0,69,10.8
2026-08-06T22:00,17.8,0,0.0,72,10.1
2026-08-06T23:00,17.1,0,0.0,73,11.2
2026-08-07T00:00,16.8,0,0.0,75,9.7
2026-08-07T01:00,16.3,0,0.0,76,10.1
2026-08-07T02:00,15.6,0,0.0,77,10.8
2026-08-07T03:00,15.2,0,0.0,76,10.1
2026-08-07T04:00,14.8,0,0.0,76,9.7
2026-08-07T05:00,14.0,0,0.0,77,10.1
2026-08-07T06:00,14.3,0,24.0,75,8.6
2026-08-07T07:00,16.2,2,131.0,67,6.1
2026-08-07T08:00,18.1,5,274.0,60,3.6
2026-08-07T09:00,19.5,72,425.0,55,6.1
2026-08-07T10:00,20.4,100,546.0,54,7.6
2026-08-07T11:00,21.2,100,592.0,51,8.3
2026-08-07T12:00,21.7,100,578.0,47,8.3
2026-08-07T13:00,22.2,97,582.0,45,7.9
2026-08-07T14:00,22.6,100,536.0,43,6.5
2026-08-07T15:00,23.0,97,331.0,41,9.0
2026-08-07T16:00,23.6,54,493.0,38,9.7
2026-08-07T17:00,23.5,0,462.0,40,9.0
2026-08-07T18:00,23.3,0,331.0,40,7.6
2026-08-07T19:00,22.7,43,180.0,43,6.5
2026-08-07T20:00,21.5,68,55.0,46,8.6
2026-08-07T21:00,20.7,82,1.0,51,5.8
2026-08-07T22:00,19.7,18,0.0,56,8.3
2026-08-07T23:00,18.3,13,0.0,62,1.8
2026-08-08T00:00,18.0,13,0.0,62,6.5
2026-08-08T01:00,17.1,92,0.0,63,9.0
2026-08-08T02:00,17.1,100,0.0,63,7.2
2026-08-08T03:00,15.7,99,0.0,69,8.6
2026-08-08T04:00,15.1,77,0.0,72,9.0
2026-08-08T05:00,14.4,54,0.0,77,9.4
2026-08-08T06:00,14.4,95,20.0,77,10.1
2026-08-08T07:00,15.4,96,89.0,74,10.1
2026-08-08T08:00,16.1,100,110.0,72,9.0
2026-08-08T09:00,17.1,100,134.0,70,7.9
2026-08-08T10:00,18.5,100,210.0,67,8.6
2026-08-08T11:00,19.0,100,101.0,68,6.8
2026-08-08T12:00,20.3,100,231.0,65,8.3
2026-08-08T13:00,22.5,71,505.0,57,10.1
2026-08-08T14:00,23.2,86,451.0,55,6.5
2026-08-08T15:00,25.3,100,323.0,47,8.6
2026-08-08T16:00,25.5,100,327.0,48,8.3
2026-08-08T17:00,26.0,100,232.0,43,16.2
2026-08-08T18:00,25.3,100,146.0,47,17.3
2026-08-08T19:00,24.2,100,109.0,52,15.1
2026-08-08T20:00,23.3,88,17.0,55,9.0
2026-08-08T21:00,22.2,97,0.0,60,9.0
2026-08-08T22:00,21.7,100,0.0,59,10.1
2026-08-08T23:00,21.0,91,0.0,62,8.6
2026-08-09T00:00,20.2,95,0.0,66,6.5
2026-08-09T01:00,19.5,98,0.0,69,7.9
2026-08-09T02:00,18.9,82,0.0,69,7.2
2026-08-09T03:00,18.5,56,0.0,69,6.8
2026-08-09T04:00,18.2,44,0.0,70,5.4
2026-08-09T05:00,17.3,2,0.0,73,1.8
2026-08-09T06:00,17.2,0,21.0,75,5.0
2026-08-09T07:00,19.5,0,125.0,68,0.7
2026-08-09T08:00,21.5,0,265.0,60,5.0
2026-08-09T09:00,22.9,0,415.0,56,5.4
2026-08-09T10:00,24.1,0,549.0,52,7.2
2026-08-09T11:00,25.3,0,660.0,47,7.6
2026-08-09T12:00,26.2,3,737.0,44,7.6
2026-08-09T13:00,26.8,16,745.0,42,7.9
2026-08-09T14:00,27.6,2,717.0,38,5.4
2026-08-09T15:00,28.4,59,654.0,35,8.6
2026-08-09T16:00,28.3,86,396.0,33,6.5
2026-08-09T17:00,28.5,95,322.0,32,6.5
2026-08-09T18:00,28.4,23,307.0,33,1.8
2026-08-09T19:00,27.1,100,161.0,42,8.6
2026-08-09T20:00,25.7,5,45.0,45,7.9
2026-08-09T21:00,24.4,2,0.0,48,7.6
2026-08-09T22:00,23.7,76,0.0,54,9.4
2026-08-09T23:00,22.9,31,0.0,56,1.4
2026-08-10T00:00,22.3,32,0.0,59,5.8
2026-08-10T01:00,21.3,90,0.0,61,9.7
2026-08-10T02:00,19.9,0,0.0,65,9.0
2026-08-10T03:00,18.6,0,0.0,71,8.3
2026-08-10T04:00,18.4,77,0.0,71,7.6
2026-08-10T05:00,17.6,2,0.0,72,8.3
2026-08-10T06:00,17.5,21,19.0,73,9.0
2026-08-10T07:00,18.6,0,117.0,74,9.4
2026-08-10T08:00,21.7,80,249.0,65,10.4
2026-08-10T09:00,23.4,100,305.0,62,10.1
2026-08-10T10:00,25.0,100,365.0,62,11.2
2026-08-10T11:00,25.6,100,350.0,57,15.5
2026-08-10T12:00,26.8,98,661.0,53,17.6
2026-08-10T13:00,27.7,70,709.0,47,20.2
2026-08-10T14:00,27.9,0,699.0,46,24.8
2026-08-10T15:00,27.4,14,586.0,45,23.8
2026-08-10T16:00,26.8,9,524.0,46,21.6
2026-08-10T17:00,23.4,100,397.0,61,30.6
2026-08-10T18:00,23.1,0,226.0,55,22.3
2026-08-10T19:00,21.9,0,73.0,65,16.9
2026-08-10T20:00,20.7,0,49.0,73,15.1
2026-08-10T21:00,20.3,0,0.0,69,18.0
2026-08-10T22:00,19.6,0,0.0,67,14.8
2026-08-10T23:00,18.6,0,0.0,71,7.9
2026-08-11T00:00,18.4,0,0.0,72,11.5
2026-08-11T01:00,17.8,0,0.0,69,15.1
2026-08-11T02:00,16.9,0,0.0,72,14.0
2026-08-11T03:00,16.3,0,0.0,70,13.3
2026-08-11T04:00,15.7,31,0.0,73,13.7
2026-08-11T05:00,15.4,0,0.0,75,12.2
2026-08-11T06:00,14.8,0,18.0,77,11.5
2026-08-11T07:00,15.3,0,121.0,75,11.5
2026-08-11T08:00,16.4,0,263.0,71,10.1
2026-08-11T09:00,17.8,0,416.0,63,10.4
2026-08-11T10:00,19.4,2,553.0,54,11.5
2026-08-11T11:00,20.5,0,662.0,48,13.0
2026-08-11T12:00,21.3,28,739.0,47,11.9
2026-08-11T13:00,22.2,65,755.0,42,11.2
2026-08-11T14:00,23.2,77,739.0,39,9.4
2026-08-11T15:00,24.3,95,683.0,35,10.4
2026-08-11T16:00,24.2,76,559.0,37,12.2
2026-08-11T17:00,23.9,48,393.0,37,11.2
2026-08-11T18:00,23.3,6,262.0,37,11.5
2026-08-11T19:00,22.7,75,155.0,37,10.4
2026-08-11T20:00,21.7,0,41.0,40,7.2
2026-08-11T21:00,21.1,0,0.0,42,2.9
2026-08-11T22:00,20.5,0,0.0,44,2.5
2026-08-11T23:00,19.4,2,0.0,48,5.4
2026-08-12T00:00,19.0,70,0.0,50,7.9
2026-08-12T01:00,18.9,5,0.0,49,7.9
2026-08-12T02:00,18.1,0,0.0,52,4.7
2026-08-12T03:00,17.5,0,0.0,55,5.4
2026-08-12T04:00,17.0,48,0.0,60,3.6
2026-08-12T05:00,16.7,38,0.0,66,5.8
2026-08-12T06:00,16.6,4,16.0,65,7.6
2026-08-12T07:00,18.0,1,113.0,59,8.3
2026-08-12T08:00,20.0,0,251.0,52,9.4
2026-08-12T09:00,21.1,0,406.0,49,10.1
2026-08-12T10:00,21.9,0,543.0,48,8.6
2026-08-12T11:00,23.6,98,656.0,43,6.1
2026-08-12T12:00,25.0,0,719.0,37,8.6
2026-08-12T13:00,25.8,0,762.0,33,9.4
2026-08-12T14:00,26.4,66,746.0,32,8.3
2026-08-12T15:00,27.0,98,661.0,30,10.8
2026-08-12T16:00,26.8,100,507.0,31,10.4
2026-08-12T17:00,26.7,0,367.0,33,10.4
2026-08-12T18:00,26.6,99,288.0,33,9.4
2026-08-12T19:00,25.8,1,137.0,36,9.0
2026-08-12T20:00,24.5,0,41.0,39,6.5
2026-08-12T21:00,23.6,5,0.0,47,6.5
2026-08-12T22:00,23.0,35,0.0,50,6.8
2026-08-12T23:00,21.8,0,0.0,55,7.2
2026-08-13T00:00,21.2,27,0.0,57,5.0
2026-08-13T01:00,21.1,18,0.0,55,5.0
2026-08-13T02:00,19.8,0,0.0,59,5.4
2026-08-13T03:00,18.9,0,0.0,61,3.6
2026-08-13T04:00,18.5,0,0.0,61,5.4
2026-08-13T05:00,17.2,15,0.0,64,7.2
2026-08-13T06:00,17.2,71,13.0,62,7.2
2026-08-13T07:00,17.9,3,100.0,59,6.1
2026-08-13T08:00,19.6,0,249.0,56,5.0
2026-08-13T09:00,22.1,1,400.0,50,5.0
2026-08-13T10:00,24.4,2,533.0,46,5.0
2026-08-13T11:00,25.9,0,645.0,41,7.6
2026-08-13T12:00,27.0,5,721.0,37,9.0
2026-08-13T13:00,27.7,97,742.0,34,9.7
2026-08-13T14:00,28.5,99,606.0,33,5.8
2026-08-13T15:00,30.3,52,612.0,27,8.6
2026-08-13T16:00,30.3,100,484.0,28,7.6
2026-08-13T17:00,29.7,0,317.0,32,13.0
2026-08-13T18:00,29.4,0,304.0,32,12.6
2026-08-13T19:00,28.3,18,150.0,38,12.2
2026-08-13T20:00,26.8,0,37.0,43,10.4
2026-08-13T21:00,25.7,0,0.0,45,10.8
2026-08-13T22:00,24.6,7,0.0,48,10.8
2026-08-13T23:00,23.4,94,0.0,50,9.7
2026-08-14T00:00,23.2,100,0.0,50,10.8
2026-08-14T01:00,22.5,16,0.0,52,7.6
2026-08-14T02:00,21.9,98,0.0,53,9.7
2026-08-14T03:00,21.4,2,0.0,54,6.8
2026-08-14T04:00,20.8,30,0.0,55,6.1
2026-08-14T05:00,19.8,0,0.0,58,6.5
2026-08-14T06:00,19.3,0,13.0,61,6.8
2026-08-14T07:00,20.6,0,108.0,59,5.4
2026-08-14T08:00,22.5,0,246.0,54,4.0
2026-08-14T09:00,24.1,0,394.0,51,6.5
2026-08-14T10:00,26.1,0,529.0,46,7.9
2026-08-14T11:00,27.8,0,641.0,41,9.7
2026-08-14T12:00,28.9,0,719.0,37,11.2
2026-08-14T13:00,29.6,0,745.0,36,10.8
2026-08-14T14:00,30.3,0,729.0,34,11.5
2026-08-14T15:00,31.0,0,674.0,32,10.8
2026-08-14T16:00,31.2,0,571.0,31,10.1
2026-08-14T17:00,31.2,0,443.0,32,9.0
2026-08-14T18:00,31.1,0,298.0,32,12.2
2026-08-14T19:00,30.2,0,151.0,33,12.2
2026-08-14T20:00,28.4,0,36.0,43,12.2
2026-08-14T21:00,27.3,0,0.0,44,13.3
2026-08-14T22:00,26.6,87,0.0,44,13.3
2026-08-14T23:00,25.1,0,0.0,48,7.9
2026-08-15T00:00,23.9,0,0.0,51,10.4
2026-08-15T01:00,22.9,0,0.0,55,10.4
2026-08-15T02:00,22.0,0,0.0,57,11.9
2026-08-15T03:00,21.6,0,0.0,57,11.2
2026-08-15T04:00,21.0,41,0.0,59,10.1
2026-08-15T05:00,20.0,79,0.0,62,9.7
2026-08-15T06:00,19.6,94,12.0,64,9.7
2026-08-15T07:00,19.9,2,103.0,64,10.4
2026-08-15T08:00,21.2,16,243.0,62,10.8
2026-08-15T09:00,23.0,5,391.0,58,10.1
2026-08-15T10:00,24.7,0,527.0,54,9.0
2026-08-15T11:00,26.9,2,636.0,48,9.0
2026-08-15T12:00,29.2,65,716.0,41,9.4
2026-08-15T13:00,30.2,0,743.0,38,9.7
2026-08-15T14:00,31.0,5,729.0,34,9.7
2026-08-15T15:00,31.7,53,674.0,33,10.4
2026-08-15T16:00,31.5,45,568.0,33,11.2
2026-08-15T17:00,31.4,52,439.0,33,11.2
2026-08-15T18:00,31.1,96,287.0,33,10.4
2026-08-15T19:00,30.1,51,144.0,35,10.1
2026-08-15T20:00,28.4,99,33.0,40,11.2
2026-08-15T21:00,27.3,93,0.0,42,11.2
2026-08-15T22:00,26.2,29,0.0,45,11.9
2026-08-15T23:00,25.0,62,0.0,46,11.9
2026-08-16T00:00,24.4,27,0.0,46,13.3
2026-08-16T01:00,23.7,2,0.0,48,13.0
2026-08-16T02:00,23.2,2,0.0,52,12.2
2026-08-16T03:00,22.6,9,0.0,56,10.4
2026-08-16T04:00,22.0,0,0.0,59,9.7
2026-08-16T05:00,21.2,0,0.0,62,6.5
2026-08-16T06:00,21.5,0,10.0,65,7.6
2026-08-16T07:00,22.8,0,100.0,61,9.7
2026-08-16T08:00,22.7,0,195.0,63,10.1
2026-08-16T09:00,24.1,0,382.0,59,9.0
2026-08-16T10:00,25.5,0,514.0,57,10.8
2026-08-16T11:00,26.4,0,624.0,53,11.2
2026-08-16T12:00,27.5,0,713.0,48,13.3
2026-08-16T13:00,28.3,0,744.0,41,14.4
2026-08-16T14:00,28.7,0,730.0,38,13.3
2026-08-16T15:00,29.3,0,673.0,37,14.8
2026-08-16T16:00,29.2,0,565.0,37,14.8
2026-08-16T17:00,28.8,0,434.0,39,14.4
2026-08-16T18:00,28.0,0,288.0,42,16.2
2026-08-16T19:00,27.0,0,142.0,45,15.1
2026-08-16T20:00,25.8,0,30.0,44,15.5
2026-08-16T21:00,25.1,100,0.0,41,15.1
2026-08-16T22:00,23.9,92,0.0,46,13.7
2026-08-16T23:00,22.6,8,0.0,54,12.2
2026-08-17T00:00,21.5,0,0.0,60,11.9
2026-08-17T01:00,20.4,2,0.0,66,13.3
2026-08-17T02:00,19.3,88,0.0,71,12.2
2026-08-17T03:00,18.9,73,0.0,70,10.8
2026-08-17T04:00,18.4,96,0.0,74,12.2
2026-08-17T05:00,17.4,99,0.0,74,9.4
2026-08-17T06:00,16.9,98,10.0,82,7.2
2026-08-17T07:00,17.4,100,47.0,80,8.6
2026-08-17T08:00,17.7,56,78.0,75,6.8
2026-08-17T09:00,18.9,96,333.0,69,8.3
2026-08-17T10:00,19.9,100,405.0,63,9.7
2026-08-17T11:00,21.3,0,564.0,55,11.2
2026-08-17T12:00,23.1,81,695.0,46,11.9
2026-08-17T13:00,23.4,100,562.0,41,12.6
2026-08-17T14:00,23.7,100,535.0,39,15.1
2026-08-17T15:00,24.3,46,605.0,36,13.3
2026-08-17T16:00,24.3,21,500.0,35,14.4
2026-08-17T17:00,24.3,0,421.0,32,13.7
2026-08-17T18:00,23.8,0,292.0,32,16.2
2026-08-17T19:00,22.9,2,145.0,34,13.7
2026-08-17T20:00,21.5,0,28.0,40,14.8
2026-08-17T21:00,20.3,0,0.0,42,16.9
2026-08-17T22:00,19.1,0,0.0,42,13.7
2026-08-17T23:00,17.8,0,0.0,49,15.1
2026-08-18T00:00,16.9,1,0.0,61,14.4
2026-08-18T01:00,16.3,12,0.0,64,12.6
2026-08-18T02:00,15.6,33,0.0,68,12.6
2026-08-18T03:00,15.5,88,0.0,70,10.1
2026-08-18T04:00,15.4,100,0.0,73,10.4
2026-08-18T05:00,15.1,51,0.0,76,10.1
2026-08-18T06:00,15.1,100,3.0,78,10.4
2026-08-18T07:00,15.7,100,28.0,76,11.2
2026-08-18T08:00,15.8,100,19.0,77,10.8
2026-08-18T09:00,16.3,100,102.0,75,9.7
2026-08-18T10:00,16.6,100,160.0,74,8.3
2026-08-18T11:00,18.6,100,280.0,67,7.9
2026-08-18T12:00,18.9,100,323.0,66,11.5
2026-08-18T13:00,18.6,100,172.0,67,9.7
2026-08-18T14:00,19.1,100,262.0,68,10.1
2026-08-18T15:00,19.8,100,194.0,64,11.5
2026-08-18T16:00,19.6,92,121.0,66,9.7
2026-08-18T17:00,19.8,100,179.0,69,13.3
2026-08-18T18:00,19.7,1,133.0,72,12.2
2026-08-18T19:00,19.3,87,124.0,72,11.5
2026-08-18T20:00,18.5,99,15.0,72,9.7
2026-08-18T21:00,18.1,98,0.0,76,8.6
2026-08-18T22:00,18.0,100,0.0,76,9.0
2026-08-18T23:00,17.5,0,0.0,77,7.2
2026-08-19T00:00,16.8,0,0.0,80,5.4
2026-08-19T01:00,16.4,0,0.0,82,4.7
2026-08-19T02:00,15.7,0,0.0,85,6.1
2026-08-19T03:00,15.3,0,0.0,87,6.5
2026-08-19T04:00,14.8,0,0.0,91,7.2
2026-08-19T05:00,14.4,0,0.0,90,7.2
2026-08-19T06:00,14.4,0,8.0,89,6.5
2026-08-19T07:00,16.1,0,95.0,82,4.3
2026-08-19T08:00,17.5,11,229.0,72,4.3
2026-08-19T09:00,18.2,100,311.0,68,6.1
2026-08-19T10:00,19.3,63,350.0,68,7.2
2026-08-19T11:00,21.0,0,575.0,59,6.1
2026-08-19T12:00,22.0,100,508.0,51,8.3
2026-08-19T13:00,22.6,86,414.0,49,8.6
2026-08-19T14:00,23.3,79,613.0,47,10.4
2026-08-19T15:00,24.1,29,586.0,44,9.4
2026-08-19T16:00,24.1,88,471.0,43,9.4
2026-08-19T17:00,24.0,90,316.0,44,7.9
2026-08-19T18:00,23.7,70,206.0,46,9.7
2026-08-19T19:00,23.0,0,118.0,47,7.9
2026-08-19T20:00,21.6,0,24.0,50,5.4
2026-08-19T21:00,20.5,1,0.0,53,5.0
2026-08-19T22:00,19.7,0,0.0,57,7.6
2026-08-19T23:00,19.3,0,0.0,59,7.2
2026-08-20T00:00,18.8,0,0.0,60,8.6
2026-08-20T01:00,18.5,0,0.0,62,9.4
2026-08-20T02:00,17.9,0,0.0,64,6.8
2026-08-20T03:00,17.4,0,0.0,66,6.5
2026-08-20T04:00,17.4,0,0.0,65,8.3
2026-08-20T05:00,17.1,4,0.0,66,10.1
2026-08-20T06:00,16.6,3,7.0,68,9.7
2026-08-20T07:00,18.0,0,91.0,63,9.4
2026-08-20T08:00,20.0,2,226.0,56,8.6
2026-08-20T09:00,21.1,3,365.0,53,10.4
2026-08-20T10:00,22.6,29,505.0,49,9.7
2026-08-20T11:00,23.6,4,524.0,47,7.6
2026-08-20T12:00,24.4,91,654.0,44,9.0
2026-08-20T13:00,25.0,92,611.0,42,9.4
2026-08-20T14:00,26.0,99,631.0,39,10.8
2026-08-20T15:00,26.5,62,614.0,39,13.0
2026-08-20T16:00,25.9,81,353.0,42,13.3
2026-08-20T17:00,23.8,100,217.0,53,18.0
2026-08-20T18:00,22.0,8,153.0,57,18.0
2026-08-20T19:00,21.3,100,98.0,54,15.8
2026-08-20T20:00,20.5,100,4.0,52,16.2
2026-08-20T21:00,19.5,0,0.0,51,13.7
2026-08-20T22:00,18.6,0,0.0,53,10.8
2026-08-20T23:00,17.5,0,0.0,57,10.1
2026-08-21T00:00,16.8,0,0.0,59,9.4
2026-08-21T01:00,15.8,0,0.0,61,11.5
2026-08-21T02:00,14.6,0,0.0,65,11.9
2026-08-21T03:00,13.8,0,0.0,69,10.4
2026-08-21T04:00,13.3,0,0.0,71,9.7
2026-08-21T05:00,12.3,0,0.0,74,9.0
2026-08-21T06:00,12.0,0,7.0,75,8.3
2026-08-21T07:00,12.8,0,93.0,72,6.5
2026-08-21T08:00,14.0,0,234.0,68,7.6
2026-08-21T09:00,15.5,0,389.0,65,5.4
2026-08-21T10:00,17.3,0,528.0,59,4.3
2026-08-21T11:00,18.9,0,641.0,49,4.0
2026-08-21T12:00,20.0,37,717.0,42,4.0
2026-08-21T13:00,21.0,50,745.0,38,5.4
2026-08-21T14:00,21.8,100,712.0,36,2.5
2026-08-21T15:00,22.9,100,592.0,31,5.4
2026-08-21T16:00,23.1,100,480.0,30,6.1
2026-08-21T17:00,22.8,100,288.0,31,6.5
2026-08-21T18:00,22.5,100,184.0,33,10.1
2026-08-21T19:00,21.7,100,99.0,37,10.4
2026-08-21T20:00,20.5,86,16.0,39,9.0
2026-08-21T21:00,19.9,99,0.0,44,7.2
2026-08-21T22:00,19.2,100,0.0,47,6.8
2026-08-21T23:00,18.1,100,0.0,49,5.4
2026-08-22T00:00,17.6,94,0.0,51,6.5
2026-08-22T01:00,16.6,99,0.0,54,8.3
2026-08-22T02:00,15.2,22,0.0,58,7.2
2026-08-22T03:00,14.9,100,0.0,59,8.3
2026-08-22T04:00,14.2,4,0.0,59,7.6
2026-08-22T05:00,13.1,93,0.0,62,5.8
2026-08-22T06:00,13.1,98,5.0,62,5.0
2026-08-22T07:00,14.4,33,83.0,57,5.4
2026-08-22T08:00,16.6,82,211.0,49,4.3
2026-08-22T09:00,18.9,64,363.0,43,6.5
2026-08-22T10:00,19.6,93,510.0,43,9.4
2026-08-22T11:00,19.8,100,528.0,43,11.9
2026-08-22T12:00,20.2,16,466.0,42,12.2
2026-08-22T13:00,21.1,1,707.0,45,11.9
2026-08-22T14:00,21.9,26,644.0,40,15.1
2026-08-22T15:00,22.0,8,492.0,33,16.6
2026-08-22T16:00,21.8,74,502.0,33,15.8
2026-08-22T17:00,21.3,100,323.0,35,15.1
2026-08-22T18:00,20.8,96,164.0,36,15.5
2026-08-22T19:00,20.1,100,79.0,37,14.0
2026-08-22T20:00,18.5,100,4.0,46,16.6
2026-08-22T21:00,18.3,30,0.0,43,14.8
2026-08-22T22:00,17.2,0,0.0,49,13.3
2026-08-22T23:00,16.6,94,0.0,52,9.0
2026-08-23T00:00,16.8,57,0.0,54,10.4
2026-08-23T01:00,15.4,99,0.0,60,14.8
2026-08-23T02:00,14.5,0,0.0,58,13.0
2026-08-23T03:00,14.4,1,0.0,57,13.7
2026-08-23T04:00,13.8,1,0.0,62,14.4
2026-08-23T05:00,13.1,0,0.0,66,14.4
2026-08-23T06:00,12.5,9,5.0,69,14.8
2026-08-23T07:00,12.9,41,55.0,67,15.1
2026-08-23T08:00,13.9,1,216.0,64,14.8
2026-08-23T09:00,14.7,69,303.0,63,13.7
2026-08-23T10:00,16.4,0,484.0,57,16.6
2026-08-23T11:00,17.5,0,606.0,52,14.8
2026-08-23T12:00,18.2,97,621.0,48,16.6
2026-08-23T13:00,17.6,100,427.0,49,18.4
2026-08-23T14:00,18.7,1,423.0,43,17.6
2026-08-23T15:00,17.8,100,477.0,48,20.9
2026-08-23T16:00,17.9,96,378.0,44,19.8
2026-08-23T17:00,18.3,0,353.0,41,18.4
2026-08-23T18:00,16.4,34,213.0,56,18.0
2026-08-23T19:00,16.3,99,102.0,50,13.3
2026-08-23T20:00,13.1,100,6.0,83,16.9
2026-08-23T21:00,12.9,100,0.0,79,11.9
2026-08-23T22:00,12.8,100,0.0,86,14.4
2026-08-23T23:00,12.3,57,0.0,86,11.2
2026-08-24T00:00,11.9,100,0.0,85,14.4
2026-08-24T01:00,11.4,100,0.0,87,14.8
2026-08-24T02:00,11.1,91,0.0,87,17.3
2026-08-24T03:00,10.6,100,0.0,87,17.6
2026-08-24T04:00,10.5,100,0.0,86,17.6
2026-08-24T05:00,10.2,100,0.0,85,18.0
2026-08-24T06:00,10.2,81,2.0,88,19.8
2026-08-24T07:00,10.4,100,57.0,87,16.9
2026-08-24T08:00,10.1,100,41.0,87,15.8
2026-08-24T09:00,11.3,84,231.0,84,16.6
2026-08-24T10:00,12.8,86,451.0,80,17.3
2026-08-24T11:00,14.2,82,552.0,75,17.3
2026-08-24T12:00,16.2,92,576.0,62,17.6
2026-08-24T13:00,17.2,100,553.0,54,16.9
2026-08-24T14:00,17.6,93,277.0,53,13.3
2026-08-24T15:00,17.4,100,449.0,54,20.9
2026-08-24T16:00,17.7,98,454.0,52,15.8
2026-08-24T17:00,18.3,0,371.0,48,18.4
2026-08-24T18:00,18.7,97,249.0,44,16.2
2026-08-24T19:00,17.8,67,103.0,44,14.0
2026-08-24T20:00,16.5,39,14.0,44,11.5
2026-08-24T21:00,15.5,0,0.0,52,10.1
2026-08-24T22:00,15.0,0,0.0,54,12.2
2026-08-24T23:00,14.4,0,0.0,49,15.8
2026-08-25T00:00,13.7,0,0.0,52,14.4
2026-08-25T01:00,13.0,39,0.0,55,15.5
2026-08-25T02:00,12.6,93,0.0,57,17.3
2026-08-25T03:00,11.9,95,0.0,60,16.9
2026-08-25T04:00,11.6,0,0.0,59,17.3
2026-08-25T05:00,11.4,35,0.0,63,17.6
2026-08-25T06:00,11.6,98,3.0,67,18.7
2026-08-25T07:00,12.2,100,53.0,69,19.1
2026-08-25T08:00,13.1,100,127.0,69,19.1
2026-08-25T09:00,14.2,99,256.0,68,18.7
2026-08-25T10:00,15.2,100,313.0,68,18.0
2026-08-25T11:00,16.8,100,446.0,64,18.4
2026-08-25T12:00,16.6,100,303.0,65,15.5
2026-08-25T13:00,17.9,67,429.0,58,18.0
2026-08-25T14:00,18.5,56,642.0,53,23.0
2026-08-25T15:00,18.7,52,556.0,54,20.9
2026-08-25T16:00,19.1,97,418.0,49,20.5
2026-08-25T17:00,18.9,99,257.0,49,20.9
2026-08-25T18:00,16.2,100,97.0,75,9.7
2026-08-25T19:00,17.1,100,20.0,58,24.8
2026-08-25T20:00,14.1,14,1.0,84,8.3
2026-08-25T21:00,14.9,100,0.0,73,14.8
2026-08-25T22:00,14.3,100,0.0,71,13.7
2026-08-25T23:00,12.9,100,0.0,84,6.1
2026-08-26T00:00,13.2,100,0.0,83,7.2
2026-08-26T01:00,13.1,100,0.0,82,6.1
2026-08-26T02:00,12.8,100,0.0,83,11.9
2026-08-26T03:00,12.4,1,0.0,85,9.0
2026-08-26T04:00,12.1,14,0.0,85,9.0
2026-08-26T05:00,11.8,0,0.0,82,11.9
2026-08-26T06:00,11.3,1,3.0,80,10.1
2026-08-26T07:00,12.1,77,69.0,74,10.1
2026-08-26T08:00,12.7,2,161.0,75,9.4
2026-08-26T09:00,14.1,12,350.0,74,8.3
2026-08-26T10:00,15.7,59,488.0,70,9.4
2026-08-26T11:00,16.6,86,449.0,64,10.1
2026-08-26T12:00,18.0,99,581.0,58,12.6
2026-08-26T13:00,17.8,100,435.0,57,15.1
2026-08-26T14:00,18.7,99,404.0,50,16.2
2026-08-26T15:00,19.2,100,487.0,47,15.5
2026-08-26T16:00,19.6,100,380.0,44,13.0
2026-08-26T17:00,19.7,100,302.0,43,12.2
2026-08-26T18:00,19.6,84,201.0,44,11.2
2026-08-26T19:00,18.9,0,104.0,47,7.9
2026-08-26T20:00,17.0,97,11.0,55,10.1
2026-08-26T21:00,16.8,100,0.0,56,7.9
2026-08-26T22:00,17.1,40,0.0,54,8.3
2026-08-26T23:00,15.8,3,0.0,56,13.3
2026-08-27T00:00,14.7,0,0.0,74,6.8
2026-08-27T01:00,14.0,0,0.0,77,6.1
2026-08-27T02:00,13.0,7,0.0,80,1.4
2026-08-27T03:00,12.8,100,0.0,79,4.0
2026-08-27T04:00,12.6,84,0.0,79,3.6
2026-08-27T05:00,11.4,73,0.0,83,5.0
2026-08-27T06:00,11.2,100,2.0,83,5.4
2026-08-27T07:00,12.5,93,68.0,76,3.6
2026-08-27T08:00,13.6,98,152.0,68,10.8
2026-08-27T09:00,14.3,100,137.0,63,6.8
2026-08-27T10:00,15.3,95,166.0,59,6.5
2026-08-27T11:00,17.5,42,413.0,53,7.9
2026-08-27T12:00,19.6,72,594.0,49,8.6
2026-08-27T13:00,21.4,69,686.0,43,10.1
2026-08-27T14:00,22.8,0,662.0,37,10.1
2026-08-27T15:00,24.0,0,633.0,33,10.4
2026-08-27T16:00,24.2,17,522.0,33,11.5
2026-08-27T17:00,24.3,79,359.0,33,10.4
2026-08-27T18:00,24.1,100,224.0,33,9.0
2026-08-27T19:00,22.2,94,85.0,50,10.8
2026-08-27T20:00,20.4,68,9.0,55,11.5
2026-08-27T21:00,19.2,11,0.0,59,11.9
2026-08-27T22:00,18.7,63,0.0,59,11.5
2026-08-27T23:00,18.1,54,0.0,59,9.7
2026-08-28T00:00,17.6,16,0.0,59,10.4
2026-08-28T01:00,17.1,62,0.0,58,12.2
2026-08-28T02:00,16.3,42,0.0,63,11.9
2026-08-28T03:00,15.6,98,0.0,67,10.8
2026-08-28T04:00,15.4,100,0.0,70,10.1
2026-08-28T05:00,14.8,98,0.0,75,9.7
2026-08-28T06:00,14.4,80,2.0,78,10.4
2026-08-28T07:00,15.0,99,55.0,76,10.1
2026-08-28T08:00,16.0,52,159.0,75,7.6
2026-08-28T09:00,18.3,100,329.0,70,9.4
2026-08-28T10:00,21.0,100,404.0,61,10.1
2026-08-28T11:00,23.5,98,423.0,53,8.6
2026-08-28T12:00,26.8,97,635.0,43,11.2
2026-08-28T13:00,28.1,100,601.0,40,13.0
2026-08-28T14:00,29.9,100,505.0,36,10.1
2026-08-28T15:00,30.8,100,482.0,28,11.2
2026-08-28T16:00,31.4,100,410.0,26,11.9
2026-08-28T17:00,31.3,100,293.0,26,11.2
2026-08-28T18:00,31.2,100,203.0,26,10.8
2026-08-28T19:00,28.7,96,79.0,33,16.6
2026-08-28T20:00,26.9,88,7.0,35,16.9
2026-08-28T21:00,25.5,52,0.0,38,17.6
2026-08-28T22:00,24.7,0,0.0,38,17.6
2026-08-28T23:00,23.9,14,0.0,39,16.2
2026-08-29T00:00,23.2,79,0.0,41,15.5
2026-08-29T01:00,23.2,100,0.0,41,16.9
2026-08-29T02:00,23.2,100,0.0,40,15.1
2026-08-29T03:00,23.1,100,0.0,40,15.1
2026-08-29T04:00,22.5,29,0.0,41,16.2
2026-08-29T05:00,21.9,95,0.0,43,14.8
2026-08-29T06:00,21.3,97,1.0,45,13.3
2026-08-29T07:00,21.7,94,59.0,45,15.1
2026-08-29T08:00,22.9,97,180.0,42,15.1
2026-08-29T09:00,24.7,73,322.0,38,15.1
2026-08-29T10:00,25.0,98,312.0,38,14.0
2026-08-29T11:00,27.6,5,389.0,34,10.4
2026-08-29T12:00,29.2,28,458.0,32,14.8
2026-08-29T13:00,29.9,100,340.0,32,14.4
2026-08-29T14:00,29.5,100,138.0,32,18.0
2026-08-29T15:00,30.0,4,290.0,31,22.0
2026-08-29T16:00,29.7,35,397.0,31,23.0
2026-08-29T17:00,29.4,0,292.0,32,24.8
2026-08-29T18:00,29.2,0,225.0,33,21.2
2026-08-29T19:00,28.1,12,88.0,35,14.8
2026-08-29T20:00,26.7,52,6.0,38,9.4
2026-08-29T21:00,26.0,93,0.0,47,11.5
2026-08-29T22:00,24.7,85,0.0,62,13.7
2026-08-29T23:00,23.5,71,0.0,68,12.2
2026-08-30T00:00,22.8,1,0.0,71,5.8
2026-08-30T01:00,22.3,96,0.0,71,6.8
2026-08-30T02:00,21.6,62,0.0,71,7.9
2026-08-30T03:00,21.5,100,0.0,71,7.6
2026-08-30T04:00,20.9,89,0.0,75,7.2
2026-08-30T05:00,20.2,100,0.0,78,7.9
2026-08-30T06:00,20.2,100,0.0,78,4.7
2026-08-30T07:00,20.2,100,14.0,79,9.0
2026-08-30T08:00,20.4,100,96.0,79,8.3
2026-08-30T09:00,20.6,53,66.0,78,9.4
2026-08-30T10:00,22.7,22,308.0,69,5.4
2026-08-30T11:00,24.6,0,572.0,59,7.6
2026-08-30T12:00,26.7,0,653.0,50,9.4
2026-08-30T13:00,28.5,3,678.0,45,12.6
2026-08-30T14:00,29.0,1,637.0,41,10.1
2026-08-30T15:00,29.2,11,569.0,42,14.4
2026-08-30T16:00,28.6,10,480.0,44,14.8
2026-08-30T17:00,28.0,0,359.0,44,13.7
2026-08-30T18:00,27.0,0,220.0,48,14.0
2026-08-30T19:00,25.4,0,84.0,54,15.1
2026-08-30T20:00,24.0,5,5.0,62,8.6
2026-08-30T21:00,23.7,99,0.0,66,12.2
2026-08-30T22:00,22.3,27,0.0,74,13.0
2026-08-30T23:00,21.0,91,0.0,81,11.5
2026-08-31T00:00,20.0,57,0.0,87,9.0
2026-08-31T01:00,19.3,100,0.0,91,9.7
2026-08-31T02:00,19.2,100,0.0,93,10.4
2026-08-31T03:00,19.1,100,0.0,94,9.7
2026-08-31T04:00,19.2,100,0.0,94,10.1
2026-08-31T05:00,19.4,100,0.0,92,8.6
2026-08-31T06:00,19.3,100,0.0,92,11.5
2026-08-31T07:00,19.2,100,2.0,92,8.3
2026-08-31T08:00,19.1,100,13.0,91,9.0
2026-08-31T09:00,19.2,100,41.0,90,8.3
2026-08-31T10:00,19.6,100,73.0,88,9.4
2026-08-31T11:00,20.4,100,245.0,84,9.0
2026-08-31T12:00,20.3,100,118.0,84,8.3
2026-08-31T13:00,21.2,100,357.0,81,8.3
2026-08-31T14:00,22.3,92,399.0,78,10.4
2026-08-31T15:00,22.7,100,363.0,74,11.2
2026-08-31T16:00,22.5,100,131.0,74,9.7
2026-08-31T17:00,23.2,95,205.0,70,11.2
2026-08-31T18:00,23.0,74,169.0,70,11.5
2026-08-31T19:00,22.3,99,69.0,74,11.5
2026-08-31T20:00,21.7,70,3.0,76,9.4
2026-08-31T21:00,21.0,50,0.0,78,8.6
2026-08-31T22:00,20.5,65,0.0,80,9.4
2026-08-31T23:00,20.0,12,0.0,80,10.8
2026-09-01T00:00,19.5,0,0.0,81,12.6
2026-09-01T01:00,18.9,17,0.0,82,12.6
2026-09-01T02:00,18.4,81,0.0,82,11.5
2026-09-01T03:00,18.2,100,0.0,82,11.9
2026-09-01T04:00,18.0,100,0.0,82,11.5
2026-09-01T05:00,17.0,1,0.0,88,9.7
2026-09-01T06:00,16.6,49,0.0,88,9.0
2026-09-01T07:00,16.9,41,53.0,86,7.9
2026-09-01T08:00,17.6,17,167.0,82,8.3
2026-09-01T09:00,18.9,1,310.0,77,7.6
2026-09-01T10:00,20.5,44,450.0,72,7.2
2026-09-01T11:00,21.8,49,544.0,68,6.8
2026-09-01T12:00,23.0,32,622.0,64,7.6
2026-09-01T13:00,24.0,18,653.0,61,8.3
2026-09-01T14:00,24.8,78,629.0,58,7.6
2026-09-01T15:00,25.3,33,551.0,57,7.2
2026-09-01T16:00,25.7,1,472.0,57,6.5
2026-09-01T17:00,24.1,0,344.0,63,6.1
2026-09-01T18:00,23.4,0,205.0,67,6.8
2026-09-01T19:00,22.9,0,75.0,70,7.2
2026-09-01T20:00,21.8,0,3.0,74,6.8
2026-09-01T21:00,21.4,0,0.0,76,6.5
2026-09-01T22:00,21.1,0,0.0,77,7.6
2026-09-01T23:00,20.2,0,0.0,79,3.2
2026-09-02T00:00,19.8,0,0.0,80,5.4
2026-09-02T01:00,19.6,0,0.0,80,6.5
2026-09-02T02:00,18.8,0,0.0,82,3.2
2026-09-02T03:00,18.5,0,0.0,82,3.2
2026-09-02T04:00,18.2,0,0.0,82,6.5
2026-09-02T05:00,17.4,0,0.0,84,7.2
2026-09-02T06:00,17.1,4,0.0,86,7.2
2026-09-02T07:00,18.1,0,52.0,82,8.3
2026-09-02T08:00,19.6,0,174.0,78,7.2
2026-09-02T09:00,21.7,0,316.0,72,8.3
2026-09-02T10:00,23.8,21,448.0,64,11.5
2026-09-02T11:00,25.4,62,552.0,61,12.2
2026-09-02T12:00,26.7,99,599.0,57,15.1
2026-09-02T13:00,27.7,99,613.0,57,13.3
2026-09-02T14:00,28.5,10,594.0,51,11.5
2026-09-02T15:00,28.7,35,557.0,47,8.3
2026-09-02T16:00,28.7,100,406.0,48,7.6
2026-09-02T17:00,28.5,65,210.0,47,5.0
2026-09-02T18:00,28.4,25,184.0,48,3.2
2026-09-02T19:00,27.5,15,67.0,50,3.6
2026-09-02T20:00,26.0,99,2.0,53,3.6
2026-09-02T21:00,24.6,99,0.0,59,6.5
2026-09-02T22:00,23.9,95,0.0,62,7.6
2026-09-02T23:00,23.6,100,0.0,65,10.8
2026-09-03T00:00,24.7,100,0.0,60,9.7
2026-09-03T01:00,22.9,97,0.0,70,11.5
2026-09-03T02:00,21.3,42,0.0,80,13.7
2026-09-03T03:00,20.3,66,0.0,86,15.1
2026-09-03T04:00,20.2,90,0.0,85,13.0
2026-09-03T05:00,20.0,100,0.0,84,13.7
2026-09-03T06:00,19.4,100,0.0,87,11.9
2026-09-03T07:00,19.5,100,35.0,86,11.2
2026-09-03T08:00,19.4,100,23.0,89,10.4
2026-09-03T09:00,19.1,100,23.0,91,9.4
2026-09-03T10:00,19.2,100,48.0,89,9.0
2026-09-03T11:00,19.3,100,38.0,88,6.8
2026-09-03T12:00,19.1,100,39.0,88,9.0
2026-09-03T13:00,19.3,100,73.0,87,8.3
2026-09-03T14:00,19.6,92,368.0,85,4.3
2026-09-03T15:00,21.3,94,469.0,75,2.9
2026-09-03T16:00,21.6,100,225.0,71,4.7
2026-09-03T17:00,21.5,10,193.0,72,4.0
2026-09-03T18:00,21.8,24,189.0,68,4.3
2026-09-03T19:00,21.2,0,64.0,71,2.2
2026-09-03T20:00,19.9,0,2.0,77,1.4
2026-09-03T21:00,19.1,0,0.0,83,2.5
2026-09-03T22:00,18.6,1,0.0,86,2.9
2026-09-03T23:00,17.6,0,0.0,89,5.8
2026-09-04T00:00,17.2,0,0.0,88,6.1
2026-09-04T01:00,16.9,0,0.0,88,4.7
2026-09-04T02:00,16.1,0,0.0,90,2.2
2026-09-04T03:00,15.7,0,0.0,90,4.7
2026-09-04T04:00,15.4,0,0.0,91,5.4
2026-09-04T05:00,14.7,0,0.0,92,6.8
2026-09-04T06:00,14.7,0,0.0,93,6.1
2026-09-04T07:00,15.8,0,49.0,91,5.8
2026-09-04T08:00,17.2,0,172.0,89,6.8
2026-09-04T09:00,18.9,0,313.0,85,5.0
2026-09-04T10:00,20.3,0,447.0,79,6.8
2026-09-04T11:00,21.8,0,556.0,72,8.3
2026-09-04T12:00,23.4,0,629.0,63,7.9
2026-09-04T13:00,24.4,1,654.0,58,7.2
2026-09-04T14:00,25.3,0,632.0,54,5.4
2026-09-04T15:00,26.2,0,571.0,51,6.8
2026-09-04T16:00,26.3,0,464.0,51,7.9
2026-09-04T17:00,26.3,0,332.0,53,8.3
2026-09-04T18:00,26.0,1,190.0,55,6.8
2026-09-04T19:00,24.8,0,62.0,61,5.4
2026-09-04T20:00,23.2,1,1.0,68,2.5
2026-09-04T21:00,22.4,11,0.0,71,5.8
2026-09-04T22:00,22.4,98,0.0,65,9.0
2026-09-04T23:00,21.4,58,0.0,69,5.8
2026-09-05T00:00,21.3,98,0.0,71,6.8
2026-09-05T01:00,20.6,2,0.0,75,5.8
2026-09-05T02:00,19.2,0,0.0,80,5.4
2026-09-05T03:00,18.8,79,0.0,81,6.8
2026-09-05T04:00,18.5,86,0.0,83,6.1
2026-09-05T05:00,17.9,47,0.0,84,5.8
2026-09-05T06:00,17.8,69,0.0,84,4.7
2026-09-05T07:00,18.6,67,44.0,82,6.1
2026-09-05T08:00,20.1,15,161.0,79,0.4
2026-09-05T09:00,22.2,91,300.0,71,5.8
2026-09-05T10:00,23.9,93,423.0,64,7.2
2026-09-05T11:00,25.5,40,531.0,59,9.7
2026-09-05T12:00,26.8,0,612.0,57,10.1
2026-09-05T13:00,28.1,0,636.0,56,10.4
2026-09-05T14:00,29.4,47,616.0,51,5.8
2026-09-05T15:00,31.0,82,541.0,43,6.1
2026-09-05T16:00,31.1,16,385.0,41,6.8
2026-09-05T17:00,30.3,97,249.0,43,6.5
2026-09-05T18:00,24.3,100,100.0,73,39.2
2026-09-05T19:00,21.5,100,1.0,78,15.5
2026-09-05T20:00,20.6,100,0.0,82,6.8
2026-09-05T21:00,20.6,1,0.0,82,10.8
2026-09-05T22:00,20.2,37,0.0,80,10.8
2026-09-05T23:00,20.3,100,0.0,87,11.2
2026-09-06T00:00,21.0,87,0.0,82,6.1
2026-09-06T01:00,20.5,96,0.0,83,6.5
2026-09-06T02:00,19.9,30,0.0,86,10.1
2026-09-06T03:00,19.2,80,0.0,88,9.7
2026-09-06T04:00,18.8,68,0.0,89,10.8
2026-09-06T05:00,18.4,100,0.0,90,11.2
2026-09-06T06:00,18.7,100,0.0,92,10.4
2026-09-06T07:00,18.7,100,15.0,93,8.6
2026-09-06T08:00,18.6,100,33.0,94,4.3
2026-09-06T09:00,19.0,100,15.0,92,2.9
2026-09-06T10:00,19.0,100,15.0,93,10.8
2026-09-06T11:00,19.7,100,154.0,89,8.3
2026-09-06T12:00,20.9,100,252.0,84,4.3
2026-09-06T13:00,22.6,68,455.0,77,3.6
2026-09-06T14:00,23.0,85,477.0,75,1.4
2026-09-06T15:00,23.1,100,375.0,72,4.3
2026-09-06T16:00,23.0,100,221.0,72,7.6
2026-09-06T17:00,21.3,100,43.0,84,4.7
2026-09-06T18:00,21.2,100,42.0,81,9.4
2026-09-06T19:00,19.5,100,6.0,87,14.8
2026-09-06T20:00,18.8,100,0.0,89,13.0
2026-09-06T21:00,18.4,100,0.0,90,13.0
2026-09-06T22:00,18.1,100,0.0,91,13.0
2026-09-06T23:00,17.9,100,0.0,91,9.7
2026-09-07T00:00,17.9,100,0.0,88,8.6
2026-09-07T01:00,17.4,100,0.0,89,10.8
2026-09-07T02:00,17.2,100,0.0,92,9.0
2026-09-07T03:00,17.1,100,0.0,94,8.6
2026-09-07T04:00,16.8,100,0.0,94,9.0
2026-09-07T05:00,16.5,100,0.0,92,8.6
2026-09-07T06:00,16.2,100,0.0,93,7.9
2026-09-07T07:00,16.2,100,3.0,92,9.4
2026-09-07T08:00,16.1,100,22.0,92,8.3
2026-09-07T09:00,16.6,100,76.0,89,6.1
2026-09-07T10:00,16.5,100,94.0,88,6.1
2026-09-07T11:00,16.7,100,89.0,87,6.1
2026-09-07T12:00,17.3,100,132.0,84,6.1
2026-09-07T13:00,18.0,100,197.0,81,4.3
2026-09-07T14:00,18.7,70,265.0,78,4.7
2026-09-07T15:00,19.9,96,446.0,71,4.7
2026-09-07T16:00,20.2,84,296.0,69,4.7
2026-09-07T17:00,19.9,100,199.0,71,2.9
2026-09-07T18:00,19.9,100,61.0,71,3.2
2026-09-07T19:00,19.5,100,13.0,72,4.3
2026-09-07T20:00,19.0,100,0.0,76,5.8
2026-09-07T21:00,19.1,100,0.0,75,4.7
2026-09-07T22:00,19.0,100,0.0,76,6.1
2026-09-07T23:00,18.4,100,0.0,80,5.8
2026-09-08T00:00,18.3,100,0.0,83,9.4
2026-09-08T01:00,18.2,100,0.0,85,8.6
2026-09-08T02:00,17.8,100,0.0,88,9.7
2026-09-08T03:00,17.3,100,0.0,90,8.3
2026-09-08T04:00,17.1,96,0.0,92,9.0
2026-09-08T05:00,16.8,100,0.0,91,7.6
2026-09-08T06:00,17.1,99,0.0,81,8.3
2026-09-08T07:00,17.2,86,11.0,72,10.1
2026-09-08T08:00,17.5,0,143.0,71,7.2
2026-09-08T09:00,18.4,71,291.0,69,10.4
2026-09-08T10:00,19.5,1,380.0,65,10.4
2026-09-08T11:00,21.6,21,537.0,58,11.5
2026-09-08T12:00,22.9,0,608.0,51,15.1
2026-09-08T13:00,23.5,0,636.0,49,15.8
2026-09-08T14:00,24.1,3,616.0,46,15.5
2026-09-08T15:00,24.7,2,550.0,44,14.8
2026-09-08T16:00,24.6,0,444.0,44,15.1
2026-09-08T17:00,24.2,0,313.0,44,10.4
2026-09-08T18:00,23.9,0,173.0,44,13.3
2026-09-08T19:00,22.5,0,48.0,49,13.3
2026-09-08T20:00,21.3,0,0.0,52,12.2
2026-09-08T21:00,20.2,0,0.0,56,10.4
2026-09-08T22:00,19.6,0,0.0,56,12.2
2026-09-08T23:00,18.7,0,0.0,57,9.0
2026-09-09T00:00,18.0,25,0.0,60,10.4
2026-09-09T01:00,17.6,0,0.0,61,10.8
2026-09-09T02:00,17.0,0,0.0,65,7.9
2026-09-09T03:00,16.6,1,0.0,68,8.3
2026-09-09T04:00,16.5,1,0.0,69,7.6
2026-09-09T05:00,16.0,0,0.0,71,6.8
2026-09-09T06:00,15.9,99,0.0,72,7.6
2026-09-09T07:00,16.6,1,23.0,70,8.3
2026-09-09T08:00,17.5,1,152.0,68,9.7
2026-09-09T09:00,18.8,3,253.0,66,9.4
2026-09-09T10:00,20.3,79,387.0,63,10.4
2026-09-09T11:00,20.5,0,448.0,63,11.9
2026-09-09T12:00,22.2,0,604.0,58,14.8
2026-09-09T13:00,23.5,0,631.0,53,14.8
2026-09-09T14:00,24.2,0,609.0,50,16.6
2026-09-09T15:00,24.5,1,547.0,49,15.5
2026-09-09T16:00,24.2,0,438.0,49,15.5
2026-09-09T17:00,23.9,0,307.0,50,15.1
2026-09-09T18:00,23.1,0,167.0,52,14.4
2026-09-09T19:00,22.1,0,44.0,56,13.0
2026-09-09T20:00,20.9,0,0.0,60,10.8
2026-09-09T21:00,19.7,0,0.0,63,10.4
2026-09-09T22:00,19.0,0,0.0,69,9.7
2026-09-09T23:00,18.1,0,0.0,71,8.6
2026-09-10T00:00,17.3,0,0.0,71,9.7
2026-09-10T01:00,16.9,0,0.0,71,11.2
2026-09-10T02:00,16.4,0,0.0,75,9.0
2026-09-10T03:00,16.0,0,0.0,78,10.1
2026-09-10T04:00,15.7,0,0.0,81,10.4
2026-09-10T05:00,15.3,0,0.0,85,11.2
2026-09-10T06:00,15.0,0,0.0,88,11.5
2026-09-10T07:00,15.3,2,33.0,88,12.2
2026-09-10T08:00,16.1,30,147.0,1,11.5
2026-09-10T09:00,17.6,1,286.0,1,13.3
2026-09-10T10:00,19.2,7,419.0,1,14.4
2026-09-10T11:00,20.4,13,513.0,1,14.0
2026-09-10T12:00,21.7,2,581.0,1,14.0
2026-09-10T13:00,22.8,12,614.0,1,14.4
2026-09-10T14:00,23.8,0,594.0,1,15.5
2026-09-10T15:00,24.5,0,540.0,0,15.5
2026-09-10T16:00,24.9,35,431.0,0,14.4
2026-09-10T17:00,24.9,0,301.0,45,14.4
2026-09-10T18:00,24.2,24,156.0,49,14.4
2026-09-10T19:00,22.8,96,40.0,53,15.5
2026-09-10T20:00,22.0,19,0.0,54,14.4
2026-09-10T21:00,21.6,100,0.0,55,16.2
2026-09-10T22:00,21.1,100,0.0,56,15.8
2026-09-10T23:00,20.6,100,0.0,57,15.5
2026-09-11T00:00,20.3,100,0.0,59,17.3
2026-09-11T01:00,20.2,100,0.0,62,17.6
2026-09-11T02:00,20.2,100,0.0,64,15.5
2026-09-11T03:00,20.4,100,0.0,62,19.1
2026-09-11T04:00,20.3,100,0.0,59,21.2
2026-09-11T05:00,19.7,100,0.0,63,22.7
2026-09-11T06:00,17.4,100,0.0,85,20.5
2026-09-11T07:00,17.0,100,1.0,89,23.0
2026-09-11T08:00,16.6,100,5.0,90,23.4
2026-09-11T09:00,16.5,100,5.0,90,25.9
2026-09-11T10:00,16.2,100,6.0,90,24.8
2026-09-11T11:00,16.1,100,5.0,90,21.2
2026-09-11T12:00,16.5,100,19.0,91,19.4
2026-09-11T13:00,16.9,100,8.0,93,16.9
2026-09-11T14:00,17.6,100,9.0,92,6.8
2026-09-11T15:00,19.0,100,100.0,85,13.0
2026-09-11T16:00,19.9,100,180.0,78,5.8
2026-09-11T17:00,20.3,100,169.0,74,7.6
2026-09-11T18:00,20.2,99,90.0,75,6.5
2026-09-11T19:00,18.9,100,29.0,80,5.4
2026-09-11T20:00,17.8,100,0.0,87,5.8
2026-09-11T21:00,17.3,100,0.0,95,7.6
2026-09-11T22:00,17.0,100,0.0,96,6.8
2026-09-11T23:00,16.5,100,0.0,95,8.3
2026-09-12T00:00,16.6,100,0.0,93,6.8
2026-09-12T01:00,16.0,0,0.0,94,6.5
2026-09-12T02:00,15.1,83,0.0,93,6.8
2026-09-12T03:00,14.4,0,0.0,95,7.6
2026-09-12T04:00,14.0,0,0.0,95,7.2
2026-09-12T05:00,13.4,0,0.0,94,6.1
2026-09-12T06:00,13.1,0,0.0,93,6.8
2026-09-12T07:00,14.6,99,12.0,87,5.4
2026-09-12T08:00,16.4,74,80.0,83,5.4
2026-09-12T09:00,17.3,88,222.0,81,6.5
2026-09-12T10:00,18.7,0,324.0,78,4.0
2026-09-12T11:00,20.4,0,524.0,63,4.3
2026-09-12T12:00,21.5,0,599.0,58,5.4
2026-09-12T13:00,22.4,2,620.0,53,9.7
2026-09-12T14:00,22.9,1,592.0,50,9.4
2026-09-12T15:00,23.6,2,514.0,44,11.9
2026-09-12T16:00,23.1,89,414.0,46,11.2
2026-09-12T17:00,22.2,3,167.0,53,7.9
2026-09-12T18:00,21.8,17,146.0,57,7.9
2026-09-12T19:00,20.2,0,31.0,66,6.8
2026-09-12T20:00,18.8,1,0.0,71,2.9
2026-09-12T21:00,18.0,8,0.0,74,2.5
2026-09-12T22:00,17.4,2,0.0,75,3.2
2026-09-12T23:00,16.9,6,0.0,75,3.6
2026-09-13T00:00,16.5,86,0.0,76,6.5
2026-09-13T01:00,16.4,7,0.0,77,7.2
2026-09-13T02:00,16.3,100,0.0,77,3.6
2026-09-13T03:00,16.5,100,0.0,76,4.3
2026-09-13T04:00,15.8,100,0.0,80,6.5
2026-09-13T05:00,14.6,100,0.0,84,6.5
2026-09-13T06:00,14.8,53,0.0,83,4.0
2026-09-13T07:00,15.1,100,18.0,84,4.3
2026-09-13T08:00,16.5,100,48.0,85,2.2
2026-09-13T09:00,17.2,100,97.0,81,4.7
2026-09-13T10:00,18.2,81,157.0,77,3.6
2026-09-13T11:00,20.2,100,435.0,71,9.4
2026-09-13T12:00,21.3,100,433.0,67,11.5
2026-09-13T13:00,21.1,100,312.0,71,11.9
2026-09-13T14:00,21.5,100,332.0,66,11.2
2026-09-13T15:00,21.2,100,148.0,67,10.4
2026-09-13T16:00,20.9,100,63.0,69,10.1
2026-09-13T17:00,21.0,100,78.0,71,8.6
2026-09-13T18:00,21.1,100,54.0,72,8.3
2026-09-13T19:00,20.5,100,15.0,70,14.0
2026-09-13T20:00,19.6,100,0.0,75,10.8
2026-09-13T21:00,19.1,99,0.0,77,14.0
2026-09-13T22:00,18.2,99,0.0,78,13.0
2026-09-13T23:00,17.4,100,0.0,81,9.7
2026-09-14T00:00,16.7,64,0.0,84,9.7
2026-09-14T01:00,16.2,32,0.0,87,8.6
2026-09-14T02:00,15.8,1,0.0,88,7.9
2026-09-14T03:00,15.6,100,0.0,90,8.6
2026-09-14T04:00,15.4,100,0.0,91,7.9
2026-09-14T05:00,15.4,100,0.0,92,5.8
2026-09-14T06:00,15.6,100,0.0,92,5.8
2026-09-14T07:00,15.7,100,3.0,92,5.8
2026-09-14T08:00,15.6,100,15.0,92,6.8
2026-09-14T09:00,16.1,100,40.0,90,7.2
2026-09-14T10:00,16.9,100,94.0,88,6.8
2026-09-14T11:00,17.1,100,71.0,88,4.7
2026-09-14T12:00,17.3,100,37.0,87,5.4
2026-09-14T13:00,17.5,100,41.0,90,10.1
2026-09-14T14:00,17.7,100,97.0,92,3.2
2026-09-14T15:00,17.4,100,35.0,93,4.7
2026-09-14T16:00,17.3,100,7.0,95,4.0
2026-09-14T17:00,17.3,100,3.0,93,3.2
2026-09-14T18:00,17.2,100,4.0,90,8.3
2026-09-14T19:00,16.7,100,2.0,92,9.7
2026-09-14T20:00,16.2,100,0.0,90,8.3
2026-09-14T21:00,16.3,100,0.0,91,11.9
2026-09-14T22:00,15.6,100,0.0,93,13.3
2026-09-14T23:00,15.5,100,0.0,91,9.0
2026-09-15T00:00,15.4,100,0.0,91,12.6
2026-09-15T01:00,14.8,91,0.0,93,12.6
2026-09-15T02:00,14.9,100,0.0,93,13.3
2026-09-15T03:00,15.1,100,0.0,92,14.0
2026-09-15T04:00,15.0,99,0.0,91,12.6
2026-09-15T05:00,14.4,6,0.0,89,13.7
2026-09-15T06:00,13.9,100,0.0,90,16.9
2026-09-15T07:00,13.9,100,14.0,85,14.4
2026-09-15T08:00,14.1,92,100.0,86,12.2
2026-09-15T09:00,13.8,100,194.0,89,10.8
2026-09-15T10:00,14.7,100,199.0,85,9.7
2026-09-15T11:00,16.3,29,364.0,80,9.4
2026-09-15T12:00,18.0,50,552.0,70,10.4
2026-09-15T13:00,19.2,16,552.0,60,13.3
2026-09-15T14:00,20.0,0,582.0,54,14.4
2026-09-15T15:00,20.4,0,512.0,55,14.8
2026-09-15T16:00,20.5,4,307.0,55,14.8
2026-09-15T17:00,20.3,7,145.0,58,13.7
2026-09-15T18:00,20.0,100,122.0,62,13.3
2026-09-15T19:00,19.3,100,8.0,63,13.7
2026-09-15T20:00,19.0,100,0.0,66,15.1
2026-09-15T21:00,18.8,95,0.0,68,14.0
2026-09-15T22:00,17.9,100,0.0,72,14.8
2026-09-15T23:00,17.9,66,0.0,73,12.6
2026-09-16T00:00,17.7,4,0.0,76,15.1
2026-09-16T01:00,17.0,63,0.0,82,14.8
2026-09-16T02:00,16.5,70,0.0,86,11.2
2026-09-16T03:00,16.6,100,0.0,88,11.9
2026-09-16T04:00,16.5,100,0.0,89,10.1
2026-09-16T05:00,16.1,100,0.0,91,11.5
2026-09-16T06:00,15.9,100,0.0,91,10.1
2026-09-16T07:00,16.6,100,10.0,89,8.3
2026-09-16T08:00,17.6,100,39.0,84,12.2
2026-09-16T09:00,18.3,100,73.0,78,18.0
2026-09-16T10:00,17.2,100,59.0,80,17.3
2026-09-16T11:00,18.4,100,248.0,71,22.3
2026-09-16T12:00,19.2,100,510.0,61,20.9
2026-09-16T13:00,19.6,100,542.0,57,18.4
2026-09-16T14:00,20.1,0,541.0,53,18.4
2026-09-16T15:00,20.2,100,464.0,51,21.2
2026-09-16T16:00,19.8,70,290.0,50,19.4
2026-09-16T17:00,19.5,100,245.0,51,20.9
2026-09-16T18:00,18.9,29,120.0,53,22.0
2026-09-16T19:00,17.7,0,20.0,58,16.9
2026-09-16T20:00,17.2,0,0.0,60,15.5
2026-09-16T21:00,16.6,0,0.0,61,16.9
2026-09-16T22:00,15.8,98,0.0,65,12.2
2026-09-16T23:00,15.6,96,0.0,69,12.2
2026-09-17T00:00,15.4,32,0.0,68,12.2
2026-09-17T01:00,14.7,6,0.0,73,10.8
2026-09-17T02:00,14.8,100,0.0,72,11.9
2026-09-17T03:00,14.9,80,0.0,67,13.7
2026-09-17T04:00,14.9,100,0.0,64,16.2
2026-09-17T05:00,14.7,100,0.0,63,16.9
2026-09-17T06:00,14.3,100,0.0,65,16.6
2026-09-17T07:00,13.9,99,14.0,68,15.8
2026-09-17T08:00,14.1,100,87.0,67,15.8
2026-09-17T09:00,14.2,99,159.0,67,15.8
2026-09-17T10:00,15.2,35,326.0,67,12.6
2026-09-17T11:00,15.5,97,412.0,1,15.8
2026-09-17T12:00,15.6,93,315.0,1,15.5
2026-09-17T13:00,16.0,100,434.0,1,16.9
2026-09-17T14:00,16.5,23,305.0,1,14.4
2026-09-17T15:00,17.5,65,467.0,1,16.6
2026-09-17T16:00,17.3,100,305.0,1,19.1
2026-09-17T17:00,17.6,0,219.0,55,16.9
2026-09-17T18:00,17.1,0,125.0,58,16.6
2026-09-17T19:00,16.1,100,20.0,64,18.7
2026-09-17T20:00,14.9,0,0.0,72,11.2
2026-09-17T21:00,14.6,0,0.0,74,15.1
2026-09-17T22:00,14.1,0,0.0,78,17.3
2026-09-17T23:00,13.7,0,0.0,78,16.6
2026-09-18T00:00,13.3,0,0.0,80,15.8
2026-09-18T01:00,12.8,0,0.0,83,17.6
2026-09-18T02:00,12.5,0,0.0,84,17.6
2026-09-18T03:00,12.3,9,0.0,85,16.6
2026-09-18T04:00,11.9,96,0.0,86,17.3
2026-09-18T05:00,11.6,0,0.0,86,17.6
2026-09-18T06:00,11.4,0,0.0,87,16.2
2026-09-18T07:00,11.6,0,18.0,86,14.8
2026-09-18T08:00,12.6,34,123.0,80,12.6
2026-09-18T09:00,13.7,4,256.0,76,12.2
2026-09-18T10:00,15.2,0,396.0,71,11.2
2026-09-18T11:00,17.1,0,501.0,63,9.4
2026-09-18T12:00,18.5,0,569.0,56,13.3
2026-09-18T13:00,18.7,100,495.0,56,15.1
2026-09-18T14:00,19.4,100,473.0,54,12.2
2026-09-18T15:00,20.0,100,369.0,50,13.0
2026-09-18T16:00,19.5,100,155.0,53,14.4
2026-09-18T17:00,18.7,100,25.0,57,16.9
2026-09-18T18:00,18.3,100,8.0,61,16.2
2026-09-18T19:00,17.4,100,5.0,69,17.3
2026-09-18T20:00,16.6,100,0.0,74,16.6
2026-09-18T21:00,16.5,100,0.0,75,14.4
2026-09-18T22:00,16.3,100,0.0,77,15.8
2026-09-18T23:00,16.3,100,0.0,79,14.8
2026-09-19T00:00,16.4,100,0.0,80,14.8
2026-09-19T01:00,16.3,99,0.0,83,15.8
2026-09-19T02:00,16.4,100,0.0,85,14.0
2026-09-19T03:00,16.7,100,0.0,86,14.8
2026-09-19T04:00,16.6,100,0.0,87,14.4
2026-09-19T05:00,16.3,97,0.0,88,14.8
2026-09-19T06:00,15.9,44,0.0,91,14.4
2026-09-19T07:00,16.2,100,3.0,90,14.8
2026-09-19T08:00,16.4,100,17.0,90,16.2
2026-09-19T09:00,16.9,100,47.0,89,17.3
2026-09-19T10:00,17.6,100,115.0,86,15.5
2026-09-19T11:00,18.5,100,160.0,83,18.0
2026-09-19T12:00,19.0,100,174.0,82,15.5
2026-09-19T13:00,20.9,22,495.0,72,15.5
2026-09-19T14:00,20.9,100,322.0,73,15.8
2026-09-19T15:00,20.7,100,125.0,75,13.3
2026-09-19T16:00,21.2,47,123.0,73,11.2
2026-09-19T17:00,21.2,100,213.0,73,13.7
2026-09-19T18:00,21.0,100,35.0,74,13.3
2026-09-19T19:00,20.3,25,5.0,77,14.8
2026-09-19T20:00,19.8,100,0.0,78,11.9
2026-09-19T21:00,20.0,100,0.0,78,12.2
2026-09-19T22:00,19.1,51,0.0,84,10.4
2026-09-19T23:00,18.3,50,0.0,87,9.7
2026-09-20T00:00,17.9,47,0.0,89,9.0
2026-09-20T01:00,17.4,12,0.0,90,8.6
2026-09-20T02:00,16.9,99,0.0,90,10.1
2026-09-20T03:00,16.6,99,0.0,90,8.6
2026-09-20T04:00,16.1,93,0.0,90,7.2
2026-09-20T05:00,15.5,64,0.0,91,7.6
2026-09-20T06:00,15.0,96,0.0,92,6.8
2026-09-20T07:00,14.9,6,14.0,89,7.2
2026-09-20T08:00,16.5,77,110.0,85,7.9
2026-09-20T09:00,18.4,31,237.0,79,8.6
2026-09-20T10:00,20.3,36,375.0,74,9.7
2026-09-20T11:00,22.2,99,476.0,68,11.5
2026-09-20T12:00,23.7,82,542.0,63,12.6
2026-09-20T13:00,25.1,1,572.0,57,13.7
2026-09-20T14:00,26.5,0,552.0,51,11.5
2026-09-20T15:00,27.5,0,485.0,45,13.7
2026-09-20T16:00,27.5,64,377.0,47,15.1
2026-09-20T17:00,27.2,40,244.0,50,14.4
2026-09-20T18:00,26.0,92,108.0,58,12.2
2026-09-20T19:00,24.2,92,13.0,59,13.3
2026-09-20T20:00,23.3,100,0.0,59,10.8
2026-09-20T21:00,23.3,100,0.0,59,15.5
2026-09-20T22:00,22.5,48,0.0,65,15.8
2026-09-20T23:00,21.5,100,0.0,70,12.6
2026-09-21T00:00,20.8,52,0.0,77,13.3
2026-09-21T01:00,20.2,0,0.0,81,14.4
2026-09-21T02:00,19.6,5,0.0,81,14.8
2026-09-21T03:00,18.9,0,0.0,80,12.6
2026-09-21T04:00,18.4,0,0.0,79,12.2
2026-09-21T05:00,17.8,0,0.0,79,12.2
2026-09-21T06:00,17.2,40,0.0,79,13.0
2026-09-21T07:00,17.3,2,13.0,77,13.0
2026-09-21T08:00,18.3,1,112.0,70,13.3
2026-09-21T09:00,20.0,72,245.0,62,13.3
2026-09-21T10:00,22.6,88,372.0,54,14.8
2026-09-21T11:00,24.7,24,478.0,47,12.6
2026-09-21T12:00,26.0,30,550.0,44,16.6
2026-09-21T13:00,27.2,75,570.0,39,19.1
2026-09-21T14:00,28.2,2,543.0,38,11.9
2026-09-21T15:00,29.2,7,479.0,34,16.2
2026-09-21T16:00,29.4,36,369.0,33,15.1
2026-09-21T17:00,29.1,11,239.0,36,13.0
2026-09-21T18:00,27.6,28,106.0,45,13.3
2026-09-21T19:00,26.0,2,11.0,46,13.3
2026-09-21T20:00,24.4,17,0.0,52,5.8
2026-09-21T21:00,22.8,11,0.0,59,9.7
2026-09-21T22:00,22.9,0,0.0,62,15.1
2026-09-21T23:00,22.3,0,0.0,64,14.4
2026-09-22T00:00,21.8,0,0.0,64,15.1
2026-09-22T01:00,21.4,0,0.0,63,14.8
2026-09-22T02:00,20.8,0,0.0,65,13.7
2026-09-22T03:00,20.0,0,0.0,67,11.5
2026-09-22T04:00,19.1,17,0.0,71,7.9
2026-09-22T05:00,18.2,0,0.0,73,6.8
2026-09-22T06:00,18.0,0,0.0,69,6.5
2026-09-22T07:00,18.0,1,12.0,71,6.1
2026-09-22T08:00,18.4,0,106.0,73,11.5
2026-09-22T09:00,19.1,1,238.0,66,14.4
2026-09-22T10:00,20.0,0,366.0,61,14.0
2026-09-22T11:00,20.8,0,470.0,60,9.0
2026-09-22T12:00,22.0,12,539.0,56,9.4
2026-09-22T13:00,22.7,2,558.0,54,9.0
2026-09-22T14:00,23.2,0,531.0,53,7.2
2026-09-22T15:00,23.1,43,456.0,56,14.8
2026-09-22T16:00,20.6,6,323.0,57,19.8
2026-09-22T17:00,19.1,0,217.0,60,16.2
2026-09-22T18:00,18.0,44,99.0,62,17.3
2026-09-22T19:00,16.4,72,9.0,59,17.6
2026-09-22T20:00,16.0,100,0.0,62,16.9
2026-09-22T21:00,15.5,100,0.0,61,15.1
2026-09-22T22:00,14.9,100,0.0,61,13.3
2026-09-22T23:00,14.4,100,0.0,64,10.8
2026-09-23T00:00,13.8,100,0.0,73,14.8
2026-09-23T01:00,13.4,100,0.0,77,11.5
2026-09-23T02:00,13.3,100,0.0,84,7.6
2026-09-23T03:00,12.9,100,0.0,86,15.8
2026-09-23T04:00,11.2,100,0.0,84,16.2
2026-09-23T05:00,11.1,100,0.0,83,11.9
2026-09-23T06:00,11.0,100,0.0,79,11.9
2026-09-23T07:00,11.1,100,3.0,81,9.4
2026-09-23T08:00,11.6,100,51.0,79,8.3
2026-09-23T09:00,12.0,90,105.0,80,10.1
2026-09-23T10:00,12.6,100,223.0,77,8.6
2026-09-23T11:00,13.4,49,232.0,72,8.6
2026-09-23T12:00,14.3,100,418.0,67,7.9
2026-09-23T13:00,15.0,100,479.0,63,9.0
2026-09-23T14:00,15.5,100,420.0,59,6.5
2026-09-23T15:00,16.1,100,327.0,55,9.0
2026-09-23T16:00,15.9,100,226.0,57,9.0
2026-09-23T17:00,15.8,94,163.0,57,9.4
2026-09-23T18:00,15.2,100,89.0,59,10.1
2026-09-23T19:00,14.4,100,7.0,64,7.9
2026-09-23T20:00,13.5,100,0.0,71,6.5
2026-09-23T21:00,13.6,96,0.0,72,7.9
2026-09-23T22:00,12.8,5,0.0,76,7.9
2026-09-23T23:00,12.3,1,0.0,81,10.8
2026-09-24T00:00,11.7,94,0.0,75,10.4
2026-09-24T01:00,11.2,72,0.0,78,11.2
2026-09-24T02:00,10.5,100,0.0,82,11.5
2026-09-24T03:00,9.8,100,0.0,81,10.1
2026-09-24T04:00,9.6,100,0.0,79,9.4
2026-09-24T05:00,9.2,100,0.0,79,9.0
2026-09-24T06:00,8.6,97,0.0,82,10.1
2026-09-24T07:00,8.7,91,9.0,79,9.7
2026-09-24T08:00,9.4,0,102.0,74,11.2
2026-09-24T09:00,10.6,0,243.0,68,8.6
2026-09-24T10:00,11.9,16,377.0,63,10.8
2026-09-24T11:00,13.3,25,486.0,57,12.6
2026-09-24T12:00,14.5,0,554.0,53,13.3
2026-09-24T13:00,15.2,0,574.0,47,14.8
2026-09-24T14:00,15.5,49,548.0,42,15.5
2026-09-24T15:00,15.5,29,471.0,38,14.4
2026-09-24T16:00,15.4,26,364.0,36,14.4
2026-09-24T17:00,15.2,0,233.0,36,11.9
2026-09-24T18:00,14.8,0,96.0,36,12.6
2026-09-24T19:00,13.5,6,7.0,45,9.4
2026-09-24T20:00,12.1,0,0.0,48,7.6
2026-09-24T21:00,11.2,0,0.0,50,9.0
2026-09-24T22:00,10.7,0,0.0,49,9.4
2026-09-24T23:00,9.8,1,0.0,50,11.9
2026-09-25T00:00,9.0,0,0.0,53,10.4
2026-09-25T01:00,8.3,0,0.0,55,9.4
2026-09-25T02:00,8.0,0,0.0,60,10.8
2026-09-25T03:00,7.8,0,0.0,65,12.2
2026-09-25T04:00,7.3,0,0.0,67,11.5
2026-09-25T05:00,6.8,0,0.0,69,11.2
2026-09-25T06:00,6.3,0,0.0,71,10.1
2026-09-25T07:00,6.3,0,9.0,71,10.1
2026-09-25T08:00,7.5,0,105.0,66,9.4
2026-09-25T09:00,9.3,0,240.0,59,10.1
2026-09-25T10:00,11.3,0,372.0,54,11.5
2026-09-25T11:00,13.0,0,479.0,48,12.2
2026-09-25T12:00,14.0,0,549.0,42,15.1
2026-09-25T13:00,14.6,0,574.0,42,14.8
2026-09-25T14:00,15.1,0,546.0,39,14.8
2026-09-25T15:00,15.5,0,473.0,38,15.8
2026-09-25T16:00,15.4,0,362.0,40,15.1
2026-09-25T17:00,15.2,0,228.0,41,13.7
2026-09-25T18:00,14.6,0,91.0,45,14.0
2026-09-25T19:00,13.3,0,5.0,49,13.3
2026-09-25T20:00,12.2,36,0.0,53,10.4
2026-09-25T21:00,11.4,52,0.0,56,12.2
2026-09-25T22:00,10.5,22,0.0,57,12.6
2026-09-25T23:00,9.4,11,0.0,56,11.2
2026-09-26T00:00,8.9,12,0.0,56,12.2
2026-09-26T01:00,8.5,28,0.0,56,12.2
2026-09-26T02:00,8.3,2,0.0,57,12.2
2026-09-26T03:00,8.1,0,0.0,58,10.8
2026-09-26T04:00,7.4,20,0.0,60,9.4
2026-09-26T05:00,6.8,0,0.0,63,9.7
2026-09-26T06:00,6.6,0,0.0,65,10.1
2026-09-26T07:00,6.7,0,8.0,64,11.2
2026-09-26T08:00,7.7,0,99.0,60,12.2
2026-09-26T09:00,9.3,0,235.0,54,13.3
2026-09-26T10:00,11.3,0,368.0,49,15.5
2026-09-26T11:00,12.8,0,475.0,45,16.2
2026-09-26T12:00,13.8,0,546.0,42,16.6
2026-09-26T13:00,14.7,0,567.0,40,15.8
2026-09-26T14:00,15.7,0,539.0,36,13.7
2026-09-26T15:00,16.1,0,465.0,35,15.8
2026-09-26T16:00,16.0,0,356.0,35,15.8
2026-09-26T17:00,15.8,0,222.0,36,12.6
2026-09-26T18:00,15.2,0,86.0,39,13.3
2026-09-26T19:00,13.6,0,4.0,45,12.2
2026-09-26T20:00,12.3,0,0.0,48,14.4
2026-09-26T21:00,11.4,0,0.0,50,13.0
2026-09-26T22:00,10.7,7,0.0,50,13.3
2026-09-26T23:00,9.6,0,0.0,53,10.8
2026-09-27T00:00,9.0,0,0.0,54,11.5
2026-09-27T01:00,8.4,0,0.0,55,10.1
2026-09-27T02:00,7.8,0,0.0,59,10.8
2026-09-27T03:00,7.4,5,0.0,62,9.4
2026-09-27T04:00,7.0,0,0.0,63,9.4
2026-09-27T05:00,6.4,0,0.0,64,8.6
2026-09-27T06:00,6.0,90,0.0,66,8.3
2026-09-27T07:00,6.2,53,7.0,65,9.0
2026-09-27T08:00,7.4,85,95.0,62,5.0
2026-09-27T09:00,9.2,0,226.0,58,8.3
2026-09-27T10:00,11.1,2,363.0,53,9.4
2026-09-27T11:00,13.2,14,469.0,49,9.7
2026-09-27T12:00,14.7,93,536.0,45,10.8
2026-09-27T13:00,15.4,99,545.0,42,10.8
2026-09-27T14:00,16.2,96,485.0,41,5.4
2026-09-27T15:00,17.0,100,428.0,37,9.0
2026-09-27T16:00,16.6,99,266.0,39,10.4
2026-09-27T17:00,16.1,96,147.0,41,11.2
2026-09-27T18:00,15.4,100,55.0,44,12.2
2026-09-27T19:00,14.4,100,2.0,46,12.6
2026-09-27T20:00,13.2,100,0.0,48,10.8
2026-09-27T21:00,12.3,100,0.0,50,10.4
2026-09-27T22:00,11.4,99,0.0,51,10.4
2026-09-27T23:00,10.4,97,0.0,54,7.9
2026-09-28T00:00,9.8,100,0.0,56,6.5
2026-09-28T01:00,9.4,99,0.0,58,5.0
2026-09-28T02:00,8.5,100,0.0,64,5.4
2026-09-28T03:00,8.2,98,0.0,69,6.5
2026-09-28T04:00,7.8,62,0.0,71,5.4
2026-09-28T05:00,7.1,48,0.0,73,6.5
2026-09-28T06:00,7.3,100,0.0,72,5.4
2026-09-28T07:00,7.7,100,2.0,71,4.7
2026-09-28T08:00,8.8,100,19.0,74,4.0
2026-09-28T09:00,9.5,100,67.0,77,7.2
2026-09-28T10:00,10.1,100,80.0,79,7.2
2026-09-28T11:00,12.4,4,293.0,69,9.0
2026-09-28T12:00,14.5,46,455.0,58,7.6
2026-09-28T13:00,15.7,90,469.0,46,10.1
2026-09-28T14:00,16.0,2,420.0,48,7.2
2026-09-28T15:00,16.0,98,401.0,50,9.0
2026-09-28T16:00,16.0,32,218.0,51,9.7
2026-09-28T17:00,15.5,87,150.0,54,11.5
2026-09-28T18:00,15.0,100,53.0,57,11.9
2026-09-28T19:00,13.6,100,1.0,66,8.3
2026-09-28T20:00,13.2,1,0.0,66,12.2
2026-09-28T21:00,12.3,99,0.0,70,12.6
2026-09-28T22:00,11.6,100,0.0,71,13.0
2026-09-28T23:00,11.1,100,0.0,71,11.9
2026-09-29T00:00,10.8,100,0.0,72,13.3
2026-09-29T01:00,10.0,100,0.0,83,11.2
2026-09-29T02:00,9.8,100,0.0,82,12.2
2026-09-29T03:00,9.5,100,0.0,87,13.3
2026-09-29T04:00,9.4,100,0.0,88,13.3
2026-09-29T05:00,9.2,100,0.0,87,12.2
2026-09-29T06:00,9.1,100,0.0,87,13.7
2026-09-29T07:00,8.7,47,4.0,85,14.0
2026-09-29T08:00,8.8,0,75.0,82,14.0
2026-09-29T09:00,9.2,0,219.0,73,14.4
2026-09-29T10:00,9.9,0,348.0,69,13.0
2026-09-29T11:00,10.8,0,445.0,66,13.7
2026-09-29T12:00,11.6,17,515.0,61,14.0
2026-09-29T13:00,11.9,99,429.0,60,14.0
2026-09-29T14:00,11.3,100,289.0,61,13.7
2026-09-29T15:00,10.5,100,164.0,64,11.9
2026-09-29T16:00,10.6,100,192.0,65,13.7
2026-09-29T17:00,10.1,5,55.0,66,13.3
2026-09-29T18:00,9.7,97,60.0,69,14.0
2026-09-29T19:00,9.4,100,1.0,70,12.6
2026-09-29T20:00,9.4,100,0.0,71,13.0
2026-09-29T21:00,9.3,100,0.0,70,13.3
2026-09-29T22:00,9.1,100,0.0,70,12.6
2026-09-29T23:00,8.4,100,0.0,78,12.2
2026-09-30T00:00,8.2,100,0.0,80,11.5
2026-09-30T01:00,7.8,100,0.0,83,13.0
2026-09-30T02:00,7.8,100,0.0,84,10.4
2026-09-30T03:00,7.9,100,0.0,85,11.2
2026-09-30T04:00,7.8,100,0.0,84,11.5
2026-09-30T05:00,7.6,100,0.0,85,9.7
2026-09-30T06:00,7.5,100,0.0,85,10.8
2026-09-30T07:00,7.6,100,1.0,86,10.8
2026-09-30T08:00,7.7,100,10.0,88,10.4
2026-09-30T09:00,8.0,100,32.0,90,10.4
2026-09-30T10:00,8.2,100,23.0,91,10.4
2026-09-30T11:00,9.0,100,82.0,88,9.4
2026-09-30T12:00,10.0,100,168.0,82,11.2
2026-09-30T13:00,10.5,100,190.0,77,13.0
2026-09-30T14:00,10.7,100,169.0,75,9.4
2026-09-30T15:00,11.0,100,164.0,71,11.5
2026-09-30T16:00,10.7,100,77.0,72,14.0
2026-09-30T17:00,10.2,100,38.0,75,13.3
2026-09-30T18:00,10.1,100,24.0,75,11.9
2026-09-30T19:00,9.7,100,1.0,76,11.9
2026-09-30T20:00,9.5,100,0.0,77,12.2
2026-09-30T21:00,9.1,100,0.0,77,13.3
2026-09-30T22:00,9.0,100,0.0,78,13.7
2026-09-30T23:00,8.8,100,0.0,79,9.0
2026-10-01T00:00,8.5,100,0.0,82,10.4
2026-10-01T01:00,8.1,100,0.0,83,11.2
2026-10-01T02:00,8.1,100,0.0,85,11.2
2026-10-01T03:00,8.0,100,0.0,89,11.9
2026-10-01T04:00,7.7,100,0.0,90,11.2
2026-10-01T05:00,7.7,100,0.0,86,11.2
2026-10-01T06:00,7.4,100,0.0,86,10.8
2026-10-01T07:00,7.2,100,2.0,84,10.8
2026-10-01T08:00,7.2,100,49.0,82,10.1
2026-10-01T09:00,7.8,100,139.0,78,9.4
2026-10-01T10:00,8.8,96,301.0,72,9.4
2026-10-01T11:00,10.0,100,416.0,64,9.7
2026-10-01T12:00,11.0,100,436.0,57,11.5
2026-10-01T13:00,12.2,11,515.0,51,12.2
2026-10-01T14:00,12.6,2,493.0,49,10.8
2026-10-01T15:00,12.7,96,409.0,47,12.6
2026-10-01T16:00,12.5,83,234.0,45,13.3
2026-10-01T17:00,12.3,68,158.0,45,14.0
2026-10-01T18:00,11.7,95,62.0,47,13.7
2026-10-01T19:00,10.7,100,1.0,52,10.4
2026-10-01T20:00,9.8,79,0.0,56,7.2
2026-10-01T21:00,8.8,87,0.0,60,7.2
2026-10-01T22:00,8.1,41,0.0,57,8.6
2026-10-01T23:00,7.2,86,0.0,55,8.3
2026-10-02T00:00,6.5,100,0.0,58,7.9
2026-10-02T01:00,6.0,99,0.0,59,8.6
2026-10-02T02:00,5.1,87,0.0,66,7.9
2026-10-02T03:00,4.9,100,0.0,72,8.3
2026-10-02T04:00,4.7,99,0.0,70,9.0
2026-10-02T05:00,4.1,98,0.0,70,9.0
2026-10-02T06:00,3.9,99,0.0,71,9.0
2026-10-02T07:00,4.0,83,2.0,71,8.3
2026-10-02T08:00,4.2,5,74.0,71,4.0
2026-10-02T09:00,5.5,66,216.0,64,6.8
2026-10-02T10:00,7.1,87,341.0,57,7.6
2026-10-02T11:00,8.9,78,441.0,51,9.0
2026-10-02T12:00,10.1,100,456.0,46,9.4
2026-10-02T13:00,10.8,95,464.0,44,9.0
2026-10-02T14:00,11.3,69,464.0,41,9.0
2026-10-02T15:00,11.9,27,406.0,36,8.6
2026-10-02T16:00,11.8,20,317.0,37,10.8
2026-10-02T17:00,11.4,22,190.0,39,9.4
2026-10-02T18:00,11.0,0,63.0,42,8.3
2026-10-02T19:00,9.6,0,0.0,49,6.5
2026-10-02T20:00,8.3,0,0.0,57,4.3
2026-10-02T21:00,7.6,0,0.0,60,6.8
2026-10-02T22:00,7.0,0,0.0,58,9.0
2026-10-02T23:00,6.1,0,0.0,61,5.4
2026-10-03T00:00,5.5,0,0.0,64,6.8
2026-10-03T01:00,4.8,0,0.0,66,5.8
2026-10-03T02:00,4.0,0,0.0,70,4.7
2026-10-03T03:00,4.0,100,0.0,73,3.2
2026-10-03T04:00,4.5,99,0.0,70,3.6
2026-10-03T05:00,3.7,98,0.0,74,4.3
2026-10-03T06:00,3.5,73,0.0,74,4.3
2026-10-03T07:00,3.5,0,2.0,73,2.9
2026-10-03T08:00,4.8,0,78.0,68,0.7
2026-10-03T09:00,6.6,0,216.0,63,4.0
2026-10-03T10:00,8.0,0,349.0,57,3.6
2026-10-03T11:00,9.4,100,454.0,55,3.2
2026-10-03T12:00,10.5,3,372.0,55,3.2
2026-10-03T13:00,11.7,17,538.0,50,5.8
2026-10-03T14:00,11.8,11,409.0,49,9.0
2026-10-03T15:00,12.4,1,423.0,48,7.2
2026-10-03T16:00,12.4,0,326.0,47,7.9
2026-10-03T17:00,11.8,0,191.0,47,8.3
2026-10-03T18:00,10.9,0,56.0,52,8.3
2026-10-03T19:00,9.7,0,0.0,58,2.5
2026-10-03T20:00,8.9,0,0.0,60,2.9
2026-10-03T21:00,8.2,0,0.0,61,4.0
2026-10-03T22:00,7.8,0,0.0,61,2.2
2026-10-03T23:00,7.4,2,0.0,62,1.4
2026-10-04T00:00,6.5,81,0.0,67,6.1
2026-10-04T01:00,7.2,100,0.0,65,2.2
2026-10-04T02:00,8.4,100,0.0,62,1.4
2026-10-04T03:00,6.9,97,0.0,73,6.1
2026-10-04T04:00,6.6,99,0.0,73,6.5
2026-10-04T05:00,6.6,89,0.0,73,5.8
2026-10-04T06:00,6.1,12,0.0,75,7.2
2026-10-04T07:00,6.1,1,1.0,75,9.7
2026-10-04T08:00,6.4,0,74.0,76,5.4
2026-10-04T09:00,7.5,12,206.0,73,11.2
2026-10-04T10:00,8.8,18,334.0,68,10.8
2026-10-04T11:00,10.0,100,442.0,63,15.5
2026-10-04T12:00,10.6,3,349.0,60,14.4
2026-10-04T13:00,11.7,29,488.0,58,15.1
2026-10-04T14:00,12.5,0,450.0,57,14.4
2026-10-04T15:00,12.8,4,426.0,58,17.6
2026-10-04T16:00,13.1,13,311.0,59,18.4
2026-10-04T17:00,13.0,2,178.0,61,19.8
2026-10-04T18:00,12.1,80,51.0,65,20.2
2026-10-04T19:00,11.0,98,0.0,70,20.5
2026-10-04T20:00,10.1,100,0.0,74,14.4
2026-10-04T21:00,9.5,100,0.0,77,18.0
2026-10-04T22:00,9.2,100,0.0,80,16.6
2026-10-04T23:00,8.7,100,0.0,88,14.0
2026-10-05T00:00,8.5,100,0.0,91,14.8
2026-10-05T01:00,8.6,100,0.0,90,15.1
2026-10-05T02:00,8.8,100,0.0,91,13.3
2026-10-05T03:00,9.0,100,0.0,91,15.8
2026-10-05T04:00,9.1,100,0.0,92,17.6
2026-10-05T05:00,9.3,100,0.0,93,21.6
2026-10-05T06:00,9.6,100,0.0,92,18.0
2026-10-05T07:00,9.7,100,1.0,90,17.3
2026-10-05T08:00,9.9,100,19.0,88,14.8
2026-10-05T09:00,10.0,90,45.0,87,15.8
2026-10-05T10:00,10.1,49,172.0,82,17.6
2026-10-05T11:00,10.9,100,279.0,78,18.4
2026-10-05T12:00,11.4,8,178.0,74,17.3
2026-10-05T13:00,12.7,92,486.0,71,18.0
2026-10-05T14:00,12.9,100,426.0,69,18.4
2026-10-05T15:00,13.1,100,164.0,69,13.3
2026-10-05T16:00,13.2,100,94.0,71,11.5
2026-10-05T17:00,12.5,5,66.0,81,10.1
2026-10-05T18:00,12.1,21,46.0,80,10.8
2026-10-05T19:00,11.2,35,0.0,85,9.4
2026-10-05T20:00,10.7,0,0.0,88,9.7
2026-10-05T21:00,10.4,57,0.0,86,11.2
2026-10-05T22:00,10.0,5,0.0,86,11.2
2026-10-05T23:00,9.4,97,0.0,87,11.2
2026-10-06T00:00,10.0,100,0.0,85,11.5
2026-10-06T01:00,10.3,100,0.0,84,11.5
2026-10-06T02:00,10.1,100,0.0,83,12.2
2026-10-06T03:00,9.7,100,0.0,82,10.1
2026-10-06T04:00,8.8,17,0.0,85,10.4
2026-10-06T05:00,8.1,0,0.0,87,12.6
2026-10-06T06:00,7.6,93,0.0,88,11.5
2026-10-06T07:00,7.6,30,1.0,88,11.2
2026-10-06T08:00,8.1,24,64.0,87,11.9
2026-10-06T09:00,9.3,70,185.0,85,10.4
2026-10-06T10:00,10.7,31,300.0,82,10.8
2026-10-06T11:00,11.9,87,352.0,80,12.2
2026-10-06T12:00,12.0,100,200.0,80,12.6
2026-10-06T13:00,11.6,100,61.0,82,13.0
2026-10-06T14:00,11.3,100,32.0,83,13.3
2026-10-06T15:00,11.7,100,95.0,82,13.7
2026-10-06T16:00,11.6,100,29.0,84,13.3
2026-10-06T17:00,11.3,100,17.0,88,11.5
2026-10-06T18:00,11.1,100,2.0,91,12.2
2026-10-06T19:00,10.8,100,0.0,93,13.7
2026-10-06T20:00,10.7,100,0.0,92,12.2
2026-10-06T21:00,10.6,100,0.0,94,9.7
2026-10-06T22:00,10.5,100,0.0,94,9.7
2026-10-06T23:00,10.5,100,0.0,94,13.7
2026-10-07T00:00,10.4,100,0.0,94,11.2
2026-10-07T01:00,10.3,100,0.0,95,9.4
2026-10-07T02:00,10.3,100,0.0,95,9.4
2026-10-07T03:00,10.4,100,0.0,95,9.0
2026-10-07T04:00,10.4,100,0.0,94,10.1
2026-10-07T05:00,10.4,100,0.0,94,10.1
2026-10-07T06:00,10.3,100,0.0,94,8.3
2026-10-07T07:00,10.3,100,0.0,93,9.4
2026-10-07T08:00,10.0,100,13.0,94,8.6
2026-10-07T09:00,10.0,100,81.0,93,8.6
2026-10-07T10:00,10.2,100,139.0,91,7.6
2026-10-07T11:00,10.7,100,165.0,89,6.1
2026-10-07T12:00,11.5,100,262.0,85,4.7
2026-10-07T13:00,12.5,98,344.0,81,4.3
2026-10-07T14:00,13.3,96,356.0,75,4.3
2026-10-07T15:00,13.7,62,270.0,69,4.7
2026-10-07T16:00,13.9,97,217.0,67,5.0
2026-10-07T17:00,13.7,82,93.0,68,5.0
2026-10-07T18:00,13.1,43,31.0,69,4.3
2026-10-07T19:00,12.6,100,0.0,74,5.0
2026-10-07T20:00,11.8,72,0.0,78,5.0
2026-10-07T21:00,10.6,1,0.0,82,5.4
2026-10-07T22:00,10.0,30,0.0,84,5.0
2026-10-07T23:00,9.2,0,0.0,86,4.7
2026-10-08T00:00,8.7,0,0.0,86,4.7
2026-10-08T01:00,8.3,0,0.0,87,5.0
2026-10-08T02:00,7.4,0,0.0,90,2.9
2026-10-08T03:00,7.3,0,0.0,92,2.5
2026-10-08T04:00,7.1,0,0.0,92,1.1
2026-10-08T05:00,6.9,0,0.0,90,0.0
2026-10-08T06:00,6.6,0,0.0,88,1.8
2026-10-08T07:00,6.9,0,0.0,85,1.8
2026-10-08T08:00,7.3,0,60.0,90,1.8
2026-10-08T09:00,8.5,0,188.0,87,4.7
2026-10-08T10:00,10.2,0,317.0,80,5.0
2026-10-08T11:00,12.0,0,421.0,72,7.6
2026-10-08T12:00,13.6,0,486.0,63,6.5
2026-10-08T13:00,14.6,8,501.0,58,7.2
2026-10-08T14:00,15.0,14,463.0,56,4.3
2026-10-08T15:00,15.1,87,341.0,55,5.4
2026-10-08T16:00,15.0,95,202.0,56,6.1
2026-10-08T17:00,14.5,99,109.0,59,6.5
2026-10-08T18:00,13.6,100,21.0,65,7.9
2026-10-08T19:00,13.0,100,0.0,69,8.6
2026-10-08T20:00,12.2,100,0.0,76,5.0
2026-10-08T21:00,12.2,100,0.0,77,5.8
2026-10-08T22:00,12.0,100,0.0,80,4.7
2026-10-08T23:00,11.5,100,0.0,85,8.6
2026-10-09T00:00,11.4,100,0.0,88,5.0
2026-10-09T01:00,11.1,99,0.0,90,2.9
2026-10-09T02:00,11.1,100,0.0,89,7.2
2026-10-09T03:00,11.0,100,0.0,88,6.8
2026-10-09T04:00,10.8,100,0.0,87,5.4
2026-10-09T05:00,10.5,100,0.0,89,4.7
2026-10-09T06:00,10.4,100,0.0,89,5.8
2026-10-09T07:00,10.5,100,0.0,88,5.0
2026-10-09T08:00,10.7,100,2.0,89,5.0
2026-10-09T09:00,10.9,100,12.0,89,5.0
2026-10-09T10:00,11.3,100,34.0,87,6.1
2026-10-09T11:00,11.4,100,49.0,91,6.8
2026-10-09T12:00,11.7,100,104.0,90,6.1
2026-10-09T13:00,11.9,100,120.0,89,8.6
2026-10-09T14:00,12.2,95,117.0,86,7.2
2026-10-09T15:00,13.4,100,302.0,84,9.4
2026-10-09T16:00,13.2,100,77.0,86,9.4
2026-10-09T17:00,13.5,100,30.0,87,11.9
2026-10-09T18:00,13.1,100,2.0,90,13.7
2026-10-09T19:00,12.7,100,0.0,91,10.8
2026-10-09T20:00,12.6,100,0.0,86,10.4
2026-10-09T21:00,12.4,100,0.0,85,11.2
2026-10-09T22:00,12.3,100,0.0,86,10.1
2026-10-09T23:00,12.1,1,0.0,87,10.8
2026-10-10T00:00,11.6,99,0.0,90,10.8
2026-10-10T01:00,11.7,100,0.0,91,13.7
2026-10-10T02:00,11.5,100,0.0,88,14.4
2026-10-10T03:00,11.0,100,0.0,91,15.5
2026-10-10T04:00,10.9,100,0.0,90,18.0
2026-10-10T05:00,10.8,100,0.0,88,18.0
2026-10-10T06:00,10.6,100,0.0,91,19.4
2026-10-10T07:00,10.7,100,0.0,91,22.3
2026-10-10T08:00,10.7,100,1.0,92,23.0
2026-10-10T09:00,10.8,100,5.0,93,21.2
2026-10-10T10:00,11.6,100,84.0,89,20.2
2026-10-10T11:00,12.3,79,121.0,85,20.2
2026-10-10T12:00,12.2,100,130.0,85,17.3
2026-10-10T13:00,13.6,4,255.0,78,19.8
2026-10-10T14:00,13.6,3,269.0,74,24.1
2026-10-10T15:00,14.0,9,374.0,72,20.9
2026-10-10T16:00,13.6,51,175.0,74,21.6
2026-10-10T17:00,13.4,100,87.0,75,20.9
2026-10-10T18:00,12.7,100,19.0,79,19.4
2026-10-10T19:00,12.0,90,0.0,86,13.0
2026-10-10T20:00,11.6,100,0.0,87,14.4
2026-10-10T21:00,11.4,24,0.0,84,17.6
2026-10-10T22:00,10.6,21,0.0,86,14.0
2026-10-10T23:00,10.5,31,0.0,91,15.1
2026-10-11T00:00,10.2,58,0.0,92,12.2
2026-10-11T01:00,9.6,95,0.0,94,11.5
2026-10-11T02:00,9.8,100,0.0,94,13.0
2026-10-11T03:00,9.9,100,0.0,94,11.2
2026-10-11T04:00,10.4,100,0.0,95,12.2
2026-10-11T05:00,10.7,100,0.0,96,14.0
2026-10-11T06:00,11.8,100,0.0,95,16.9
2026-10-11T07:00,12.2,100,0.0,93,18.0
2026-10-11T08:00,12.3,100,2.0,92,18.7
2026-10-11T09:00,12.3,100,13.0,92,16.2
2026-10-11T10:00,12.5,100,16.0,92,16.2
2026-10-11T11:00,12.7,100,21.0,91,15.8
2026-10-11T12:00,12.8,100,17.0,90,18.0
2026-10-11T13:00,13.4,100,82.0,85,19.4
2026-10-11T14:00,13.4,100,72.0,85,22.0
2026-10-11T15:00,13.1,100,23.0,87,19.8
2026-10-11T16:00,13.1,100,19.0,86,20.2
2026-10-11T17:00,13.0,100,6.0,86,19.1
2026-10-11T18:00,12.8,100,1.0,87,18.0
2026-10-11T19:00,12.5,100,0.0,89,16.6
2026-10-11T20:00,12.4,100,0.0,90,15.5
2026-10-11T21:00,12.2,100,0.0,90,15.8
2026-10-11T22:00,12.1,100,0.0,90,15.8
2026-10-11T23:00,12.0,100,0.0,90,14.4
2026-10-12T00:00,12.0,100,0.0,90,14.0
2026-10-12T01:00,11.9,100,0.0,89,14.0
2026-10-12T02:00,11.8,100,0.0,89,14.8
2026-10-12T03:00,11.5,100,0.0,90,13.3
2026-10-12T04:00,11.3,100,0.0,92,11.9
2026-10-12T05:00,11.2,100,0.0,92,12.6
2026-10-12T06:00,11.0,100,0.0,92,13.7
2026-10-12T07:00,11.1,100,0.0,91,15.5
2026-10-12T08:00,11.1,100,5.0,90,16.2
2026-10-12T09:00,11.1,100,22.0,89,18.0
2026-10-12T10:00,11.3,100,41.0,88,16.9
2026-10-12T11:00,11.4,100,39.0,88,18.0
2026-10-12T12:00,11.5,100,35.0,89,19.4
2026-10-12T13:00,11.6,100,29.0,87,17.3
2026-10-12T14:00,11.9,100,38.0,85,16.9
2026-10-12T15:00,11.9,100,29.0,87,17.3
2026-10-12T16:00,12.0,100,12.0,87,19.8
2026-10-12T17:00,11.9,100,6.0,88,22.3
2026-10-12T18:00,11.8,100,1.0,90,22.3
2026-10-12T19:00,11.5,100,0.0,94,18.0
2026-10-12T20:00,11.6,100,0.0,92,15.8
2026-10-12T21:00,11.2,0,0.0,88,12.6
2026-10-12T22:00,10.1,37,0.0,87,11.2
2026-10-12T23:00,8.8,62,0.0,81,9.4
2026-10-13T00:00,8.1,75,0.0,81,11.5
2026-10-13T01:00,7.3,0,0.0,82,10.1
2026-10-13T02:00,6.9,0,0.0,80,13.0
2026-10-13T03:00,6.2,24,0.0,83,11.9
2026-10-13T04:00,6.0,92,0.0,84,11.9
2026-10-13T05:00,5.5,98,0.0,85,13.0
2026-10-13T06:00,5.0,99,0.0,86,11.2
2026-10-13T07:00,4.8,33,0.0,85,10.8
2026-10-13T08:00,5.4,90,32.0,83,12.6
2026-10-13T09:00,6.2,90,117.0,80,13.3
2026-10-13T10:00,7.4,100,162.0,77,14.4
2026-10-13T11:00,8.3,24,139.0,76,15.1
2026-10-13T12:00,10.1,24,457.0,71,13.3
2026-10-13T13:00,11.6,100,455.0,61,14.0
2026-10-13T14:00,11.2,100,182.0,63,17.6
2026-10-13T15:00,11.4,19,148.0,62,17.3
2026-10-13T16:00,11.2,93,228.0,63,17.3
2026-10-13T17:00,10.8,83,114.0,67,18.0
2026-10-13T18:00,10.4,100,20.0,70,15.5
2026-10-13T19:00,9.7,100,0.0,73,13.7
2026-10-13T20:00,9.3,100,0.0,75,13.0
2026-10-13T21:00,9.1,100,0.0,76,13.0
2026-10-13T22:00,8.7,83,0.0,77,11.5
2026-10-13T23:00,8.5,100,0.0,78,7.9
2026-10-14T00:00,8.3,94,0.0,78,11.2
2026-10-14T01:00,8.0,49,0.0,79,11.5
2026-10-14T02:00,7.4,81,0.0,82,11.5
2026-10-14T03:00,7.5,86,0.0,82,12.2
2026-10-14T04:00,7.6,100,0.0,81,12.6
2026-10-14T05:00,7.6,100,0.0,80,12.2
2026-10-14T06:00,7.4,100,0.0,79,13.0
2026-10-14T07:00,7.5,100,0.0,79,12.6
2026-10-14T08:00,7.5,100,10.0,81,11.9
2026-10-14T09:00,7.8,100,67.0,82,9.4
2026-10-14T10:00,8.0,100,76.0,83,9.4
2026-10-14T11:00,8.6,100,116.0,81,8.6
2026-10-14T12:00,9.4,100,262.0,75,8.6
2026-10-14T13:00,10.1,52,329.0,70,7.9
2026-10-14T14:00,11.1,0,410.0,62,6.1
2026-10-14T15:00,11.8,98,289.0,54,7.6
2026-10-14T16:00,11.6,100,116.0,54,8.3
2026-10-14T17:00,11.1,100,28.0,57,9.7
2026-10-14T18:00,10.5,0,8.0,63,7.9
2026-10-14T19:00,8.6,0,0.0,84,8.3
2026-10-14T20:00,8.5,100,0.0,86,11.2
2026-10-14T21:00,8.0,0,0.0,87,8.6
2026-10-14T22:00,7.3,0,0.0,90,9.7
2026-10-14T23:00,6.8,0,0.0,91,11.5
2026-10-15T00:00,6.6,0,0.0,90,9.0
2026-10-15T01:00,6.2,0,0.0,90,8.3
2026-10-15T02:00,6.1,1,0.0,90,5.8
2026-10-15T03:00,4.7,1,0.0,94,7.9
2026-10-15T04:00,3.6,88,0.0,96,7.6
2026-10-15T05:00,3.4,100,0.0,97,7.2
2026-10-15T06:00,3.3,100,0.0,97,6.1
2026-10-15T07:00,3.1,100,0.0,97,6.5
2026-10-15T08:00,3.2,100,24.0,96,5.0
2026-10-15T09:00,3.9,100,103.0,94,6.8
2026-10-15T10:00,5.3,85,223.0,88,6.5
2026-10-15T11:00,6.5,79,346.0,83,7.6
2026-10-15T12:00,8.5,0,442.0,73,7.6
2026-10-15T13:00,9.8,0,464.0,67,9.0
2026-10-15T14:00,10.6,100,432.0,66,10.8
2026-10-15T15:00,10.9,1,278.0,65,10.1
2026-10-15T16:00,10.9,1,244.0,63,10.1
2026-10-15T17:00,10.5,0,120.0,66,11.2
2026-10-15T18:00,9.6,0,16.0,74,10.4
2026-10-15T19:00,8.7,0,0.0,78,10.8
2026-10-15T20:00,8.5,2,0.0,76,11.9
2026-10-15T21:00,8.6,99,0.0,74,11.9
2026-10-15T22:00,8.3,81,0.0,79,13.0
2026-10-15T23:00,8.3,100,0.0,80,9.4
2026-10-16T00:00,8.4,100,0.0,82,12.2
2026-10-16T01:00,8.5,100,0.0,83,13.3
2026-10-16T02:00,8.4,100,0.0,85,13.3
2026-10-16T03:00,8.3,97,0.0,89,13.3
2026-10-16T04:00,8.1,97,0.0,89,14.0
2026-10-16T05:00,7.8,92,0.0,91,14.8
2026-10-16T06:00,8.0,100,0.0,91,10.8
2026-10-16T07:00,8.6,100,0.0,84,11.2
2026-10-16T08:00,8.9,100,10.0,83,8.3
2026-10-16T09:00,9.0,8,123.0,84,9.7
2026-10-16T10:00,10.0,100,213.0,81,11.5
2026-10-16T11:00,10.3,100,151.0,83,11.5
2026-10-16T12:00,11.4,51,274.0,77,11.5
2026-10-16T13:00,11.5,100,283.0,77,13.3
2026-10-16T14:00,11.0,100,76.0,80,14.0
2026-10-16T15:00,10.8,100,64.0,82,14.0
2026-10-16T16:00,10.3,100,12.0,88,13.7
2026-10-16T17:00,10.4,100,11.0,88,14.4
2026-10-16T18:00,10.5,100,2.0,88,15.1
2026-10-16T19:00,10.3,100,0.0,89,15.1
2026-10-16T20:00,10.2,100,0.0,89,14.0
2026-10-16T21:00,10.3,100,0.0,90,14.0
2026-10-16T22:00,10.2,100,0.0,91,14.8
2026-10-16T23:00,10.3,100,0.0,90,13.0
2026-10-17T00:00,10.4,100,0.0,91,13.7
2026-10-17T01:00,10.2,100,0.0,93,13.7
2026-10-17T02:00,10.1,100,0.0,94,12.6
2026-10-17T03:00,10.2,100,0.0,93,13.0
2026-10-17T04:00,10.2,100,0.0,93,13.0
2026-10-17T05:00,10.2,100,0.0,92,15.1
2026-10-17T06:00,10.3,100,0.0,92,14.4
2026-10-17T07:00,10.4,100,0.0,90,11.9
2026-10-17T08:00,10.4,14,10.0,89,12.6
2026-10-17T09:00,10.7,100,96.0,88,14.0
2026-10-17T10:00,10.7,100,61.0,88,10.4
2026-10-17T11:00,11.4,100,115.0,85,13.0
2026-10-17T12:00,10.8,100,43.0,91,13.0
2026-10-17T13:00,10.8,100,23.0,91,14.8
2026-10-17T14:00,11.8,72,101.0,85,9.7
2026-10-17T15:00,12.3,87,259.0,83,12.2
2026-10-17T16:00,12.0,100,97.0,84,11.9
2026-10-17T17:00,12.0,100,56.0,84,11.2
2026-10-17T18:00,11.3,100,1.0,89,11.5
2026-10-17T19:00,10.9,100,0.0,90,10.8
2026-10-17T20:00,10.8,100,0.0,89,10.1
2026-10-17T21:00,10.8,100,0.0,89,11.9
2026-10-17T22:00,10.6,100,0.0,90,13.3
2026-10-17T23:00,10.5,89,0.0,89,13.7
2026-10-18T00:00,10.2,100,0.0,88,15.1
2026-10-18T01:00,9.9,100,0.0,87,16.2
2026-10-18T02:00,9.3,100,0.0,85,15.8
2026-10-18T03:00,8.8,2,0.0,85,16.9
2026-10-18T04:00,8.0,77,0.0,83,16.2
2026-10-18T05:00,8.0,100,0.0,81,19.1
2026-10-18T06:00,7.5,100,0.0,81,22.0
2026-10-18T07:00,7.1,100,0.0,84,22.3
2026-10-18T08:00,6.7,100,1.0,88,22.0
2026-10-18T09:00,6.3,100,5.0,86,20.2
2026-10-18T10:00,6.1,100,15.0,87,21.6
2026-10-18T11:00,5.8,100,20.0,88,20.9
2026-10-18T12:00,5.6,100,22.0,87,19.1
2026-10-18T13:00,3.6,100,26.0,91,24.8
2026-10-18T14:00,3.2,100,21.0,91,20.9
2026-10-18T15:00,4.9,100,25.0,87,25.2
2026-10-18T16:00,5.1,100,6.0,87,26.6
2026-10-18T17:00,5.2,100,6.0,86,25.9
2026-10-18T18:00,5.4,100,0.0,86,26.3
2026-10-18T19:00,6.1,100,0.0,81,18.7
2026-10-18T20:00,6.4,100,0.0,76,18.0
2026-10-18T21:00,6.3,99,0.0,80,17.3
2026-10-18T22:00,5.8,0,0.0,84,18.0
2026-10-18T23:00,5.2,0,0.0,86,16.9
2026-10-19T00:00,5.0,0,0.0,88,15.5
2026-10-19T01:00,4.8,0,0.0,88,14.8
2026-10-19T02:00,4.5,0,0.0,91,14.0
2026-10-19T03:00,4.5,100,0.0,96,13.7
2026-10-19T04:00,5.1,100,0.0,96,11.9
2026-10-19T05:00,5.3,99,0.0,95,11.9
2026-10-19T06:00,5.3,100,0.0,96,12.2
2026-10-19T07:00,5.6,100,0.0,93,10.8
2026-10-19T08:00,5.9,100,10.0,92,9.7
2026-10-19T09:00,6.2,97,77.0,88,9.0
2026-10-19T10:00,6.8,90,183.0,86,8.3
2026-10-19T11:00,7.4,98,249.0,82,7.6
2026-10-19T12:00,8.4,11,369.0,76,8.3
2026-10-19T13:00,9.2,9,438.0,66,9.4
2026-10-19T14:00,9.7,38,398.0,61,7.9
2026-10-19T15:00,10.0,31,294.0,57,8.3
2026-10-19T16:00,9.7,11,202.0,57,8.3
2026-10-19T17:00,9.2,0,100.0,60,6.8
2026-10-19T18:00,8.2,1,9.0,65,4.3
2026-10-19T19:00,6.8,0,0.0,72,3.6
2026-10-19T20:00,5.8,0,0.0,76,2.2
2026-10-19T21:00,5.3,0,0.0,79,1.1
2026-10-19T22:00,4.7,0,0.0,81,3.2
2026-10-19T23:00,4.1,0,0.0,80,3.2
2026-10-20T00:00,3.9,0,0.0,81,1.8
2026-10-20T01:00,3.4,0,0.0,83,3.6
2026-10-20T02:00,2.6,0,0.0,85,3.6
2026-10-20T03:00,2.3,0,0.0,85,4.7
2026-10-20T04:00,2.2,0,0.0,86,5.8
2026-10-20T05:00,1.6,0,0.0,88,6.1
2026-10-20T06:00,1.3,0,0.0,90,6.8
2026-10-20T07:00,1.1,3,0.0,92,7.2
2026-10-20T08:00,0.7,100,25.0,94,9.0
2026-10-20T09:00,1.8,42,110.0,90,9.4
2026-10-20T10:00,3.8,25,262.0,82,10.1
2026-10-20T11:00,5.5,6,364.0,80,10.4
2026-10-20T12:00,7.1,0,423.0,73,10.4
2026-10-20T13:00,8.1,0,440.0,66,12.2
2026-10-20T14:00,8.6,0,410.0,62,12.6
2026-10-20T15:00,8.8,0,333.0,56,13.0
2026-10-20T16:00,8.7,0,223.0,56,11.9
2026-10-20T17:00,7.9,0,97.0,63,13.3
2026-10-20T18:00,6.7,0,7.0,69,11.5
2026-10-20T19:00,5.5,0,0.0,76,11.5
2026-10-20T20:00,4.8,0,0.0,75,14.0
2026-10-20T21:00,4.4,0,0.0,72,15.1
2026-10-20T22:00,3.9,0,0.0,71,14.8
2026-10-20T23:00,3.7,0,0.0,72,10.8
2026-10-21T00:00,3.5,0,0.0,75,11.9
2026-10-21T01:00,3.1,0,0.0,77,13.0
2026-10-21T02:00,2.7,0,0.0,78,14.0
2026-10-21T03:00,2.4,0,0.0,77,11.9
2026-10-21T04:00,2.0,0,0.0,79,11.5
2026-10-21T05:00,1.6,0,0.0,82,13.3
2026-10-21T06:00,1.4,0,0.0,84,13.0
2026-10-21T07:00,1.4,0,0.0,84,13.3
2026-10-21T08:00,1.9,0,24.0,82,15.5
2026-10-21T09:00,3.1,0,134.0,76,16.9
2026-10-21T10:00,4.1,0,257.0,73,17.3
2026-10-21T11:00,5.7,0,354.0,68,17.6
2026-10-21T12:00,7.5,0,411.0,63,16.6
2026-10-21T13:00,8.8,9,424.0,60,18.0
2026-10-21T14:00,10.0,0,389.0,58,10.8
2026-10-21T15:00,10.7,98,319.0,59,15.8
2026-10-21T16:00,10.3,100,79.0,63,15.1
2026-10-21T17:00,10.4,21,28.0,65,11.9
2026-10-21T18:00,9.4,99,6.0,69,10.4
2026-10-21T19:00,8.5,98,0.0,74,11.9
2026-10-21T20:00,8.3,100,0.0,74,12.2
2026-10-21T21:00,7.6,99,0.0,77,11.5
2026-10-21T22:00,6.9,100,0.0,79,11.5
2026-10-21T23:00,6.6,100,0.0,81,12.6
2026-10-22T00:00,6.3,100,0.0,83,11.9
2026-10-22T01:00,5.8,100,0.0,86,11.9
2026-10-22T02:00,5.7,99,0.0,88,12.2
2026-10-22T03:00,5.8,100,0.0,89,9.7
2026-10-22T04:00,5.6,100,0.0,90,11.5
2026-10-22T05:00,5.6,100,0.0,90,13.0
2026-10-22T06:00,5.3,100,0.0,91,11.5
2026-10-22T07:00,5.2,100,0.0,91,11.5
2026-10-22T08:00,5.3,100,19.0,90,10.8
2026-10-22T09:00,6.4,99,113.0,86,10.8
2026-10-22T10:00,7.6,100,197.0,83,10.8
2026-10-22T11:00,8.1,100,67.0,84,10.8
2026-10-22T12:00,8.8,100,51.0,82,11.5
2026-10-22T13:00,10.0,100,175.0,79,13.3
2026-10-22T14:00,10.7,83,157.0,80,10.8
2026-10-22T15:00,11.6,100,213.0,81,14.0
2026-10-22T16:00,11.5,100,87.0,83,14.4
2026-10-22T17:00,11.2,100,34.0,79,14.8
2026-10-22T18:00,11.0,100,2.0,79,12.6
2026-10-22T19:00,10.8,100,0.0,80,11.9
2026-10-22T20:00,10.7,100,0.0,80,9.7
2026-10-22T21:00,10.6,100,0.0,86,11.9
2026-10-22T22:00,10.6,100,0.0,86,12.2
2026-10-22T23:00,10.0,100,0.0,93,5.4
2026-10-23T00:00,10.0,100,0.0,95,9.0
2026-10-23T01:00,10.0,100,0.0,95,10.4
2026-10-23T02:00,9.9,100,0.0,95,12.2
2026-10-23T03:00,9.7,100,0.0,94,10.8
2026-10-23T04:00,9.8,100,0.0,93,10.1
2026-10-23T05:00,9.8,100,0.0,93,10.4
2026-10-23T06:00,9.8,100,0.0,93,9.7
2026-10-23T07:00,10.1,100,0.0,93,9.7
2026-10-23T08:00,10.1,100,5.0,94,8.6
2026-10-23T09:00,10.5,100,41.0,93,10.4
2026-10-23T10:00,11.7,14,147.0,90,11.9
2026-10-23T11:00,13.4,82,291.0,85,13.3
2026-10-23T12:00,14.5,100,324.0,82,11.9
2026-10-23T13:00,15.0,98,228.0,81,14.0
2026-10-23T14:00,15.9,95,302.0,76,14.4
2026-10-23T15:00,16.3,3,281.0,75,16.9
2026-10-23T16:00,16.3,70,189.0,76,16.2
2026-10-23T17:00,15.7,97,76.0,81,10.1
2026-10-23T18:00,14.9,100,4.0,83,10.4
2026-10-23T19:00,14.1,99,0.0,85,12.2
2026-10-23T20:00,13.9,76,0.0,83,13.3
2026-10-23T21:00,13.5,100,0.0,85,13.3
2026-10-23T22:00,13.4,100,0.0,87,16.6
2026-10-23T23:00,13.4,100,0.0,88,13.0
2026-10-24T00:00,12.9,100,0.0,90,14.8
2026-10-24T01:00,12.8,100,0.0,91,14.8
2026-10-24T02:00,13.1,100,0.0,90,13.0
2026-10-24T03:00,13.4,100,0.0,91,13.0
2026-10-24T04:00,13.6,100,0.0,91,14.0
2026-10-24T05:00,13.5,100,0.0,92,13.7
2026-10-24T06:00,13.4,100,0.0,95,12.6
2026-10-24T07:00,12.7,100,0.0,92,18.4
2026-10-24T08:00,12.0,100,1.0,84,11.5
2026-10-24T09:00,11.5,100,14.0,88,10.8
2026-10-24T10:00,11.4,100,6.0,90,11.2
2026-10-24T11:00,11.2,100,14.0,90,11.2
2026-10-24T12:00,11.0,100,8.0,91,13.3
2026-10-24T13:00,10.9,100,7.0,91,14.0
2026-10-24T14:00,10.9,100,8.0,91,12.2
2026-10-24T15:00,11.0,100,10.0,92,14.0
2026-10-24T16:00,10.9,100,3.0,91,19.8
2026-10-24T17:00,10.5,100,2.0,90,24.1
2026-10-24T18:00,10.2,100,0.0,90,20.2
2026-10-24T19:00,9.9,100,0.0,90,22.3
2026-10-24T20:00,9.8,100,0.0,91,20.9
2026-10-24T21:00,9.5,100,0.0,90,20.5
2026-10-24T22:00,9.4,100,0.0,90,21.2
2026-10-24T23:00,9.3,100,0.0,89,23.4
2026-10-25T00:00,9.4,100,0.0,87,22.7
2026-10-25T01:00,9.0,100,0.0,87,22.7
2026-10-25T02:00,8.6,96,0.0,85,19.8
2026-10-25T03:00,8.4,100,0.0,85,20.9
2026-10-25T04:00,8.2,98,0.0,83,19.8
2026-10-25T05:00,7.7,86,0.0,82,19.8
2026-10-25T06:00,7.5,9,0.0,80,19.4
2026-10-25T07:00,6.9,0,0.0,79,17.6
2026-10-25T08:00,6.7,0,15.0,77,16.9
2026-10-25T09:00,7.0,0,114.0,76,16.9
2026-10-25T10:00,7.7,0,232.0,73,15.5
2026-10-25T11:00,8.8,88,281.0,70,15.8
2026-10-25T12:00,9.9,0,357.0,67,14.8
2026-10-25T13:00,10.6,0,401.0,65,14.4
2026-10-25T14:00,10.9,2,369.0,63,13.0
2026-10-25T15:00,10.9,2,297.0,63,14.8
2026-10-25T16:00,10.8,0,189.0,64,15.5
2026-10-25T17:00,10.5,5,72.0,70,12.2
2026-10-25T18:00,9.8,0,2.0,75,10.8
2026-10-25T19:00,9.0,26,0.0,77,10.8
2026-10-25T20:00,9.5,100,0.0,75,7.9
2026-10-25T21:00,9.1,0,0.0,80,11.2
2026-10-25T22:00,8.4,0,0.0,82,10.8
2026-10-25T23:00,8.1,5,0.0,82,14.8
2026-10-26T00:00,7.8,10,0.0,81,14.4
2026-10-26T01:00,7.5,97,0.0,83,13.7
2026-10-26T02:00,7.7,93,0.0,82,12.2
2026-10-26T03:00,8.0,100,0.0,82,14.0
2026-10-26T04:00,8.1,11,0.0,83,15.5
2026-10-26T05:00,8.1,100,0.0,86,16.2
2026-10-26T06:00,8.0,100,0.0,90,14.8
2026-10-26T07:00,8.5,100,0.0,88,15.8
2026-10-26T08:00,8.9,3,4.0,86,13.0
2026-10-26T09:00,9.4,100,34.0,86,14.0
2026-10-26T10:00,9.5,100,38.0,86,15.5
2026-10-26T11:00,10.1,12,75.0,83,14.4
2026-10-26T12:00,11.3,100,327.0,75,16.6
2026-10-26T13:00,11.5,14,219.0,71,13.3
2026-10-26T14:00,11.8,72,282.0,67,14.0
2026-10-26T15:00,12.2,7,254.0,63,14.4
2026-10-26T16:00,11.1,82,120.0,79,9.7
2026-10-26T17:00,11.3,70,53.0,73,12.6
2026-10-26T18:00,10.4,100,1.0,85,11.5
2026-10-26T19:00,10.0,100,0.0,84,20.9
2026-10-26T20:00,7.3,100,0.0,79,8.6
2026-10-26T21:00,8.0,73,0.0,79,11.5
2026-10-26T22:00,8.3,100,0.0,75,25.2
2026-10-26T23:00,7.1,100,0.0,79,17.6
2026-10-27T00:00,6.4,100,0.0,86,23.4
2026-10-27T01:00,6.7,100,0.0,86,25.2
2026-10-27T02:00,7.1,100,0.0,86,26.6
2026-10-27T03:00,7.4,100,0.0,83,28.1
2026-10-27T04:00,7.4,100,0.0,80,29.5
2026-10-27T05:00,7.3,100,0.0,81,27.7
2026-10-27T06:00,7.2,100,0.0,78,26.3
2026-10-27T07:00,7.0,100,0.0,77,25.2
2026-10-27T08:00,6.5,100,1.0,84,20.9
2026-10-27T09:00,6.8,100,16.0,81,21.6
2026-10-27T10:00,6.7,100,62.0,79,22.7
2026-10-27T11:00,7.3,100,72.0,74,17.6
2026-10-27T12:00,8.3,100,230.0,66,21.6
2026-10-27T13:00,8.4,100,198.0,66,20.5
2026-10-27T14:00,8.7,100,229.0,67,16.9
2026-10-27T15:00,8.8,100,152.0,65,15.8
2026-10-27T16:00,8.7,98,82.0,66,15.1
2026-10-27T17:00,8.4,29,49.0,69,12.2
2026-10-27T18:00,8.5,100,1.0,68,12.6
2026-10-27T19:00,7.4,100,0.0,84,16.2
2026-10-27T20:00,7.1,100,0.0,89,17.3
2026-10-27T21:00,7.0,100,0.0,88,15.1
2026-10-27T22:00,6.6,100,0.0,88,14.0
2026-10-27T23:00,6.6,100,0.0,89,15.5
2026-10-28T00:00,7.1,100,0.0,87,15.8
2026-10-28T01:00,7.2,100,0.0,86,16.9
2026-10-28T02:00,7.4,100,0.0,86,15.5
2026-10-28T03:00,7.4,100,0.0,90,16.2
2026-10-28T04:00,7.4,100,0.0,91,18.7
2026-10-28T05:00,7.5,100,0.0,90,22.0
2026-10-28T06:00,7.4,100,0.0,87,21.6
2026-10-28T07:00,7.4,100,0.0,84,20.9
2026-10-28T08:00,7.4,100,1.0,88,19.4
2026-10-28T09:00,7.7,100,13.0,87,18.7
2026-10-28T10:00,7.8,100,36.0,87,19.8
2026-10-28T11:00,7.9,100,52.0,88,23.8
2026-10-28T12:00,8.1,100,35.0,85,24.5
2026-10-28T13:00,8.2,100,41.0,86,23.8
2026-10-28T14:00,8.0,100,28.0,85,23.0
2026-10-28T15:00,8.0,100,27.0,82,24.1
2026-10-28T16:00,8.2,100,35.0,81,23.4
2026-10-28T17:00,8.0,100,14.0,84,13.7
2026-10-28T18:00,8.3,100,0.0,82,13.3
2026-10-28T19:00,8.0,100,0.0,81,13.7
2026-10-28T20:00,8.2,100,0.0,82,18.0
2026-10-28T21:00,7.5,100,0.0,85,19.1
2026-10-28T22:00,7.1,100,0.0,91,12.2
2026-10-28T23:00,7.7,100,0.0,89,16.6
2026-10-29T00:00,8.1,100,0.0,91,19.4
2026-10-29T01:00,8.6,100,0.0,90,23.4
2026-10-29T02:00,9.1,82,0.0,87,26.3
2026-10-29T03:00,9.0,100,0.0,87,28.8
2026-10-29T04:00,8.7,100,0.0,88,27.0
2026-10-29T05:00,8.7,100,0.0,90,24.1
2026-10-29T06:00,8.7,100,0.0,91,20.9
2026-10-29T07:00,8.9,100,0.0,89,20.2
2026-10-29T08:00,8.9,100,1.0,88,20.2
2026-10-29T09:00,9.2,100,21.0,86,19.1
2026-10-29T10:00,9.4,100,30.0,85,20.9
2026-10-29T11:00,9.7,100,56.0,82,16.6
2026-10-29T12:00,10.4,20,150.0,79,19.4
2026-10-29T13:00,11.0,100,341.0,73,17.3
2026-10-29T14:00,11.7,89,311.0,72,13.3
2026-10-29T15:00,12.1,100,173.0,72,15.1
2026-10-29T16:00,12.1,97,127.0,72,14.4
2026-10-29T17:00,11.4,98,51.0,75,11.2
2026-10-29T18:00,10.4,99,0.0,80,9.7
2026-10-29T19:00,9.2,100,0.0,84,9.4
2026-10-29T20:00,8.7,97,0.0,86,9.7
2026-10-29T21:00,8.7,100,0.0,84,10.1
2026-10-29T22:00,8.2,90,0.0,85,9.4
2026-10-29T23:00,7.8,99,0.0,85,8.6
2026-10-30T00:00,7.4,84,0.0,87,9.0
2026-10-30T01:00,7.0,98,0.0,88,9.0
2026-10-30T02:00,6.5,100,0.0,88,8.6
2026-10-30T03:00,6.4,100,0.0,88,10.4
2026-10-30T04:00,6.6,99,0.0,87,13.7
2026-10-30T05:00,6.5,100,0.0,89,13.3
2026-10-30T06:00,6.6,100,0.0,91,13.3
2026-10-30T07:00,6.7,100,0.0,90,13.7
2026-10-30T08:00,6.8,100,3.0,90,11.9
2026-10-30T09:00,7.4,100,61.0,88,13.3
2026-10-30T10:00,8.2,100,80.0,87,13.7
2026-10-30T11:00,10.1,58,241.0,81,12.2
2026-10-30T12:00,12.0,100,306.0,77,14.0
2026-10-30T13:00,13.3,97,238.0,76,16.2
2026-10-30T14:00,13.9,100,147.0,72,19.8
2026-10-30T15:00,12.6,100,6.0,84,16.9
2026-10-30T16:00,13.0,39,95.0,81,18.7
2026-10-30T17:00,12.4,100,38.0,86,11.5
2026-10-30T18:00,11.0,100,0.0,86,32.0
2026-10-30T19:00,10.5,100,0.0,81,32.4
2026-10-30T20:00,9.9,100,0.0,80,32.0
2026-10-30T21:00,9.5,100,0.0,79,31.3
2026-10-30T22:00,9.0,100,0.0,79,28.4
2026-10-30T23:00,8.6,100,0.0,78,26.3
2026-10-31T00:00,8.6,59,0.0,79,29.2
2026-10-31T01:00,8.6,54,0.0,79,31.0
2026-10-31T02:00,8.4,100,0.0,79,27.7
2026-10-31T03:00,8.4,24,0.0,81,25.9
2026-10-31T04:00,8.1,100,0.0,83,28.8
2026-10-31T05:00,7.9,100,0.0,85,29.2
2026-10-31T06:00,7.6,7,0.0,86,26.3
2026-10-31T07:00,7.5,77,0.0,87,23.8
2026-10-31T08:00,7.6,2,6.0,87,22.3
2026-10-31T09:00,7.8,35,83.0,87,23.4
2026-10-31T10:00,8.3,36,187.0,85,21.6
2026-10-31T11:00,8.9,100,253.0,82,17.6
2026-10-31T12:00,9.0,100,64.0,81,17.6
2026-10-31T13:00,8.9,100,91.0,82,17.3
2026-10-31T14:00,9.5,99,145.0,79,15.8
2026-10-31T15:00,10.1,97,225.0,77,15.8
2026-10-31T16:00,10.0,99,130.0,77,13.7
2026-10-31T17:00,9.8,100,43.0,77,11.5
2026-10-31T18:00,9.6,100,0.0,80,8.6
2026-10-31T19:00,9.1,100,0.0,85,8.3
2026-10-31T20:00,8.8,100,0.0,84,7.9
2026-10-31T21:00,8.1,100,0.0,87,6.5
2026-10-31T22:00,7.8,100,0.0,89,6.1
2026-10-31T23:00,6.4,86,0.0,91,7.2
2026-11-01T00:00,5.8,80,0.0,91,5.8
2026-11-01T01:00,5.4,0,0.0,91,5.4
2026-11-01T02:00,4.6,3,0.0,89,4.3
2026-11-01T03:00,4.1,57,0.0,86,5.0
2026-11-01T04:00,3.7,96,0.0,92,6.5
2026-11-01T05:00,3.4,100,0.0,92,7.2
2026-11-01T06:00,3.3,100,0.0,93,7.2
2026-11-01T07:00,3.4,100,0.0,92,9.0
2026-11-01T08:00,3.6,77,4.0,91,5.0
2026-11-01T09:00,4.1,90,66.0,90,10.8
2026-11-01T10:00,5.3,96,144.0,87,11.2
2026-11-01T11:00,6.9,40,241.0,82,12.2
2026-11-01T12:00,8.7,42,324.0,77,13.3
2026-11-01T13:00,10.0,81,360.0,72,13.7
2026-11-01T14:00,11.1,30,310.0,67,9.4
2026-11-01T15:00,12.1,61,247.0,64,11.5
2026-11-01T16:00,12.0,100,135.0,67,12.2
2026-11-01T17:00,11.6,100,31.0,71,7.9
2026-11-01T18:00,11.4,100,0.0,74,12.6
2026-11-01T19:00,10.9,100,0.0,77,12.6
2026-11-01T20:00,10.6,100,0.0,79,11.9
2026-11-01T21:00,10.6,100,0.0,80,12.2
2026-11-01T22:00,10.5,100,0.0,81,13.3
2026-11-01T23:00,10.5,100,0.0,82,10.8
2026-11-02T00:00,10.1,100,0.0,83,12.6
2026-11-02T01:00,9.8,100,0.0,84,12.2
2026-11-02T02:00,9.6,100,0.0,83,12.2
2026-11-02T03:00,9.7,100,0.0,81,11.9
2026-11-02T04:00,9.6,100,0.0,83,11.2
2026-11-02T05:00,9.7,100,0.0,83,10.1
2026-11-02T06:00,9.9,100,0.0,83,9.7
2026-11-02T07:00,10.3,100,0.0,82,8.3
2026-11-02T08:00,10.4,100,0.0,83,6.5
2026-11-02T09:00,10.9,100,7.0,83,6.1
2026-11-02T10:00,11.6,100,88.0,83,7.2
2026-11-02T11:00,12.4,100,122.0,80,7.6
2026-11-02T12:00,12.9,100,74.0,81,6.1
2026-11-02T13:00,13.2,100,38.0,82,4.7
2026-11-02T14:00,13.8,100,60.0,81,2.2
2026-11-02T15:00,14.3,100,29.0,80,3.6
2026-11-02T16:00,13.9,100,14.0,82,5.4
2026-11-02T17:00,13.3,100,4.0,88,5.8
2026-11-02T18:00,12.9,100,0.0,92,4.3
2026-11-02T19:00,12.3,100,0.0,95,0.7
2026-11-02T20:00,12.3,100,0.0,95,2.9
2026-11-02T21:00,12.2,100,0.0,94,8.3
2026-11-02T22:00,12.0,100,0.0,95,4.3
2026-11-02T23:00,11.9,100,0.0,95,2.2
2026-11-03T00:00,11.7,100,0.0,96,6.8
2026-11-03T01:00,11.3,100,0.0,97,7.2
2026-11-03T02:00,11.3,100,0.0,96,6.1
2026-11-03T03:00,11.4,100,0.0,96,6.8
2026-11-03T04:00,11.3,100,0.0,96,6.5
2026-11-03T05:00,11.2,100,0.0,96,4.3
2026-11-03T06:00,11.1,100,0.0,97,5.0
2026-11-03T07:00,11.3,100,0.0,95,5.8
2026-11-03T08:00,11.2,100,0.0,95,8.6
2026-11-03T09:00,11.0,100,3.0,95,9.0
2026-11-03T10:00,10.7,100,2.0,95,11.5
2026-11-03T11:00,10.6,100,7.0,94,11.2
2026-11-03T12:00,10.8,100,6.0,94,16.9
2026-11-03T13:00,10.8,100,8.0,91,20.5
2026-11-03T14:00,10.6,100,8.0,89,15.8
2026-11-03T15:00,10.1,100,10.0,89,15.8
2026-11-03T16:00,9.9,100,4.0,91,14.8
2026-11-03T17:00,10.0,100,2.0,91,12.2
2026-11-03T18:00,10.1,100,0.0,92,11.2
2026-11-03T19:00,10.0,100,0.0,92,10.8
2026-11-03T20:00,10.1,100,0.0,92,13.7
2026-11-03T21:00,10.2,87,0.0,92,15.1
2026-11-03T22:00,10.1,100,0.0,89,17.3
2026-11-03T23:00,10.0,100,0.0,83,9.7
2026-11-04T00:00,9.8,100,0.0,80,5.4
2026-11-04T01:00,9.8,100,0.0,80,10.4
2026-11-04T02:00,9.4,100,0.0,92,14.4
2026-11-04T03:00,9.2,100,0.0,89,12.6
2026-11-04T04:00,9.0,97,0.0,85,11.2
2026-11-04T05:00,8.6,95,0.0,84,10.8
2026-11-04T06:00,7.9,6,0.0,88,11.9
2026-11-04T07:00,7.5,13,0.0,92,11.5
2026-11-04T08:00,7.0,1,3.0,92,10.1
2026-11-04T09:00,7.8,0,74.0,86,9.0
2026-11-04T10:00,8.9,0,182.0,81,6.8
2026-11-04T11:00,9.9,0,273.0,76,11.2
2026-11-04T12:00,10.6,0,331.0,73,9.4
2026-11-04T13:00,11.4,0,343.0,68,10.8
2026-11-04T14:00,11.5,3,312.0,70,7.9
2026-11-04T15:00,12.0,99,240.0,67,7.6
2026-11-04T16:00,11.7,100,52.0,71,7.9
2026-11-04T17:00,11.6,100,10.0,73,7.9
2026-11-04T18:00,11.6,99,0.0,73,7.6
2026-11-04T19:00,10.6,59,0.0,79,8.6
2026-11-04T20:00,9.6,55,0.0,82,8.6
2026-11-04T21:00,9.2,57,0.0,84,9.0
2026-11-04T22:00,8.8,96,0.0,83,9.0
2026-11-04T23:00,8.1,0,0.0,84,9.4
2026-11-05T00:00,7.6,0,0.0,84,7.2
2026-11-05T01:00,7.0,0,0.0,85,6.1
2026-11-05T02:00,6.1,0,0.0,87,6.8
2026-11-05T03:00,5.3,0,0.0,89,8.3
2026-11-05T04:00,5.0,0,0.0,88,6.8
2026-11-05T05:00,4.5,95,0.0,88,8.3
2026-11-05T06:00,4.4,100,0.0,86,8.3
2026-11-05T07:00,4.6,100,0.0,84,8.6
2026-11-05T08:00,3.8,100,2.0,87,6.5
2026-11-05T09:00,4.1,100,56.0,87,7.6
2026-11-05T10:00,5.7,100,145.0,81,9.0
2026-11-05T11:00,7.5,100,211.0,76,9.4
2026-11-05T12:00,8.3,100,225.0,77,9.0
2026-11-05T13:00,9.6,98,242.0,74,10.8
2026-11-05T14:00,10.9,100,285.0,67,10.1
2026-11-05T15:00,11.1,100,195.0,69,11.2
2026-11-05T16:00,10.9,63,93.0,72,10.8
2026-11-05T17:00,10.2,52,29.0,76,12.2
2026-11-05T18:00,9.5,14,0.0,80,12.2
2026-11-05T19:00,8.4,54,0.0,85,11.9
2026-11-05T20:00,8.2,6,0.0,81,14.0
2026-11-05T21:00,8.0,6,0.0,78,11.9
2026-11-05T22:00,7.2,0,0.0,80,9.7
2026-11-05T23:00,6.6,0,0.0,84,9.0
2026-11-06T00:00,6.0,2,0.0,87,9.7
2026-11-06T01:00,5.5,2,0.0,90,10.1
2026-11-06T02:00,5.0,0,0.0,91,10.1
2026-11-06T03:00,4.6,0,0.0,91,8.3
2026-11-06T04:00,4.2,43,0.0,92,8.3
2026-11-06T05:00,4.0,86,0.0,93,9.0
2026-11-06T06:00,3.9,67,0.0,92,9.4
2026-11-06T07:00,3.9,56,0.0,91,9.4
2026-11-06T08:00,3.6,47,2.0,92,10.1
2026-11-06T09:00,4.1,99,58.0,94,9.0
2026-11-06T10:00,4.9,97,160.0,92,9.7
2026-11-06T11:00,7.1,95,255.0,85,7.2
2026-11-06T12:00,9.0,90,315.0,79,6.8
2026-11-06T13:00,10.4,91,324.0,76,7.9
2026-11-06T14:00,11.5,88,300.0,71,8.6
2026-11-06T15:00,12.0,87,231.0,71,11.5
2026-11-06T16:00,11.7,46,132.0,76,11.2
2026-11-06T17:00,10.8,53,32.0,81,10.4
2026-11-06T18:00,9.8,98,0.0,84,7.6
2026-11-06T19:00,8.4,100,0.0,89,7.2
2026-11-06T20:00,8.1,99,0.0,91,5.4
2026-11-06T21:00,7.5,100,0.0,93,9.0
2026-11-06T22:00,7.4,100,0.0,94,11.9
2026-11-06T23:00,6.6,100,0.0,96,8.3
2026-11-07T00:00,6.7,100,0.0,98,11.5
2026-11-07T01:00,6.5,100,0.0,99,11.2
2026-11-07T02:00,6.6,100,0.0,98,11.9
2026-11-07T03:00,6.4,3,0.0,96,7.9
2026-11-07T04:00,5.8,0,0.0,94,9.4
2026-11-07T05:00,5.1,1,0.0,94,8.3
2026-11-07T06:00,4.4,4,0.0,95,7.9
2026-11-07T07:00,4.1,4,0.0,94,8.3
2026-11-07T08:00,3.7,56,1.0,94,8.6
2026-11-07T09:00,4.2,10,58.0,92,10.8
2026-11-07T10:00,5.2,2,168.0,87,9.7
2026-11-07T11:00,6.7,0,262.0,82,8.3
2026-11-07T12:00,8.3,0,319.0,77,6.5
2026-11-07T13:00,9.3,0,333.0,74,6.5
2026-11-07T14:00,10.0,0,303.0,72,7.9
2026-11-07T15:00,10.4,0,232.0,71,9.0
2026-11-07T16:00,10.3,0,131.0,73,9.7
2026-11-07T17:00,9.5,0,30.0,77,7.9
2026-11-07T18:00,8.7,0,0.0,79,6.8
2026-11-07T19:00,7.2,0,0.0,84,6.8
2026-11-07T20:00,6.6,0,0.0,84,6.1
2026-11-07T21:00,6.1,0,0.0,86,9.0
2026-11-07T22:00,6.1,0,0.0,89,10.8
2026-11-07T23:00,5.7,2,0.0,93,8.6
2026-11-08T00:00,5.4,3,0.0,96,10.8
2026-11-08T01:00,5.3,20,0.0,95,11.5
2026-11-08T02:00,5.0,100,0.0,96,7.9
2026-11-08T03:00,4.8,100,0.0,98,9.4
2026-11-08T04:00,4.4,100,0.0,98,8.6
2026-11-08T05:00,4.2,100,0.0,98,7.2
2026-11-08T06:00,3.8,100,0.0,98,7.2
2026-11-08T07:00,3.6,100,0.0,97,6.5
2026-11-08T08:00,3.2,100,0.0,97,4.0
2026-11-08T09:00,3.6,100,25.0,97,4.3
2026-11-08T10:00,4.2,100,71.0,97,6.5
2026-11-08T11:00,4.8,100,112.0,96,6.5
2026-11-08T12:00,5.4,100,155.0,94,4.7
2026-11-08T13:00,6.3,100,185.0,91,5.0
2026-11-08T14:00,7.4,100,212.0,84,6.1
2026-11-08T15:00,7.7,100,166.0,85,7.9
2026-11-08T16:00,8.3,91,72.0,85,7.2
2026-11-08T17:00,8.3,99,19.0,85,7.2
2026-11-08T18:00,8.6,100,0.0,85,10.1
2026-11-08T19:00,7.6,100,0.0,88,9.7
2026-11-08T20:00,7.0,100,0.0,89,10.8
2026-11-08T21:00,6.7,100,0.0,90,11.2
2026-11-08T22:00,6.4,100,0.0,91,11.5
2026-11-08T23:00,6.3,100,0.0,91,7.6
2026-11-09T00:00,6.3,100,0.0,91,6.5
2026-11-09T01:00,6.4,100,0.0,91,5.0
2026-11-09T02:00,6.5,100,0.0,92,7.9
2026-11-09T03:00,6.2,100,0.0,96,6.5
2026-11-09T04:00,6.2,100,0.0,97,6.5
2026-11-09T05:00,6.2,100,0.0,97,5.4
2026-11-09T06:00,6.2,100,0.0,97,4.3
2026-11-09T07:00,6.5,100,0.0,94,5.4
2026-11-09T08:00,6.5,100,0.0,93,3.6
2026-11-09T09:00,6.2,100,7.0,93,6.1
2026-11-09T10:00,6.3,100,16.0,93,5.0
2026-11-09T11:00,6.6,100,36.0,92,6.1
2026-11-09T12:00,6.8,100,44.0,93,3.2
2026-11-09T13:00,7.1,100,43.0,92,2.5
2026-11-09T14:00,7.1,100,23.0,92,3.6
2026-11-09T15:00,7.0,100,11.0,91,3.6
2026-11-09T16:00,6.9,100,17.0,92,4.7
2026-11-09T17:00,7.0,100,6.0,92,4.0
2026-11-09T18:00,7.1,100,0.0,91,5.8
2026-11-09T19:00,6.8,100,0.0,94,5.4
2026-11-09T20:00,6.9,100,0.0,95,4.7
2026-11-09T21:00,7.0,100,0.0,94,4.7
2026-11-09T22:00,7.1,100,0.0,94,4.3
2026-11-09T23:00,7.5,100,0.0,94,0.4
2026-11-10T00:00,7.9,100,0.0,92,3.2
2026-11-10T01:00,7.9,98,0.0,92,6.5
2026-11-10T02:00,7.7,100,0.0,93,6.8
2026-11-10T03:00,7.6,100,0.0,96,6.1
2026-11-10T04:00,7.4,100,0.0,95,9.0
2026-11-10T05:00,7.1,100,0.0,93,6.5
2026-11-10T06:00,7.0,100,0.0,93,5.0
2026-11-10T07:00,7.0,100,0.0,93,5.8
2026-11-10T08:00,6.9,100,0.0,94,6.8
2026-11-10T09:00,7.1,100,4.0,93,5.4
2026-11-10T10:00,7.2,100,13.0,91,5.0
2026-11-10T11:00,7.6,100,61.0,92,3.6
2026-11-10T12:00,7.9,100,56.0,90,3.2
2026-11-10T13:00,8.0,100,65.0,89,2.5
2026-11-10T14:00,8.4,100,44.0,87,3.6
2026-11-10T15:00,8.8,100,38.0,78,4.7
2026-11-10T16:00,8.8,63,42.0,76,3.2
2026-11-10T17:00,8.4,99,17.0,78,1.4
2026-11-10T18:00,8.1,100,0.0,82,6.1
2026-11-10T19:00,7.7,100,0.0,85,5.8
2026-11-10T20:00,7.2,100,0.0,87,4.7
2026-11-10T21:00,7.2,81,0.0,88,6.1
2026-11-10T22:00,6.9,100,0.0,90,5.0
2026-11-10T23:00,6.7,99,0.0,91,6.8
2026-11-11T00:00,6.4,100,0.0,94,7.9
2026-11-11T01:00,6.6,100,0.0,92,6.8
2026-11-11T02:00,6.6,100,0.0,93,7.6
2026-11-11T03:00,6.6,100,0.0,95,6.5
2026-11-11T04:00,6.4,100,0.0,96,6.8
2026-11-11T05:00,6.6,100,0.0,94,7.6
2026-11-11T06:00,6.6,100,0.0,91,6.5
2026-11-11T07:00,6.7,100,0.0,91,6.8
2026-11-11T08:00,6.7,100,0.0,92,6.8
2026-11-11T09:00,6.9,100,11.0,90,7.2
2026-11-11T10:00,7.1,100,34.0,89,7.6
2026-11-11T11:00,6.9,100,37.0,91,7.9
2026-11-11T12:00,7.0,100,43.0,90,6.8
2026-11-11T13:00,7.3,100,103.0,88,5.8
2026-11-11T14:00,7.5,100,45.0,87,6.5
2026-11-11T15:00,7.7,100,50.0,85,7.9
2026-11-11T16:00,7.6,100,28.0,85,4.7
2026-11-11T17:00,7.7,100,8.0,85,2.2
2026-11-11T18:00,7.7,100,0.0,85,1.4
2026-11-11T19:00,7.5,100,0.0,86,3.2
2026-11-11T20:00,7.2,100,0.0,89,4.0
2026-11-11T21:00,7.3,100,0.0,89,4.3
2026-11-11T22:00,7.1,100,0.0,91,5.4
2026-11-11T23:00,6.9,100,0.0,94,3.6
2026-11-12T00:00,7.1,47,0.0,93,2.5
2026-11-12T01:00,6.7,100,0.0,92,1.8
2026-11-12T02:00,7.0,100,0.0,95,4.0
2026-11-12T03:00,7.7,100,0.0,96,7.6
2026-11-12T04:00,7.3,100,0.0,98,7.6
2026-11-12T05:00,7.3,100,0.0,96,6.5
2026-11-12T06:00,6.8,100,0.0,99,9.0
2026-11-12T07:00,6.9,99,0.0,94,7.2
2026-11-12T08:00,7.2,100,0.0,92,1.4
2026-11-12T09:00,7.4,100,10.0,90,1.8
2026-11-12T10:00,7.8,100,39.0,88,3.2
2026-11-12T11:00,8.0,100,58.0,89,4.7
2026-11-12T12:00,8.5,100,86.0,85,6.8
2026-11-12T13:00,8.7,100,99.0,85,5.8
2026-11-12T14:00,9.0,100,123.0,82,5.4
2026-11-12T15:00,9.0,98,92.0,80,4.3
2026-11-12T16:00,9.0,100,70.0,79,7.2
2026-11-12T17:00,8.9,100,10.0,80,7.2
2026-11-12T18:00,8.2,100,0.0,86,9.0
2026-11-12T19:00,7.9,100,0.0,90,7.9
2026-11-12T20:00,7.4,100,0.0,92,9.0
2026-11-12T21:00,6.5,54,0.0,95,7.2
2026-11-12T22:00,5.9,100,0.0,96,8.6
2026-11-12T23:00,5.9,98,0.0,95,11.9
2026-11-13T00:00,6.0,100,0.0,94,11.9
2026-11-13T01:00,5.9,100,0.0,93,13.0
2026-11-13T02:00,5.9,100,0.0,90,10.4
2026-11-13T03:00,5.9,100,0.0,89,11.5
2026-11-13T04:00,5.8,100,0.0,90,11.2
2026-11-13T05:00,5.8,100,0.0,89,13.7
2026-11-13T06:00,5.9,100,0.0,87,14.8
2026-11-13T07:00,5.7,100,0.0,86,13.7
2026-11-13T08:00,5.3,99,0.0,86,12.2
2026-11-13T09:00,5.4,98,42.0,85,13.7
2026-11-13T10:00,6.0,100,140.0,82,12.6
2026-11-13T11:00,7.1,73,211.0,79,11.9
2026-11-13T12:00,8.7,95,284.0,75,11.9
2026-11-13T13:00,10.0,73,287.0,71,12.6
2026-11-13T14:00,11.0,97,261.0,68,10.4
2026-11-13T15:00,12.0,89,199.0,66,11.9
2026-11-13T16:00,11.3,55,106.0,71,12.6
2026-11-13T17:00,10.2,94,18.0,74,14.0
2026-11-13T18:00,9.6,100,0.0,77,14.8
2026-11-13T19:00,8.7,100,0.0,80,13.7
2026-11-13T20:00,8.3,100,0.0,79,12.6
2026-11-13T21:00,8.1,100,0.0,77,13.3
2026-11-13T22:00,7.9,100,0.0,75,11.2
2026-11-13T23:00,8.1,100,0.0,72,10.1
2026-11-14T00:00,8.1,100,0.0,72,10.4
2026-11-14T01:00,8.1,100,0.0,71,10.4
2026-11-14T02:00,8.3,100,0.0,72,11.2
2026-11-14T03:00,8.3,100,0.0,73,13.7
2026-11-14T04:00,7.8,100,0.0,74,13.3
2026-11-14T05:00,7.7,100,0.0,73,16.6
2026-11-14T06:00,7.8,100,0.0,73,15.5
2026-11-14T07:00,7.7,100,0.0,73,13.0
2026-11-14T08:00,7.9,100,0.0,72,7.6
2026-11-14T09:00,7.8,100,30.0,73,6.5
2026-11-14T10:00,8.7,100,102.0,70,7.6
2026-11-14T11:00,9.2,100,99.0,70,5.4
2026-11-14T12:00,9.6,100,164.0,72,6.8
2026-11-14T13:00,10.2,94,180.0,71,8.3
2026-11-14T14:00,10.2,100,85.0,71,3.6
2026-11-14T15:00,10.1,97,55.0,73,11.5
2026-11-14T16:00,10.2,100,32.0,72,7.9
2026-11-14T17:00,10.3,100,1.0,68,13.3
2026-11-14T18:00,10.3,100,0.0,67,8.3
2026-11-14T19:00,9.8,100,0.0,76,12.2
2026-11-14T20:00,9.8,100,0.0,75,4.3
2026-11-14T21:00,9.2,100,0.0,76,5.0
2026-11-14T22:00,9.1,100,0.0,72,7.2
2026-11-14T23:00,9.4,100,0.0,68,8.3
2026-11-15T00:00,9.0,100,0.0,70,7.9
2026-11-15T01:00,8.9,100,0.0,69,7.6
2026-11-15T02:00,9.0,100,0.0,71,7.9
2026-11-15T03:00,8.8,100,0.0,79,11.5
2026-11-15T04:00,8.3,100,0.0,90,10.1
2026-11-15T05:00,7.5,100,0.0,92,17.3
2026-11-15T06:00,6.0,100,0.0,87,17.3
2026-11-15T07:00,5.5,100,0.0,87,17.3
2026-11-15T08:00,5.2,100,0.0,83,9.0
2026-11-15T09:00,5.4,100,11.0,83,10.4
2026-11-15T10:00,5.4,100,42.0,82,10.4
2026-11-15T11:00,5.5,100,68.0,77,10.8
2026-11-15T12:00,5.5,100,52.0,74,9.7
2026-11-15T13:00,5.9,100,108.0,73,7.2
2026-11-15T14:00,6.4,100,72.0,67,9.0
2026-11-15T15:00,6.7,92,104.0,62,8.6
2026-11-15T16:00,6.5,100,86.0,63,8.3
2026-11-15T17:00,5.8,100,13.0,67,7.2
2026-11-15T18:00,5.3,100,0.0,69,8.6
2026-11-15T19:00,4.5,100,0.0,69,10.1
2026-11-15T20:00,3.6,100,0.0,75,9.7
2026-11-15T21:00,3.4,100,0.0,74,10.8
2026-11-15T22:00,3.0,99,0.0,75,10.4
2026-11-15T23:00,2.2,100,0.0,77,8.6
2026-11-16T00:00,2.1,100,0.0,79,10.8
2026-11-16T01:00,2.2,100,0.0,79,11.5
2026-11-16T02:00,2.1,100,0.0,77,14.4
2026-11-16T03:00,2.1,100,0.0,74,11.2
2026-11-16T04:00,2.1,100,0.0,75,11.9
2026-11-16T05:00,2.2,100,0.0,77,10.8
2026-11-16T06:00,2.2,100,0.0,82,11.9
2026-11-16T07:00,2.1,100,0.0,87,11.2
2026-11-16T08:00,2.1,100,0.0,89,8.3
2026-11-16T09:00,2.3,100,2.0,91,9.7
2026-11-16T10:00,2.4,100,9.0,92,10.4
2026-11-16T11:00,2.8,100,21.0,93,9.7
2026-11-16T12:00,3.1,100,22.0,93,10.4
2026-11-16T13:00,3.5,100,18.0,94,12.2
2026-11-16T14:00,4.6,100,63.0,93,8.6
2026-11-16T15:00,5.5,100,66.0,91,9.7
2026-11-16T16:00,5.8,100,52.0,93,11.5
2026-11-16T17:00,6.2,100,9.0,93,5.4
2026-11-16T18:00,6.3,100,0.0,93,9.7
2026-11-16T19:00,6.3,100,0.0,97,9.0
2026-11-16T20:00,6.5,100,0.0,98,4.3
2026-11-16T21:00,6.9,100,0.0,98,10.1
2026-11-16T22:00,7.3,100,0.0,96,11.2
2026-11-16T23:00,7.2,50,0.0,95,11.2
2026-11-17T00:00,7.0,100,0.0,92,11.9
2026-11-17T01:00,7.4,100,0.0,91,10.8
2026-11-17T02:00,7.5,100,0.0,91,11.5
2026-11-17T03:00,7.7,100,0.0,91,11.9
2026-11-17T04:00,7.7,100,0.0,91,12.6
2026-11-17T05:00,8.0,100,0.0,90,13.0
2026-11-17T06:00,7.7,100,0.0,93,14.8
2026-11-17T07:00,7.6,100,0.0,94,11.5
2026-11-17T08:00,6.8,100,0.0,88,6.8
2026-11-17T09:00,6.6,100,7.0,87,7.2
2026-11-17T10:00,6.2,100,13.0,88,6.8
2026-11-17T11:00,5.7,100,17.0,89,7.2
2026-11-17T12:00,5.2,100,17.0,88,9.4
2026-11-17T13:00,5.0,100,27.0,87,7.9
2026-11-17T14:00,5.2,100,38.0,84,7.9
2026-11-17T15:00,5.3,100,27.0,82,6.5
2026-11-17T16:00,5.2,100,9.0,83,7.6
2026-11-17T17:00,5.1,100,1.0,85,8.6
2026-11-17T18:00,4.9,100,0.0,87,7.6
2026-11-17T19:00,4.6,100,0.0,88,10.8
2026-11-17T20:00,4.4,100,0.0,89,14.4
2026-11-17T21:00,4.3,100,0.0,90,15.5
2026-11-17T22:00,4.3,100,0.0,90,15.8
2026-11-17T23:00,4.3,100,0.0,86,16.9
2026-11-18T00:00,4.3,100,0.0,84,18.4
2026-11-18T01:00,4.0,100,0.0,83,19.4
2026-11-18T02:00,3.7,100,0.0,84,16.6
2026-11-18T03:00,3.6,100,0.0,82,16.9
2026-11-18T04:00,2.8,23,0.0,84,16.2
2026-11-18T05:00,2.0,15,0.0,90,17.6
2026-11-18T06:00,1.4,100,0.0,89,19.4
2026-11-18T07:00,1.3,1,0.0,86,19.1
2026-11-18T08:00,0.9,6,0.0,85,15.5
2026-11-18T09:00,1.3,6,29.0,86,19.1
2026-11-18T10:00,1.7,9,124.0,85,19.1
2026-11-18T11:00,2.2,93,180.0,83,19.4
2026-11-18T12:00,3.1,98,252.0,79,17.6
2026-11-18T13:00,3.0,99,154.0,77,20.9
2026-11-18T14:00,2.9,40,166.0,78,16.9
2026-11-18T15:00,3.3,99,160.0,77,15.5
2026-11-18T16:00,3.5,100,50.0,81,13.0
2026-11-18T17:00,3.5,100,1.0,84,15.5
2026-11-18T18:00,4.0,100,0.0,81,13.0
2026-11-18T19:00,3.8,100,0.0,84,11.9
2026-11-18T20:00,3.9,100,0.0,85,13.0
2026-11-18T21:00,3.8,100,0.0,87,14.0
2026-11-18T22:00,3.9,100,0.0,83,14.4
2026-11-18T23:00,3.9,100,0.0,80,13.3
2026-11-19T00:00,3.7,100,0.0,80,11.9
2026-11-19T01:00,3.5,100,0.0,84,11.2
2026-11-19T02:00,3.5,100,0.0,85,13.3
2026-11-19T03:00,3.5,97,0.0,81,12.6
2026-11-19T04:00,3.3,100,0.0,82,13.3
2026-11-19T05:00,3.2,100,0.0,83,11.9
2026-11-19T06:00,2.9,100,0.0,81,10.4
2026-11-19T07:00,2.4,100,0.0,82,13.3
2026-11-19T08:00,2.2,100,0.0,80,9.7
2026-11-19T09:00,2.3,100,10.0,79,13.0
2026-11-19T10:00,2.4,94,75.0,78,12.2
2026-11-19T11:00,3.1,6,189.0,75,12.6
2026-11-19T12:00,3.7,95,230.0,73,13.0
2026-11-19T13:00,4.3,5,262.0,66,13.7
2026-11-19T14:00,4.8,77,263.0,62,11.5
2026-11-19T15:00,5.0,39,185.0,62,10.8
2026-11-19T16:00,4.7,0,95.0,64,13.7
2026-11-19T17:00,3.8,76,11.0,69,6.5
2026-11-19T18:00,3.0,0,0.0,72,9.4
2026-11-19T19:00,2.4,0,0.0,73,10.4
2026-11-19T20:00,1.8,0,0.0,77,9.0
2026-11-19T21:00,1.2,100,0.0,86,8.3
2026-11-19T22:00,0.7,100,0.0,87,8.3
2026-11-19T23:00,0.4,100,0.0,89,12.2
2026-11-20T00:00,0.5,98,0.0,93,10.1
2026-11-20T01:00,0.4,100,0.0,94,10.4
2026-11-20T02:00,0.3,100,0.0,89,7.2
2026-11-20T03:00,0.2,100,0.0,85,10.1
2026-11-20T04:00,0.1,99,0.0,89,10.8
2026-11-20T05:00,-0.1,74,0.0,91,11.9
2026-11-20T06:00,-0.0,100,0.0,91,12.2
2026-11-20T07:00,0.2,100,0.0,90,11.9
2026-11-20T08:00,-0.0,100,0.0,90,8.3
2026-11-20T09:00,0.2,100,21.0,88,11.9
2026-11-20T10:00,0.9,98,88.0,84,13.0
2026-11-20T11:00,1.6,100,141.0,79,11.2
2026-11-20T12:00,2.1,100,137.0,78,10.4
2026-11-20T13:00,2.8,100,180.0,76,10.8
2026-11-20T14:00,3.4,90,216.0,74,8.6
2026-11-20T15:00,3.5,100,68.0,76,10.4
2026-11-20T16:00,3.6,100,15.0,77,12.2
2026-11-20T17:00,3.2,100,3.0,79,12.6
2026-11-20T18:00,3.2,99,0.0,81,11.5
2026-11-20T19:00,2.8,96,0.0,83,11.2
2026-11-20T20:00,2.7,27,0.0,83,10.1
2026-11-20T21:00,1.9,0,0.0,86,10.4
2026-11-20T22:00,1.5,28,0.0,87,10.8
2026-11-20T23:00,1.5,0,0.0,87,14.4
2026-11-21T00:00,1.5,17,0.0,87,13.7
2026-11-21T01:00,1.5,1,0.0,86,14.8
2026-11-21T02:00,2.0,82,0.0,84,19.8
2026-11-21T03:00,2.2,97,0.0,83,12.6
2026-11-21T04:00,1.9,100,0.0,83,12.6
2026-11-21T05:00,1.5,100,0.0,86,12.6
2026-11-21T06:00,1.3,95,0.0,89,11.2
2026-11-21T07:00,1.2,100,0.0,85,9.7
2026-11-21T08:00,1.0,100,0.0,84,9.7
2026-11-21T09:00,1.1,100,6.0,84,9.7
2026-11-21T10:00,1.0,100,28.0,84,10.8
2026-11-21T11:00,1.1,100,50.0,80,6.5
2026-11-21T12:00,1.2,100,60.0,80,7.9
2026-11-21T13:00,1.3,100,60.0,82,7.9
2026-11-21T14:00,1.5,100,62.0,83,7.9
2026-11-21T15:00,1.6,100,46.0,83,9.4
2026-11-21T16:00,1.7,100,34.0,83,9.4
2026-11-21T17:00,1.7,100,4.0,83,11.5
2026-11-21T18:00,1.6,100,0.0,85,11.9
2026-11-21T19:00,1.3,100,0.0,85,10.8
2026-11-21T20:00,1.1,100,0.0,86,11.2
2026-11-21T21:00,1.0,100,0.0,87,11.5
2026-11-21T22:00,0.9,100,0.0,87,9.7
2026-11-21T23:00,0.8,100,0.0,88,10.4
2026-11-22T00:00,0.6,100,0.0,87,9.7
2026-11-22T01:00,0.4,100,0.0,88,10.4
2026-11-22T02:00,0.4,100,0.0,88,10.1
2026-11-22T03:00,0.5,100,0.0,86,12.2
2026-11-22T04:00,0.6,100,0.0,84,11.9
2026-11-22T05:00,0.8,100,0.0,83,11.9
2026-11-22T06:00,0.8,100,0.0,83,11.2
2026-11-22T07:00,1.1,100,0.0,82,9.4
2026-11-22T08:00,1.1,100,0.0,80,9.0
2026-11-22T09:00,1.1,100,7.0,80,9.7
2026-11-22T10:00,1.1,100,41.0,80,9.4
2026-11-22T11:00,1.2,100,65.0,80,7.6
2026-11-22T12:00,1.6,100,84.0,78,8.3
2026-11-22T13:00,2.0,99,104.0,75,8.3
2026-11-22T14:00,2.6,87,131.0,71,6.5
2026-11-22T15:00,2.9,16,140.0,65,5.8
2026-11-22T16:00,2.5,0,84.0,65,6.8
2026-11-22T17:00,1.7,29,9.0,70,5.0
2026-11-22T18:00,1.2,0,0.0,74,7.2
2026-11-22T19:00,0.4,21,0.0,80,6.5
2026-11-22T20:00,-0.2,0,0.0,84,7.9
2026-11-22T21:00,-0.5,21,0.0,84,4.3
2026-11-22T22:00,-0.7,55,0.0,84,4.7
2026-11-22T23:00,-1.2,71,0.0,85,6.5
2026-11-23T00:00,-1.3,65,0.0,89,6.5
2026-11-23T01:00,-1.5,64,0.0,88,7.2
2026-11-23T02:00,-1.8,100,0.0,87,5.8
2026-11-23T03:00,-1.6,100,0.0,85,8.3
2026-11-23T04:00,-1.4,100,0.0,83,7.2
2026-11-23T05:00,-1.7,100,0.0,85,5.8
2026-11-23T06:00,-1.4,100,0.0,85,8.3
2026-11-23T07:00,-1.1,100,0.0,83,9.0
2026-11-23T08:00,-0.9,100,0.0,81,8.6
2026-11-23T09:00,-0.8,100,2.0,81,8.6
2026-11-23T10:00,-0.8,100,8.0,83,9.0
2026-11-23T11:00,-0.9,100,21.0,85,10.4
2026-11-23T12:00,-1.0,100,25.0,86,10.4
2026-11-23T13:00,-1.1,100,35.0,87,11.5
2026-11-23T14:00,-0.9,100,24.0,86,10.4
2026-11-23T15:00,-0.6,100,81.0,84,10.4
2026-11-23T16:00,-0.7,100,22.0,85,9.7
2026-11-23T17:00,-0.6,100,1.0,85,7.9
2026-11-23T18:00,-0.5,100,0.0,86,8.3
2026-11-23T19:00,-0.8,100,0.0,88,7.2
2026-11-23T20:00,-0.8,85,0.0,88,7.9
2026-11-23T21:00,-0.9,90,0.0,87,7.6
2026-11-23T22:00,-1.0,100,0.0,88,6.8
2026-11-23T23:00,-1.1,100,0.0,88,5.4
2026-11-24T00:00,-1.3,100,0.0,89,7.6
2026-11-24T01:00,-1.6,100,0.0,88,8.6
2026-11-24T02:00,-1.5,100,0.0,88,10.1
2026-11-24T03:00,-1.3,100,0.0,88,11.2
2026-11-24T04:00,-1.5,100,0.0,85,9.0
2026-11-24T05:00,-1.6,100,0.0,82,10.8
2026-11-24T06:00,-1.8,100,0.0,82,10.8
2026-11-24T07:00,-2.0,99,0.0,81,11.2
2026-11-24T08:00,-2.6,58,0.0,82,5.8
2026-11-24T09:00,-2.7,96,20.0,82,10.8
2026-11-24T10:00,-2.6,100,94.0,85,14.8
2026-11-24T11:00,-2.2,100,112.0,84,12.6
2026-11-24T12:00,-1.4,100,121.0,83,13.7
2026-11-24T13:00,-0.6,100,117.0,79,13.7
2026-11-24T14:00,0.4,100,89.0,71,13.0
2026-11-24T15:00,0.2,100,50.0,79,13.0
2026-11-24T16:00,0.1,100,13.0,84,13.0
2026-11-24T17:00,0.4,100,2.0,83,11.2
2026-11-24T18:00,0.7,100,0.0,79,10.4
2026-11-24T19:00,0.6,100,0.0,80,10.4
2026-11-24T20:00,0.6,100,0.0,81,6.1
2026-11-24T21:00,0.7,100,0.0,82,9.0
2026-11-24T22:00,0.6,100,0.0,83,10.8
2026-11-24T23:00,0.5,100,0.0,82,8.6
2026-11-25T00:00,0.5,100,0.0,81,11.2
2026-11-25T01:00,0.3,100,0.0,84,9.4
2026-11-25T02:00,0.3,100,0.0,89,9.7
2026-11-25T03:00,0.5,100,0.0,90,8.6
2026-11-25T04:00,0.4,100,0.0,93,9.0
2026-11-25T05:00,0.5,100,0.0,92,6.8
2026-11-25T06:00,0.5,100,0.0,92,7.6
2026-11-25T07:00,0.9,100,0.0,89,8.6
2026-11-25T08:00,1.0,100,0.0,89,6.1
2026-11-25T09:00,1.2,100,3.0,89,7.2
2026-11-25T10:00,1.2,100,15.0,90,8.3
2026-11-25T11:00,1.5,100,45.0,89,6.8
2026-11-25T12:00,1.7,100,47.0,88,6.1
2026-11-25T13:00,1.5,100,46.0,92,8.3
2026-11-25T14:00,1.5,100,59.0,92,6.8
2026-11-25T15:00,1.7,100,23.0,91,7.9
2026-11-25T16:00,1.3,100,13.0,93,10.8
2026-11-25T17:00,1.4,100,2.0,92,10.4
2026-11-25T18:00,1.6,100,0.0,92,12.6
2026-11-25T19:00,1.2,100,0.0,95,12.6
2026-11-25T20:00,1.2,100,0.0,95,12.6
2026-11-25T21:00,0.9,100,0.0,96,10.4
2026-11-25T22:00,0.8,100,0.0,95,11.2
2026-11-25T23:00,0.9,100,0.0,94,11.2
2026-11-26T00:00,0.8,100,0.0,96,13.0
2026-11-26T01:00,1.0,100,0.0,94,13.7
2026-11-26T02:00,1.0,100,0.0,94,14.4
2026-11-26T03:00,1.0,100,0.0,94,15.8
2026-11-26T04:00,1.1,100,0.0,94,14.8
2026-11-26T05:00,1.1,100,0.0,94,16.6
2026-11-26T06:00,1.2,100,0.0,93,14.8
2026-11-26T07:00,1.4,100,0.0,93,13.3
2026-11-26T08:00,1.5,100,0.0,93,13.7
2026-11-26T09:00,1.6,100,0.0,93,12.2
2026-11-26T10:00,1.7,100,2.0,93,11.2
2026-11-26T11:00,1.7,100,5.0,93,11.2
2026-11-26T12:00,1.8,100,7.0,93,10.1
2026-11-26T13:00,1.8,100,8.0,93,9.4
2026-11-26T14:00,2.3,100,8.0,94,9.7
2026-11-26T15:00,2.3,100,7.0,94,9.0
2026-11-26T16:00,2.2,100,1.0,94,9.7
2026-11-26T17:00,2.3,100,0.0,94,2.5
2026-11-26T18:00,2.6,100,0.0,93,4.3
2026-11-26T19:00,2.3,100,0.0,94,0.4
2026-11-26T20:00,2.0,100,0.0,96,2.9
2026-11-26T21:00,1.9,100,0.0,97,4.7
2026-11-26T22:00,1.6,100,0.0,99,6.1
2026-11-26T23:00,1.2,100,0.0,92,18.4
2026-11-27T00:00,1.0,100,0.0,91,16.2
2026-11-27T01:00,1.0,100,0.0,88,15.5
2026-11-27T02:00,0.8,100,0.0,87,15.8
2026-11-27T03:00,0.7,100,0.0,85,15.5
2026-11-27T04:00,0.8,100,0.0,84,14.0
2026-11-27T05:00,0.9,100,0.0,85,14.0
2026-11-27T06:00,0.9,100,0.0,87,13.7
2026-11-27T07:00,1.0,100,0.0,87,14.0
2026-11-27T08:00,0.9,88,0.0,87,12.6
2026-11-27T09:00,0.9,100,7.0,88,14.4
2026-11-27T10:00,1.0,100,39.0,87,14.0
2026-11-27T11:00,1.1,100,58.0,86,13.7
2026-11-27T12:00,1.4,100,107.0,84,14.4
2026-11-27T13:00,1.5,100,66.0,88,13.0
2026-11-27T14:00,1.8,100,38.0,90,13.0
2026-11-27T15:00,1.9,100,19.0,91,14.8
2026-11-27T16:00,2.3,100,17.0,90,13.3
2026-11-27T17:00,2.3,1,1.0,88,11.5
2026-11-27T18:00,1.9,75,0.0,87,7.9
2026-11-27T19:00,1.7,100,0.0,93,13.7
2026-11-27T20:00,0.9,100,0.0,92,8.6
2026-11-27T21:00,0.7,100,0.0,93,11.9
2026-11-27T22:00,0.5,100,0.0,95,12.2
2026-11-27T23:00,0.0,100,0.0,93,7.2
2026-11-28T00:00,0.2,100,0.0,89,9.0
2026-11-28T01:00,-0.0,100,0.0,89,9.4
2026-11-28T02:00,-0.0,100,0.0,90,8.3
2026-11-28T03:00,-0.0,100,0.0,91,8.3
2026-11-28T04:00,-0.2,100,0.0,92,7.6
2026-11-28T05:00,-0.3,100,0.0,93,9.7
2026-11-28T06:00,-0.7,100,0.0,93,10.1
2026-11-28T07:00,-0.9,100,0.0,93,11.2
2026-11-28T08:00,-1.0,100,0.0,93,6.8
2026-11-28T09:00,-1.1,100,7.0,93,10.1
2026-11-28T10:00,-1.0,100,48.0,93,11.5
2026-11-28T11:00,-0.8,100,84.0,92,9.4
2026-11-28T12:00,-0.4,100,92.0,91,10.1
2026-11-28T13:00,-0.0,100,134.0,88,11.5
2026-11-28T14:00,0.4,100,148.0,85,11.5
2026-11-28T15:00,0.6,100,136.0,83,11.9
2026-11-28T16:00,0.4,100,50.0,84,11.2
2026-11-28T17:00,0.1,100,4.0,85,11.2
2026-11-28T18:00,-0.0,100,0.0,87,12.6
2026-11-28T19:00,-0.2,100,0.0,88,11.2
2026-11-28T20:00,-0.2,100,0.0,88,11.5
2026-11-28T21:00,-0.2,100,0.0,87,11.9
2026-11-28T22:00,-0.4,100,0.0,86,11.5
2026-11-28T23:00,-0.4,98,0.0,85,10.1
2026-11-29T00:00,-0.3,100,0.0,83,11.5
2026-11-29T01:00,-0.2,100,0.0,84,10.8
2026-11-29T02:00,0.1,100,0.0,87,11.9
2026-11-29T03:00,0.2,100,0.0,88,11.5
2026-11-29T04:00,0.5,100,0.0,87,10.8
2026-11-29T05:00,0.9,100,0.0,87,9.0
2026-11-29T06:00,1.0,100,0.0,88,7.9
2026-11-29T07:00,1.3,100,0.0,86,9.7
2026-11-29T08:00,1.3,100,0.0,85,8.3
2026-11-29T09:00,1.6,100,7.0,81,9.7
2026-11-29T10:00,1.6,100,47.0,82,9.7
2026-11-29T11:00,1.6,100,73.0,84,9.0
2026-11-29T12:00,1.6,100,92.0,83,6.5
2026-11-29T13:00,1.7,100,129.0,81,5.8
2026-11-29T14:00,1.6,9,136.0,80,2.9
2026-11-29T15:00,1.9,69,141.0,77,3.6
2026-11-29T16:00,1.5,93,55.0,77,6.8
2026-11-29T17:00,1.1,81,3.0,79,7.6
2026-11-29T18:00,0.6,10,0.0,80,2.9
2026-11-29T19:00,-0.1,72,0.0,82,2.5
2026-11-29T20:00,-0.3,100,0.0,83,3.2
2026-11-29T21:00,0.1,100,0.0,84,2.2
2026-11-29T22:00,0.2,99,0.0,86,6.5
2026-11-29T23:00,-0.2,94,0.0,88,2.2
2026-11-30T00:00,0.1,100,0.0,87,6.8
2026-11-30T01:00,-0.1,100,0.0,87,5.4
2026-11-30T02:00,-0.3,100,0.0,88,2.9
2026-11-30T03:00,-0.1,100,0.0,90,4.3
2026-11-30T04:00,-0.1,100,0.0,90,5.0
2026-11-30T05:00,0.2,100,0.0,89,2.5
2026-11-30T06:00,0.4,100,0.0,90,6.1
2026-11-30T07:00,0.7,100,0.0,90,5.8
2026-11-30T08:00,0.9,100,0.0,89,5.8
2026-11-30T09:00,0.9,100,4.0,90,5.8
2026-11-30T10:00,1.0,100,41.0,89,6.8
2026-11-30T11:00,1.3,100,94.0,88,5.4
2026-11-30T12:00,1.5,100,60.0,89,4.7
2026-11-30T13:00,1.9,100,57.0,89,2.9
2026-11-30T14:00,2.3,100,49.0,89,2.2
2026-11-30T15:00,2.6,100,40.0,89,3.2
2026-11-30T16:00,2.7,100,12.0,90,5.0
2026-11-30T17:00,2.7,100,1.0,92,5.0
2026-11-30T18:00,2.7,100,0.0,95,5.4
2026-11-30T19:00,2.6,100,0.0,97,4.3
2026-11-30T20:00,2.7,100,0.0,98,3.2
2026-11-30T21:00,2.8,100,0.0,99,0.7
2026-11-30T22:00,3.0,100,0.0,99,1.8
2026-11-30T23:00,3.2,100,0.0,99,3.6
2026-12-01T00:00,3.2,100,0.0,98,1.1
2026-12-01T01:00,3.3,100,0.0,96,3.2
2026-12-01T02:00,3.5,100,0.0,97,5.8
2026-12-01T03:00,3.6,100,0.0,98,4.3
2026-12-01T04:00,3.6,100,0.0,99,4.3
2026-12-01T05:00,3.5,100,0.0,99,5.4
2026-12-01T06:00,3.1,100,0.0,99,5.8
2026-12-01T07:00,3.3,100,0.0,95,5.8
2026-12-01T08:00,2.9,100,0.0,93,4.0
2026-12-01T09:00,2.8,100,2.0,93,7.2
2026-12-01T10:00,2.7,100,14.0,94,8.6
2026-12-01T11:00,2.4,100,24.0,95,7.9
2026-12-01T12:00,2.2,100,42.0,97,6.8
2026-12-01T13:00,2.4,100,51.0,95,5.8
2026-12-01T14:00,2.1,100,30.0,93,6.1
2026-12-01T15:00,1.8,100,15.0,92,7.6
2026-12-01T16:00,1.8,100,8.0,91,7.9
2026-12-01T17:00,1.7,100,1.0,91,7.9
2026-12-01T18:00,1.8,100,0.0,93,7.2
2026-12-01T19:00,1.6,100,0.0,94,7.2
2026-12-01T20:00,1.6,100,0.0,93,5.4
2026-12-01T21:00,1.3,100,0.0,95,5.8
2026-12-01T22:00,1.2,100,0.0,98,4.3
2026-12-01T23:00,1.4,100,0.0,98,4.0
2026-12-02T00:00,1.5,100,0.0,96,6.1
2026-12-02T01:00,1.5,100,0.0,96,4.3
2026-12-02T02:00,1.8,100,0.0,97,3.2
2026-12-02T03:00,2.3,100,0.0,97,5.0
2026-12-02T04:00,2.2,100,0.0,98,5.4
2026-12-02T05:00,2.1,100,0.0,97,4.7
2026-12-02T06:00,2.2,100,0.0,99,5.8
2026-12-02T07:00,2.1,100,0.0,98,6.8
2026-12-02T08:00,2.1,100,0.0,98,5.0
2026-12-02T09:00,2.3,100,1.0,98,5.8
2026-12-02T10:00,2.4,100,14.0,98,7.6
2026-12-02T11:00,2.7,100,50.0,96,8.6
2026-12-02T12:00,3.1,100,107.0,95,8.6
2026-12-02T13:00,3.8,100,111.0,92,8.3
2026-12-02T14:00,4.0,100,115.0,90,13.7
2026-12-02T15:00,3.8,100,54.0,89,13.3
2026-12-02T16:00,4.3,100,20.0,86,11.5
2026-12-02T17:00,4.5,100,1.0,85,12.6
2026-12-02T18:00,4.6,100,0.0,87,12.6
2026-12-02T19:00,4.4,100,0.0,89,10.8
2026-12-02T20:00,4.6,100,0.0,89,11.9
2026-12-02T21:00,4.6,100,0.0,89,11.9
2026-12-02T22:00,4.6,100,0.0,88,12.2
2026-12-02T23:00,4.6,100,0.0,89,9.4
2026-12-03T00:00,4.5,100,0.0,91,10.1
2026-12-03T01:00,4.3,100,0.0,92,10.1
2026-12-03T02:00,4.3,100,0.0,91,9.7
2026-12-03T03:00,4.0,100,0.0,95,9.4
2026-12-03T04:00,4.0,100,0.0,95,9.0
2026-12-03T05:00,4.1,100,0.0,96,8.3
2026-12-03T06:00,4.2,100,0.0,96,8.3
2026-12-03T07:00,4.4,100,0.0,95,9.4
2026-12-03T08:00,4.5,100,0.0,94,11.9
2026-12-03T09:00,4.7,100,3.0,92,9.4
2026-12-03T10:00,4.8,100,22.0,92,10.8
2026-12-03T11:00,4.9,100,36.0,92,11.2
2026-12-03T12:00,5.2,100,77.0,90,12.6
2026-12-03T13:00,5.4,100,104.0,87,13.3
2026-12-03T14:00,5.4,100,85.0,85,12.6
2026-12-03T15:00,5.1,100,54.0,83,12.2
2026-12-03T16:00,4.9,100,27.0,83,12.6
2026-12-03T17:00,5.0,100,2.0,81,10.1
2026-12-03T18:00,4.9,98,0.0,80,11.2
2026-12-03T19:00,4.5,100,0.0,84,9.0
2026-12-03T20:00,4.4,100,0.0,85,6.5
2026-12-03T21:00,4.1,100,0.0,88,6.8
2026-12-03T22:00,3.9,75,0.0,89,7.6
2026-12-03T23:00,3.9,100,0.0,90,6.8
2026-12-04T00:00,4.0,100,0.0,93,8.3
2026-12-04T01:00,3.8,100,0.0,94,8.6
2026-12-04T02:00,4.1,100,0.0,93,9.0
2026-12-04T03:00,4.0,100,0.0,93,7.9
2026-12-04T04:00,4.1,100,0.0,93,5.8
2026-12-04T05:00,4.4,100,0.0,92,4.3
2026-12-04T06:00,4.4,100,0.0,92,5.0
2026-12-04T07:00,4.6,100,0.0,91,7.9
2026-12-04T08:00,4.7,100,0.0,91,6.5
2026-12-04T09:00,4.9,100,2.0,90,7.9
2026-12-04T10:00,4.9,100,16.0,90,8.6
2026-12-04T11:00,5.0,100,35.0,89,8.3
2026-12-04T12:00,5.0,100,32.0,90,8.3
2026-12-04T13:00,5.2,100,40.0,89,6.8
2026-12-04T14:00,5.4,100,69.0,90,4.3
2026-12-04T15:00,5.3,100,60.0,91,6.1
2026-12-04T16:00,5.1,100,29.0,91,8.6
2026-12-04T17:00,4.9,100,1.0,91,7.6
2026-12-04T18:00,5.1,100,0.0,90,11.5
2026-12-04T19:00,4.7,100,0.0,92,13.0
2026-12-04T20:00,4.5,100,0.0,94,6.8
2026-12-04T21:00,5.0,100,0.0,92,6.8
2026-12-04T22:00,5.1,100,0.0,93,7.9
2026-12-04T23:00,5.1,100,0.0,94,12.6
2026-12-05T00:00,4.8,100,0.0,97,13.7
2026-12-05T01:00,4.7,100,0.0,97,12.2
2026-12-05T02:00,4.9,94,0.0,97,14.4
2026-12-05T03:00,4.8,100,0.0,96,8.6
2026-12-05T04:00,4.8,100,0.0,97,11.9
2026-12-05T05:00,4.9,100,0.0,95,10.8
2026-12-05T06:00,4.7,100,0.0,96,11.9
2026-12-05T07:00,4.5,100,0.0,96,14.4
2026-12-05T08:00,4.4,100,0.0,95,10.1
2026-12-05T09:00,4.4,100,1.0,97,11.5
2026-12-05T10:00,4.9,100,14.0,98,10.8
2026-12-05T11:00,5.6,100,33.0,96,7.6
2026-12-05T12:00,5.8,100,29.0,97,10.4
2026-12-05T13:00,6.7,100,48.0,94,12.2
2026-12-05T14:00,7.8,100,47.0,89,11.5
2026-12-05T15:00,8.8,100,38.0,87,13.3
2026-12-05T16:00,8.8,100,19.0,87,11.5
2026-12-05T17:00,8.7,100,1.0,90,9.7
2026-12-05T18:00,8.5,100,0.0,92,9.7
2026-12-05T19:00,8.0,100,0.0,95,9.4
2026-12-05T20:00,7.8,100,0.0,94,12.6
2026-12-05T21:00,7.7,100,0.0,92,11.2
2026-12-05T22:00,7.4,100,0.0,93,10.4
2026-12-05T23:00,7.2,100,0.0,93,12.6
2026-12-06T00:00,7.1,100,0.0,92,14.0
2026-12-06T01:00,7.0,100,0.0,91,16.2
2026-12-06T02:00,7.0,100,0.0,91,11.9
2026-12-06T03:00,7.0,100,0.0,91,13.3
2026-12-06T04:00,6.8,100,0.0,91,13.3
2026-12-06T05:00,6.7,100,0.0,90,15.1
2026-12-06T06:00,6.5,100,0.0,91,14.0
2026-12-06T07:00,6.5,100,0.0,91,15.1
2026-12-06T08:00,6.6,100,0.0,90,13.7
2026-12-06T09:00,6.6,100,1.0,90,14.4
2026-12-06T10:00,6.6,100,11.0,90,15.5
2026-12-06T11:00,6.6,100,26.0,90,15.5
2026-12-06T12:00,6.6,100,51.0,88,15.8
2026-12-06T13:00,6.6,100,63.0,86,16.6
2026-12-06T14:00,6.6,100,59.0,85,12.2
2026-12-06T15:00,6.7,100,41.0,85,13.7
2026-12-06T16:00,6.3,100,13.0,86,13.0
2026-12-06T17:00,6.1,100,1.0,86,13.7
2026-12-06T18:00,6.2,100,0.0,86,14.4
2026-12-06T19:00,5.7,100,0.0,87,15.8
2026-12-06T20:00,5.3,100,0.0,85,17.6
2026-12-06T21:00,4.7,100,0.0,82,18.0
2026-12-06T22:00,4.2,100,0.0,83,16.2
2026-12-06T23:00,3.8,100,0.0,86,14.8
2026-12-07T00:00,3.3,100,0.0,90,13.3
2026-12-07T01:00,2.9,100,0.0,90,14.8
2026-12-07T02:00,2.8,100,0.0,91,13.7
2026-12-07T03:00,3.0,100,0.0,92,13.0
2026-12-07T04:00,2.8,100,0.0,91,13.3
2026-12-07T05:00,2.7,100,0.0,91,14.0
2026-12-07T06:00,2.7,100,0.0,90,13.3
2026-12-07T07:00,2.8,100,0.0,89,11.9
2026-12-07T08:00,2.7,100,0.0,88,11.9
2026-12-07T09:00,2.8,100,1.0,90,10.1
2026-12-07T10:00,3.0,100,22.0,89,9.7
2026-12-07T11:00,3.3,100,50.0,89,9.0
2026-12-07T12:00,3.6,100,60.0,90,9.7
2026-12-07T13:00,4.1,100,72.0,89,7.6
2026-12-07T14:00,4.3,100,59.0,88,6.8
2026-12-07T15:00,4.4,100,42.0,88,6.8
2026-12-07T16:00,4.4,100,21.0,87,9.0
2026-12-07T17:00,4.6,100,1.0,87,6.5
2026-12-07T18:00,4.9,100,0.0,86,7.6
2026-12-07T19:00,4.6,100,0.0,88,6.5
2026-12-07T20:00,4.5,100,0.0,90,7.6
2026-12-07T21:00,4.1,100,0.0,91,7.9
2026-12-07T22:00,3.5,100,0.0,93,7.6
2026-12-07T23:00,3.0,100,0.0,98,10.8
2026-12-08T00:00,3.2,100,0.0,99,7.6
2026-12-08T01:00,3.3,100,0.0,99,8.6
2026-12-08T02:00,3.4,100,0.0,99,6.8
2026-12-08T03:00,3.5,100,0.0,99,9.4
2026-12-08T04:00,3.6,100,0.0,99,9.0
2026-12-08T05:00,3.6,100,0.0,99,11.5
2026-12-08T06:00,3.6,100,0.0,99,11.2
2026-12-08T07:00,3.5,100,0.0,98,13.0
2026-12-08T08:00,3.2,100,0.0,98,10.8
2026-12-08T09:00,3.4,100,1.0,98,12.2
2026-12-08T10:00,3.5,100,17.0,97,13.7
2026-12-08T11:00,3.6,100,37.0,97,10.4
2026-12-08T12:00,4.0,100,37.0,96,12.2
2026-12-08T13:00,4.5,100,85.0,95,15.5
2026-12-08T14:00,6.1,99,116.0,89,14.0
2026-12-08T15:00,7.4,40,139.0,85,13.7
2026-12-08T16:00,7.6,100,33.0,86,12.2
2026-12-08T17:00,7.9,100,1.0,87,8.3
2026-12-08T18:00,8.3,100,0.0,87,9.0
2026-12-08T19:00,8.0,100,0.0,89,9.0
2026-12-08T20:00,8.1,100,0.0,91,9.4
2026-12-08T21:00,8.1,100,0.0,91,9.7
2026-12-08T22:00,7.8,100,0.0,92,9.7
2026-12-08T23:00,7.7,100,0.0,91,10.4
2026-12-09T00:00,7.7,100,0.0,90,10.1
2026-12-09T01:00,7.6,100,0.0,91,9.0
2026-12-09T02:00,7.4,100,0.0,91,8.3
2026-12-09T03:00,7.1,100,0.0,89,10.8
2026-12-09T04:00,7.2,100,0.0,92,9.4
2026-12-09T05:00,7.3,100,0.0,95,9.4
2026-12-09T06:00,7.8,100,0.0,95,10.4
2026-12-09T07:00,8.4,100,0.0,93,12.2
2026-12-09T08:00,8.9,100,0.0,94,11.5
2026-12-09T09:00,9.1,100,0.0,94,13.0
2026-12-09T10:00,9.2,100,2.0,94,14.4
2026-12-09T11:00,9.3,100,7.0,94,15.5
2026-12-09T12:00,9.3,100,9.0,94,14.4
2026-12-09T13:00,9.5,100,17.0,93,14.4
2026-12-09T14:00,9.9,100,32.0,93,14.8
2026-12-09T15:00,10.3,100,58.0,93,11.5
2026-12-09T16:00,10.1,100,8.0,95,11.2
2026-12-09T17:00,10.1,100,0.0,96,10.8
2026-12-09T18:00,10.1,100,0.0,95,9.7
2026-12-09T19:00,9.8,100,0.0,99,11.2
2026-12-09T20:00,9.8,100,0.0,100,11.2
2026-12-09T21:00,10.1,100,0.0,97,11.9
2026-12-09T22:00,10.3,100,0.0,96,10.4
2026-12-09T23:00,10.2,100,0.0,96,10.8
2026-12-10T00:00,10.0,100,0.0,97,7.6
2026-12-10T01:00,9.8,100,0.0,100,5.8
2026-12-10T02:00,9.8,100,0.0,100,10.4
2026-12-10T03:00,9.8,100,0.0,100,6.1
2026-12-10T04:00,9.7,100,0.0,100,4.3
2026-12-10T05:00,9.8,100,0.0,100,7.2
2026-12-10T06:00,9.9,100,0.0,99,6.1
2026-12-10T07:00,10.2,100,0.0,98,5.8
2026-12-10T08:00,10.4,100,0.0,94,6.8
2026-12-10T09:00,10.2,100,0.0,93,9.0
2026-12-10T10:00,10.0,100,3.0,94,8.3
2026-12-10T11:00,10.1,100,32.0,91,9.4
2026-12-10T12:00,9.9,100,24.0,89,9.0
2026-12-10T13:00,9.8,100,29.0,88,9.7
2026-12-10T14:00,10.1,84,44.0,86,8.3
2026-12-10T15:00,10.4,21,133.0,84,8.3
2026-12-10T16:00,10.2,41,56.0,85,7.9
2026-12-10T17:00,9.6,27,2.0,86,6.1
2026-12-10T18:00,8.9,93,0.0,87,7.6
2026-12-10T19:00,8.8,100,0.0,90,8.6
2026-12-10T20:00,9.2,100,0.0,89,14.4
2026-12-10T21:00,8.7,100,0.0,90,14.8
2026-12-10T22:00,9.1,100,0.0,91,15.1
2026-12-10T23:00,9.3,100,0.0,93,10.8
2026-12-11T00:00,9.4,100,0.0,95,11.5
2026-12-11T01:00,9.3,100,0.0,98,14.0
2026-12-11T02:00,9.5,100,0.0,97,14.4
2026-12-11T03:00,9.7,100,0.0,97,13.3
2026-12-11T04:00,9.6,100,0.0,97,12.2
2026-12-11T05:00,9.5,100,0.0,96,14.8
2026-12-11T06:00,9.4,100,0.0,95,13.0
2026-12-11T07:00,9.5,100,0.0,93,13.3
2026-12-11T08:00,9.6,100,0.0,92,14.0
2026-12-11T09:00,9.8,98,2.0,89,17.6
2026-12-11T10:00,9.6,100,18.0,91,19.4
2026-12-11T11:00,9.9,100,19.0,90,15.8
2026-12-11T12:00,10.3,96,51.0,87,14.8
2026-12-11T13:00,10.4,100,168.0,87,16.9
2026-12-11T14:00,10.4,100,95.0,82,18.0
2026-12-11T15:00,10.2,0,79.0,77,15.1
2026-12-11T16:00,9.4,6,60.0,84,15.8
2026-12-11T17:00,9.3,100,2.0,82,16.6
2026-12-11T18:00,9.1,100,0.0,86,14.4
2026-12-11T19:00,8.7,100,0.0,86,14.4
2026-12-11T20:00,8.7,72,0.0,87,16.6
2026-12-11T21:00,8.6,100,0.0,87,15.5
2026-12-11T22:00,8.5,100,0.0,88,17.3
2026-12-11T23:00,8.4,100,0.0,88,15.5
2026-12-12T00:00,8.1,100,0.0,90,16.2
2026-12-12T01:00,8.0,100,0.0,92,16.9
2026-12-12T02:00,8.1,100,0.0,90,15.8
2026-12-12T03:00,8.1,100,0.0,90,16.2
2026-12-12T04:00,7.9,100,0.0,92,15.5
2026-12-12T05:00,7.9,100,0.0,90,18.7
2026-12-12T06:00,8.0,100,0.0,87,18.4
2026-12-12T07:00,8.1,100,0.0,83,18.0
2026-12-12T08:00,8.1,100,0.0,83,15.8
2026-12-12T09:00,8.1,100,0.0,86,14.0
2026-12-12T10:00,7.9,100,4.0,89,14.0
2026-12-12T11:00,8.0,100,12.0,83,16.9
2026-12-12T12:00,8.0,100,32.0,78,19.4
2026-12-12T13:00,7.8,100,46.0,81,18.7
2026-12-12T14:00,7.8,100,38.0,81,16.9
2026-12-12T15:00,7.8,100,20.0,82,15.8
2026-12-12T16:00,7.7,100,8.0,83,14.0
2026-12-12T17:00,7.6,100,0.0,85,14.8
2026-12-12T18:00,7.5,100,0.0,86,13.0
2026-12-12T19:00,7.2,100,0.0,87,13.7
2026-12-12T20:00,7.1,100,0.0,85,11.5
2026-12-12T21:00,7.0,100,0.0,90,11.2
2026-12-12T22:00,6.9,100,0.0,90,10.4
2026-12-12T23:00,6.9,100,0.0,90,8.3
2026-12-13T00:00,7.0,100,0.0,90,7.9
2026-12-13T01:00,6.8,100,0.0,92,7.6
2026-12-13T02:00,6.6,100,0.0,92,8.3
2026-12-13T03:00,6.3,100,0.0,90,6.5
2026-12-13T04:00,6.3,100,0.0,91,1.8
2026-12-13T05:00,6.3,100,0.0,91,5.0
2026-12-13T06:00,6.1,100,0.0,92,6.8
2026-12-13T07:00,6.4,100,0.0,90,5.4
2026-12-13T08:00,6.3,100,0.0,90,5.4
2026-12-13T09:00,6.3,100,0.0,90,6.5
2026-12-13T10:00,6.3,100,7.0,92,5.8
2026-12-13T11:00,6.4,100,19.0,92,6.1
2026-12-13T12:00,6.5,100,22.0,91,7.6
2026-12-13T13:00,6.7,100,37.0,88,7.2
2026-12-13T14:00,6.7,100,41.0,87,9.0
2026-12-13T15:00,6.7,100,36.0,84,9.4
2026-12-13T16:00,6.5,100,19.0,81,9.7
2026-12-13T17:00,6.2,100,1.0,79,11.5
2026-12-13T18:00,5.4,100,0.0,75,13.0
2026-12-13T19:00,4.8,100,0.0,82,13.0
2026-12-13T20:00,3.9,100,0.0,85,12.6
2026-12-13T21:00,3.9,100,0.0,87,13.0
2026-12-13T22:00,4.0,100,0.0,90,14.8
2026-12-13T23:00,4.2,100,0.0,92,16.9
2026-12-14T00:00,4.4,100,0.0,94,16.6
2026-12-14T01:00,4.7,100,0.0,94,19.1
2026-12-14T02:00,4.8,100,0.0,94,19.4
2026-12-14T03:00,5.1,100,0.0,95,19.8
2026-12-14T04:00,5.4,100,0.0,96,18.0
2026-12-14T05:00,6.1,100,0.0,93,18.4
2026-12-14T06:00,6.4,99,0.0,89,15.8
2026-12-14T07:00,6.5,100,0.0,87,15.5
2026-12-14T08:00,6.3,100,0.0,79,18.7
2026-12-14T09:00,6.2,100,0.0,77,16.2
2026-12-14T10:00,5.9,100,15.0,79,17.3
2026-12-14T11:00,5.7,97,65.0,85,19.8
2026-12-14T12:00,6.2,40,158.0,78,17.6
2026-12-14T13:00,6.3,24,164.0,82,18.7
2026-12-14T14:00,6.3,100,157.0,82,16.9
2026-12-14T15:00,6.0,100,51.0,83,16.9
2026-12-14T16:00,5.7,100,16.0,81,15.5
2026-12-14T17:00,5.3,100,1.0,82,15.5
2026-12-14T18:00,4.9,100,0.0,83,16.2
2026-12-14T19:00,4.7,100,0.0,84,16.2
2026-12-14T20:00,4.5,100,0.0,83,16.9
2026-12-14T21:00,4.4,100,0.0,82,18.4
2026-12-14T22:00,4.3,100,0.0,83,18.0
2026-12-14T23:00,4.3,100,0.0,83,18.0
2026-12-15T00:00,4.2,100,0.0,84,16.6
2026-12-15T01:00,4.4,100,0.0,83,16.2
2026-12-15T02:00,4.1,100,0.0,86,12.6
2026-12-15T03:00,4.0,100,0.0,86,12.6
2026-12-15T04:00,4.1,100,0.0,86,15.1
2026-12-15T05:00,3.8,100,0.0,88,16.6
2026-12-15T06:00,3.7,100,0.0,89,14.4
2026-12-15T07:00,3.7,100,0.0,90,13.3
2026-12-15T08:00,3.4,100,0.0,91,14.4
2026-12-15T09:00,3.2,100,0.0,91,13.3
2026-12-15T10:00,3.2,100,13.0,90,12.6
2026-12-15T11:00,3.3,100,37.0,89,12.2
2026-12-15T12:00,3.6,100,65.0,89,11.5
2026-12-15T13:00,3.6,100,74.0,89,11.5
2026-12-15T14:00,3.7,100,63.0,89,11.9
2026-12-15T15:00,3.8,100,48.0,89,10.1
2026-12-15T16:00,3.8,100,21.0,89,9.4
2026-12-15T17:00,4.1,100,1.0,91,10.1
2026-12-15T18:00,4.0,100,0.0,92,10.4
2026-12-15T19:00,3.7,100,0.0,94,9.4
2026-12-15T20:00,3.5,100,0.0,94,8.6
2026-12-15T21:00,3.6,100,0.0,92,10.1
2026-12-15T22:00,3.5,100,0.0,92,9.7
2026-12-15T23:00,3.2,100,0.0,94,7.9
2026-12-16T00:00,3.1,100,0.0,93,7.6
2026-12-16T01:00,2.1,94,0.0,94,7.6
2026-12-16T02:00,0.5,100,0.0,97,6.5
2026-12-16T03:00,-0.2,100,0.0,97,6.8
2026-12-16T04:00,-0.6,100,0.0,98,6.8
2026-12-16T05:00,-0.8,100,0.0,98,6.8
2026-12-16T06:00,-0.8,100,0.0,98,6.8
2026-12-16T07:00,0.0,0,0.0,89,7.6
2026-12-16T08:00,-0.3,17,0.0,90,7.9
2026-12-16T09:00,-0.7,100,1.0,95,8.3
2026-12-16T10:00,-0.3,97,47.0,93,7.2
2026-12-16T11:00,1.2,100,127.0,85,7.9
2026-12-16T12:00,2.3,99,145.0,82,7.6
2026-12-16T13:00,3.1,100,161.0,78,6.5
2026-12-16T14:00,3.2,100,116.0,78,6.1
2026-12-16T15:00,3.0,100,60.0,80,8.6
2026-12-16T16:00,2.7,100,30.0,83,10.4
2026-12-16T17:00,2.1,100,1.0,86,8.3
2026-12-16T18:00,1.9,100,0.0,89,9.7
2026-12-16T19:00,1.6,91,0.0,91,8.6
2026-12-16T20:00,1.0,76,0.0,92,7.2
2026-12-16T21:00,1.0,74,0.0,92,6.8
2026-12-16T22:00,0.7,100,0.0,92,8.3
2026-12-16T23:00,0.4,100,0.0,92,7.6
2026-12-17T00:00,0.1,100,0.0,93,7.9
2026-12-17T01:00,0.1,100,0.0,92,8.6
2026-12-17T02:00,0.1,100,0.0,93,9.0
2026-12-17T03:00,0.3,100,0.0,93,10.1
2026-12-17T04:00,0.5,100,0.0,92,7.6
2026-12-17T05:00,0.5,100,0.0,93,8.6
2026-12-17T06:00,0.7,100,0.0,92,8.3
2026-12-17T07:00,1.2,100,0.0,89,9.0
2026-12-17T08:00,1.2,100,0.0,89,7.9
2026-12-17T09:00,1.0,100,1.0,93,9.0
2026-12-17T10:00,1.5,100,32.0,89,9.0
2026-12-17T11:00,2.3,100,81.0,84,10.1
2026-12-17T12:00,3.1,100,134.0,80,9.0
2026-12-17T13:00,4.1,100,142.0,74,9.0
2026-12-17T14:00,5.5,100,152.0,68,13.0
2026-12-17T15:00,6.5,100,102.0,70,10.1
2026-12-17T16:00,5.9,100,44.0,69,10.1
2026-12-17T17:00,5.0,100,2.0,73,10.8
2026-12-17T18:00,4.3,97,0.0,78,13.0
2026-12-17T19:00,3.0,56,0.0,86,12.6
2026-12-17T20:00,2.3,0,0.0,84,13.3
2026-12-17T21:00,2.0,0,0.0,82,11.2
2026-12-17T22:00,1.4,0,0.0,86,8.3
2026-12-17T23:00,1.5,0,0.0,84,11.9
2026-12-18T00:00,1.2,0,0.0,80,11.9
2026-12-18T01:00,1.3,0,0.0,84,11.5
2026-12-18T02:00,0.9,0,0.0,86,12.2
2026-12-18T03:00,0.6,0,0.0,88,11.2
2026-12-18T04:00,0.2,1,0.0,90,10.4
2026-12-18T05:00,-0.1,7,0.0,91,10.8
2026-12-18T06:00,-0.3,91,0.0,92,10.4
2026-12-18T07:00,-0.1,100,0.0,91,10.4
2026-12-18T08:00,-0.2,100,0.0,93,8.3
2026-12-18T09:00,-0.4,100,0.0,96,10.1
2026-12-18T10:00,0.1,100,19.0,94,9.7
2026-12-18T11:00,0.7,100,51.0,95,8.3
2026-12-18T12:00,1.2,100,56.0,98,8.3
2026-12-18T13:00,1.8,100,57.0,97,9.0
2026-12-18T14:00,2.3,100,45.0,98,5.0
2026-12-18T15:00,2.4,100,20.0,98,4.7
2026-12-18T16:00,2.6,100,7.0,98,5.4
2026-12-18T17:00,2.5,100,0.0,98,2.9
2026-12-18T18:00,2.8,100,0.0,98,5.4
2026-12-18T19:00,2.7,100,0.0,99,5.4
2026-12-18T20:00,2.6,100,0.0,99,6.8
2026-12-18T21:00,2.6,100,0.0,99,6.8
2026-12-18T22:00,2.9,100,0.0,99,6.1
2026-12-18T23:00,3.1,100,0.0,99,6.5
2026-12-19T00:00,3.1,100,0.0,99,6.8
2026-12-19T01:00,3.2,100,0.0,98,7.9
2026-12-19T02:00,3.2,100,0.0,98,9.7
2026-12-19T03:00,2.9,100,0.0,98,10.1
2026-12-19T04:00,2.6,100,0.0,99,11.2
2026-12-19T05:00,2.3,100,0.0,99,9.0
2026-12-19T06:00,2.1,100,0.0,99,10.8
2026-12-19T07:00,1.8,100,0.0,98,12.6
2026-12-19T08:00,1.6,100,0.0,98,11.2
2026-12-19T09:00,1.7,100,0.0,98,11.9
2026-12-19T10:00,1.7,100,21.0,98,11.5
2026-12-19T11:00,2.0,100,65.0,98,8.6
2026-12-19T12:00,2.4,100,89.0,98,10.8
2026-12-19T13:00,2.9,100,106.0,97,10.4
2026-12-19T14:00,3.1,100,102.0,97,10.8
2026-12-19T15:00,2.9,100,64.0,98,11.5
2026-12-19T16:00,2.9,100,29.0,97,12.2
2026-12-19T17:00,3.0,99,1.0,95,9.0
2026-12-19T18:00,2.4,100,0.0,98,11.5
2026-12-19T19:00,2.1,100,0.0,99,11.2
2026-12-19T20:00,2.2,100,0.0,99,10.1
2026-12-19T21:00,2.3,100,0.0,99,9.0
2026-12-19T22:00,2.2,100,0.0,99,8.6
2026-12-19T23:00,2.0,100,0.0,98,12.2
2026-12-20T00:00,1.7,100,0.0,98,8.6
2026-12-20T01:00,1.7,100,0.0,98,10.1
2026-12-20T02:00,1.5,100,0.0,98,9.4
2026-12-20T03:00,1.5,100,0.0,98,9.0
2026-12-20T04:00,1.6,100,0.0,98,8.6
2026-12-20T05:00,1.8,100,0.0,99,9.0
2026-12-20T06:00,1.8,100,0.0,99,7.2
2026-12-20T07:00,1.8,100,0.0,98,8.3
2026-12-20T08:00,1.7,100,0.0,97,7.2
2026-12-20T09:00,1.8,100,0.0,97,7.9
2026-12-20T10:00,1.8,100,17.0,97,7.2
2026-12-20T11:00,2.0,100,43.0,96,7.9
2026-12-20T12:00,2.6,100,54.0,92,7.2
2026-12-20T13:00,3.5,100,69.0,89,6.5
2026-12-20T14:00,4.1,100,40.0,88,6.8
2026-12-20T15:00,4.6,100,17.0,89,6.8
2026-12-20T16:00,4.4,100,13.0,91,6.8
2026-12-20T17:00,4.2,100,0.0,93,5.0
2026-12-20T18:00,4.2,100,0.0,93,6.1
2026-12-20T19:00,3.8,100,0.0,99,6.1
2026-12-20T20:00,3.9,100,0.0,99,6.8
2026-12-20T21:00,3.7,100,0.0,99,4.7
2026-12-20T22:00,3.8,100,0.0,98,5.0
2026-12-20T23:00,3.8,100,0.0,96,5.8
2026-12-21T00:00,3.5,100,0.0,96,6.8
2026-12-21T01:00,3.5,100,0.0,96,5.8
2026-12-21T02:00,3.6,100,0.0,94,6.8
2026-12-21T03:00,3.5,100,0.0,94,6.1
2026-12-21T04:00,3.2,100,0.0,95,6.5
2026-12-21T05:00,3.2,100,0.0,95,5.4
2026-12-21T06:00,3.2,100,0.0,96,5.4
2026-12-21T07:00,3.4,100,0.0,94,5.4
2026-12-21T08:00,3.6,100,0.0,87,6.5
2026-12-21T09:00,3.6,100,0.0,85,5.0
2026-12-21T10:00,3.5,100,12.0,85,4.7
2026-12-21T11:00,3.5,100,33.0,83,4.0
2026-12-21T12:00,3.4,100,36.0,86,3.2
2026-12-21T13:00,3.4,100,41.0,85,4.7
2026-12-21T14:00,3.5,100,38.0,84,4.3
2026-12-21T15:00,3.8,100,36.0,80,6.1
2026-12-21T16:00,3.4,100,19.0,79,6.8
2026-12-21T17:00,3.0,100,1.0,78,4.7
2026-12-21T18:00,2.9,100,0.0,78,2.9
2026-12-21T19:00,2.8,100,0.0,80,3.6
2026-12-21T20:00,2.8,100,0.0,79,4.3
2026-12-21T21:00,2.7,100,0.0,79,5.0
2026-12-21T22:00,2.6,100,0.0,78,6.5
2026-12-21T23:00,2.6,100,0.0,76,5.8
2026-12-22T00:00,2.7,100,0.0,80,6.5
2026-12-22T01:00,2.6,100,0.0,79,6.8
2026-12-22T02:00,2.5,100,0.0,79,4.3
2026-12-22T03:00,2.5,100,0.0,78,4.0
2026-12-22T04:00,2.5,100,0.0,79,2.9
2026-12-22T05:00,2.6,100,0.0,78,4.3
2026-12-22T06:00,2.6,100,0.0,78,4.3
2026-12-22T07:00,2.8,100,0.0,78,1.8
2026-12-22T08:00,2.9,100,0.0,78,2.2
2026-12-22T09:00,2.8,100,0.0,76,5.8
2026-12-22T10:00,2.8,100,15.0,77,4.7
2026-12-22T11:00,2.9,100,32.0,77,5.8
2026-12-22T12:00,3.1,100,146.0,77,5.8
2026-12-22T13:00,3.2,100,116.0,78,6.1
2026-12-22T14:00,3.2,100,87.0,79,5.0
2026-12-22T15:00,3.1,100,76.0,80,5.8
2026-12-22T16:00,3.0,100,34.0,81,5.8
2026-12-22T17:00,3.0,100,2.0,81,7.2
2026-12-22T18:00,2.7,100,0.0,83,8.3
2026-12-22T19:00,2.1,100,0.0,88,7.6
2026-12-22T20:00,2.3,100,0.0,87,8.6
2026-12-22T21:00,2.3,100,0.0,87,8.3
2026-12-22T22:00,2.2,100,0.0,87,9.0
2026-12-22T23:00,2.2,100,0.0,85,5.4
2026-12-23T00:00,2.2,100,0.0,84,6.5
2026-12-23T01:00,2.2,100,0.0,83,7.6
2026-12-23T02:00,2.4,100,0.0,79,6.8
2026-12-23T03:00,2.2,100,0.0,79,5.4
2026-12-23T04:00,2.1,100,0.0,82,7.6
2026-12-23T05:00,2.0,100,0.0,87,7.9
2026-12-23T06:00,2.1,100,0.0,90,7.6
2026-12-23T07:00,2.2,100,0.0,89,7.2
2026-12-23T08:00,2.4,100,0.0,87,7.2
2026-12-23T09:00,2.6,100,0.0,89,9.4
2026-12-23T10:00,2.5,100,8.0,88,9.7
2026-12-23T11:00,2.8,100,38.0,85,5.0
2026-12-23T12:00,2.8,100,25.0,86,6.8
2026-12-23T13:00,2.8,100,51.0,88,8.3
2026-12-23T14:00,2.8,100,38.0,88,9.0
2026-12-23T15:00,2.5,100,36.0,92,9.4
2026-12-23T16:00,2.5,100,6.0,89,12.2
2026-12-23T17:00,2.4,100,0.0,89,12.6
2026-12-23T18:00,2.3,100,0.0,86,14.8
2026-12-23T19:00,1.9,100,0.0,83,15.1
2026-12-23T20:00,1.4,100,0.0,86,15.5
2026-12-23T21:00,1.0,100,0.0,78,16.9
2026-12-23T22:00,0.1,100,0.0,81,16.9
2026-12-23T23:00,-0.4,46,0.0,77,14.0
2026-12-24T00:00,-1.1,92,0.0,77,14.8
2026-12-24T01:00,-1.4,100,0.0,77,15.5
2026-12-24T02:00,-2.2,100,0.0,68,16.9
2026-12-24T03:00,-3.3,100,0.0,73,16.2
2026-12-24T04:00,-4.1,100,0.0,77,15.5
2026-12-24T05:00,-4.9,100,0.0,78,14.4
2026-12-24T06:00,-5.2,93,0.0,78,14.4
2026-12-24T07:00,-5.9,9,0.0,75,13.7
2026-12-24T08:00,-6.5,7,0.0,79,11.5
2026-12-24T09:00,-6.8,38,1.0,82,13.3
2026-12-24T10:00,-6.7,33,45.0,80,13.0
2026-12-24T11:00,-6.4,32,130.0,77,11.2
2026-12-24T12:00,-5.8,14,184.0,74,11.5
2026-12-24T13:00,-5.3,0,230.0,69,11.5
2026-12-24T14:00,-4.9,0,219.0,65,9.0
2026-12-24T15:00,-4.9,0,157.0,66,10.8
2026-12-24T16:00,-5.1,0,70.0,67,11.9
2026-12-24T17:00,-5.6,0,4.0,69,9.7
2026-12-24T18:00,-5.7,1,0.0,72,10.1
2026-12-24T19:00,-6.2,0,0.0,76,10.1
2026-12-24T20:00,-6.7,0,0.0,78,9.4
2026-12-24T21:00,-6.9,0,0.0,79,9.4
2026-12-24T22:00,-7.2,0,0.0,81,9.4
2026-12-24T23:00,-7.6,0,0.0,80,8.3
2026-12-25T00:00,-7.8,0,0.0,79,8.3
2026-12-25T01:00,-8.0,0,0.0,79,8.6
2026-12-25T02:00,-8.4,0,0.0,80,8.6
2026-12-25T03:00,-8.5,0,0.0,82,7.9
2026-12-25T04:00,-8.6,0,0.0,82,7.9
2026-12-25T05:00,-8.9,0,0.0,82,7.2
2026-12-25T06:00,-9.1,0,0.0,82,8.3
2026-12-25T07:00,-9.1,0,0.0,80,7.6
2026-12-25T08:00,-9.2,0,0.0,79,7.6
2026-12-25T09:00,-9.2,0,1.0,79,7.2
2026-12-25T10:00,-8.5,1,55.0,74,6.8
2026-12-25T11:00,-7.6,0,145.0,69,6.8
2026-12-25T12:00,-6.9,0,206.0,68,6.8
2026-12-25T13:00,-6.0,0,234.0,61,4.7
2026-12-25T14:00,-5.3,72,217.0,54,6.5
2026-12-25T15:00,-4.7,0,158.0,44,4.3
2026-12-25T16:00,-4.7,54,74.0,45,2.2
2026-12-25T17:00,-5.4,0,4.0,49,3.2
2026-12-25T18:00,-5.8,0,0.0,53,4.7
2026-12-25T19:00,-6.1,16,0.0,57,5.0
2026-12-25T20:00,-6.5,100,0.0,59,6.5
2026-12-25T21:00,-6.3,100,0.0,58,7.9
2026-12-25T22:00,-5.8,100,0.0,59,9.0
2026-12-25T23:00,-5.7,100,0.0,60,10.1
2026-12-26T00:00,-5.7,100,0.0,65,13.0
2026-12-26T01:00,-5.7,100,0.0,69,13.3
2026-12-26T02:00,-5.7,100,0.0,71,15.8
2026-12-26T03:00,-5.7,100,0.0,70,16.2
2026-12-26T04:00,-5.6,100,0.0,74,14.8
2026-12-26T05:00,-5.4,100,0.0,74,14.8
2026-12-26T06:00,-5.1,100,0.0,75,15.5
2026-12-26T07:00,-4.6,100,0.0,76,16.6
2026-12-26T08:00,-4.4,100,0.0,77,13.0
2026-12-26T09:00,-4.7,100,0.0,84,15.5
2026-12-26T10:00,-4.2,100,8.0,84,11.9
2026-12-26T11:00,-3.6,100,20.0,84,13.7
2026-12-26T12:00,-3.0,100,28.0,85,12.6
2026-12-26T13:00,-2.4,100,35.0,87,13.3
2026-12-26T14:00,-2.0,100,41.0,87,15.8
2026-12-26T15:00,-1.9,100,25.0,92,13.7
2026-12-26T16:00,-1.5,100,7.0,93,13.7
2026-12-26T17:00,-1.2,100,1.0,93,13.3
2026-12-26T18:00,-1.1,100,0.0,97,13.3
2026-12-26T19:00,-0.6,100,0.0,98,13.3
2026-12-26T20:00,-0.1,100,0.0,99,13.3
2026-12-26T21:00,0.3,100,0.0,100,12.6
2026-12-26T22:00,0.2,100,0.0,100,12.6
2026-12-26T23:00,0.2,100,0.0,100,13.0
2026-12-27T00:00,0.3,100,0.0,100,12.2
2026-12-27T01:00,0.5,100,0.0,100,13.3
2026-12-27T02:00,0.6,100,0.0,100,13.3
2026-12-27T03:00,0.6,100,0.0,100,14.4
2026-12-27T04:00,0.7,100,0.0,99,15.1
2026-12-27T05:00,0.8,100,0.0,100,15.5
2026-12-27T06:00,0.8,100,0.0,100,13.7
2026-12-27T07:00,1.0,100,0.0,99,14.8
2026-12-27T08:00,0.9,100,0.0,99,13.7
2026-12-27T09:00,0.9,100,0.0,99,17.3
2026-12-27T10:00,0.8,100,5.0,99,18.4
2026-12-27T11:00,0.8,100,11.0,99,19.4
2026-12-27T12:00,0.7,100,29.0,99,22.0
2026-12-27T13:00,0.8,100,42.0,98,24.5
2026-12-27T14:00,0.7,100,31.0,95,22.0
2026-12-27T15:00,0.4,100,32.0,96,24.8
2026-12-27T16:00,0.4,100,9.0,96,27.0
2026-12-27T17:00,0.5,100,1.0,92,20.2
2026-12-27T18:00,0.7,100,0.0,90,21.6
2026-12-27T19:00,0.8,100,0.0,90,22.0
2026-12-27T20:00,1.0,100,0.0,89,23.0
2026-12-27T21:00,1.3,100,0.0,91,23.8
2026-12-27T22:00,1.8,100,0.0,91,22.3
2026-12-27T23:00,2.2,35,0.0,88,22.7
2026-12-28T00:00,1.8,13,0.0,86,22.7
2026-12-28T01:00,1.5,100,0.0,84,23.4
2026-12-28T02:00,1.5,100,0.0,81,19.4
2026-12-28T03:00,1.8,100,0.0,79,25.2
2026-12-28T04:00,1.4,100,0.0,85,26.3
2026-12-28T05:00,1.2,100,0.0,88,28.8
2026-12-28T06:00,1.4,100,0.0,88,25.6
2026-12-28T07:00,1.5,45,0.0,87,26.6
2026-12-28T08:00,1.5,2,0.0,83,23.8
2026-12-28T09:00,1.6,15,1.0,86,25.9
2026-12-28T10:00,1.5,100,40.0,87,27.0
2026-12-28T11:00,1.9,100,49.0,82,24.1
2026-12-28T12:00,2.2,100,35.0,80,28.4
2026-12-28T13:00,2.3,93,93.0,78,27.4
2026-12-28T14:00,2.4,100,84.0,77,25.6
2026-12-28T15:00,1.8,100,18.0,84,25.2
2026-12-28T16:00,1.6,100,9.0,85,26.6
2026-12-28T17:00,1.9,100,1.0,82,22.0
2026-12-28T18:00,1.9,100,0.0,85,25.6
2026-12-28T19:00,1.5,100,0.0,85,28.1
2026-12-28T20:00,1.3,100,0.0,82,22.7
2026-12-28T21:00,1.6,100,0.0,77,24.8
2026-12-28T22:00,1.4,100,0.0,78,22.3
2026-12-28T23:00,1.1,100,0.0,78,14.4
2026-12-29T00:00,1.1,100,0.0,77,21.6
2026-12-29T01:00,0.4,4,0.0,85,16.2
2026-12-29T02:00,-0.0,12,0.0,88,16.6
2026-12-29T03:00,-0.4,100,0.0,90,20.9
2026-12-29T04:00,-0.6,100,0.0,91,16.6
2026-12-29T05:00,-0.6,100,0.0,91,20.5
2026-12-29T06:00,-0.5,100,0.0,89,16.2
2026-12-29T07:00,-0.3,100,0.0,87,16.9
2026-12-29T08:00,-0.2,100,0.0,88,14.4
2026-12-29T09:00,-0.0,100,0.0,89,17.6
2026-12-29T10:00,0.3,100,15.0,89,15.5
2026-12-29T11:00,0.8,100,71.0,88,17.3
2026-12-29T12:00,1.2,100,101.0,85,17.6
2026-12-29T13:00,1.4,100,53.0,85,19.1
2026-12-29T14:00,1.5,100,37.0,85,19.1
2026-12-29T15:00,1.6,100,24.0,86,19.1
2026-12-29T16:00,1.4,100,10.0,90,18.7
2026-12-29T17:00,1.4,100,1.0,91,22.0
2026-12-29T18:00,1.5,100,0.0,91,22.7
2026-12-29T19:00,1.5,100,0.0,91,20.2
2026-12-29T20:00,1.5,100,0.0,92,18.4
2026-12-29T21:00,2.2,71,0.0,84,20.5
2026-12-29T22:00,1.1,98,0.0,89,20.2
2026-12-29T23:00,0.5,100,0.0,79,13.3
2026-12-30T00:00,0.2,46,0.0,73,16.6
2026-12-30T01:00,-0.4,0,0.0,68,16.9
2026-12-30T02:00,-0.8,0,0.0,62,18.7
2026-12-30T03:00,-1.0,50,0.0,62,19.1
2026-12-30T04:00,-1.0,12,0.0,61,23.4
2026-12-30T05:00,-1.4,0,0.0,65,27.0
2026-12-30T06:00,-1.8,72,0.0,67,26.6
2026-12-30T07:00,-1.9,98,0.0,68,27.0
2026-12-30T08:00,-2.0,100,0.0,75,22.7
2026-12-30T09:00,-1.9,100,0.0,80,22.7
2026-12-30T10:00,-1.6,100,22.0,80,22.7
2026-12-30T11:00,-1.3,19,68.0,67,23.8
2026-12-30T12:00,-1.4,100,124.0,64,25.6
2026-12-30T13:00,-1.2,9,176.0,67,26.3
2026-12-30T14:00,-0.4,10,205.0,63,28.1
2026-12-30T15:00,-0.6,100,97.0,67,29.9
2026-12-30T16:00,-0.8,100,50.0,65,28.4
2026-12-30T17:00,-1.0,100,2.0,69,29.5
2026-12-30T18:00,-1.2,100,0.0,74,30.6
2026-12-30T19:00,-1.4,100,0.0,77,32.8
2026-12-30T20:00,-1.5,100,0.0,78,23.8
2026-12-30T21:00,-1.6,100,0.0,83,24.8
2026-12-30T22:00,-1.5,100,0.0,85,25.2
2026-12-30T23:00,-1.2,100,0.0,83,24.5
2026-12-31T00:00,-1.4,100,0.0,84,24.8
2026-12-31T01:00,-1.5,100,0.0,83,25.2
2026-12-31T02:00,-1.5,100,0.0,84,20.5
2026-12-31T03:00,-1.6,100,0.0,83,22.0
2026-12-31T04:00,-1.7,64,0.0,83,24.1
2026-12-31T05:00,-1.8,100,0.0,84,23.0
2026-12-31T06:00,-1.9,100,0.0,84,23.8
2026-12-31T07:00,-2.1,100,0.0,84,22.0
2026-12-31T08:00,-2.1,100,0.0,84,21.6
2026-12-31T09:00,-2.5,100,0.0,81,21.2
2026-12-31T10:00,-2.6,100,31.0,80,19.4
2026-12-31T11:00,-2.9,100,56.0,77,16.2
2026-12-31T12:00,-2.7,100,112.0,70,16.2
2026-12-31T13:00,-2.4,100,142.0,69,14.4
2026-12-31T14:00,-2.5,100,82.0,72,11.5
2026-12-31T15:00,-2.3,100,57.0,76,9.4
2026-12-31T16:00,-2.2,100,31.0,82,10.8
2026-12-31T17:00,-2.2,100,2.0,85,9.4
2026-12-31T18:00,-2.2,100,0.0,86,7.6
2026-12-31T19:00,-2.2,100,0.0,88,6.5
2026-12-31T20:00,-2.2,100,0.0,89,6.1
2026-12-31T21:00,-2.0,100,0.0,89,4.7
2026-12-31T22:00,-2.0,100,0.0,89,0.7
2026-12-31T23:00,-2.2,100,0.0,89,3.6
