timestamp,temp_out_c,cloud_cover_pct,shortwave_radiation_wm2,relative_humidity_pct,wind_speed_kmh
2026-01-01T00:00,0.7,85,0.0,80,13.7
2026-01-01T01:00,0.7,7,0.0,77,14.8
2026-01-01T02:00,0.8,5,0.0,75,15.4
2026-01-01T03:00,2.1,27,0.0,73,17.1
2026-01-01T04:00,2.0,97,0.0,72,17.5
2026-01-01T05:00,1.9,74,0.0,72,17.9
2026-01-01T06:00,2.0,100,0.0,69,20.2
2026-01-01T07:00,2.2,100,0.0,67,20.9
2026-01-01T08:00,2.2,100,0.0,65,19.9
2026-01-01T09:00,2.2,100,0.0,63,19.6
2026-01-01T10:00,2.8,100,29.0,60,20.3
2026-01-01T11:00,3.7,100,80.0,58,20.9
2026-01-01T12:00,4.6,100,121.0,56,22.1
2026-01-01T13:00,5.3,100,140.0,55,23.0
2026-01-01T14:00,5.5,100,141.0,55,19.9
2026-01-01T15:00,6.3,100,114.0,62,21.5
2026-01-01T16:00,6.0,100,55.0,66,21.5
2026-01-01T17:00,5.5,100,5.0,69,22.4
2026-01-01T18:00,5.6,100,0.0,65,23.3
2026-01-01T19:00,5.3,100,0.0,63,23.0
2026-01-01T20:00,5.1,100,0.0,58,23.5
2026-01-01T21:00,5.3,100,0.0,54,24.1
2026-01-01T22:00,5.8,100,0.0,48,24.2
2026-01-01T23:00,6.4,100,0.0,43,24.8
2026-01-02T00:00,6.7,100,0.0,40,24.9
2026-01-02T01:00,6.8,100,0.0,39,24.4
2026-01-02T02:00,6.7,100,0.0,39,24.0
2026-01-02T03:00,8.1,100,0.0,36,24.3
2026-01-02T04:00,8.6,100,0.0,35,25.4
2026-01-02T05:00,8.9,100,0.0,35,25.7
2026-01-02T06:00,9.2,100,0.0,36,26.0
2026-01-02T07:00,8.5,100,0.0,42,23.4
2026-01-02T08:00,8.2,100,0.0,47,24.0
2026-01-02T09:00,8.2,100,0.0,48,24.1
2026-01-02T10:00,7.8,100,6.0,52,24.8
2026-01-02T11:00,6.8,100,17.0,64,24.9
2026-01-02T12:00,5.6,100,27.0,82,25.7
2026-01-02T13:00,5.4,100,29.0,89,24.7
2026-01-02T14:00,4.9,100,34.0,91,29.1
2026-01-02T15:00,5.6,100,44.0,74,22.5
2026-01-02T16:00,4.5,100,44.0,63,20.0
2026-01-02T17:00,3.3,100,5.0,62,17.6
2026-01-02T18:00,2.6,100,0.0,63,16.8
2026-01-02T19:00,2.0,39,0.0,64,16.0
2026-01-02T20:00,1.0,0,0.0,67,15.0
2026-01-02T21:00,0.3,0,0.0,68,13.9
2026-01-02T22:00,-0.5,0,0.0,71,11.7
2026-01-02T23:00,-1.2,1,0.0,78,10.2
2026-01-03T00:00,-1.6,2,0.0,86,10.0
2026-01-03T01:00,-1.8,0,0.0,89,10.2
2026-01-03T02:00,-2.0,1,0.0,92,10.7
2026-01-03T03:00,-2.0,0,0.0,91,10.9
2026-01-03T04:00,-2.1,0,0.0,93,11.8
2026-01-03T05:00,-2.0,7,0.0,94,12.9
2026-01-03T06:00,-1.7,93,0.0,93,12.6
2026-01-03T07:00,-0.1,100,0.0,90,15.7
2026-01-03T08:00,0.6,100,0.0,89,17.8
2026-01-03T09:00,0.6,100,0.0,87,17.9
2026-01-03T10:00,0.5,100,10.0,83,16.8
2026-01-03T11:00,1.0,100,44.0,76,15.1
2026-01-03T12:00,1.2,100,115.0,79,11.8
2026-01-03T13:00,1.4,100,62.0,81,13.9
2026-01-03T14:00,1.7,65,80.0,74,19.0
2026-01-03T15:00,0.3,100,21.0,93,14.1
2026-01-03T16:00,0.6,100,29.0,86,16.8
2026-01-03T17:00,-0.2,91,7.0,84,16.4
2026-01-03T18:00,-0.1,11,0.0,81,18.8
2026-01-03T19:00,-0.5,100,0.0,81,18.5
2026-01-03T20:00,-0.5,100,0.0,82,20.1
2026-01-03T21:00,-0.3,100,0.0,82,21.6
2026-01-03T22:00,-0.3,100,0.0,82,21.5
2026-01-03T23:00,-0.7,100,0.0,87,18.5
2026-01-04T00:00,-1.1,0,0.0,79,20.0
2026-01-04T01:00,-2.4,1,0.0,77,19.5
2026-01-04T02:00,-2.9,94,0.0,75,22.4
2026-01-04T03:00,-2.1,93,0.0,68,24.7
2026-01-04T04:00,-1.8,100,0.0,68,23.4
2026-01-04T05:00,-1.3,75,0.0,67,24.5
2026-01-04T06:00,-1.9,28,0.0,68,23.2
2026-01-04T07:00,-2.0,67,0.0,72,21.0
2026-01-04T08:00,-1.9,68,0.0,74,20.0
2026-01-04T09:00,-2.2,13,0.0,74,17.6
2026-01-04T10:00,-2.1,0,47.0,70,15.9
2026-01-04T11:00,-1.7,0,139.0,65,16.2
2026-01-04T12:00,-1.3,0,210.0,60,17.1
2026-01-04T13:00,-1.0,0,241.0,57,17.0
2026-01-04T14:00,-0.8,1,227.0,57,16.0
2026-01-04T15:00,-2.3,0,172.0,70,10.9
2026-01-04T16:00,-3.2,35,85.0,73,8.7
2026-01-04T17:00,-4.2,68,9.0,77,8.9
2026-01-04T18:00,-4.6,94,0.0,79,9.0
2026-01-04T19:00,-5.1,100,0.0,81,8.4
2026-01-04T20:00,-5.2,100,0.0,82,9.6
2026-01-04T21:00,-5.3,99,0.0,83,9.8
2026-01-04T22:00,-5.4,98,0.0,84,9.9
2026-01-04T23:00,-5.4,99,0.0,84,10.3
2026-01-05T00:00,-5.0,95,0.0,84,9.3
2026-01-05T01:00,-4.1,100,0.0,82,9.6
2026-01-05T02:00,-3.2,100,0.0,83,10.8
2026-01-05T03:00,-4.1,100,0.0,86,10.7
2026-01-05T04:00,-3.5,100,0.0,85,11.1
2026-01-05T05:00,-3.2,91,0.0,84,12.7
2026-01-05T06:00,-3.3,96,0.0,84,13.6
2026-01-05T07:00,-3.5,100,0.0,84,11.4
2026-01-05T08:00,-4.2,74,0.0,84,10.5
2026-01-05T09:00,-5.5,47,1.0,86,9.1
2026-01-05T10:00,-5.7,100,50.0,84,8.0
2026-01-05T11:00,-5.1,100,120.0,81,5.1
2026-01-05T12:00,-3.9,100,170.0,77,5.9
2026-01-05T13:00,-3.2,100,202.0,76,5.0
2026-01-05T14:00,-3.0,100,188.0,75,4.1
2026-01-05T15:00,-3.3,100,140.0,77,3.4
2026-01-05T16:00,-4.3,100,71.0,77,5.2
2026-01-05T17:00,-4.2,100,8.0,78,5.9
2026-01-05T18:00,-4.0,100,0.0,78,6.9
2026-01-05T19:00,-4.0,100,0.0,79,9.0
2026-01-05T20:00,-3.9,100,0.0,83,9.8
2026-01-05T21:00,-3.7,100,0.0,85,9.9
2026-01-05T22:00,-3.3,100,0.0,85,10.6
2026-01-05T23:00,-3.0,100,0.0,86,11.5
2026-01-06T00:00,-2.8,100,0.0,87,11.9
2026-01-06T01:00,-2.3,100,0.0,88,12.4
2026-01-06T02:00,-2.0,100,0.0,90,13.6
2026-01-06T03:00,-2.4,100,0.0,90,13.9
2026-01-06T04:00,-1.9,100,0.0,90,14.1
2026-01-06T05:00,-1.5,100,0.0,91,14.6
2026-01-06T06:00,-1.1,100,0.0,92,14.7
2026-01-06T07:00,-0.5,100,0.0,93,14.1
2026-01-06T08:00,0.1,100,0.0,94,15.1
2026-01-06T09:00,0.7,100,0.0,95,14.6
2026-01-06T10:00,1.3,100,9.0,95,14.3
2026-01-06T11:00,2.1,100,38.0,94,13.6
2026-01-06T12:00,2.9,100,62.0,93,12.6
2026-01-06T13:00,3.9,94,126.0,90,12.8
2026-01-06T14:00,4.5,98,180.0,87,12.7
2026-01-06T15:00,4.2,99,121.0,89,11.5
2026-01-06T16:00,3.9,98,69.0,88,11.7
2026-01-06T17:00,3.7,97,9.0,88,12.8
2026-01-06T18:00,3.5,100,0.0,89,12.7
2026-01-06T19:00,4.0,100,0.0,88,14.8
2026-01-06T20:00,4.3,100,0.0,87,15.4
2026-01-06T21:00,4.3,100,0.0,88,15.1
2026-01-06T22:00,3.9,100,0.0,94,17.9
2026-01-06T23:00,4.1,100,0.0,95,19.9
2026-01-07T00:00,4.2,100,0.0,94,17.8
2026-01-07T01:00,3.4,100,0.0,96,15.5
2026-01-07T02:00,2.7,99,0.0,96,13.1
2026-01-07T03:00,3.6,100,0.0,92,11.8
2026-01-07T04:00,2.6,100,0.0,95,8.2
2026-01-07T05:00,2.1,100,0.0,94,7.3
2026-01-07T06:00,2.0,100,0.0,94,6.7
2026-01-07T07:00,2.0,100,0.0,95,7.3
2026-01-07T08:00,2.4,100,0.0,95,7.9
2026-01-07T09:00,2.0,100,0.0,96,5.9
2026-01-07T10:00,2.6,100,14.0,96,7.1
2026-01-07T11:00,2.8,100,16.0,96,8.3
2026-01-07T12:00,3.0,100,24.0,97,9.3
2026-01-07T13:00,3.6,100,33.0,96,9.3
2026-01-07T14:00,3.8,100,28.0,95,11.5
2026-01-07T15:00,5.0,100,21.0,92,9.4
2026-01-07T16:00,4.6,100,13.0,92,11.1
2026-01-07T17:00,3.9,100,2.0,96,11.4
2026-01-07T18:00,3.8,100,0.0,95,14.0
2026-01-07T19:00,3.7,100,0.0,95,12.6
2026-01-07T20:00,3.6,100,0.0,96,13.7
2026-01-07T21:00,3.7,100,0.0,94,15.2
2026-01-07T22:00,3.5,100,0.0,93,15.7
2026-01-07T23:00,3.3,92,0.0,93,16.2
2026-01-08T00:00,3.2,18,0.0,92,18.0
2026-01-08T01:00,2.6,12,0.0,92,19.0
2026-01-08T02:00,2.3,6,0.0,90,19.0
2026-01-08T03:00,2.2,0,0.0,86,19.6
2026-01-08T04:00,1.8,1,0.0,83,18.6
2026-01-08T05:00,1.2,2,0.0,85,14.7
2026-01-08T06:00,1.0,0,0.0,86,16.1
2026-01-08T07:00,1.0,13,0.0,83,18.4
2026-01-08T08:00,0.9,14,0.0,81,17.9
2026-01-08T09:00,0.8,99,1.0,82,16.0
2026-01-08T10:00,1.6,100,38.0,80,15.7
2026-01-08T11:00,2.1,97,115.0,79,14.2
2026-01-08T12:00,2.5,99,133.0,79,11.7
2026-01-08T13:00,2.3,100,113.0,80,12.7
2026-01-08T14:00,1.6,95,51.0,89,11.2
2026-01-08T15:00,2.5,96,81.0,91,14.6
2026-01-08T16:00,2.3,59,60.0,90,12.9
2026-01-08T17:00,1.3,24,10.0,94,11.8
2026-01-08T18:00,0.6,8,0.0,94,11.7
2026-01-08T19:00,0.0,2,0.0,95,12.1
2026-01-08T20:00,-0.1,10,0.0,94,13.5
2026-01-08T21:00,-0.2,6,0.0,94,13.7
2026-01-08T22:00,-0.3,6,0.0,94,13.5
2026-01-08T23:00,-0.4,1,0.0,93,12.7
2026-01-09T00:00,-0.6,0,0.0,93,11.2
2026-01-09T01:00,-0.9,0,0.0,93,10.0
2026-01-09T02:00,-1.2,0,0.0,93,8.8
2026-01-09T03:00,-1.6,81,0.0,94,9.2
2026-01-09T04:00,-1.9,28,0.0,95,10.0
2026-01-09T05:00,-2.0,100,0.0,96,12.7
2026-01-09T06:00,-1.2,100,0.0,96,13.3
2026-01-09T07:00,-0.7,100,0.0,96,14.3
2026-01-09T08:00,0.3,100,0.0,95,11.5
2026-01-09T09:00,0.7,100,0.0,97,13.6
2026-01-09T10:00,1.4,100,6.0,97,15.4
2026-01-09T11:00,2.1,100,18.0,97,14.8
2026-01-09T12:00,2.7,100,28.0,97,13.9
2026-01-09T13:00,4.0,100,94.0,93,12.8
2026-01-09T14:00,4.7,25,98.0,92,13.3
2026-01-09T15:00,6.0,81,160.0,92,13.9
2026-01-09T16:00,5.4,98,68.0,95,13.0
2026-01-09T17:00,5.1,98,9.0,96,13.5
2026-01-09T18:00,4.1,91,0.0,97,14.1
2026-01-09T19:00,3.8,80,0.0,98,16.1
2026-01-09T20:00,3.8,23,0.0,97,16.0
2026-01-09T21:00,3.8,76,0.0,97,15.0
2026-01-09T22:00,3.6,46,0.0,96,16.1
2026-01-09T23:00,4.1,17,0.0,94,17.4
2026-01-10T00:00,3.9,9,0.0,94,15.6
2026-01-10T01:00,4.7,87,0.0,94,21.6
2026-01-10T02:00,5.6,79,0.0,92,17.8
2026-01-10T03:00,6.3,100,0.0,91,19.3
2026-01-10T04:00,6.9,100,0.0,93,21.3
2026-01-10T05:00,2.9,100,0.0,91,26.6
2026-01-10T06:00,1.8,100,0.0,88,21.5
2026-01-10T07:00,1.8,100,0.0,85,21.5
2026-01-10T08:00,1.6,100,0.0,84,21.8
2026-01-10T09:00,1.6,100,0.0,83,22.2
2026-01-10T10:00,1.8,100,20.0,81,20.7
2026-01-10T11:00,1.5,100,48.0,84,19.7
2026-01-10T12:00,1.9,100,51.0,83,24.6
2026-01-10T13:00,2.3,96,65.0,81,22.5
2026-01-10T14:00,2.7,100,129.0,75,21.6
2026-01-10T15:00,2.1,91,68.0,83,17.7
2026-01-10T16:00,2.0,100,47.0,86,18.4
2026-01-10T17:00,1.7,100,8.0,85,17.3
2026-01-10T18:00,1.4,100,0.0,85,17.5
2026-01-10T19:00,1.3,100,0.0,84,16.9
2026-01-10T20:00,1.2,100,0.0,81,16.2
2026-01-10T21:00,1.1,100,0.0,82,15.5
2026-01-10T22:00,0.7,90,0.0,83,15.3
2026-01-10T23:00,0.2,100,0.0,87,15.4
2026-01-11T00:00,0.2,100,0.0,88,16.0
2026-01-11T01:00,0.3,100,0.0,87,15.4
2026-01-11T02:00,0.2,100,0.0,85,16.3
2026-01-11T03:00,-0.1,97,0.0,87,16.2
2026-01-11T04:00,-0.3,100,0.0,87,17.5
2026-01-11T05:00,-0.4,100,0.0,88,17.7
2026-01-11T06:00,-0.4,100,0.0,86,18.3
2026-01-11T07:00,-0.4,100,0.0,85,18.8
2026-01-11T08:00,-0.4,100,0.0,86,18.8
2026-01-11T09:00,-0.5,100,0.0,87,19.6
2026-01-11T10:00,-0.4,100,15.0,87,20.9
2026-01-11T11:00,-0.4,100,31.0,87,21.7
2026-01-11T12:00,-0.4,100,63.0,89,19.3
2026-01-11T13:00,-0.5,100,49.0,88,21.3
2026-01-11T14:00,-0.4,100,50.0,88,18.4
2026-01-11T15:00,-0.1,100,89.0,87,24.4
2026-01-11T16:00,-0.3,100,34.0,89,20.1
2026-01-11T17:00,-0.3,100,7.0,87,19.1
2026-01-11T18:00,-0.3,100,0.0,88,19.3
2026-01-11T19:00,-0.5,100,0.0,91,19.0
2026-01-11T20:00,-0.5,100,0.0,91,19.7
2026-01-11T21:00,-0.7,100,0.0,92,19.1
2026-01-11T22:00,-0.3,100,0.0,94,17.3
2026-01-11T23:00,0.4,100,0.0,94,15.1
2026-01-12T00:00,0.3,100,0.0,96,12.1
2026-01-12T01:00,0.3,100,0.0,96,16.3
2026-01-12T02:00,-0.1,100,0.0,94,16.5
2026-01-12T03:00,0.3,98,0.0,92,14.8
2026-01-12T04:00,-0.2,93,0.0,91,14.3
2026-01-12T05:00,-0.6,100,0.0,90,14.3
2026-01-12T06:00,-0.9,100,0.0,91,13.9
2026-01-12T07:00,-1.3,100,0.0,91,12.2
2026-01-12T08:00,-1.6,100,0.0,93,9.8
2026-01-12T09:00,-1.5,100,1.0,95,6.8
2026-01-12T10:00,-0.3,100,19.0,96,7.2
2026-01-12T11:00,0.4,100,29.0,96,10.7
2026-01-12T12:00,0.8,100,46.0,95,15.2
2026-01-12T13:00,0.8,100,45.0,93,18.1
2026-01-12T14:00,0.8,100,57.0,92,17.7
2026-01-12T15:00,0.8,100,55.0,90,18.1
2026-01-12T16:00,0.7,100,46.0,90,17.4
2026-01-12T17:00,0.5,100,9.0,90,17.1
2026-01-12T18:00,0.3,100,0.0,88,16.3
2026-01-12T19:00,0.1,100,0.0,88,15.9
2026-01-12T20:00,-0.3,100,0.0,89,16.2
2026-01-12T21:00,-0.5,100,0.0,89,16.0
2026-01-12T22:00,-0.6,100,0.0,89,16.3
2026-01-12T23:00,-0.7,100,0.0,89,16.5
2026-01-13T00:00,-0.9,100,0.0,88,15.7
2026-01-13T01:00,-1.1,100,0.0,88,15.1
2026-01-13T02:00,-1.1,100,0.0,88,14.4
2026-01-13T03:00,-0.9,100,0.0,89,13.9
2026-01-13T04:00,-0.8,100,0.0,89,12.9
2026-01-13T05:00,-0.9,74,0.0,87,11.2
2026-01-13T06:00,-2.1,88,0.0,90,10.6
2026-01-13T07:00,-1.7,90,0.0,93,8.7
2026-01-13T08:00,-1.2,97,0.0,92,9.4
2026-01-13T09:00,-1.0,100,1.0,92,9.1
2026-01-13T10:00,-1.1,100,22.0,89,10.7
2026-01-13T11:00,-1.5,52,77.0,87,8.7
2026-01-13T12:00,-1.7,39,205.0,84,7.3
2026-01-13T13:00,-1.5,67,254.0,82,6.3
2026-01-13T14:00,-1.3,95,233.0,79,6.2
2026-01-13T15:00,-1.4,100,180.0,84,5.2
2026-01-13T16:00,-1.9,100,91.0,85,5.6
2026-01-13T17:00,-3.5,61,16.0,88,5.9
2026-01-13T18:00,-4.3,65,0.0,88,7.2
2026-01-13T19:00,-4.3,100,0.0,87,7.6
2026-01-13T20:00,-3.0,100,0.0,88,7.9
2026-01-13T21:00,-2.4,99,0.0,91,9.7
2026-01-13T22:00,-2.4,100,0.0,93,11.3
2026-01-13T23:00,-1.9,96,0.0,93,13.0
2026-01-14T00:00,-2.6,100,0.0,94,13.6
2026-01-14T01:00,-2.4,100,0.0,95,14.5
2026-01-14T02:00,-2.3,100,0.0,95,15.0
2026-01-14T03:00,-1.7,100,0.0,95,15.4
2026-01-14T04:00,-1.8,100,0.0,95,15.3
2026-01-14T05:00,-2.0,100,0.0,95,15.4
2026-01-14T06:00,-2.2,100,0.0,95,15.0
2026-01-14T07:00,-2.4,100,0.0,95,16.3
2026-01-14T08:00,-2.2,96,0.0,91,16.8
2026-01-14T09:00,-2.8,100,2.0,89,16.7
2026-01-14T10:00,-2.4,100,47.0,85,16.5
2026-01-14T11:00,-1.9,100,103.0,81,17.3
2026-01-14T12:00,-1.4,100,142.0,78,16.9
2026-01-14T13:00,-1.0,100,172.0,75,17.9
2026-01-14T14:00,-0.8,100,161.0,75,18.4
2026-01-14T15:00,0.3,100,100.0,74,17.4
2026-01-14T16:00,0.2,100,43.0,74,17.2
2026-01-14T17:00,0.3,100,9.0,75,17.7
2026-01-14T18:00,0.4,100,0.0,78,17.9
2026-01-14T19:00,0.4,100,0.0,80,18.3
2026-01-14T20:00,0.4,100,0.0,83,18.7
2026-01-14T21:00,0.6,100,0.0,84,18.8
2026-01-14T22:00,0.3,100,0.0,88,18.7
2026-01-14T23:00,0.1,100,0.0,93,17.7
2026-01-15T00:00,0.1,100,0.0,94,16.7
2026-01-15T01:00,0.1,100,0.0,96,15.9
2026-01-15T02:00,0.3,100,0.0,97,15.3
2026-01-15T03:00,0.2,100,0.0,96,13.4
2026-01-15T04:00,0.3,100,0.0,96,12.7
2026-01-15T05:00,0.4,100,0.0,96,11.6
2026-01-15T06:00,0.6,100,0.0,97,12.1
2026-01-15T07:00,0.7,100,0.0,97,11.8
2026-01-15T08:00,0.9,100,0.0,96,10.9
2026-01-15T09:00,0.9,100,1.0,97,9.3
2026-01-15T10:00,1.1,100,17.0,97,8.9
2026-01-15T11:00,1.4,100,54.0,96,7.8
2026-01-15T12:00,1.6,100,54.0,96,8.5
2026-01-15T13:00,2.1,100,95.0,95,8.8
2026-01-15T14:00,2.2,100,75.0,95,7.9
2026-01-15T15:00,2.0,100,56.0,98,8.5
2026-01-15T16:00,1.9,100,35.0,98,8.2
2026-01-15T17:00,1.6,100,4.0,99,7.6
2026-01-15T18:00,1.5,100,0.0,99,7.2
2026-01-15T19:00,1.4,100,0.0,99,8.0
2026-01-15T20:00,1.4,100,0.0,99,7.6
2026-01-15T21:00,1.3,100,0.0,99,6.5
2026-01-15T22:00,1.2,100,0.0,99,6.7
2026-01-15T23:00,1.1,100,0.0,99,5.9
2026-01-16T00:00,1.0,100,0.0,99,5.2
2026-01-16T01:00,0.8,100,0.0,100,4.7
2026-01-16T02:00,0.8,100,0.0,100,5.3
2026-01-16T03:00,0.9,100,0.0,100,4.8
2026-01-16T04:00,0.9,100,0.0,99,5.5
2026-01-16T05:00,0.9,100,0.0,100,4.5
2026-01-16T06:00,0.9,100,0.0,99,6.5
2026-01-16T07:00,1.0,100,0.0,98,7.9
2026-01-16T08:00,1.1,100,0.0,98,8.6
2026-01-16T09:00,1.1,100,1.0,99,8.3
2026-01-16T10:00,1.3,100,20.0,98,8.9
2026-01-16T11:00,1.6,100,61.0,97,11.9
2026-01-16T12:00,2.0,100,89.0,93,15.0
2026-01-16T13:00,2.1,100,117.0,93,13.9
2026-01-16T14:00,1.7,100,74.0,95,11.7
2026-01-16T15:00,1.9,100,65.0,93,13.1
2026-01-16T16:00,1.6,100,26.0,94,12.7
2026-01-16T17:00,1.4,100,9.0,95,13.2
2026-01-16T18:00,1.4,100,0.0,95,13.9
2026-01-16T19:00,1.4,100,0.0,95,14.3
2026-01-16T20:00,1.4,100,0.0,95,14.8
2026-01-16T21:00,1.3,100,0.0,95,15.3
2026-01-16T22:00,1.5,100,0.0,95,15.3
2026-01-16T23:00,1.4,100,0.0,96,15.1
2026-01-17T00:00,1.5,100,0.0,96,15.5
2026-01-17T01:00,1.5,100,0.0,96,15.3
2026-01-17T02:00,1.5,100,0.0,97,15.1
2026-01-17T03:00,1.9,100,0.0,98,15.0
2026-01-17T04:00,1.8,100,0.0,99,14.8
2026-01-17T05:00,1.8,100,0.0,99,14.1
2026-01-17T06:00,1.7,100,0.0,99,14.1
2026-01-17T07:00,1.8,100,0.0,99,14.6
2026-01-17T08:00,1.8,100,0.0,99,13.1
2026-01-17T09:00,1.8,100,1.0,99,12.3
2026-01-17T10:00,1.7,100,15.0,99,13.0
2026-01-17T11:00,1.9,100,51.0,97,16.7
2026-01-17T12:00,2.1,100,86.0,95,15.9
2026-01-17T13:00,2.3,100,114.0,92,15.2
2026-01-17T14:00,2.5,100,123.0,91,13.9
2026-01-17T15:00,3.0,100,88.0,91,13.8
2026-01-17T16:00,3.0,100,59.0,90,12.6
2026-01-17T17:00,2.6,100,14.0,92,11.3
2026-01-17T18:00,2.3,100,0.0,94,11.6
2026-01-17T19:00,2.0,100,0.0,97,11.2
2026-01-17T20:00,2.0,100,0.0,98,10.8
2026-01-17T21:00,2.1,100,0.0,96,11.0
2026-01-17T22:00,2.0,100,0.0,95,11.4
2026-01-17T23:00,1.8,100,0.0,95,11.5
2026-01-18T00:00,1.7,94,0.0,94,11.6
2026-01-18T01:00,0.8,99,0.0,95,11.1
2026-01-18T02:00,0.6,24,0.0,94,11.7
2026-01-18T03:00,0.9,100,0.0,95,13.2
2026-01-18T04:00,1.3,30,0.0,93,13.7
2026-01-18T05:00,1.0,0,0.0,92,14.2
2026-01-18T06:00,0.8,0,0.0,91,14.2
2026-01-18T07:00,0.6,0,0.0,90,13.7
2026-01-18T08:00,0.5,7,0.0,89,14.0
2026-01-18T09:00,0.1,74,3.0,90,13.5
2026-01-18T10:00,0.7,84,64.0,88,13.5
2026-01-18T11:00,1.6,84,159.0,85,11.1
2026-01-18T12:00,2.4,96,226.0,80,12.5
2026-01-18T13:00,2.8,95,221.0,77,12.6
2026-01-18T14:00,3.5,78,212.0,77,12.6
2026-01-18T15:00,3.6,89,135.0,77,10.0
2026-01-18T16:00,3.1,100,60.0,82,10.1
2026-01-18T17:00,2.6,100,8.0,87,8.6
2026-01-18T18:00,2.3,100,0.0,89,8.3
2026-01-18T19:00,2.1,100,0.0,90,8.1
2026-01-18T20:00,1.7,100,0.0,92,8.0
2026-01-18T21:00,1.7,100,0.0,93,8.0
2026-01-18T22:00,1.7,100,0.0,94,6.7
2026-01-18T23:00,1.7,100,0.0,94,6.4
2026-01-19T00:00,1.7,100,0.0,95,6.8
2026-01-19T01:00,1.6,100,0.0,95,6.8
2026-01-19T02:00,1.6,100,0.0,96,6.4
2026-01-19T03:00,1.1,100,0.0,95,5.2
2026-01-19T04:00,1.0,100,0.0,95,5.0
2026-01-19T05:00,1.0,100,0.0,96,4.1
2026-01-19T06:00,1.0,100,0.0,96,2.9
2026-01-19T07:00,0.8,100,0.0,96,3.5
2026-01-19T08:00,0.9,100,0.0,96,4.1
2026-01-19T09:00,0.9,100,1.0,96,4.0
2026-01-19T10:00,1.2,100,25.0,94,4.5
2026-01-19T11:00,1.7,100,54.0,92,4.5
2026-01-19T12:00,2.0,100,84.0,91,4.6
2026-01-19T13:00,2.4,100,119.0,88,4.2
2026-01-19T14:00,2.8,100,121.0,86,4.0
2026-01-19T15:00,1.4,100,101.0,89,5.1
2026-01-19T16:00,1.1,100,44.0,92,4.9
2026-01-19T17:00,0.8,100,13.0,93,5.0
2026-01-19T18:00,0.6,99,0.0,93,5.9
2026-01-19T19:00,0.5,100,0.0,93,5.5
2026-01-19T20:00,0.2,62,0.0,94,4.3
2026-01-19T21:00,-0.1,20,0.0,94,4.0
2026-01-19T22:00,-0.5,10,0.0,95,3.8
2026-01-19T23:00,-0.7,1,0.0,95,4.5
2026-01-20T00:00,-0.9,0,0.0,95,4.4
2026-01-20T01:00,-1.1,0,0.0,96,5.0
2026-01-20T02:00,-1.2,0,0.0,96,5.6
2026-01-20T03:00,-1.4,0,0.0,97,5.0
2026-01-20T04:00,-1.5,2,0.0,96,5.7
2026-01-20T05:00,-1.6,3,0.0,96,6.3
2026-01-20T06:00,-1.7,2,0.0,95,6.7
2026-01-20T07:00,-1.7,1,0.0,94,6.9
2026-01-20T08:00,-1.7,0,0.0,93,6.5
2026-01-20T09:00,-1.5,0,4.0,93,7.6
2026-01-20T10:00,-0.5,0,70.0,92,7.9
2026-01-20T11:00,1.0,0,166.0,86,5.0
2026-01-20T12:00,2.4,0,238.0,82,4.7
2026-01-20T13:00,3.6,0,272.0,78,5.1
2026-01-20T14:00,4.4,2,262.0,77,5.4
2026-01-20T15:00,4.2,0,209.0,75,4.5
2026-01-20T16:00,3.2,0,125.0,80,4.9
2026-01-20T17:00,1.6,6,32.0,85,6.1
2026-01-20T18:00,1.5,7,0.0,85,7.5
2026-01-20T19:00,1.2,14,0.0,87,8.0
2026-01-20T20:00,0.7,99,0.0,89,8.2
2026-01-20T21:00,0.0,99,0.0,91,7.9
2026-01-20T22:00,-0.6,92,0.0,93,7.0
2026-01-20T23:00,-1.0,100,0.0,93,6.9
2026-01-21T00:00,-0.9,100,0.0,93,7.8
2026-01-21T01:00,-0.4,100,0.0,92,9.1
2026-01-21T02:00,-0.1,100,0.0,91,9.6
2026-01-21T03:00,1.3,100,0.0,88,10.6
2026-01-21T04:00,1.3,100,0.0,87,10.7
2026-01-21T05:00,1.3,100,0.0,86,9.9
2026-01-21T06:00,1.2,100,0.0,85,9.6
2026-01-21T07:00,1.0,100,0.0,85,8.3
2026-01-21T08:00,0.5,98,0.0,87,8.1
2026-01-21T09:00,0.2,99,4.0,88,7.5
2026-01-21T10:00,0.8,100,54.0,88,6.9
2026-01-21T11:00,1.6,100,123.0,85,5.5
2026-01-21T12:00,2.2,100,154.0,83,4.9
2026-01-21T13:00,2.9,100,204.0,82,4.1
2026-01-21T14:00,3.3,100,202.0,80,3.6
2026-01-21T15:00,2.7,100,126.0,83,3.0
2026-01-21T16:00,2.2,100,74.0,89,1.9
2026-01-21T17:00,1.3,100,20.0,90,1.8
2026-01-21T18:00,0.9,100,0.0,90,2.3
2026-01-21T19:00,1.0,100,0.0,91,3.5
2026-01-21T20:00,0.8,100,0.0,92,4.3
2026-01-21T21:00,0.7,100,0.0,92,4.9
2026-01-21T22:00,0.4,100,0.0,93,5.8
2026-01-21T23:00,0.3,100,0.0,94,5.8
2026-01-22T00:00,-0.1,100,0.0,94,4.9
2026-01-22T01:00,-0.3,100,0.0,95,4.5
2026-01-22T02:00,-0.5,100,0.0,95,4.6
2026-01-22T03:00,0.3,100,0.0,97,4.1
2026-01-22T04:00,0.0,100,0.0,97,4.9
2026-01-22T05:00,-0.2,100,0.0,98,4.4
2026-01-22T06:00,-0.4,100,0.0,98,3.1
2026-01-22T07:00,-0.8,94,0.0,99,4.8
2026-01-22T08:00,-1.2,100,0.0,99,3.8
2026-01-22T09:00,-1.1,100,4.0,99,4.2
2026-01-22T10:00,-1.0,100,40.0,99,2.8
2026-01-22T11:00,-0.7,100,75.0,99,3.6
2026-01-22T12:00,-0.1,100,116.0,98,3.9
2026-01-22T13:00,0.5,100,108.0,95,4.6
2026-01-22T14:00,0.8,100,110.0,93,4.6
2026-01-22T15:00,1.1,100,94.0,93,4.7
2026-01-22T16:00,1.0,100,43.0,93,3.8
2026-01-22T17:00,1.0,100,17.0,93,2.8
2026-01-22T18:00,1.0,100,0.0,95,0.9
2026-01-22T19:00,0.8,100,0.0,96,1.3
2026-01-22T20:00,0.8,100,0.0,96,4.2
2026-01-22T21:00,0.9,100,0.0,95,5.1
2026-01-22T22:00,0.7,80,0.0,96,5.6
2026-01-22T23:00,0.3,86,0.0,96,5.9
2026-01-23T00:00,-0.2,100,0.0,96,7.0
2026-01-23T01:00,0.3,100,0.0,97,8.0
2026-01-23T02:00,0.4,100,0.0,99,7.9
2026-01-23T03:00,-0.3,100,0.0,99,8.3
2026-01-23T04:00,-0.3,100,0.0,100,10.1
2026-01-23T05:00,-0.4,100,0.0,100,10.4
2026-01-23T06:00,-0.6,100,0.0,100,10.7
2026-01-23T07:00,-0.8,100,0.0,99,11.8
2026-01-23T08:00,-0.9,100,0.0,100,11.8
2026-01-23T09:00,-0.8,100,2.0,100,13.6
2026-01-23T10:00,-0.3,100,30.0,98,15.4
2026-01-23T11:00,0.0,100,67.0,96,14.9
2026-01-23T12:00,0.3,100,85.0,95,13.7
2026-01-23T13:00,0.9,100,106.0,93,14.3
2026-01-23T14:00,1.4,100,114.0,89,15.7
2026-01-23T15:00,2.1,100,106.0,88,15.5
2026-01-23T16:00,2.3,100,64.0,87,13.1
2026-01-23T17:00,2.2,100,28.0,88,11.8
2026-01-23T18:00,1.5,100,0.0,90,12.0
2026-01-23T19:00,2.1,100,0.0,87,11.9
2026-01-23T20:00,2.4,100,0.0,87,12.1
2026-01-23T21:00,2.7,100,0.0,87,13.0
2026-01-23T22:00,2.6,100,0.0,89,14.6
2026-01-23T23:00,2.4,100,0.0,91,13.9
2026-01-24T00:00,2.2,100,0.0,93,12.3
2026-01-24T01:00,2.1,100,0.0,94,12.1
2026-01-24T02:00,2.2,100,0.0,95,12.2
2026-01-24T03:00,3.3,100,0.0,93,11.3
2026-01-24T04:00,3.3,100,0.0,92,10.0
2026-01-24T05:00,3.3,88,0.0,90,8.9
2026-01-24T06:00,3.0,100,0.0,92,7.7
2026-01-24T07:00,3.0,100,0.0,94,8.7
2026-01-24T08:00,2.7,100,0.0,93,8.0
2026-01-24T09:00,1.5,100,5.0,95,8.0
2026-01-24T10:00,1.9,100,63.0,94,10.0
2026-01-24T11:00,2.9,100,145.0,91,7.0
2026-01-24T12:00,3.6,90,129.0,86,6.8
2026-01-24T13:00,4.7,34,257.0,82,7.1
2026-01-24T14:00,5.3,28,258.0,77,7.4
2026-01-24T15:00,5.9,0,224.0,77,7.8
2026-01-24T16:00,5.5,9,145.0,77,8.6
2026-01-24T17:00,4.2,5,43.0,80,9.8
2026-01-24T18:00,3.4,45,0.0,83,11.0
2026-01-24T19:00,2.6,0,0.0,85,11.9
2026-01-24T20:00,2.1,40,0.0,86,12.6
2026-01-24T21:00,1.6,99,0.0,88,12.3
2026-01-24T22:00,1.2,100,0.0,89,12.7
2026-01-24T23:00,1.2,100,0.0,88,14.0
2026-01-25T00:00,1.3,100,0.0,87,14.3
2026-01-25T01:00,1.2,100,0.0,87,14.3
2026-01-25T02:00,1.8,100,0.0,84,15.1
2026-01-25T03:00,3.0,100,0.0,79,15.0
2026-01-25T04:00,3.4,100,0.0,79,14.0
2026-01-25T05:00,3.7,100,0.0,80,13.0
2026-01-25T06:00,3.7,100,0.0,85,12.3
2026-01-25T07:00,3.9,100,0.0,88,11.1
2026-01-25T08:00,4.0,100,0.0,90,12.4
2026-01-25T09:00,4.2,100,3.0,90,11.6
2026-01-25T10:00,4.6,96,38.0,87,12.5
2026-01-25T11:00,5.8,97,161.0,82,11.1
2026-01-25T12:00,7.0,99,236.0,76,10.5
2026-01-25T13:00,8.2,100,276.0,71,11.6
2026-01-25T14:00,8.6,100,194.0,70,11.6
2026-01-25T15:00,8.7,99,224.0,72,11.1
2026-01-25T16:00,8.7,99,115.0,71,12.6
2026-01-25T17:00,8.0,100,33.0,73,13.0
2026-01-25T18:00,7.6,100,0.0,75,13.2
2026-01-25T19:00,7.6,100,0.0,74,13.9
2026-01-25T20:00,7.7,100,0.0,72,14.1
2026-01-25T21:00,7.4,99,0.0,70,15.3
2026-01-25T22:00,6.9,100,0.0,72,13.9
2026-01-25T23:00,6.6,94,0.0,73,10.4
2026-01-26T00:00,5.5,94,0.0,78,11.2
2026-01-26T01:00,5.0,95,0.0,82,11.6
2026-01-26T02:00,4.8,93,0.0,83,12.7
2026-01-26T03:00,5.9,100,0.0,79,11.3
2026-01-26T04:00,5.2,100,0.0,82,10.5
2026-01-26T05:00,5.0,100,0.0,84,9.5
2026-01-26T06:00,4.6,100,0.0,85,10.6
2026-01-26T07:00,4.2,100,0.0,87,10.3
2026-01-26T08:00,4.0,100,0.0,87,11.0
2026-01-26T09:00,4.0,100,4.0,87,11.2
2026-01-26T10:00,4.1,100,45.0,87,11.4
2026-01-26T11:00,4.4,100,97.0,88,9.3
2026-01-26T12:00,5.2,100,117.0,86,9.0
2026-01-26T13:00,5.8,100,85.0,84,8.6
2026-01-26T14:00,6.4,100,77.0,83,8.5
2026-01-26T15:00,6.1,100,62.0,83,6.5
2026-01-26T16:00,6.7,100,32.0,81,10.2
2026-01-26T17:00,7.0,100,15.0,82,10.1
2026-01-26T18:00,7.2,100,0.0,83,11.8
2026-01-26T19:00,7.0,100,0.0,85,12.4
2026-01-26T20:00,7.0,100,0.0,86,13.4
2026-01-26T21:00,7.4,100,0.0,85,14.0
2026-01-26T22:00,7.2,100,0.0,86,14.1
2026-01-26T23:00,6.8,100,0.0,90,13.1
2026-01-27T00:00,6.2,43,0.0,91,14.1
2026-01-27T01:00,5.4,0,0.0,92,13.5
2026-01-27T02:00,4.7,9,0.0,93,13.3
2026-01-27T03:00,5.1,14,0.0,90,11.1
2026-01-27T04:00,4.2,0,0.0,92,10.4
2026-01-27T05:00,3.5,44,0.0,93,9.5
2026-01-27T06:00,3.0,23,0.0,93,10.4
2026-01-27T07:00,2.5,39,0.0,94,9.7
2026-01-27T08:00,2.1,0,0.0,95,10.5
2026-01-27T09:00,2.0,47,9.0,95,11.6
2026-01-27T10:00,3.1,73,90.0,91,12.4
2026-01-27T11:00,4.5,100,194.0,89,10.8
2026-01-27T12:00,6.1,99,239.0,87,8.7
2026-01-27T13:00,7.7,98,271.0,84,9.3
2026-01-27T14:00,9.0,67,260.0,81,8.9
2026-01-27T15:00,10.3,98,193.0,79,9.2
2026-01-27T16:00,10.0,100,128.0,80,11.2
2026-01-27T17:00,9.2,100,35.0,82,11.8
2026-01-27T18:00,8.3,100,0.0,84,12.1
2026-01-27T19:00,7.7,100,0.0,85,12.8
2026-01-27T20:00,7.1,100,0.0,86,12.2
2026-01-27T21:00,6.6,99,0.0,88,13.3
2026-01-27T22:00,6.3,97,0.0,89,13.5
2026-01-27T23:00,5.9,95,0.0,89,11.2
2026-01-28T00:00,5.4,99,0.0,90,10.8
2026-01-28T01:00,5.2,100,0.0,90,10.1
2026-01-28T02:00,5.6,100,0.0,87,12.1
2026-01-28T03:00,6.6,100,0.0,79,10.8
2026-01-28T04:00,6.5,100,0.0,80,9.0
2026-01-28T05:00,6.2,99,0.0,81,9.4
2026-01-28T06:00,5.4,82,0.0,84,9.8
2026-01-28T07:00,4.3,37,0.0,88,11.7
2026-01-28T08:00,3.8,71,0.0,89,11.2
2026-01-28T09:00,3.7,100,8.0,89,9.4
2026-01-28T10:00,4.4,100,34.0,87,9.7
2026-01-28T11:00,5.4,100,146.0,85,9.7
2026-01-28T12:00,6.6,100,184.0,83,6.7
2026-01-28T13:00,8.3,68,279.0,77,6.0
2026-01-28T14:00,9.4,26,284.0,75,7.4
2026-01-28T15:00,9.9,74,219.0,74,8.8
2026-01-28T16:00,9.9,100,136.0,75,11.1
2026-01-28T17:00,9.0,100,39.0,80,13.2
2026-01-28T18:00,8.8,100,0.0,82,13.4
2026-01-28T19:00,8.7,100,0.0,82,13.7
2026-01-28T20:00,9.1,100,0.0,80,14.9
2026-01-28T21:00,9.4,100,0.0,79,15.7
2026-01-28T22:00,9.7,100,0.0,78,16.7
2026-01-28T23:00,9.7,100,0.0,78,16.4
2026-01-29T00:00,9.5,100,0.0,79,16.0
2026-01-29T01:00,8.9,100,0.0,81,15.0
2026-01-29T02:00,9.4,100,0.0,79,14.8
2026-01-29T03:00,9.4,100,0.0,83,14.3
2026-01-29T04:00,9.6,100,0.0,84,15.6
2026-01-29T05:00,9.5,100,0.0,87,12.2
2026-01-29T06:00,8.3,100,0.0,92,11.7
2026-01-29T07:00,7.9,100,0.0,91,11.2
2026-01-29T08:00,7.3,94,0.0,91,11.3
2026-01-29T09:00,6.8,37,7.0,91,10.3
2026-01-29T10:00,7.2,36,83.0,87,9.9
2026-01-29T11:00,8.0,100,179.0,82,10.1
2026-01-29T12:00,8.3,100,113.0,80,12.5
2026-01-29T13:00,8.2,100,88.0,77,12.8
2026-01-29T14:00,8.4,28,112.0,75,12.2
2026-01-29T15:00,10.3,46,232.0,58,16.2
2026-01-29T16:00,10.2,8,135.0,59,13.9
2026-01-29T17:00,9.2,1,58.0,66,13.2
2026-01-29T18:00,8.4,63,1.0,70,14.2
2026-01-29T19:00,8.4,30,0.0,72,15.1
2026-01-29T20:00,8.0,98,0.0,75,14.8
2026-01-29T21:00,7.9,19,0.0,75,14.8
2026-01-29T22:00,7.0,15,0.0,77,14.8
2026-01-29T23:00,6.5,1,0.0,78,14.9
2026-01-30T00:00,6.1,6,0.0,80,14.5
2026-01-30T01:00,5.9,1,0.0,82,14.4
2026-01-30T02:00,5.5,0,0.0,83,14.0
2026-01-30T03:00,6.3,0,0.0,80,12.9
2026-01-30T04:00,5.6,1,0.0,83,12.3
2026-01-30T05:00,5.0,0,0.0,85,11.9
2026-01-30T06:00,4.5,0,0.0,87,11.5
2026-01-30T07:00,4.1,0,0.0,88,10.8
2026-01-30T08:00,3.8,0,0.0,89,9.8
2026-01-30T09:00,3.7,0,12.0,88,8.9
2026-01-30T10:00,4.6,0,99.0,87,9.0
2026-01-30T11:00,5.9,0,205.0,81,7.2
2026-01-30T12:00,7.3,4,282.0,76,6.3
2026-01-30T13:00,8.6,24,318.0,72,6.8
2026-01-30T14:00,9.3,97,309.0,69,7.8
2026-01-30T15:00,9.8,36,213.0,68,8.1
2026-01-30T16:00,9.6,50,166.0,72,6.9
2026-01-30T17:00,8.5,100,59.0,77,7.6
2026-01-30T18:00,8.0,100,1.0,78,9.3
2026-01-30T19:00,7.5,99,0.0,79,10.8
2026-01-30T20:00,7.0,100,0.0,82,11.7
2026-01-30T21:00,6.6,100,0.0,83,12.4
2026-01-30T22:00,6.1,100,0.0,83,12.2
2026-01-30T23:00,5.8,99,0.0,82,12.3
2026-01-31T00:00,5.5,21,0.0,80,12.2
2026-01-31T01:00,5.4,23,0.0,81,11.9
2026-01-31T02:00,5.3,85,0.0,81,10.6
2026-01-31T03:00,5.1,0,0.0,78,9.8
2026-01-31T04:00,4.7,0,0.0,79,9.6
2026-01-31T05:00,4.3,0,0.0,80,10.0
2026-01-31T06:00,3.9,31,0.0,81,9.7
2026-01-31T07:00,3.5,4,0.0,82,9.0
2026-01-31T08:00,3.1,12,0.0,85,8.2
2026-01-31T09:00,3.1,90,13.0,85,8.9
2026-01-31T10:00,4.4,100,87.0,81,9.3
2026-01-31T11:00,5.7,100,128.0,78,9.2
2026-01-31T12:00,6.2,100,153.0,77,10.4
2026-01-31T13:00,6.5,100,160.0,80,17.0
2026-01-31T14:00,6.0,100,75.0,86,16.2
2026-01-31T15:00,4.7,100,46.0,89,20.4
2026-01-31T16:00,3.8,100,39.0,91,20.6
2026-01-31T17:00,3.6,77,11.0,91,18.7
2026-01-31T18:00,2.9,48,2.0,91,18.6
2026-01-31T19:00,2.5,33,0.0,90,17.5
2026-01-31T20:00,2.3,32,0.0,90,16.0
2026-01-31T21:00,2.0,36,0.0,90,15.8
2026-01-31T22:00,1.6,53,0.0,89,16.1
2026-01-31T23:00,1.2,23,0.0,90,16.5
2026-02-01T00:00,0.9,100,0.0,90,15.5
2026-02-01T01:00,1.6,100,0.0,87,15.3
2026-02-01T02:00,1.8,100,0.0,86,13.7
2026-02-01T03:00,2.4,100,0.0,90,12.8
2026-02-01T04:00,2.5,100,0.0,89,13.6
2026-02-01T05:00,2.4,100,0.0,88,15.4
2026-02-01T06:00,2.2,100,0.0,91,13.4
2026-02-01T07:00,1.9,100,0.0,93,12.3
2026-02-01T08:00,1.8,100,0.0,92,12.7
2026-02-01T09:00,1.8,100,9.0,91,13.4
2026-02-01T10:00,2.3,100,35.0,88,11.9
2026-02-01T11:00,2.9,100,80.0,79,15.8
2026-02-01T12:00,3.2,100,108.0,75,16.1
2026-02-01T13:00,3.6,100,155.0,73,15.7
2026-02-01T14:00,3.7,100,122.0,72,15.9
2026-02-01T15:00,3.0,100,78.0,76,16.3
2026-02-01T16:00,3.1,100,53.0,76,12.1
2026-02-01T17:00,2.8,100,48.0,77,10.2
2026-02-01T18:00,1.9,100,2.0,81,9.3
2026-02-01T19:00,1.8,100,0.0,81,10.1
2026-02-01T20:00,1.5,100,0.0,82,10.8
2026-02-01T21:00,1.2,100,0.0,82,10.8
2026-02-01T22:00,1.5,100,0.0,82,10.1
2026-02-01T23:00,1.2,100,0.0,85,8.7
2026-02-02T00:00,1.2,99,0.0,86,8.4
2026-02-02T01:00,1.0,100,0.0,87,8.6
2026-02-02T02:00,1.0,100,0.0,88,8.5
2026-02-02T03:00,1.2,100,0.0,88,7.2
2026-02-02T04:00,1.5,100,0.0,88,7.1
2026-02-02T05:00,1.3,100,0.0,91,6.0
2026-02-02T06:00,1.1,100,0.0,94,5.3
2026-02-02T07:00,0.9,100,0.0,96,5.1
2026-02-02T08:00,0.7,100,0.0,96,4.3
2026-02-02T09:00,0.7,96,4.0,97,4.1
2026-02-02T10:00,0.8,100,44.0,95,3.3
2026-02-02T11:00,1.0,100,66.0,93,3.8
2026-02-02T12:00,1.2,100,82.0,91,3.1
2026-02-02T13:00,1.6,99,90.0,88,3.1
2026-02-02T14:00,2.0,100,114.0,85,3.7
2026-02-02T15:00,1.4,77,102.0,82,6.1
2026-02-02T16:00,2.0,97,125.0,84,7.5
2026-02-02T17:00,1.0,85,28.0,88,8.9
2026-02-02T18:00,0.5,100,2.0,90,8.1
2026-02-02T19:00,0.6,83,0.0,84,8.9
2026-02-02T20:00,0.3,92,0.0,78,8.2
2026-02-02T21:00,0.3,100,0.0,79,5.2
2026-02-02T22:00,0.3,100,0.0,82,6.2
2026-02-02T23:00,0.1,87,0.0,86,5.9
2026-02-03T00:00,-0.4,98,0.0,88,6.2
2026-02-03T01:00,-0.5,53,0.0,89,5.9
2026-02-03T02:00,-0.9,81,0.0,87,5.1
2026-02-03T03:00,-2.1,0,0.0,83,7.4
2026-02-03T04:00,-2.6,7,0.0,85,8.1
2026-02-03T05:00,-2.9,5,0.0,86,7.6
2026-02-03T06:00,-3.1,0,0.0,87,6.4
2026-02-03T07:00,-3.3,1,0.0,88,6.8
2026-02-03T08:00,-3.5,0,0.0,90,6.9
2026-02-03T09:00,-3.3,1,18.0,91,8.0
2026-02-03T10:00,-2.2,1,119.0,85,6.4
2026-02-03T11:00,-0.8,1,231.0,79,7.3
2026-02-03T12:00,0.6,42,308.0,70,11.1
2026-02-03T13:00,1.4,97,312.0,61,12.5
2026-02-03T14:00,1.4,100,195.0,61,12.0
2026-02-03T15:00,1.4,100,91.0,66,12.3
2026-02-03T16:00,1.5,100,66.0,67,9.9
2026-02-03T17:00,0.9,100,27.0,72,8.9
2026-02-03T18:00,0.5,100,2.0,78,9.0
2026-02-03T19:00,0.3,100,0.0,81,9.7
2026-02-03T20:00,0.2,100,0.0,83,9.4
2026-02-03T21:00,0.0,100,0.0,86,8.5
2026-02-03T22:00,-0.2,100,0.0,90,7.1
2026-02-03T23:00,-0.3,100,0.0,93,6.9
2026-02-04T00:00,-0.3,100,0.0,94,7.0
2026-02-04T01:00,-0.3,100,0.0,95,6.3
2026-02-04T02:00,-0.6,100,0.0,97,6.4
2026-02-04T03:00,-0.2,100,0.0,97,7.6
2026-02-04T04:00,0.0,100,0.0,97,8.3
2026-02-04T05:00,0.3,100,0.0,97,8.0
2026-02-04T06:00,0.5,100,0.0,97,8.7
2026-02-04T07:00,0.5,100,0.0,97,9.1
2026-02-04T08:00,0.3,100,0.0,96,8.6
2026-02-04T09:00,0.5,100,11.0,93,8.9
2026-02-04T10:00,0.8,91,73.0,91,6.8
2026-02-04T11:00,1.9,3,195.0,86,6.5
2026-02-04T12:00,3.0,20,304.0,80,5.6
2026-02-04T13:00,3.8,3,343.0,77,5.6
2026-02-04T14:00,4.3,36,334.0,71,8.3
2026-02-04T15:00,4.5,35,274.0,69,8.3
2026-02-04T16:00,4.1,2,175.0,72,5.6
2026-02-04T17:00,2.3,70,81.0,82,4.0
2026-02-04T18:00,1.5,86,4.0,83,4.4
2026-02-04T19:00,1.7,92,0.0,84,4.8
2026-02-04T20:00,1.9,92,0.0,82,6.5
2026-02-04T21:00,1.4,100,0.0,83,7.4
2026-02-04T22:00,1.8,99,0.0,78,9.0
2026-02-04T23:00,1.6,94,0.0,77,8.4
2026-02-05T00:00,0.8,51,0.0,79,7.5
2026-02-05T01:00,0.5,36,0.0,79,7.1
2026-02-05T02:00,-0.1,5,0.0,80,6.4
2026-02-05T03:00,1.3,94,0.0,78,6.9
2026-02-05T04:00,0.8,38,0.0,79,7.1
2026-02-05T05:00,-0.3,53,0.0,81,6.1
2026-02-05T06:00,-0.8,46,0.0,83,5.2
2026-02-05T07:00,-1.2,14,0.0,84,5.8
2026-02-05T08:00,-1.6,44,0.0,84,5.9
2026-02-05T09:00,-1.2,99,19.0,83,6.5
2026-02-05T10:00,-0.3,96,51.0,80,5.3
2026-02-05T11:00,1.0,51,123.0,75,4.2
2026-02-05T12:00,2.5,7,282.0,71,2.8
2026-02-05T13:00,3.6,25,357.0,68,2.9
2026-02-05T14:00,4.2,18,348.0,67,4.1
2026-02-05T15:00,4.7,28,297.0,67,5.6
2026-02-05T16:00,4.4,72,205.0,68,6.4
2026-02-05T17:00,3.1,72,82.0,76,6.2
2026-02-05T18:00,1.7,0,6.0,81,7.4
2026-02-05T19:00,0.9,0,0.0,85,8.3
2026-02-05T20:00,0.3,0,0.0,87,9.3
2026-02-05T21:00,-0.2,0,0.0,88,10.3
2026-02-05T22:00,-0.6,16,0.0,88,9.1
2026-02-05T23:00,-1.0,17,0.0,90,8.3
2026-02-06T00:00,-0.9,100,0.0,90,7.7
2026-02-06T01:00,0.2,100,0.0,89,7.1
2026-02-06T02:00,0.8,100,0.0,89,6.9
2026-02-06T03:00,1.4,100,0.0,92,8.4
2026-02-06T04:00,1.6,100,0.0,93,7.6
2026-02-06T05:00,1.5,100,0.0,94,7.5
2026-02-06T06:00,1.5,100,0.0,94,7.3
2026-02-06T07:00,1.5,100,0.0,96,7.5
2026-02-06T08:00,1.4,100,0.0,98,6.5
2026-02-06T09:00,1.5,100,5.0,98,5.7
2026-02-06T10:00,2.1,100,45.0,96,5.5
2026-02-06T11:00,2.4,100,46.0,96,5.7
2026-02-06T12:00,2.7,100,38.0,96,5.7
2026-02-06T13:00,3.5,100,98.0,93,5.3
2026-02-06T14:00,3.7,100,70.0,91,5.8
2026-02-06T15:00,4.1,100,105.0,87,5.4
2026-02-06T16:00,4.7,100,130.0,81,7.9
2026-02-06T17:00,3.9,100,23.0,86,3.2
2026-02-06T18:00,3.5,61,3.0,86,2.4
2026-02-06T19:00,2.1,54,0.0,87,2.2
2026-02-06T20:00,1.2,93,0.0,88,2.2
2026-02-06T21:00,0.6,100,0.0,90,2.0
2026-02-06T22:00,1.2,100,0.0,91,2.3
2026-02-06T23:00,1.3,95,0.0,91,3.5
2026-02-07T00:00,1.1,58,0.0,94,5.2
2026-02-07T01:00,-0.2,100,0.0,96,3.9
2026-02-07T02:00,0.3,89,0.0,97,2.6
2026-02-07T03:00,0.8,100,0.0,98,4.8
2026-02-07T04:00,0.8,93,0.0,99,8.7
2026-02-07T05:00,0.7,100,0.0,99,8.3
2026-02-07T06:00,0.5,100,0.0,99,10.1
2026-02-07T07:00,0.3,100,0.0,97,11.4
2026-02-07T08:00,0.2,100,0.0,96,12.3
2026-02-07T09:00,0.0,100,14.0,91,13.5
2026-02-07T10:00,-0.2,100,63.0,81,13.7
2026-02-07T11:00,0.1,100,118.0,70,14.5
2026-02-07T12:00,0.5,100,182.0,63,14.9
2026-02-07T13:00,0.8,100,287.0,59,16.1
2026-02-07T14:00,0.7,100,223.0,57,17.6
2026-02-07T15:00,0.2,100,136.0,61,18.8
2026-02-07T16:00,0.0,100,92.0,60,20.0
2026-02-07T17:00,-0.3,100,41.0,62,16.6
2026-02-07T18:00,-0.9,100,7.0,63,16.1
2026-02-07T19:00,-1.3,100,0.0,62,16.9
2026-02-07T20:00,-1.4,100,0.0,61,17.3
2026-02-07T21:00,-1.8,100,0.0,60,17.1
2026-02-07T22:00,-2.0,100,0.0,59,16.8
2026-02-07T23:00,-2.3,100,0.0,61,16.4
2026-02-08T00:00,-2.3,100,0.0,62,16.4
2026-02-08T01:00,-2.4,100,0.0,63,16.2
2026-02-08T02:00,-2.5,98,0.0,62,16.1
2026-02-08T03:00,-2.4,100,0.0,66,16.5
2026-02-08T04:00,-2.4,100,0.0,65,16.8
2026-02-08T05:00,-2.6,100,0.0,66,16.7
2026-02-08T06:00,-2.5,100,0.0,67,16.7
2026-02-08T07:00,-2.5,100,0.0,69,16.5
2026-02-08T08:00,-2.4,100,0.0,72,16.2
2026-02-08T09:00,-2.1,100,16.0,71,15.1
2026-02-08T10:00,-1.4,100,85.0,68,16.2
2026-02-08T11:00,-0.5,100,171.0,64,18.5
2026-02-08T12:00,0.4,100,231.0,61,17.7
2026-02-08T13:00,1.0,99,274.0,60,17.1
2026-02-08T14:00,1.4,99,323.0,59,17.1
2026-02-08T15:00,1.0,58,258.0,62,17.2
2026-02-08T16:00,0.5,84,206.0,62,16.7
2026-02-08T17:00,-0.5,22,87.0,66,14.8
2026-02-08T18:00,-1.5,10,10.0,70,14.5
2026-02-08T19:00,-1.9,17,0.0,69,14.9
2026-02-08T20:00,-2.1,35,0.0,68,15.0
2026-02-08T21:00,-2.2,28,0.0,67,15.1
2026-02-08T22:00,-2.4,23,0.0,66,14.6
2026-02-08T23:00,-2.6,11,0.0,66,13.7
2026-02-09T00:00,-2.8,0,0.0,65,13.3
2026-02-09T01:00,-3.1,0,0.0,65,13.1
2026-02-09T02:00,-3.3,0,0.0,64,12.7
2026-02-09T03:00,-4.3,0,0.0,78,11.7
2026-02-09T04:00,-4.6,0,0.0,78,11.7
2026-02-09T05:00,-4.8,5,0.0,78,11.7
2026-02-09T06:00,-5.1,0,0.0,79,11.7
2026-02-09T07:00,-5.3,1,0.0,80,11.5
2026-02-09T08:00,-5.5,1,0.0,81,11.5
2026-02-09T09:00,-5.0,0,32.0,77,11.5
2026-02-09T10:00,-3.6,0,145.0,68,11.0
2026-02-09T11:00,-1.9,2,260.0,60,11.2
2026-02-09T12:00,-0.1,21,344.0,52,10.3
2026-02-09T13:00,1.4,42,382.0,47,10.1
2026-02-09T14:00,2.4,57,372.0,43,10.1
2026-02-09T15:00,0.8,61,312.0,57,11.4
2026-02-09T16:00,0.7,61,216.0,57,11.7
2026-02-09T17:00,-0.1,19,104.0,61,9.9
2026-02-09T18:00,-1.3,0,11.0,65,9.7
2026-02-09T19:00,-1.8,0,0.0,66,9.9
2026-02-09T20:00,-2.2,0,0.0,67,9.9
2026-02-09T21:00,-2.7,0,0.0,67,9.9
2026-02-09T22:00,-3.1,0,0.0,69,9.7
2026-02-09T23:00,-3.5,0,0.0,71,9.7
2026-02-10T00:00,-3.8,0,0.0,73,9.5
2026-02-10T01:00,-4.1,0,0.0,75,9.8
2026-02-10T02:00,-4.4,0,0.0,76,9.4
2026-02-10T03:00,-5.1,0,0.0,81,9.1
2026-02-10T04:00,-5.5,0,0.0,82,8.5
2026-02-10T05:00,-6.0,0,0.0,82,9.0
2026-02-10T06:00,-6.4,0,0.0,84,9.6
2026-02-10T07:00,-6.8,0,0.0,84,9.9
2026-02-10T08:00,-7.1,0,0.0,85,9.9
2026-02-10T09:00,-6.7,0,36.0,82,8.8
2026-02-10T10:00,-5.4,0,155.0,73,8.8
2026-02-10T11:00,-3.8,0,273.0,64,7.6
2026-02-10T12:00,-2.0,0,359.0,55,7.8
2026-02-10T13:00,-0.5,0,401.0,47,7.9
2026-02-10T14:00,0.7,0,394.0,43,8.2
2026-02-10T15:00,1.5,0,337.0,46,9.2
2026-02-10T16:00,1.2,0,240.0,47,10.4
2026-02-10T17:00,0.0,0,116.0,53,9.8
2026-02-10T18:00,-1.7,0,14.0,62,10.7
2026-02-10T19:00,-2.7,0,0.0,69,11.0
2026-02-10T20:00,-3.6,0,0.0,76,10.3
2026-02-10T21:00,-4.3,0,0.0,82,9.5
2026-02-10T22:00,-4.7,0,0.0,85,8.7
2026-02-10T23:00,-4.9,0,0.0,86,8.2
2026-02-11T00:00,-5.2,2,0.0,87,7.9
2026-02-11T01:00,-5.5,10,0.0,87,8.1
2026-02-11T02:00,-5.9,18,0.0,88,8.5
2026-02-11T03:00,-5.8,28,0.0,84,9.1
2026-02-11T04:00,-6.1,18,0.0,83,9.9
2026-02-11T05:00,-6.5,11,0.0,82,10.1
2026-02-11T06:00,-7.1,5,0.0,82,10.0
2026-02-11T07:00,-7.6,2,0.0,83,8.9
2026-02-11T08:00,-8.0,2,0.0,85,8.7
2026-02-11T09:00,-7.6,2,38.0,81,9.1
2026-02-11T10:00,-6.4,2,155.0,73,9.8
2026-02-11T11:00,-4.9,1,273.0,64,9.3
2026-02-11T12:00,-3.3,1,358.0,57,9.8
2026-02-11T13:00,-2.2,18,400.0,52,10.5
2026-02-11T14:00,-1.9,57,376.0,50,11.7
2026-02-11T15:00,-5.6,100,115.0,65,12.8
2026-02-11T16:00,-5.6,91,108.0,63,13.9
2026-02-11T17:00,-5.7,67,79.0,63,14.4
2026-02-11T18:00,-6.1,87,12.0,65,11.8
2026-02-11T19:00,-6.1,52,0.0,66,11.8
2026-02-11T20:00,-6.0,15,0.0,65,13.0
2026-02-11T21:00,-6.3,44,0.0,66,13.3
2026-02-11T22:00,-6.3,49,0.0,67,13.0
2026-02-11T23:00,-6.0,58,0.0,68,12.5
2026-02-12T00:00,-5.9,3,0.0,70,12.2
2026-02-12T01:00,-6.1,0,0.0,72,12.0
2026-02-12T02:00,-6.2,0,0.0,73,12.5
2026-02-12T03:00,-5.1,50,0.0,74,13.0
2026-02-12T04:00,-5.8,3,0.0,79,13.7
2026-02-12T05:00,-6.2,0,0.0,80,13.4
2026-02-12T06:00,-6.5,0,0.0,81,13.5
2026-02-12T07:00,-6.8,0,0.0,82,13.0
2026-02-12T08:00,-7.0,0,0.0,82,12.3
2026-02-12T09:00,-6.4,0,42.0,78,10.3
2026-02-12T10:00,-4.9,0,164.0,68,11.5
2026-02-12T11:00,-3.0,0,282.0,58,11.4
2026-02-12T12:00,-0.9,0,368.0,49,10.0
2026-02-12T13:00,1.1,0,409.0,42,9.5
2026-02-12T14:00,2.5,0,401.0,38,9.7
2026-02-12T15:00,0.7,0,345.0,47,12.6
2026-02-12T16:00,0.5,5,248.0,48,12.5
2026-02-12T17:00,-0.4,0,125.0,52,10.3
2026-02-12T18:00,-1.7,0,17.0,58,10.4
2026-02-12T19:00,-2.2,0,0.0,62,13.1
2026-02-12T20:00,-2.7,0,0.0,65,12.9
2026-02-12T21:00,-3.1,0,0.0,67,12.0
2026-02-12T22:00,-3.4,0,0.0,68,11.8
2026-02-12T23:00,-3.7,2,0.0,69,12.3
2026-02-13T00:00,-3.9,18,0.0,70,12.2
2026-02-13T01:00,-4.1,0,0.0,71,11.6
2026-02-13T02:00,-4.4,0,0.0,72,11.0
2026-02-13T03:00,-5.6,0,0.0,81,10.9
2026-02-13T04:00,-5.9,85,0.0,81,10.2
2026-02-13T05:00,-6.0,100,0.0,81,9.8
2026-02-13T06:00,-5.9,100,0.0,79,9.8
2026-02-13T07:00,-5.8,100,0.0,78,9.6
2026-02-13T08:00,-5.7,96,0.0,77,8.4
2026-02-13T09:00,-4.7,100,36.0,70,7.9
2026-02-13T10:00,-3.2,13,107.0,62,6.8
2026-02-13T11:00,-1.2,71,267.0,53,6.3
2026-02-13T12:00,0.4,100,312.0,47,5.4
2026-02-13T13:00,0.6,94,132.0,47,4.9
2026-02-13T14:00,1.6,100,182.0,43,4.4
2026-02-13T15:00,2.5,100,280.0,45,4.3
2026-02-13T16:00,2.0,100,75.0,47,3.9
2026-02-13T17:00,1.2,100,21.0,51,3.2
2026-02-13T18:00,0.8,100,3.0,54,2.7
2026-02-13T19:00,0.5,100,0.0,58,2.8
2026-02-13T20:00,0.5,100,0.0,58,2.9
2026-02-13T21:00,0.4,100,0.0,59,3.0
2026-02-13T22:00,0.3,100,0.0,59,3.6
2026-02-13T23:00,0.2,100,0.0,59,3.0
2026-02-14T00:00,-0.3,100,0.0,64,3.2
2026-02-14T01:00,-0.6,100,0.0,68,3.1
2026-02-14T02:00,-0.8,100,0.0,69,5.0
2026-02-14T03:00,-1.2,100,0.0,81,3.6
2026-02-14T04:00,-1.6,100,0.0,88,5.8
2026-02-14T05:00,-1.7,100,0.0,90,6.7
2026-02-14T06:00,-1.8,100,0.0,87,6.7
2026-02-14T07:00,-1.7,100,0.0,82,7.5
2026-02-14T08:00,-1.6,100,0.0,78,7.8
2026-02-14T09:00,-1.5,100,16.0,74,8.2
2026-02-14T10:00,-1.8,100,47.0,71,10.9
2026-02-14T11:00,-2.1,75,85.0,69,11.9
2026-02-14T12:00,-1.7,99,300.0,66,12.4
2026-02-14T13:00,-2.0,100,220.0,65,12.1
2026-02-14T14:00,-0.7,26,217.0,54,12.5
2026-02-14T15:00,-1.3,55,251.0,61,14.2
2026-02-14T16:00,-1.4,99,233.0,58,14.3
2026-02-14T17:00,-1.8,97,81.0,61,12.5
2026-02-14T18:00,-2.4,79,14.0,67,10.5
2026-02-14T19:00,-3.1,42,0.0,71,5.4
2026-02-14T20:00,-5.7,4,0.0,73,4.5
2026-02-14T21:00,-5.2,70,0.0,73,6.1
2026-02-14T22:00,-4.5,12,0.0,72,7.6
2026-02-14T23:00,-4.8,0,0.0,74,7.9
2026-02-15T00:00,-5.1,9,0.0,80,7.7
2026-02-15T01:00,-5.9,1,0.0,85,6.1
2026-02-15T02:00,-6.3,0,0.0,89,6.4
2026-02-15T03:00,-4.7,7,0.0,92,8.5
2026-02-15T04:00,-5.1,23,0.0,93,8.8
2026-02-15T05:00,-5.4,23,0.0,93,8.1
2026-02-15T06:00,-5.7,29,0.0,93,8.0
2026-02-15T07:00,-6.0,81,0.0,93,8.5
2026-02-15T08:00,-5.9,77,0.0,92,8.7
2026-02-15T09:00,-5.0,61,44.0,85,10.2
2026-02-15T10:00,-4.0,50,151.0,80,11.1
2026-02-15T11:00,-2.5,75,281.0,70,11.7
2026-02-15T12:00,-1.0,57,360.0,55,12.9
2026-02-15T13:00,-0.2,70,330.0,48,13.4
2026-02-15T14:00,-0.3,90,312.0,49,14.9
2026-02-15T15:00,-1.6,94,113.0,65,12.6
2026-02-15T16:00,-2.0,62,145.0,74,13.1
2026-02-15T17:00,-2.1,74,111.0,66,10.9
2026-02-15T18:00,-3.1,75,20.0,70,8.9
2026-02-15T19:00,-3.4,100,0.0,75,9.2
2026-02-15T20:00,-3.9,61,0.0,78,10.9
2026-02-15T21:00,-4.8,22,0.0,78,10.2
2026-02-15T22:00,-5.5,2,0.0,81,9.2
2026-02-15T23:00,-6.1,0,0.0,85,9.2
2026-02-16T00:00,-6.6,0,0.0,86,8.6
2026-02-16T01:00,-7.1,0,0.0,87,8.3
2026-02-16T02:00,-7.5,0,0.0,87,8.9
2026-02-16T03:00,-5.7,0,0.0,86,10.2
2026-02-16T04:00,-5.8,0,0.0,87,10.3
2026-02-16T05:00,-6.0,1,0.0,88,10.5
2026-02-16T06:00,-6.2,36,0.0,89,10.1
2026-02-16T07:00,-6.4,88,0.0,88,10.1
2026-02-16T08:00,-6.4,100,0.0,88,11.3
2026-02-16T09:00,-5.1,96,38.0,80,13.1
2026-02-16T10:00,-4.0,43,140.0,72,12.7
2026-02-16T11:00,-2.5,91,287.0,65,12.1
2026-02-16T12:00,-1.5,46,313.0,59,10.0
2026-02-16T13:00,-0.7,30,368.0,50,9.3
2026-02-16T14:00,-0.1,78,375.0,49,10.2
2026-02-16T15:00,-1.9,52,347.0,61,10.3
2026-02-16T16:00,-2.5,4,235.0,61,7.7
2026-02-16T17:00,-3.7,0,146.0,63,4.9
2026-02-16T18:00,-6.0,0,28.0,63,5.6
2026-02-16T19:00,-5.4,0,0.0,57,7.8
2026-02-16T20:00,-7.0,0,0.0,57,6.4
2026-02-16T21:00,-8.3,0,0.0,57,4.9
2026-02-16T22:00,-8.4,0,0.0,57,2.4
2026-02-16T23:00,-9.0,0,0.0,59,1.5
2026-02-17T00:00,-9.7,0,0.0,63,1.8
2026-02-17T01:00,-10.4,0,0.0,66,3.8
2026-02-17T02:00,-10.4,0,0.0,66,5.5
2026-02-17T03:00,-9.6,0,0.0,74,6.7
2026-02-17T04:00,-9.7,0,0.0,74,7.3
2026-02-17T05:00,-9.7,0,0.0,74,7.3
2026-02-17T06:00,-9.6,0,0.0,74,7.5
2026-02-17T07:00,-9.6,0,0.0,73,7.9
2026-02-17T08:00,-9.6,0,0.0,71,8.3
2026-02-17T09:00,-8.4,0,61.0,64,9.8
2026-02-17T10:00,-6.3,11,192.0,52,6.7
2026-02-17T11:00,-3.8,79,314.0,42,7.3
2026-02-17T12:00,-2.0,93,387.0,35,9.6
2026-02-17T13:00,-1.0,86,411.0,32,10.6
2026-02-17T14:00,-0.5,88,416.0,27,11.6
2026-02-17T15:00,-1.7,56,341.0,53,10.8
2026-02-17T16:00,-1.1,32,254.0,44,11.5
2026-02-17T17:00,-1.8,29,145.0,45,9.4
2026-02-17T18:00,-3.2,73,29.0,48,8.3
2026-02-17T19:00,-3.8,92,0.0,48,10.4
2026-02-17T20:00,-4.2,96,0.0,50,10.7
2026-02-17T21:00,-4.7,64,0.0,53,9.8
2026-02-17T22:00,-5.1,57,0.0,57,8.7
2026-02-17T23:00,-5.4,12,0.0,59,8.6
2026-02-18T00:00,-5.9,19,0.0,63,9.7
2026-02-18T01:00,-6.5,1,0.0,66,9.8
2026-02-18T02:00,-6.7,0,0.0,66,9.7
2026-02-18T03:00,-8.5,0,0.0,72,9.5
2026-02-18T04:00,-8.9,0,0.0,72,10.1
2026-02-18T05:00,-9.1,0,0.0,74,10.2
2026-02-18T06:00,-9.2,0,0.0,76,10.6
2026-02-18T07:00,-9.3,0,0.0,78,11.1
2026-02-18T08:00,-9.3,0,1.0,79,11.6
2026-02-18T09:00,-8.2,75,66.0,76,12.1
2026-02-18T10:00,-6.2,100,136.0,67,9.3
2026-02-18T11:00,-4.6,100,174.0,62,8.7
2026-02-18T12:00,-3.3,100,188.0,60,9.0
2026-02-18T13:00,-2.0,90,213.0,58,9.4
2026-02-18T14:00,-0.4,61,354.0,56,10.5
2026-02-18T15:00,-1.8,100,250.0,73,10.4
2026-02-18T16:00,-1.6,100,144.0,72,9.9
2026-02-18T17:00,-1.8,100,51.0,73,9.2
2026-02-18T18:00,-2.0,92,16.0,76,7.8
2026-02-18T19:00,-2.5,85,0.0,79,8.3
2026-02-18T20:00,-2.9,67,0.0,81,9.7
2026-02-18T21:00,-3.2,41,0.0,82,10.5
2026-02-18T22:00,-3.9,5,0.0,83,10.9
2026-02-18T23:00,-4.9,0,0.0,86,10.7
2026-02-19T00:00,-5.6,76,0.0,88,10.9
2026-02-19T01:00,-6.0,0,0.0,88,11.2
2026-02-19T02:00,-6.3,98,0.0,89,11.0
2026-02-19T03:00,-4.6,91,0.0,89,11.9
2026-02-19T04:00,-4.2,94,0.0,87,11.7
2026-02-19T05:00,-4.1,100,0.0,87,11.0
2026-02-19T06:00,-3.8,100,0.0,85,10.3
2026-02-19T07:00,-3.8,97,0.0,84,10.6
2026-02-19T08:00,-4.1,83,1.0,86,11.1
2026-02-19T09:00,-4.1,79,60.0,86,11.8
2026-02-19T10:00,-2.3,100,144.0,81,14.0
2026-02-19T11:00,-1.3,100,167.0,77,12.5
2026-02-19T12:00,-0.5,100,205.0,73,10.8
2026-02-19T13:00,0.5,100,271.0,69,9.9
2026-02-19T14:00,0.9,100,191.0,66,9.4
2026-02-19T15:00,0.1,100,171.0,75,8.3
2026-02-19T16:00,0.3,100,126.0,72,7.9
2026-02-19T17:00,0.0,100,44.0,74,5.8
2026-02-19T18:00,-0.6,100,9.0,77,7.2
2026-02-19T19:00,-0.7,92,0.0,79,7.3
2026-02-19T20:00,-1.3,73,0.0,81,7.4
2026-02-19T21:00,-1.8,71,0.0,84,7.1
2026-02-19T22:00,-1.9,54,0.0,86,7.2
2026-02-19T23:00,-3.0,73,0.0,89,4.5
2026-02-20T00:00,-3.6,83,0.0,90,1.9
2026-02-20T01:00,-3.7,100,0.0,91,1.0
2026-02-20T02:00,-4.0,100,0.0,91,1.5
2026-02-20T03:00,-3.7,100,0.0,92,2.9
2026-02-20T04:00,-3.8,100,0.0,93,1.5
2026-02-20T05:00,-3.8,100,0.0,93,2.3
2026-02-20T06:00,-3.7,100,0.0,92,3.3
2026-02-20T07:00,-3.8,99,0.0,92,2.9
2026-02-20T08:00,-4.0,100,1.0,92,2.2
2026-02-20T09:00,-3.7,100,16.0,91,2.2
2026-02-20T10:00,-3.1,100,52.0,89,3.3
2026-02-20T11:00,-2.6,100,64.0,87,4.4
2026-02-20T12:00,-1.9,100,117.0,85,4.2
2026-02-20T13:00,-1.3,100,148.0,82,4.8
2026-02-20T14:00,-0.7,100,166.0,76,5.1
2026-02-20T15:00,0.4,10,378.0,67,4.3
2026-02-20T16:00,0.2,73,283.0,62,4.6
2026-02-20T17:00,-0.5,100,124.0,66,4.3
2026-02-20T18:00,-0.7,100,21.0,67,5.4
2026-02-20T19:00,-1.0,82,0.0,67,8.6
2026-02-20T20:00,-1.8,14,0.0,69,9.5
2026-02-20T21:00,-3.4,1,0.0,71,9.2
2026-02-20T22:00,-4.1,1,0.0,70,10.1
2026-02-20T23:00,-4.5,0,0.0,71,10.8
2026-02-21T00:00,-5.0,0,0.0,72,10.1
2026-02-21T01:00,-5.6,1,0.0,74,10.3
2026-02-21T02:00,-6.1,12,0.0,75,11.4
2026-02-21T03:00,-6.5,0,0.0,80,12.0
2026-02-21T04:00,-6.9,8,0.0,77,12.0
2026-02-21T05:00,-7.2,30,0.0,75,11.9
2026-02-21T06:00,-7.5,16,0.0,75,11.9
2026-02-21T07:00,-7.6,1,0.0,74,13.0
2026-02-21T08:00,-7.7,21,2.0,73,12.6
2026-02-21T09:00,-6.8,93,80.0,70,12.8
2026-02-21T10:00,-5.4,96,203.0,65,11.2
2026-02-21T11:00,-3.6,100,321.0,60,13.1
2026-02-21T12:00,-2.1,100,344.0,56,12.0
2026-02-21T13:00,-0.8,100,338.0,53,12.7
2026-02-21T14:00,0.3,100,324.0,51,12.9
2026-02-21T15:00,1.9,100,258.0,44,15.4
2026-02-21T16:00,1.9,100,210.0,45,15.2
2026-02-21T17:00,1.5,11,125.0,46,13.2
2026-02-21T18:00,0.1,2,40.0,50,13.9
2026-02-21T19:00,-0.6,65,0.0,52,14.1
2026-02-21T20:00,-1.1,25,0.0,54,12.8
2026-02-21T21:00,-1.7,23,0.0,54,13.6
2026-02-21T22:00,-2.1,63,0.0,54,14.6
2026-02-21T23:00,-2.5,0,0.0,53,14.7
2026-02-22T00:00,-3.0,22,0.0,53,14.5
2026-02-22T01:00,-3.4,14,0.0,55,14.5
2026-02-22T02:00,-3.7,44,0.0,57,14.1
2026-02-22T03:00,-2.9,27,0.0,57,14.4
2026-02-22T04:00,-4.0,1,0.0,62,13.3
2026-02-22T05:00,-4.4,10,0.0,64,13.6
2026-02-22T06:00,-4.7,23,0.0,67,13.1
2026-02-22T07:00,-5.0,14,0.0,69,13.0
2026-02-22T08:00,-5.1,1,3.0,70,14.0
2026-02-22T09:00,-4.1,3,81.0,66,12.3
2026-02-22T10:00,-2.4,8,216.0,58,12.8
2026-02-22T11:00,-0.5,26,337.0,51,12.5
2026-02-22T12:00,1.5,33,423.0,44,11.1
2026-02-22T13:00,3.0,50,462.0,39,10.4
2026-02-22T14:00,4.1,37,451.0,36,10.7
2026-02-22T15:00,4.7,60,400.0,37,12.6
2026-02-22T16:00,4.5,78,297.0,38,13.4
2026-02-22T17:00,3.5,59,166.0,42,13.2
2026-02-22T18:00,1.8,51,43.0,47,12.9
2026-02-22T19:00,0.9,63,0.0,50,13.4
2026-02-22T20:00,0.2,77,0.0,51,13.6
2026-02-22T21:00,-0.3,82,0.0,51,13.9
2026-02-22T22:00,-0.6,98,0.0,50,14.2
2026-02-22T23:00,-0.8,39,0.0,49,15.4
2026-02-23T00:00,-1.0,21,0.0,48,15.4
2026-02-23T01:00,-1.3,19,0.0,49,13.6
2026-02-23T02:00,-1.8,16,0.0,51,13.8
2026-02-23T03:00,-1.8,6,0.0,55,12.9
2026-02-23T04:00,-1.9,0,0.0,56,12.3
2026-02-23T05:00,-2.2,9,0.0,58,11.1
2026-02-23T06:00,-2.5,16,0.0,61,10.7
2026-02-23T07:00,-2.8,35,0.0,63,11.0
2026-02-23T08:00,-3.0,38,4.0,65,12.3
2026-02-23T09:00,-1.9,74,82.0,60,10.7
2026-02-23T10:00,-0.2,98,187.0,53,9.1
2026-02-23T11:00,1.6,96,269.0,47,8.7
2026-02-23T12:00,3.6,27,362.0,42,9.1
2026-02-23T13:00,5.3,8,454.0,38,9.0
2026-02-23T14:00,6.3,8,453.0,37,8.6
2026-02-23T15:00,6.5,13,395.0,36,8.6
2026-02-23T16:00,6.6,92,295.0,37,7.6
2026-02-23T17:00,4.9,100,144.0,44,5.2
2026-02-23T18:00,2.4,91,40.0,53,5.8
2026-02-23T19:00,1.8,100,0.0,55,6.0
2026-02-23T20:00,1.5,45,0.0,56,5.9
2026-02-23T21:00,0.4,81,0.0,61,5.4
2026-02-23T22:00,0.3,90,0.0,62,5.1
2026-02-23T23:00,-0.2,100,0.0,65,4.4
2026-02-24T00:00,-0.4,100,0.0,69,3.8
2026-02-24T01:00,-0.6,98,0.0,78,4.3
2026-02-24T02:00,-0.4,90,0.0,87,3.9
2026-02-24T03:00,-0.7,39,0.0,90,4.3
2026-02-24T04:00,-0.8,71,0.0,92,3.6
2026-02-24T05:00,-1.0,93,0.0,93,3.9
2026-02-24T06:00,-0.5,100,0.0,93,3.8
2026-02-24T07:00,-0.1,100,0.0,91,3.2
2026-02-24T08:00,0.1,100,2.0,90,2.3
2026-02-24T09:00,1.0,38,48.0,84,2.1
2026-02-24T10:00,2.7,19,181.0,73,1.8
2026-02-24T11:00,4.8,6,336.0,60,1.6
2026-02-24T12:00,6.4,72,419.0,56,1.7
2026-02-24T13:00,6.8,93,373.0,58,3.8
2026-02-24T14:00,6.7,100,298.0,63,4.9
2026-02-24T15:00,5.2,100,107.0,65,2.0
2026-02-24T16:00,4.7,97,93.0,70,1.0
2026-02-24T17:00,3.8,95,58.0,76,1.0
2026-02-24T18:00,2.7,58,18.0,85,3.2
2026-02-24T19:00,1.5,15,0.0,94,5.0
2026-02-24T20:00,0.6,33,0.0,99,4.9
2026-02-24T21:00,0.3,99,0.0,100,4.6
2026-02-24T22:00,0.3,98,0.0,100,4.4
2026-02-24T23:00,0.2,100,0.0,100,7.0
2026-02-25T00:00,0.2,100,0.0,100,7.0
2026-02-25T01:00,0.2,100,0.0,100,6.4
2026-02-25T02:00,0.3,100,0.0,100,7.3
2026-02-25T03:00,0.7,100,0.0,98,9.9
2026-02-25T04:00,0.9,100,0.0,98,11.9
2026-02-25T05:00,1.1,100,0.0,98,11.0
2026-02-25T06:00,1.4,100,0.0,99,9.6
2026-02-25T07:00,1.4,100,0.0,99,8.5
2026-02-25T08:00,1.2,100,3.0,100,9.8
2026-02-25T09:00,2.1,100,56.0,99,12.6
2026-02-25T10:00,2.7,100,104.0,98,10.8
2026-02-25T11:00,3.5,100,195.0,96,11.2
2026-02-25T12:00,4.5,100,251.0,91,12.3
2026-02-25T13:00,6.1,70,292.0,83,11.8
2026-02-25T14:00,7.9,0,376.0,74,9.8
2026-02-25T15:00,7.4,51,274.0,75,11.0
2026-02-25T16:00,7.7,100,281.0,75,10.6
2026-02-25T17:00,7.0,100,122.0,79,9.0
2026-02-25T18:00,5.8,81,37.0,83,10.7
2026-02-25T19:00,4.9,98,0.0,85,11.3
2026-02-25T20:00,4.5,100,0.0,87,12.4
2026-02-25T21:00,3.9,100,0.0,90,11.7
2026-02-25T22:00,3.6,94,0.0,90,11.2
2026-02-25T23:00,3.1,100,0.0,91,10.8
2026-02-26T00:00,3.2,97,0.0,92,10.4
2026-02-26T01:00,3.1,20,0.0,92,9.0
2026-02-26T02:00,2.3,62,0.0,92,8.8
2026-02-26T03:00,3.0,100,0.0,91,7.4
2026-02-26T04:00,2.5,63,0.0,92,7.0
2026-02-26T05:00,1.4,98,0.0,93,6.7
2026-02-26T06:00,0.6,100,0.0,94,7.4
2026-02-26T07:00,0.3,100,0.0,96,6.9
2026-02-26T08:00,0.4,100,5.0,96,5.5
2026-02-26T09:00,1.3,97,77.0,95,7.8
2026-02-26T10:00,3.1,100,211.0,91,5.5
2026-02-26T11:00,4.8,100,322.0,87,5.0
2026-02-26T12:00,6.0,100,328.0,84,4.5
2026-02-26T13:00,7.0,100,292.0,80,6.3
2026-02-26T14:00,7.9,100,256.0,76,6.5
2026-02-26T15:00,8.4,100,174.0,73,7.5
2026-02-26T16:00,9.0,100,137.0,72,2.5
2026-02-26T17:00,8.5,100,79.0,76,3.5
2026-02-26T18:00,6.9,100,25.0,84,6.7
2026-02-26T19:00,6.0,100,0.0,88,6.3
2026-02-26T20:00,5.6,100,0.0,90,4.8
2026-02-26T21:00,6.2,100,0.0,87,8.3
2026-02-26T22:00,5.7,100,0.0,88,8.3
2026-02-26T23:00,5.1,100,0.0,90,8.1
2026-02-27T00:00,4.8,100,0.0,91,7.9
2026-02-27T01:00,4.7,100,0.0,92,7.8
2026-02-27T02:00,4.5,100,0.0,93,8.8
2026-02-27T03:00,4.9,100,0.0,93,8.4
2026-02-27T04:00,4.7,100,0.0,94,9.1
2026-02-27T05:00,4.6,100,0.0,95,8.4
2026-02-27T06:00,4.4,100,0.0,96,7.8
2026-02-27T07:00,4.1,100,0.0,96,8.3
2026-02-27T08:00,3.7,100,4.0,97,9.3
2026-02-27T09:00,4.2,100,44.0,95,8.7
2026-02-27T10:00,4.8,100,100.0,94,6.1
2026-02-27T11:00,6.1,100,222.0,90,4.9
2026-02-27T12:00,7.3,100,259.0,86,4.8
2026-02-27T13:00,7.9,100,197.0,84,5.3
2026-02-27T14:00,8.1,100,142.0,81,5.7
2026-02-27T15:00,8.9,100,198.0,79,4.7
2026-02-27T16:00,9.0,100,135.0,76,5.1
2026-02-27T17:00,8.4,100,83.0,83,1.5
2026-02-27T18:00,7.0,100,31.0,86,2.4
2026-02-27T19:00,6.4,100,0.0,87,6.0
2026-02-27T20:00,5.6,100,0.0,89,3.7
2026-02-27T21:00,5.5,100,0.0,88,2.4
2026-02-27T22:00,5.3,100,0.0,89,0.4
2026-02-27T23:00,4.8,100,0.0,91,1.7
2026-02-28T00:00,4.6,100,0.0,93,1.5
2026-02-28T01:00,4.1,100,0.0,94,1.8
2026-02-28T02:00,3.5,100,0.0,96,1.3
2026-02-28T03:00,4.7,100,0.0,94,0.6
2026-02-28T04:00,4.3,100,0.0,95,1.1
2026-02-28T05:00,3.7,100,0.0,97,2.5
2026-02-28T06:00,3.0,100,0.0,99,3.8
2026-02-28T07:00,2.7,100,0.0,99,4.4
2026-02-28T08:00,2.9,100,5.0,99,5.1
2026-02-28T09:00,3.3,100,26.0,99,5.5
2026-02-28T10:00,4.1,100,61.0,99,3.6
2026-02-28T11:00,5.3,100,114.0,95,3.7
2026-02-28T12:00,7.2,54,273.0,83,6.6
2026-02-28T13:00,8.0,60,341.0,75,8.9
2026-02-28T14:00,8.5,91,328.0,75,9.1
2026-02-28T15:00,6.8,99,111.0,83,11.9
2026-02-28T16:00,6.3,88,95.0,87,11.4
2026-02-28T17:00,6.1,100,110.0,84,11.7
2026-02-28T18:00,5.0,100,20.0,87,12.1
2026-02-28T19:00,4.5,100,0.0,88,8.4
2026-02-28T20:00,4.2,100,0.0,90,6.7
2026-02-28T21:00,3.8,100,0.0,93,8.6
2026-02-28T22:00,3.7,94,0.0,92,9.6
2026-02-28T23:00,2.7,56,0.0,94,9.5
2026-03-01T00:00,1.9,49,0.0,96,9.9
2026-03-01T01:00,1.6,33,0.0,96,10.5
2026-03-01T02:00,1.2,100,0.0,97,10.7
2026-03-01T03:00,2.0,100,0.0,98,10.6
2026-03-01T04:00,2.3,100,0.0,98,10.7
2026-03-01T05:00,2.0,100,0.0,98,11.1
2026-03-01T06:00,2.1,100,0.0,98,11.8
2026-03-01T07:00,2.0,100,0.0,98,12.4
2026-03-01T08:00,1.8,100,3.0,97,13.1
2026-03-01T09:00,1.8,100,28.0,96,12.7
2026-03-01T10:00,2.1,100,77.0,94,13.4
2026-03-01T11:00,1.7,100,70.0,96,11.1
2026-03-01T12:00,2.0,100,81.0,94,10.4
2026-03-01T13:00,2.6,100,129.0,92,10.8
2026-03-01T14:00,2.3,100,89.0,95,9.9
2026-03-01T15:00,1.7,100,80.0,96,13.0
2026-03-01T16:00,2.1,100,49.0,97,11.2
2026-03-01T17:00,2.4,100,23.0,98,12.3
2026-03-01T18:00,2.2,100,8.0,98,13.9
2026-03-01T19:00,2.0,100,0.0,98,13.8
2026-03-01T20:00,1.9,100,0.0,98,13.6
2026-03-01T21:00,2.0,100,0.0,98,13.2
2026-03-01T22:00,2.0,100,0.0,98,13.9
2026-03-01T23:00,2.0,100,0.0,98,14.3
2026-03-02T00:00,1.9,100,0.0,97,13.9
2026-03-02T01:00,1.7,100,0.0,96,13.3
2026-03-02T02:00,1.4,100,0.0,95,12.1
2026-03-02T03:00,1.5,85,0.0,95,11.2
2026-03-02T04:00,0.5,29,0.0,97,10.3
2026-03-02T05:00,-0.9,57,0.0,97,8.7
2026-03-02T06:00,-1.4,100,0.0,97,8.3
2026-03-02T07:00,-1.0,100,0.0,97,10.3
2026-03-02T08:00,-0.7,100,6.0,96,11.8
2026-03-02T09:00,-0.1,100,41.0,91,12.5
2026-03-02T10:00,0.5,100,81.0,91,12.1
2026-03-02T11:00,1.2,100,104.0,90,11.8
2026-03-02T12:00,1.7,100,96.0,88,13.0
2026-03-02T13:00,3.0,100,179.0,82,16.0
2026-03-02T14:00,3.9,100,151.0,75,15.5
2026-03-02T15:00,3.3,100,116.0,78,17.2
2026-03-02T16:00,3.4,100,96.0,77,16.0
2026-03-02T17:00,3.2,100,55.0,80,12.3
2026-03-02T18:00,2.8,100,17.0,83,13.0
2026-03-02T19:00,2.6,100,0.0,84,13.7
2026-03-02T20:00,2.6,100,0.0,84,12.1
2026-03-02T21:00,2.6,100,0.0,85,12.6
2026-03-02T22:00,2.7,100,0.0,85,13.5
2026-03-02T23:00,2.8,100,0.0,87,12.7
2026-03-03T00:00,2.8,100,0.0,87,13.3
2026-03-03T01:00,2.9,100,0.0,87,14.6
2026-03-03T02:00,2.9,100,0.0,88,15.3
2026-03-03T03:00,3.0,100,0.0,87,14.8
2026-03-03T04:00,3.2,100,0.0,88,14.8
2026-03-03T05:00,3.5,100,0.0,88,15.1
2026-03-03T06:00,3.7,100,0.0,88,14.1
2026-03-03T07:00,3.7,100,0.0,88,13.5
2026-03-03T08:00,3.9,100,7.0,86,13.9
2026-03-03T09:00,4.4,97,56.0,84,13.6
2026-03-03T10:00,5.2,100,198.0,78,21.9
2026-03-03T11:00,5.4,100,166.0,76,19.1
2026-03-03T12:00,5.6,100,205.0,74,21.1
2026-03-03T13:00,6.2,100,231.0,69,21.1
2026-03-03T14:00,7.4,100,303.0,62,22.1
2026-03-03T15:00,8.2,99,371.0,62,24.2
2026-03-03T16:00,7.8,100,150.0,66,21.2
2026-03-03T17:00,7.6,96,109.0,68,17.3
2026-03-03T18:00,6.9,100,38.0,72,16.2
2026-03-03T19:00,6.3,94,1.0,75,16.2
2026-03-03T20:00,5.7,42,0.0,75,14.9
2026-03-03T21:00,4.9,94,0.0,78,14.8
2026-03-03T22:00,5.1,100,0.0,75,14.9
2026-03-03T23:00,5.3,100,0.0,74,13.7
2026-03-04T00:00,4.6,100,0.0,77,12.5
2026-03-04T01:00,4.6,100,0.0,78,13.3
2026-03-04T02:00,4.7,100,0.0,78,13.5
2026-03-04T03:00,4.9,82,0.0,76,14.6
2026-03-04T04:00,3.9,84,0.0,79,14.6
2026-03-04T05:00,3.8,100,0.0,79,15.2
2026-03-04T06:00,4.0,85,0.0,79,14.9
2026-03-04T07:00,3.2,100,0.0,83,14.7
2026-03-04T08:00,3.1,96,15.0,83,15.2
2026-03-04T09:00,3.9,19,97.0,81,12.5
2026-03-04T10:00,4.9,79,265.0,76,16.0
2026-03-04T11:00,6.4,4,391.0,70,17.0
2026-03-04T12:00,7.8,0,471.0,66,18.1
2026-03-04T13:00,9.0,0,514.0,64,20.3
2026-03-04T14:00,9.9,0,504.0,61,21.1
2026-03-04T15:00,10.3,5,435.0,62,21.0
2026-03-04T16:00,10.3,100,341.0,63,21.3
2026-03-04T17:00,9.8,89,209.0,65,19.9
2026-03-04T18:00,8.8,39,76.0,68,19.1
2026-03-04T19:00,7.9,93,2.0,70,19.3
2026-03-04T20:00,7.2,99,0.0,71,18.9
2026-03-04T21:00,6.6,98,0.0,71,17.3
2026-03-04T22:00,6.0,97,0.0,70,16.6
2026-03-04T23:00,5.4,99,0.0,67,16.1
2026-03-05T00:00,4.8,99,0.0,66,15.7
2026-03-05T01:00,4.2,93,0.0,66,15.0
2026-03-05T02:00,3.6,53,0.0,67,14.7
2026-03-05T03:00,4.4,89,0.0,62,16.0
2026-03-05T04:00,3.9,95,0.0,64,15.7
2026-03-05T05:00,3.4,100,0.0,66,15.0
2026-03-05T06:00,2.9,100,0.0,67,15.7
2026-03-05T07:00,2.7,96,0.0,68,15.6
2026-03-05T08:00,2.8,56,21.0,68,15.7
2026-03-05T09:00,4.2,89,141.0,63,14.9
2026-03-05T10:00,5.9,86,284.0,58,14.5
2026-03-05T11:00,7.9,30,413.0,54,17.0
2026-03-05T12:00,9.9,79,500.0,47,18.1
2026-03-05T13:00,11.4,88,540.0,43,19.0
2026-03-05T14:00,12.5,69,529.0,39,18.3
2026-03-05T15:00,13.9,74,470.0,34,18.2
2026-03-05T16:00,13.6,68,367.0,34,17.9
2026-03-05T17:00,12.8,94,229.0,35,19.3
2026-03-05T18:00,11.5,96,84.0,39,18.3
2026-03-05T19:00,10.2,98,3.0,42,17.3
2026-03-05T20:00,9.4,83,0.0,44,17.6
2026-03-05T21:00,8.7,15,0.0,45,17.3
2026-03-05T22:00,8.0,44,0.0,48,16.9
2026-03-05T23:00,7.4,88,0.0,49,17.2
2026-03-06T00:00,6.9,96,0.0,50,17.0
2026-03-06T01:00,6.4,93,0.0,52,16.3
2026-03-06T02:00,5.9,1,0.0,53,15.7
2026-03-06T03:00,6.5,42,0.0,51,14.3
2026-03-06T04:00,5.8,1,0.0,52,13.8
2026-03-06T05:00,5.3,0,0.0,53,13.7
2026-03-06T06:00,4.8,0,0.0,53,12.8
2026-03-06T07:00,4.3,0,0.0,54,12.6
2026-03-06T08:00,4.4,0,25.0,56,12.1
2026-03-06T09:00,6.1,0,149.0,54,11.3
2026-03-06T10:00,8.3,0,296.0,52,8.6
2026-03-06T11:00,10.6,0,421.0,50,7.7
2026-03-06T12:00,12.8,0,508.0,48,7.4
2026-03-06T13:00,14.5,0,546.0,45,7.7
2026-03-06T14:00,15.8,0,533.0,42,8.5
2026-03-06T15:00,17.4,0,471.0,34,8.0
2026-03-06T16:00,17.2,0,367.0,38,6.5
2026-03-06T17:00,15.9,0,232.0,52,4.1
2026-03-06T18:00,13.2,0,89.0,58,4.3
2026-03-06T19:00,11.1,0,4.0,62,4.2
2026-03-06T20:00,9.5,0,0.0,70,5.2
2026-03-06T21:00,8.4,0,0.0,75,5.9
2026-03-06T22:00,8.1,0,0.0,76,7.0
2026-03-06T23:00,8.1,0,0.0,76,9.3
2026-03-07T00:00,7.7,0,0.0,76,10.3
2026-03-07T01:00,7.0,0,0.0,78,9.8
2026-03-07T02:00,6.0,0,0.0,80,8.4
2026-03-07T03:00,5.4,0,0.0,73,8.3
2026-03-07T04:00,4.7,0,0.0,76,7.6
2026-03-07T05:00,3.9,18,0.0,79,6.2
2026-03-07T06:00,3.0,0,0.0,82,5.3
2026-03-07T07:00,2.8,2,0.0,82,5.4
2026-03-07T08:00,3.4,2,27.0,81,6.1
2026-03-07T09:00,5.1,8,150.0,78,5.4
2026-03-07T10:00,7.6,96,292.0,73,2.9
2026-03-07T11:00,10.0,100,405.0,67,2.3
2026-03-07T12:00,11.9,100,452.0,63,2.4
2026-03-07T13:00,13.4,96,473.0,60,3.5
2026-03-07T14:00,14.2,49,452.0,59,4.0
2026-03-07T15:00,15.2,62,408.0,55,3.8
2026-03-07T16:00,15.3,2,355.0,54,4.6
2026-03-07T17:00,14.6,0,232.0,62,3.9
2026-03-07T18:00,12.0,0,92.0,71,4.4
2026-03-07T19:00,10.2,0,5.0,73,4.6
2026-03-07T20:00,8.8,0,0.0,77,4.8
2026-03-07T21:00,7.7,0,0.0,79,5.1
2026-03-07T22:00,7.0,0,0.0,80,5.7
2026-03-07T23:00,5.7,0,0.0,82,5.3
2026-03-08T00:00,4.8,0,0.0,84,5.4
2026-03-08T01:00,4.2,0,0.0,84,5.3
2026-03-08T02:00,3.4,0,0.0,86,5.1
2026-03-08T03:00,2.2,0,0.0,87,5.0
2026-03-08T04:00,1.6,0,0.0,88,4.6
2026-03-08T05:00,1.2,0,0.0,88,4.6
2026-03-08T06:00,1.0,0,0.0,88,4.8
2026-03-08T07:00,0.8,0,0.0,89,5.1
2026-03-08T08:00,1.5,0,30.0,88,5.4
2026-03-08T09:00,3.4,0,157.0,85,4.2
2026-03-08T10:00,6.1,0,301.0,78,2.4
2026-03-08T11:00,9.1,6,425.0,69,2.2
2026-03-08T12:00,11.9,8,511.0,60,2.5
2026-03-08T13:00,14.2,8,550.0,52,2.9
2026-03-08T14:00,15.7,7,537.0,45,3.4
2026-03-08T15:00,17.0,4,479.0,39,4.4
2026-03-08T16:00,17.0,0,376.0,39,4.9
2026-03-08T17:00,16.0,0,242.0,49,4.0
2026-03-08T18:00,13.2,0,97.0,57,5.6
2026-03-08T19:00,11.1,2,6.0,62,7.0
2026-03-08T20:00,10.0,96,0.0,64,7.9
2026-03-08T21:00,9.0,94,0.0,68,7.3
2026-03-08T22:00,7.6,0,0.0,73,7.3
2026-03-08T23:00,6.8,4,0.0,74,7.1
2026-03-09T00:00,6.2,0,0.0,74,6.5
2026-03-09T01:00,5.5,98,0.0,73,6.7
2026-03-09T02:00,4.6,44,0.0,74,5.6
2026-03-09T03:00,5.1,100,0.0,67,6.2
2026-03-09T04:00,4.5,100,0.0,69,6.1
2026-03-09T05:00,3.7,100,0.0,73,5.6
2026-03-09T06:00,3.0,100,0.0,76,5.8
2026-03-09T07:00,2.4,96,0.0,79,5.6
2026-03-09T08:00,2.4,100,31.0,79,6.9
2026-03-09T09:00,3.9,100,134.0,76,6.4
2026-03-09T10:00,6.0,100,257.0,68,3.6
2026-03-09T11:00,8.5,100,378.0,63,3.2
2026-03-09T12:00,10.6,100,416.0,58,3.7
2026-03-09T13:00,12.3,100,435.0,54,4.3
2026-03-09T14:00,13.6,100,417.0,51,4.4
2026-03-09T15:00,15.5,100,341.0,43,4.9
2026-03-09T16:00,15.8,100,273.0,43,4.9
2026-03-09T17:00,14.7,100,136.0,55,4.0
2026-03-09T18:00,13.5,100,62.0,55,6.7
2026-03-09T19:00,12.2,100,5.0,61,9.4
2026-03-09T20:00,10.9,100,0.0,66,9.4
2026-03-09T21:00,9.8,100,0.0,69,8.8
2026-03-09T22:00,9.4,100,0.0,69,9.1
2026-03-09T23:00,8.6,100,0.0,71,9.0
2026-03-10T00:00,8.4,96,0.0,71,9.5
2026-03-10T01:00,7.8,67,0.0,73,8.2
2026-03-10T02:00,6.4,98,0.0,78,8.4
2026-03-10T03:00,7.9,99,0.0,68,9.7
2026-03-10T04:00,7.0,99,0.0,71,7.7
2026-03-10T05:00,6.0,98,0.0,74,8.5
2026-03-10T06:00,5.3,100,0.0,77,8.1
2026-03-10T07:00,4.6,100,0.0,79,7.8
2026-03-10T08:00,4.9,100,28.0,78,9.1
2026-03-10T09:00,6.5,96,129.0,76,10.1
2026-03-10T10:00,9.2,50,289.0,67,7.1
2026-03-10T11:00,12.3,19,418.0,59,7.1
2026-03-10T12:00,15.2,3,507.0,53,8.2
2026-03-10T13:00,17.2,7,545.0,47,9.3
2026-03-10T14:00,18.4,8,533.0,42,11.9
2026-03-10T15:00,19.7,21,475.0,35,12.5
2026-03-10T16:00,19.5,100,373.0,36,12.4
2026-03-10T17:00,18.0,100,196.0,38,12.9
2026-03-10T18:00,15.7,100,60.0,47,10.8
2026-03-10T19:00,14.2,100,4.0,58,9.4
2026-03-10T20:00,13.2,74,0.0,65,8.2
2026-03-10T21:00,11.8,92,0.0,71,8.5
2026-03-10T22:00,10.9,97,0.0,77,6.0
2026-03-10T23:00,10.5,100,0.0,79,6.1
2026-03-11T00:00,9.8,79,0.0,79,10.8
2026-03-11T01:00,9.4,99,0.0,77,12.4
2026-03-11T02:00,9.8,100,0.0,77,13.0
2026-03-11T03:00,10.2,100,0.0,69,11.4
2026-03-11T04:00,9.5,100,0.0,74,11.0
2026-03-11T05:00,8.9,100,0.0,78,11.5
2026-03-11T06:00,8.2,100,0.0,79,12.2
2026-03-11T07:00,7.6,100,0.0,79,12.3
2026-03-11T08:00,7.5,2,30.0,79,13.4
2026-03-11T09:00,8.2,100,165.0,76,12.0
2026-03-11T10:00,9.4,100,302.0,70,11.6
2026-03-11T11:00,10.8,30,424.0,64,12.6
2026-03-11T12:00,12.2,51,522.0,59,15.1
2026-03-11T13:00,13.2,100,555.0,56,16.1
2026-03-11T14:00,13.7,100,472.0,54,14.2
2026-03-11T15:00,13.5,31,178.0,54,11.1
2026-03-11T16:00,14.2,88,384.0,49,11.8
2026-03-11T17:00,13.7,68,250.0,52,8.7
2026-03-11T18:00,11.7,100,105.0,65,5.0
2026-03-11T19:00,9.8,100,8.0,71,5.2
2026-03-11T20:00,8.8,100,0.0,75,4.5
2026-03-11T21:00,8.0,100,0.0,79,4.9
2026-03-11T22:00,7.2,100,0.0,82,4.9
2026-03-11T23:00,6.3,100,0.0,88,4.4
2026-03-12T00:00,5.4,100,0.0,91,2.4
2026-03-12T01:00,5.0,100,0.0,93,3.6
2026-03-12T02:00,4.4,100,0.0,95,3.4
2026-03-12T03:00,5.4,100,0.0,90,0.0
2026-03-12T04:00,4.6,100,0.0,92,0.5
2026-03-12T05:00,4.1,100,0.0,94,2.6
2026-03-12T06:00,3.8,86,0.0,94,4.6
2026-03-12T07:00,3.9,5,0.0,95,6.2
2026-03-12T08:00,4.8,16,41.0,97,8.3
2026-03-12T09:00,6.6,70,167.0,93,6.3
2026-03-12T10:00,8.8,93,309.0,86,4.5
2026-03-12T11:00,10.7,99,425.0,80,5.4
2026-03-12T12:00,12.3,99,499.0,74,5.0
2026-03-12T13:00,13.7,13,541.0,67,4.5
2026-03-12T14:00,14.6,91,540.0,61,6.0
2026-03-12T15:00,15.0,97,475.0,60,7.7
2026-03-12T16:00,15.0,55,327.0,57,9.0
2026-03-12T17:00,14.5,93,209.0,59,8.3
2026-03-12T18:00,13.0,100,80.0,68,5.7
2026-03-12T19:00,12.0,100,8.0,71,7.9
2026-03-12T20:00,11.3,100,0.0,72,9.8
2026-03-12T21:00,10.7,100,0.0,72,11.2
2026-03-12T22:00,10.2,100,0.0,77,14.2
2026-03-12T23:00,8.7,100,0.0,93,8.2
2026-03-13T00:00,8.5,100,0.0,95,7.0
2026-03-13T01:00,8.1,100,0.0,97,10.1
2026-03-13T02:00,7.5,100,0.0,97,9.9
2026-03-13T03:00,9.3,100,0.0,92,11.7
2026-03-13T04:00,9.4,100,0.0,91,10.1
2026-03-13T05:00,8.2,100,0.0,95,9.2
2026-03-13T06:00,7.9,100,0.0,96,8.8
2026-03-13T07:00,7.7,100,0.0,96,8.2
2026-03-13T08:00,8.2,100,27.0,94,10.1
2026-03-13T09:00,8.9,100,88.0,92,6.6
2026-03-13T10:00,9.6,100,116.0,91,6.0
2026-03-13T11:00,10.0,100,91.0,91,4.8
2026-03-13T12:00,11.0,100,153.0,87,3.4
2026-03-13T13:00,11.2,100,94.0,87,4.4
2026-03-13T14:00,12.2,100,205.0,85,3.8
2026-03-13T15:00,10.4,100,59.0,97,7.3
2026-03-13T16:00,10.1,100,27.0,98,8.1
2026-03-13T17:00,9.9,100,29.0,99,6.7
2026-03-13T18:00,9.6,100,13.0,99,7.6
2026-03-13T19:00,9.2,100,3.0,99,11.9
2026-03-13T20:00,8.9,100,0.0,99,10.8
2026-03-13T21:00,8.4,100,0.0,99,13.0
2026-03-13T22:00,6.5,100,0.0,95,17.4
2026-03-13T23:00,4.5,100,0.0,96,21.9
2026-03-14T00:00,2.0,100,0.0,100,21.0
2026-03-14T01:00,1.6,100,0.0,100,23.4
2026-03-14T02:00,1.4,100,0.0,100,19.4
2026-03-14T03:00,1.6,100,0.0,96,17.1
2026-03-14T04:00,1.8,100,0.0,96,15.3
2026-03-14T05:00,2.2,100,0.0,93,13.0
2026-03-14T06:00,2.2,100,0.0,93,11.4
2026-03-14T07:00,2.1,100,0.0,95,10.0
2026-03-14T08:00,2.3,100,22.0,93,9.7
2026-03-14T09:00,2.8,96,80.0,85,9.6
2026-03-14T10:00,3.3,100,150.0,75,7.2
2026-03-14T11:00,4.0,100,195.0,71,3.2
2026-03-14T12:00,4.6,100,236.0,68,1.0
2026-03-14T13:00,5.3,100,280.0,66,0.8
2026-03-14T14:00,5.5,100,230.0,65,1.7
2026-03-14T15:00,6.3,100,265.0,58,4.9
2026-03-14T16:00,6.3,100,217.0,57,5.9
2026-03-14T17:00,5.8,100,71.0,58,4.4
2026-03-14T18:00,5.5,100,41.0,63,3.7
2026-03-14T19:00,4.8,100,2.0,66,6.7
2026-03-14T20:00,3.7,100,0.0,79,9.4
2026-03-14T21:00,2.9,100,0.0,87,11.1
2026-03-14T22:00,2.4,100,0.0,87,12.3
2026-03-14T23:00,1.7,100,0.0,90,10.3
2026-03-15T00:00,1.5,100,0.0,90,9.2
2026-03-15T01:00,1.1,75,0.0,89,9.7
2026-03-15T02:00,0.4,60,0.0,90,9.7
2026-03-15T03:00,0.4,33,0.0,92,8.6
2026-03-15T04:00,-0.1,0,0.0,92,9.2
2026-03-15T05:00,-0.5,12,0.0,92,9.8
2026-03-15T06:00,-0.9,46,0.0,91,8.3
2026-03-15T07:00,-1.3,58,0.0,92,8.3
2026-03-15T08:00,-0.7,80,55.0,91,8.6
2026-03-15T09:00,0.8,2,193.0,84,7.8
2026-03-15T10:00,2.5,76,342.0,75,8.2
2026-03-15T11:00,4.1,61,465.0,63,10.1
2026-03-15T12:00,5.2,6,555.0,56,10.6
2026-03-15T13:00,5.9,2,593.0,51,10.1
2026-03-15T14:00,6.4,27,583.0,46,10.8
2026-03-15T15:00,6.4,50,461.0,46,9.0
2026-03-15T16:00,6.7,86,410.0,43,7.9
2026-03-15T17:00,6.5,89,275.0,43,9.2
2026-03-15T18:00,5.4,62,126.0,50,7.3
2026-03-15T19:00,3.5,0,15.0,61,6.2
2026-03-15T20:00,2.5,13,0.0,67,5.4
2026-03-15T21:00,1.8,37,0.0,69,7.3
2026-03-15T22:00,1.1,0,0.0,69,8.5
2026-03-15T23:00,0.4,0,0.0,70,8.5
2026-03-16T00:00,-0.4,0,0.0,73,6.9
2026-03-16T01:00,-1.2,0,0.0,77,5.0
2026-03-16T02:00,-1.9,0,0.0,80,4.1
2026-03-16T03:00,-2.3,0,0.0,83,2.8
2026-03-16T04:00,-2.5,0,0.0,85,1.4
2026-03-16T05:00,-2.7,0,0.0,87,0.6
2026-03-16T06:00,-2.8,0,0.0,90,0.0
2026-03-16T07:00,-3.3,0,0.0,95,2.4
2026-03-16T08:00,-1.7,0,64.0,85,4.7
2026-03-16T09:00,0.9,0,210.0,66,3.1
2026-03-16T10:00,3.4,0,362.0,56,3.8
2026-03-16T11:00,4.9,0,488.0,48,6.1
2026-03-16T12:00,5.9,0,574.0,45,6.8
2026-03-16T13:00,6.5,0,611.0,43,7.2
2026-03-16T14:00,7.1,1,597.0,41,7.9
2026-03-16T15:00,7.4,4,534.0,37,8.5
2026-03-16T16:00,7.3,40,425.0,39,10.0
2026-03-16T17:00,6.8,43,257.0,45,9.4
2026-03-16T18:00,5.2,40,128.0,55,6.2
2026-03-16T19:00,3.7,93,15.0,60,7.4
2026-03-16T20:00,3.4,95,0.0,63,9.2
2026-03-16T21:00,2.9,32,0.0,67,7.8
2026-03-16T22:00,1.8,100,0.0,70,10.0
2026-03-16T23:00,2.2,100,0.0,68,9.9
2026-03-17T00:00,2.3,100,0.0,72,10.7
2026-03-17T01:00,1.6,100,0.0,84,11.1
2026-03-17T02:00,0.9,100,0.0,97,13.0
2026-03-17T03:00,0.1,100,0.0,87,17.9
2026-03-17T04:00,-0.1,100,0.0,82,16.2
2026-03-17T05:00,-0.3,100,0.0,74,15.7
2026-03-17T06:00,-1.4,19,0.0,70,15.1
2026-03-17T07:00,-2.2,0,1.0,71,14.9
2026-03-17T08:00,-1.6,0,69.0,70,13.1
2026-03-17T09:00,-0.5,0,218.0,65,14.8
2026-03-17T10:00,0.8,47,367.0,51,21.2
2026-03-17T11:00,1.3,30,454.0,48,21.2
2026-03-17T12:00,2.4,1,528.0,46,18.2
2026-03-17T13:00,3.1,25,612.0,36,17.6
2026-03-17T14:00,3.5,0,575.0,29,16.1
2026-03-17T15:00,3.1,3,530.0,32,14.7
2026-03-17T16:00,3.3,0,435.0,30,14.6
2026-03-17T17:00,2.8,1,294.0,31,14.9
2026-03-17T18:00,1.9,0,139.0,35,11.5
2026-03-17T19:00,0.2,0,19.0,45,7.3
2026-03-17T20:00,-0.6,0,0.0,51,7.6
2026-03-17T21:00,-1.3,0,0.0,55,7.2
2026-03-17T22:00,-1.9,0,0.0,61,5.1
2026-03-17T23:00,-2.2,0,0.0,64,6.8
2026-03-18T00:00,-2.7,0,0.0,66,6.8
2026-03-18T01:00,-3.0,0,0.0,69,6.9
2026-03-18T02:00,-3.3,0,0.0,73,6.0
2026-03-18T03:00,-3.5,0,0.0,77,4.8
2026-03-18T04:00,-3.8,0,0.0,80,7.6
2026-03-18T05:00,-4.0,0,0.0,80,8.7
2026-03-18T06:00,-4.1,0,0.0,80,10.3
2026-03-18T07:00,-4.0,63,1.0,78,11.8
2026-03-18T08:00,-2.7,99,70.0,71,11.1
2026-03-18T09:00,-0.8,100,187.0,60,13.0
2026-03-18T10:00,0.6,100,187.0,54,14.0
2026-03-18T11:00,1.6,99,199.0,52,15.0
2026-03-18T12:00,2.8,71,221.0,50,16.1
2026-03-18T13:00,4.9,5,486.0,44,18.0
2026-03-18T14:00,6.3,98,588.0,42,19.6
2026-03-18T15:00,6.5,97,372.0,40,18.9
2026-03-18T16:00,6.3,76,261.0,42,17.3
2026-03-18T17:00,6.1,10,249.0,45,15.6
2026-03-18T18:00,4.9,0,133.0,47,13.7
2026-03-18T19:00,3.0,0,20.0,53,12.1
2026-03-18T20:00,1.9,6,0.0,56,12.4
2026-03-18T21:00,1.2,77,0.0,57,12.8
2026-03-18T22:00,0.7,12,0.0,58,12.4
2026-03-18T23:00,0.0,0,0.0,60,11.5
2026-03-19T00:00,-0.6,0,0.0,62,10.5
2026-03-19T01:00,-1.0,0,0.0,66,9.7
2026-03-19T02:00,-1.3,0,0.0,69,9.6
2026-03-19T03:00,-0.6,0,0.0,72,9.8
2026-03-19T04:00,-1.0,0,0.0,73,9.7
2026-03-19T05:00,-1.4,0,0.0,73,10.0
2026-03-19T06:00,-1.8,0,0.0,72,9.7
2026-03-19T07:00,-2.0,0,2.0,71,10.0
2026-03-19T08:00,-1.0,0,76.0,69,9.0
2026-03-19T09:00,0.9,0,224.0,62,9.1
2026-03-19T10:00,3.1,0,375.0,54,9.1
2026-03-19T11:00,5.2,0,499.0,48,9.7
2026-03-19T12:00,6.9,0,585.0,41,11.1
2026-03-19T13:00,8.1,0,623.0,34,13.3
2026-03-19T14:00,8.8,0,610.0,34,13.2
2026-03-19T15:00,9.4,0,546.0,34,13.3
2026-03-19T16:00,9.3,0,439.0,36,12.7
2026-03-19T17:00,8.8,0,299.0,38,12.0
2026-03-19T18:00,7.7,0,146.0,45,9.0
2026-03-19T19:00,5.6,0,23.0,54,7.9
2026-03-19T20:00,4.7,0,0.0,58,7.7
2026-03-19T21:00,3.8,0,0.0,62,8.3
2026-03-19T22:00,3.0,0,0.0,64,8.8
2026-03-19T23:00,2.2,0,0.0,66,8.3
2026-03-20T00:00,1.4,0,0.0,69,7.5
2026-03-20T01:00,0.7,0,0.0,71,6.7
2026-03-20T02:00,0.2,0,0.0,73,6.5
2026-03-20T03:00,0.3,0,0.0,68,6.7
2026-03-20T04:00,-0.1,0,0.0,70,6.5
2026-03-20T05:00,-0.4,0,0.0,71,6.9
2026-03-20T06:00,-0.8,0,0.0,73,6.7
2026-03-20T07:00,-0.9,0,3.0,75,6.9
2026-03-20T08:00,0.3,0,83.0,73,8.5
2026-03-20T09:00,2.5,0,234.0,67,5.8
2026-03-20T10:00,5.0,0,384.0,61,5.2
2026-03-20T11:00,7.3,0,508.0,57,6.1
2026-03-20T12:00,9.3,0,592.0,51,7.1
2026-03-20T13:00,10.8,0,629.0,44,7.8
2026-03-20T14:00,11.7,0,615.0,39,8.3
2026-03-20T15:00,13.0,0,551.0,35,8.7
2026-03-20T16:00,12.9,0,444.0,35,8.8
2026-03-20T17:00,12.4,0,304.0,38,8.0
2026-03-20T18:00,10.6,0,149.0,51,5.5
2026-03-20T19:00,8.5,0,24.0,58,6.6
2026-03-20T20:00,7.5,0,0.0,60,7.0
2026-03-20T21:00,6.7,0,0.0,61,7.6
2026-03-20T22:00,5.8,0,0.0,64,7.8
2026-03-20T23:00,4.9,0,0.0,67,7.3
2026-03-21T00:00,4.2,0,0.0,69,8.4
2026-03-21T01:00,3.4,0,0.0,72,8.1
2026-03-21T02:00,2.6,0,0.0,75,7.8
2026-03-21T03:00,2.6,0,0.0,68,7.5
2026-03-21T04:00,2.0,10,0.0,71,7.1
2026-03-21T05:00,1.1,0,0.0,75,5.4
2026-03-21T06:00,0.1,3,0.0,79,4.3
2026-03-21T07:00,0.2,12,3.0,79,5.0
2026-03-21T08:00,1.6,16,85.0,77,6.2
2026-03-21T09:00,3.8,5,233.0,72,3.5
2026-03-21T10:00,6.4,9,380.0,66,3.0
2026-03-21T11:00,8.9,15,503.0,60,2.8
2026-03-21T12:00,11.1,42,585.0,55,2.2
2026-03-21T13:00,12.8,81,610.0,50,3.2
2026-03-21T14:00,13.9,89,586.0,44,4.2
2026-03-21T15:00,15.2,9,510.0,35,2.3
2026-03-21T16:00,15.4,94,432.0,34,1.5
2026-03-21T17:00,15.0,100,248.0,40,2.5
2026-03-21T18:00,13.2,100,91.0,51,4.5
2026-03-21T19:00,11.5,99,14.0,57,5.9
2026-03-21T20:00,10.4,96,0.0,62,5.3
2026-03-21T21:00,9.2,58,0.0,65,5.2
2026-03-21T22:00,8.6,3,0.0,62,13.6
2026-03-21T23:00,7.1,2,0.0,63,12.0
2026-03-22T00:00,6.1,3,0.0,65,11.7
2026-03-22T01:00,5.3,3,0.0,67,11.5
2026-03-22T02:00,4.5,11,0.0,69,12.4
2026-03-22T03:00,4.1,7,0.0,67,11.7
2026-03-22T04:00,3.5,46,0.0,69,11.2
2026-03-22T05:00,3.2,92,0.0,70,11.6
2026-03-22T06:00,2.8,87,0.0,71,12.0
2026-03-22T07:00,2.3,90,3.0,74,12.0
2026-03-22T08:00,2.6,44,56.0,75,10.3
2026-03-22T09:00,3.7,37,176.0,72,10.4
2026-03-22T10:00,5.6,84,334.0,66,10.3
2026-03-22T11:00,6.5,21,295.0,65,10.6
2026-03-22T12:00,8.4,46,525.0,64,13.0
2026-03-22T13:00,10.0,15,489.0,57,11.4
2026-03-22T14:00,12.7,36,608.0,50,14.1
2026-03-22T15:00,13.5,32,467.0,39,19.4
2026-03-22T16:00,14.0,83,414.0,37,18.7
2026-03-22T17:00,13.2,79,193.0,39,16.8
2026-03-22T18:00,12.4,85,99.0,41,15.3
2026-03-22T19:00,11.1,68,19.0,46,14.8
2026-03-22T20:00,10.2,6,0.0,46,18.4
2026-03-22T21:00,9.6,0,0.0,46,20.0
2026-03-22T22:00,8.9,1,0.0,48,19.6
2026-03-22T23:00,8.3,0,0.0,50,18.5
2026-03-23T00:00,7.6,0,0.0,53,18.2
2026-03-23T01:00,7.1,0,0.0,56,18.0
2026-03-23T02:00,6.5,0,0.0,58,17.1
2026-03-23T03:00,6.5,0,0.0,60,16.8
2026-03-23T04:00,5.9,0,0.0,62,16.4
2026-03-23T05:00,5.4,0,0.0,63,16.4
2026-03-23T06:00,4.9,0,0.0,66,15.8
2026-03-23T07:00,4.6,2,5.0,67,16.5
2026-03-23T08:00,5.5,93,94.0,66,15.7
2026-03-23T09:00,6.7,99,237.0,64,13.6
2026-03-23T10:00,8.2,51,357.0,60,15.6
2026-03-23T11:00,9.9,1,508.0,56,17.1
2026-03-23T12:00,11.4,0,592.0,54,17.5
2026-03-23T13:00,12.6,5,628.0,51,17.8
2026-03-23T14:00,13.2,56,606.0,50,19.1
2026-03-23T15:00,13.3,93,534.0,47,20.4
2026-03-23T16:00,12.4,100,330.0,50,19.7
2026-03-23T17:00,11.4,100,94.0,55,16.7
2026-03-23T18:00,10.2,100,20.0,61,15.4
2026-03-23T19:00,8.9,100,4.0,69,16.4
2026-03-23T20:00,7.6,100,0.0,79,16.6
2026-03-23T21:00,6.9,100,0.0,88,16.4
2026-03-23T22:00,6.5,100,0.0,91,15.8
2026-03-23T23:00,6.2,100,0.0,93,13.2
2026-03-24T00:00,5.9,100,0.0,96,13.0
2026-03-24T01:00,5.8,100,0.0,97,12.0
2026-03-24T02:00,5.7,100,0.0,97,10.2
2026-03-24T03:00,5.6,100,0.0,97,9.2
2026-03-24T04:00,5.6,100,0.0,97,8.6
2026-03-24T05:00,5.6,100,0.0,97,7.3
2026-03-24T06:00,5.5,100,0.0,98,7.6
2026-03-24T07:00,5.4,100,1.0,97,9.2
2026-03-24T08:00,5.4,100,14.0,96,7.9
2026-03-24T09:00,5.7,100,47.0,94,7.3
2026-03-24T10:00,6.6,100,141.0,90,7.9
2026-03-24T11:00,7.8,100,227.0,84,6.2
2026-03-24T12:00,8.6,100,237.0,79,5.5
2026-03-24T13:00,9.6,100,279.0,73,7.6
2026-03-24T14:00,10.5,100,326.0,69,9.3
2026-03-24T15:00,8.4,100,246.0,72,6.6
2026-03-24T16:00,8.3,100,123.0,73,4.5
2026-03-24T17:00,8.2,100,92.0,73,6.4
2026-03-24T18:00,8.0,100,63.0,72,8.0
2026-03-24T19:00,7.5,100,13.0,76,5.3
2026-03-24T20:00,7.1,100,0.0,82,2.6
2026-03-24T21:00,6.9,99,0.0,81,3.2
2026-03-24T22:00,6.5,64,0.0,84,1.7
2026-03-24T23:00,5.9,100,0.0,83,0.4
2026-03-25T00:00,5.8,95,0.0,85,0.7
2026-03-25T01:00,5.4,100,0.0,88,0.9
2026-03-25T02:00,4.9,88,0.0,91,1.2
2026-03-25T03:00,2.1,0,0.0,98,4.5
2026-03-25T04:00,1.7,12,0.0,95,6.2
2026-03-25T05:00,1.2,0,0.0,95,5.3
2026-03-25T06:00,0.8,2,0.0,95,5.2
2026-03-25T07:00,0.7,3,8.0,97,5.5
2026-03-25T08:00,2.0,0,104.0,95,5.0
2026-03-25T09:00,4.5,0,256.0,88,3.6
2026-03-25T10:00,7.1,0,405.0,76,4.2
2026-03-25T11:00,9.0,0,527.0,64,5.2
2026-03-25T12:00,10.4,0,607.0,58,5.9
2026-03-25T13:00,11.7,17,641.0,53,7.2
2026-03-25T14:00,12.7,88,619.0,47,10.8
2026-03-25T15:00,12.0,100,377.0,51,10.1
2026-03-25T16:00,11.4,74,133.0,55,9.0
2026-03-25T17:00,11.7,75,213.0,54,9.4
2026-03-25T18:00,11.3,26,122.0,61,5.1
2026-03-25T19:00,9.2,2,32.0,71,4.0
2026-03-25T20:00,8.4,0,0.0,74,5.8
2026-03-25T21:00,7.7,0,0.0,74,9.3
2026-03-25T22:00,7.0,1,0.0,72,9.7
2026-03-25T23:00,6.3,14,0.0,73,8.7
2026-03-26T00:00,6.0,100,0.0,71,9.3
2026-03-26T01:00,5.9,100,0.0,69,10.1
2026-03-26T02:00,5.4,46,0.0,71,9.6
2026-03-26T03:00,5.5,91,0.0,69,10.2
2026-03-26T04:00,5.2,45,0.0,69,9.2
2026-03-26T05:00,4.7,77,0.0,71,8.7
2026-03-26T06:00,4.3,100,0.0,73,8.5
2026-03-26T07:00,4.3,100,8.0,75,7.1
2026-03-26T08:00,5.1,100,83.0,76,6.4
2026-03-26T09:00,7.0,99,220.0,70,5.1
2026-03-26T10:00,9.3,100,376.0,65,5.2
2026-03-26T11:00,11.4,100,485.0,62,5.8
2026-03-26T12:00,12.7,100,505.0,62,7.5
2026-03-26T13:00,13.1,100,496.0,63,8.6
2026-03-26T14:00,13.0,100,375.0,63,7.1
2026-03-26T15:00,12.6,100,298.0,66,5.6
2026-03-26T16:00,11.2,100,104.0,76,7.7
2026-03-26T17:00,10.6,100,107.0,83,7.1
2026-03-26T18:00,10.1,100,50.0,87,6.1
2026-03-26T19:00,9.5,100,11.0,88,6.7
2026-03-26T20:00,8.9,100,0.0,89,7.8
2026-03-26T21:00,8.3,100,0.0,89,8.1
2026-03-26T22:00,7.8,100,0.0,89,8.6
2026-03-26T23:00,7.7,100,0.0,89,8.4
2026-03-27T00:00,7.6,100,0.0,91,7.6
2026-03-27T01:00,7.3,100,0.0,93,8.4
2026-03-27T02:00,7.1,100,0.0,95,8.7
2026-03-27T03:00,7.5,100,0.0,92,9.2
2026-03-27T04:00,7.2,100,0.0,91,9.2
2026-03-27T05:00,6.9,100,0.0,90,8.5
2026-03-27T06:00,6.5,98,0.0,89,7.7
2026-03-27T07:00,6.2,100,6.0,90,7.8
2026-03-27T08:00,6.6,100,55.0,87,7.3
2026-03-27T09:00,7.2,100,94.0,84,8.4
2026-03-27T10:00,8.2,100,188.0,79,8.7
2026-03-27T11:00,8.1,100,130.0,78,7.6
2026-03-27T12:00,8.2,100,142.0,79,7.7
2026-03-27T13:00,9.1,100,233.0,73,7.2
2026-03-27T14:00,9.8,100,282.0,68,6.2
2026-03-27T15:00,9.4,100,224.0,63,6.0
2026-03-27T16:00,9.5,99,223.0,61,5.1
2026-03-27T17:00,9.5,100,174.0,61,4.3
2026-03-27T18:00,9.0,100,79.0,63,4.2
2026-03-27T19:00,8.3,100,18.0,75,2.4
2026-03-27T20:00,8.1,51,0.0,75,1.7
2026-03-27T21:00,7.1,100,0.0,78,1.9
2026-03-27T22:00,7.1,95,0.0,79,3.9
2026-03-27T23:00,6.8,82,0.0,78,6.1
2026-03-28T00:00,6.7,23,0.0,75,6.2
2026-03-28T01:00,5.9,16,0.0,75,5.6
2026-03-28T02:00,4.8,6,0.0,79,4.8
2026-03-28T03:00,2.3,0,0.0,92,2.0
2026-03-28T04:00,1.7,0,0.0,94,2.3
2026-03-28T05:00,1.5,0,0.0,95,0.4
2026-03-28T06:00,1.2,0,0.0,98,0.4
2026-03-28T07:00,1.1,96,13.0,100,2.3
2026-03-28T08:00,2.9,0,115.0,95,4.7
2026-03-28T09:00,6.0,0,274.0,82,3.7
2026-03-28T10:00,8.5,0,422.0,69,5.4
2026-03-28T11:00,10.0,0,544.0,60,6.8
2026-03-28T12:00,11.0,1,625.0,58,5.4
2026-03-28T13:00,12.0,0,660.0,56,5.5
2026-03-28T14:00,13.0,0,645.0,54,6.7
2026-03-28T15:00,13.6,0,581.0,50,8.0
2026-03-28T16:00,13.8,0,475.0,49,9.4
2026-03-28T17:00,13.6,0,335.0,50,10.2
2026-03-28T18:00,12.6,0,179.0,57,8.6
2026-03-28T19:00,10.6,0,43.0,67,7.3
2026-03-28T20:00,9.4,0,0.0,73,7.9
2026-03-28T21:00,8.6,0,0.0,77,9.8
2026-03-28T22:00,8.0,0,0.0,79,11.0
2026-03-28T23:00,7.6,0,0.0,78,11.9
2026-03-29T00:00,7.2,0,0.0,79,11.8
2026-03-29T01:00,6.9,0,0.0,79,11.7
2026-03-29T02:00,6.6,0,0.0,79,11.5
2026-03-29T03:00,6.7,16,0.0,77,12.1
2026-03-29T04:00,6.3,16,0.0,79,12.2
2026-03-29T05:00,6.0,66,0.0,80,12.6
2026-03-29T06:00,5.6,57,0.0,80,12.7
2026-03-29T07:00,5.7,63,15.0,79,12.9
2026-03-29T08:00,6.9,28,120.0,75,10.1
2026-03-29T09:00,8.8,8,278.0,68,11.7
2026-03-29T10:00,10.7,4,425.0,62,12.0
2026-03-29T11:00,12.7,1,547.0,57,11.9
2026-03-29T12:00,14.3,22,629.0,52,13.2
2026-03-29T13:00,15.1,32,662.0,47,14.8
2026-03-29T14:00,15.5,16,646.0,46,14.6
2026-03-29T15:00,16.3,0,583.0,42,14.5
2026-03-29T16:00,16.1,0,475.0,43,14.3
2026-03-29T17:00,15.7,3,336.0,45,13.7
2026-03-29T18:00,14.7,18,182.0,50,10.9
2026-03-29T19:00,12.5,30,46.0,58,7.9
2026-03-29T20:00,11.2,4,0.0,64,7.7
2026-03-29T21:00,10.1,1,0.0,67,7.7
2026-03-29T22:00,9.3,7,0.0,69,7.3
2026-03-29T23:00,8.5,1,0.0,71,8.0
2026-03-30T00:00,7.9,1,0.0,73,7.6
2026-03-30T01:00,7.4,0,0.0,74,8.6
2026-03-30T02:00,6.9,7,0.0,75,8.9
2026-03-30T03:00,6.1,0,0.0,76,8.6
2026-03-30T04:00,5.5,0,0.0,77,8.2
2026-03-30T05:00,4.9,0,0.0,80,7.2
2026-03-30T06:00,4.3,3,0.0,82,7.1
2026-03-30T07:00,4.2,17,17.0,83,7.5
2026-03-30T08:00,5.4,10,131.0,81,7.8
2026-03-30T09:00,7.6,94,284.0,75,4.8
2026-03-30T10:00,10.4,93,422.0,66,4.3
2026-03-30T11:00,12.9,24,523.0,59,5.2
2026-03-30T12:00,14.8,77,621.0,52,7.5
2026-03-30T13:00,15.9,71,622.0,44,9.7
2026-03-30T14:00,16.5,100,610.0,40,13.5
2026-03-30T15:00,15.8,100,262.0,41,12.2
2026-03-30T16:00,16.0,100,267.0,40,12.9
2026-03-30T17:00,13.6,100,133.0,59,11.4
2026-03-30T18:00,11.6,100,45.0,74,7.4
2026-03-30T19:00,10.2,100,8.0,85,9.8
2026-03-30T20:00,9.1,100,0.0,94,8.1
2026-03-30T21:00,8.9,100,0.0,93,2.8
2026-03-30T22:00,8.7,100,0.0,88,1.1
2026-03-30T23:00,8.7,100,0.0,89,0.4
2026-03-31T00:00,8.2,100,0.0,93,2.3
2026-03-31T01:00,8.0,100,0.0,95,2.3
2026-03-31T02:00,7.7,100,0.0,97,2.6
2026-03-31T03:00,6.2,100,0.0,92,2.4
2026-03-31T04:00,6.4,100,0.0,95,3.0
2026-03-31T05:00,5.5,95,0.0,95,1.2
2026-03-31T06:00,4.6,95,0.0,98,1.0
2026-03-31T07:00,4.9,98,15.0,100,1.4
2026-03-31T08:00,6.3,98,89.0,96,3.5
2026-03-31T09:00,7.7,100,174.0,86,3.7
2026-03-31T10:00,8.9,99,243.0,73,3.2
2026-03-31T11:00,9.9,100,330.0,67,6.7
2026-03-31T12:00,10.5,99,343.0,63,11.4
2026-03-31T13:00,11.1,100,433.0,58,11.8
2026-03-31T14:00,11.0,100,439.0,54,12.1
2026-03-31T15:00,12.2,98,389.0,49,13.6
2026-03-31T16:00,11.6,100,259.0,55,14.2
2026-03-31T17:00,10.9,100,134.0,60,12.5
2026-03-31T18:00,10.5,100,94.0,61,12.2
2026-03-31T19:00,9.4,100,21.0,71,11.5
2026-03-31T20:00,8.6,100,0.0,78,11.2
2026-03-31T21:00,8.1,100,0.0,81,11.4
2026-03-31T22:00,7.6,100,0.0,83,11.9
2026-03-31T23:00,7.3,100,0.0,84,11.9
2026-04-01T00:00,7.0,100,0.0,85,11.9
2026-04-01T01:00,6.5,100,0.0,88,12.2
2026-04-01T02:00,6.3,100,0.0,90,12.0
2026-04-01T03:00,6.4,100,0.0,89,11.6
2026-04-01T04:00,6.3,100,0.0,88,11.5
2026-04-01T05:00,6.1,99,0.0,88,11.7
2026-04-01T06:00,5.7,100,0.0,90,11.9
2026-04-01T07:00,5.4,99,16.0,91,12.1
2026-04-01T08:00,6.2,96,108.0,87,13.4
2026-04-01T09:00,7.3,53,211.0,81,14.2
2026-04-01T10:00,9.3,32,375.0,72,13.0
2026-04-01T11:00,10.8,14,534.0,68,11.9
2026-04-01T12:00,12.3,29,623.0,63,12.3
2026-04-01T13:00,13.4,69,629.0,60,13.1
2026-04-01T14:00,14.1,97,623.0,56,15.1
2026-04-01T15:00,13.4,100,423.0,60,12.5
2026-04-01T16:00,13.4,100,329.0,57,15.0
2026-04-01T17:00,13.4,100,167.0,56,15.0
2026-04-01T18:00,12.6,100,34.0,60,11.9
2026-04-01T19:00,12.0,100,12.0,64,9.9
2026-04-01T20:00,11.7,100,0.0,65,12.8
2026-04-01T21:00,11.1,100,0.0,68,13.7
2026-04-01T22:00,10.3,100,0.0,71,14.6
2026-04-01T23:00,9.4,100,0.0,74,14.4
2026-04-02T00:00,8.4,99,0.0,77,13.9
2026-04-02T01:00,7.6,87,0.0,78,13.1
2026-04-02T02:00,7.3,99,0.0,77,12.5
2026-04-02T03:00,7.6,100,0.0,76,12.5
2026-04-02T04:00,7.2,100,0.0,77,12.8
2026-04-02T05:00,6.7,100,0.0,78,12.7
2026-04-02T06:00,6.0,68,0.0,81,12.0
2026-04-02T07:00,6.1,30,24.0,81,12.3
2026-04-02T08:00,7.3,0,144.0,77,10.5
2026-04-02T09:00,9.0,0,300.0,69,12.1
2026-04-02T10:00,10.7,0,450.0,62,13.2
2026-04-02T11:00,12.5,0,572.0,55,13.3
2026-04-02T12:00,14.1,0,649.0,52,14.4
2026-04-02T13:00,15.2,0,683.0,46,16.5
2026-04-02T14:00,16.0,0,667.0,42,16.6
2026-04-02T15:00,16.9,0,603.0,36,17.9
2026-04-02T16:00,16.9,0,494.0,34,18.3
2026-04-02T17:00,16.4,0,354.0,35,17.5
2026-04-02T18:00,15.4,1,199.0,39,14.5
2026-04-02T19:00,13.6,0,58.0,45,12.9
2026-04-02T20:00,12.0,0,0.0,50,12.8
2026-04-02T21:00,10.9,0,0.0,55,12.6
2026-04-02T22:00,10.2,0,0.0,58,12.8
2026-04-02T23:00,9.5,0,0.0,60,11.6
2026-04-03T00:00,8.6,0,0.0,64,10.8
2026-04-03T01:00,7.9,0,0.0,67,10.7
2026-04-03T02:00,7.3,0,0.0,72,10.1
2026-04-03T03:00,7.2,0,0.0,72,9.8
2026-04-03T04:00,6.7,0,0.0,77,9.7
2026-04-03T05:00,6.2,0,0.0,81,9.3
2026-04-03T06:00,5.8,0,0.0,84,8.9
2026-04-03T07:00,6.0,0,27.0,85,8.9
2026-04-03T08:00,7.5,0,147.0,81,6.7
2026-04-03T09:00,9.5,0,299.0,72,6.3
2026-04-03T10:00,11.7,0,443.0,66,5.7
2026-04-03T11:00,13.9,0,560.0,59,5.7
2026-04-03T12:00,15.7,0,637.0,54,6.8
2026-04-03T13:00,16.9,23,669.0,50,8.1
2026-04-03T14:00,17.6,2,652.0,49,9.0
2026-04-03T15:00,18.4,0,590.0,44,10.4
2026-04-03T16:00,18.5,0,484.0,44,11.1
2026-04-03T17:00,18.2,0,347.0,46,11.1
2026-04-03T18:00,17.6,0,195.0,49,8.7
2026-04-03T19:00,15.2,0,59.0,63,4.9
2026-04-03T20:00,13.8,0,1.0,68,5.5
2026-04-03T21:00,13.2,0,0.0,70,7.3
2026-04-03T22:00,12.4,0,0.0,72,6.9
2026-04-03T23:00,11.4,0,0.0,75,6.2
2026-04-04T00:00,10.6,0,0.0,78,6.8
2026-04-04T01:00,9.7,0,0.0,81,7.2
2026-04-04T02:00,8.9,0,0.0,84,6.4
2026-04-04T03:00,7.8,0,0.0,83,5.0
2026-04-04T04:00,6.8,0,0.0,86,4.2
2026-04-04T05:00,6.2,0,0.0,88,2.9
2026-04-04T06:00,5.5,0,0.0,91,3.5
2026-04-04T07:00,6.2,0,30.0,89,5.2
2026-04-04T08:00,8.2,0,154.0,80,3.4
2026-04-04T09:00,11.1,0,308.0,66,3.0
2026-04-04T10:00,13.8,0,454.0,55,3.9
2026-04-04T11:00,16.2,0,572.0,47,5.6
2026-04-04T12:00,17.7,46,651.0,42,8.2
2026-04-04T13:00,18.5,71,673.0,41,10.0
2026-04-04T14:00,18.9,60,647.0,39,11.2
2026-04-04T15:00,19.5,65,587.0,36,12.5
2026-04-04T16:00,19.4,10,487.0,36,13.3
2026-04-04T17:00,18.7,3,355.0,40,14.1
2026-04-04T18:00,17.8,91,199.0,45,13.1
2026-04-04T19:00,16.5,34,60.0,50,9.3
2026-04-04T20:00,15.1,73,1.0,57,7.3
2026-04-04T21:00,14.0,95,0.0,62,7.7
2026-04-04T22:00,12.5,100,0.0,66,9.8
2026-04-04T23:00,10.8,100,0.0,68,9.0
2026-04-05T00:00,9.5,100,0.0,70,11.6
2026-04-05T01:00,7.9,95,0.0,71,11.1
2026-04-05T02:00,6.9,100,0.0,62,10.4
2026-04-05T03:00,5.5,3,0.0,55,12.6
2026-04-05T04:00,3.7,63,0.0,67,12.4
2026-04-05T05:00,2.8,99,0.0,74,13.1
2026-04-05T06:00,2.5,100,0.0,73,13.5
2026-04-05T07:00,2.6,99,21.0,70,12.5
2026-04-05T08:00,3.4,64,111.0,66,12.8
2026-04-05T09:00,5.4,0,304.0,58,15.5
2026-04-05T10:00,6.1,52,475.0,50,22.9
2026-04-05T11:00,6.7,81,441.0,52,19.3
2026-04-05T12:00,6.9,88,490.0,47,21.1
2026-04-05T13:00,7.2,51,626.0,45,22.0
2026-04-05T14:00,7.8,60,649.0,41,24.0
2026-04-05T15:00,5.6,37,425.0,50,20.4
2026-04-05T16:00,5.8,47,481.0,40,24.6
2026-04-05T17:00,5.3,80,340.0,40,27.7
2026-04-05T18:00,4.0,79,110.0,49,22.4
2026-04-05T19:00,2.4,100,53.0,59,18.0
2026-04-05T20:00,2.9,100,0.0,57,22.4
2026-04-05T21:00,2.6,100,0.0,58,21.7
2026-04-05T22:00,1.9,68,0.0,59,22.3
2026-04-05T23:00,1.4,60,0.0,58,21.0
2026-04-06T00:00,0.9,27,0.0,57,21.5
2026-04-06T01:00,0.3,21,0.0,60,21.6
2026-04-06T02:00,-0.3,18,0.0,62,21.5
2026-04-06T03:00,0.6,100,0.0,62,21.1
2026-04-06T04:00,0.3,95,0.0,61,19.8
2026-04-06T05:00,-0.4,85,0.0,63,19.1
2026-04-06T06:00,-0.9,93,0.0,63,17.8
2026-04-06T07:00,-0.9,27,28.0,59,19.1
2026-04-06T08:00,-0.6,22,170.0,56,20.7
2026-04-06T09:00,0.0,18,321.0,51,23.2
2026-04-06T10:00,0.8,62,467.0,45,23.4
2026-04-06T11:00,1.4,71,533.0,41,24.3
2026-04-06T12:00,2.0,87,512.0,38,24.4
2026-04-06T13:00,3.0,81,536.0,32,24.1
2026-04-06T14:00,3.9,88,629.0,33,24.3
2026-04-06T15:00,4.2,100,593.0,33,23.6
2026-04-06T16:00,3.6,77,311.0,36,22.5
2026-04-06T17:00,3.2,69,206.0,38,20.6
2026-04-06T18:00,3.0,80,165.0,38,19.6
2026-04-06T19:00,2.3,98,39.0,41,14.9
2026-04-06T20:00,2.0,97,1.0,44,11.1
2026-04-06T21:00,1.9,100,0.0,47,10.1
2026-04-06T22:00,1.7,97,0.0,49,9.7
2026-04-06T23:00,1.2,99,0.0,53,7.0
2026-04-07T00:00,1.0,97,0.0,52,10.2
2026-04-07T01:00,0.6,63,0.0,56,12.9
2026-04-07T02:00,-0.5,54,0.0,63,11.9
2026-04-07T03:00,-1.2,37,0.0,72,11.1
2026-04-07T04:00,-2.1,98,0.0,77,11.4
2026-04-07T05:00,-2.4,0,0.0,77,10.6
2026-04-07T06:00,-2.9,0,0.0,78,10.1
2026-04-07T07:00,-2.3,0,42.0,75,8.5
2026-04-07T08:00,-0.5,0,180.0,64,9.8
2026-04-07T09:00,1.5,5,341.0,53,11.4
2026-04-07T10:00,3.3,9,490.0,44,13.6
2026-04-07T11:00,5.0,34,609.0,36,16.6
2026-04-07T12:00,6.0,84,659.0,35,17.7
2026-04-07T13:00,6.5,97,514.0,35,17.5
2026-04-07T14:00,7.2,100,487.0,34,17.4
2026-04-07T15:00,6.7,100,275.0,43,18.7
2026-04-07T16:00,6.7,100,161.0,45,17.5
2026-04-07T17:00,7.1,100,207.0,44,17.7
2026-04-07T18:00,6.7,100,106.0,50,16.3
2026-04-07T19:00,5.9,83,21.0,60,12.1
2026-04-07T20:00,4.5,100,1.0,75,9.9
2026-04-07T21:00,3.5,93,0.0,82,9.7
2026-04-07T22:00,2.8,63,0.0,91,12.0
2026-04-07T23:00,2.4,63,0.0,94,12.6
2026-04-08T00:00,2.1,80,0.0,95,11.7
2026-04-08T01:00,2.1,59,0.0,96,11.6
2026-04-08T02:00,1.6,61,0.0,96,10.5
2026-04-08T03:00,1.8,97,0.0,94,11.3
2026-04-08T04:00,1.5,99,0.0,94,10.1
2026-04-08T05:00,1.8,32,0.0,90,10.9
2026-04-08T06:00,0.8,21,0.0,93,12.3
2026-04-08T07:00,1.3,26,40.0,90,12.7
2026-04-08T08:00,2.8,15,176.0,74,13.1
2026-04-08T09:00,4.3,0,341.0,57,12.6
2026-04-08T10:00,5.5,10,495.0,46,19.7
2026-04-08T11:00,6.5,68,601.0,36,22.5
2026-04-08T12:00,6.9,90,550.0,36,21.1
2026-04-08T13:00,7.3,97,448.0,35,21.2
2026-04-08T14:00,7.6,100,325.0,35,21.9
2026-04-08T15:00,9.0,98,378.0,30,22.4
2026-04-08T16:00,9.1,87,284.0,30,22.5
2026-04-08T17:00,9.2,81,249.0,30,21.8
2026-04-08T18:00,8.5,26,145.0,34,19.9
2026-04-08T19:00,7.0,22,72.0,41,15.2
2026-04-08T20:00,5.2,43,3.0,46,13.5
2026-04-08T21:00,3.9,89,0.0,49,13.1
2026-04-08T22:00,2.9,93,0.0,50,12.5
2026-04-08T23:00,2.1,96,0.0,53,11.6
2026-04-09T00:00,1.3,100,0.0,59,10.1
2026-04-09T01:00,0.7,38,0.0,65,8.9
2026-04-09T02:00,-0.3,57,0.0,70,8.7
2026-04-09T03:00,-0.5,56,0.0,72,8.2
2026-04-09T04:00,-1.2,30,0.0,76,7.5
2026-04-09T05:00,-1.6,0,0.0,78,7.4
2026-04-09T06:00,-2.0,1,0.0,81,7.9
2026-04-09T07:00,-1.3,2,49.0,79,7.7
2026-04-09T08:00,0.5,38,188.0,73,6.1
2026-04-09T09:00,2.8,57,319.0,64,5.6
2026-04-09T10:00,4.9,91,422.0,51,8.0
2026-04-09T11:00,6.0,96,455.0,45,11.5
2026-04-09T12:00,7.4,42,542.0,42,11.9
2026-04-09T13:00,9.2,80,651.0,38,13.2
2026-04-09T14:00,10.0,94,626.0,39,16.0
2026-04-09T15:00,8.4,100,429.0,50,16.1
2026-04-09T16:00,8.6,100,448.0,52,16.5
2026-04-09T17:00,9.1,100,305.0,52,19.0
2026-04-09T18:00,8.1,100,79.0,56,17.9
2026-04-09T19:00,7.0,100,14.0,63,16.4
2026-04-09T20:00,6.5,100,1.0,70,16.8
2026-04-09T21:00,6.1,100,0.0,77,14.7
2026-04-09T22:00,6.1,100,0.0,78,13.3
2026-04-09T23:00,5.7,100,0.0,82,15.2
2026-04-10T00:00,2.0,100,0.0,100,18.1
2026-04-10T01:00,1.7,100,0.0,99,11.4
2026-04-10T02:00,1.5,100,0.0,88,17.7
2026-04-10T03:00,0.7,0,0.0,76,16.3
2026-04-10T04:00,-0.4,4,0.0,72,15.2
2026-04-10T05:00,-1.0,0,0.0,72,14.8
2026-04-10T06:00,-1.3,0,0.0,72,14.7
2026-04-10T07:00,-0.8,2,54.0,71,14.0
2026-04-10T08:00,0.5,5,195.0,65,15.1
2026-04-10T09:00,2.2,20,356.0,53,19.8
2026-04-10T10:00,3.4,79,472.0,44,23.6
2026-04-10T11:00,4.1,88,459.0,42,22.7
2026-04-10T12:00,4.7,89,484.0,43,23.4
2026-04-10T13:00,5.6,95,483.0,39,25.3
2026-04-10T14:00,6.0,100,443.0,37,25.4
2026-04-10T15:00,4.6,88,467.0,52,24.0
2026-04-10T16:00,4.6,99,365.0,55,23.5
2026-04-10T17:00,5.2,100,187.0,50,22.8
2026-04-10T18:00,4.8,100,94.0,54,19.5
2026-04-10T19:00,4.0,100,25.0,63,13.3
2026-04-10T20:00,3.8,100,1.0,68,9.4
2026-04-10T21:00,3.4,100,0.0,72,7.6
2026-04-10T22:00,3.0,100,0.0,78,6.6
2026-04-10T23:00,2.8,100,0.0,81,5.6
2026-04-11T00:00,2.7,100,0.0,83,5.6
2026-04-11T01:00,2.7,100,0.0,83,7.7
2026-04-11T02:00,2.8,100,0.0,80,10.0
2026-04-11T03:00,2.3,100,0.0,81,12.1
2026-04-11T04:00,2.7,100,0.0,80,12.3
2026-04-11T05:00,3.5,100,0.0,82,10.7
2026-04-11T06:00,4.1,100,0.0,94,11.3
2026-04-11T07:00,4.9,100,5.0,95,14.7
2026-04-11T08:00,5.4,100,24.0,95,15.9
2026-04-11T09:00,5.6,100,42.0,96,17.2
2026-04-11T10:00,6.2,100,166.0,90,18.0
2026-04-11T11:00,7.5,100,277.0,80,21.0
2026-04-11T12:00,7.6,100,126.0,80,19.6
2026-04-11T13:00,8.4,100,191.0,76,19.5
2026-04-11T14:00,8.7,100,166.0,77,18.9
2026-04-11T15:00,9.0,100,170.0,73,18.0
2026-04-11T16:00,9.4,100,115.0,72,16.5
2026-04-11T17:00,9.8,100,90.0,73,13.3
2026-04-11T18:00,9.8,100,57.0,72,13.1
2026-04-11T19:00,9.5,95,38.0,75,14.1
2026-04-11T20:00,9.0,100,2.0,80,13.9
2026-04-11T21:00,8.7,12,0.0,81,13.1
2026-04-11T22:00,7.4,6,0.0,86,11.3
2026-04-11T23:00,6.3,8,0.0,88,10.2
2026-04-12T00:00,5.2,16,0.0,89,8.9
2026-04-12T01:00,4.4,0,0.0,91,8.1
2026-04-12T02:00,3.6,6,0.0,93,6.8
2026-04-12T03:00,3.3,87,0.0,92,7.9
2026-04-12T04:00,2.7,29,0.0,92,7.2
2026-04-12T05:00,2.0,24,0.0,92,5.2
2026-04-12T06:00,1.5,1,1.0,94,5.7
2026-04-12T07:00,2.1,13,59.0,93,5.6
2026-04-12T08:00,3.9,15,191.0,86,1.0
2026-04-12T09:00,6.3,3,351.0,73,0.5
2026-04-12T10:00,8.5,80,498.0,65,1.9
2026-04-12T11:00,10.4,89,612.0,62,4.4
2026-04-12T12:00,12.0,100,681.0,60,5.9
2026-04-12T13:00,13.2,75,706.0,56,7.4
2026-04-12T14:00,14.7,100,692.0,48,9.7
2026-04-12T15:00,15.0,100,474.0,46,10.6
2026-04-12T16:00,14.7,100,316.0,49,12.6
2026-04-12T17:00,14.6,95,234.0,48,10.6
2026-04-12T18:00,14.4,89,118.0,53,6.4
2026-04-12T19:00,13.2,33,57.0,64,3.6
2026-04-12T20:00,11.4,5,5.0,69,5.2
2026-04-12T21:00,10.7,1,0.0,71,8.6
2026-04-12T22:00,9.6,0,0.0,76,8.3
2026-04-12T23:00,8.4,8,0.0,81,6.1
2026-04-13T00:00,7.7,0,0.0,82,7.9
2026-04-13T01:00,7.4,4,0.0,82,9.0
2026-04-13T02:00,7.1,0,0.0,82,9.2
2026-04-13T03:00,6.4,0,0.0,81,9.6
2026-04-13T04:00,5.6,0,0.0,84,9.1
2026-04-13T05:00,4.9,0,0.0,87,9.6
2026-04-13T06:00,4.5,4,1.0,88,9.2
2026-04-13T07:00,5.4,0,62.0,85,9.3
2026-04-13T08:00,7.2,0,200.0,80,7.9
2026-04-13T09:00,9.6,35,356.0,72,8.0
2026-04-13T10:00,12.1,86,501.0,66,7.7
2026-04-13T11:00,14.6,27,616.0,59,8.3
2026-04-13T12:00,16.5,1,695.0,53,10.2
2026-04-13T13:00,17.7,0,724.0,50,11.2
2026-04-13T14:00,18.7,0,706.0,49,12.4
2026-04-13T15:00,19.7,0,642.0,45,13.0
2026-04-13T16:00,19.9,55,533.0,43,14.6
2026-04-13T17:00,19.5,17,391.0,43,15.2
2026-04-13T18:00,18.8,28,235.0,47,12.4
2026-04-13T19:00,17.2,100,91.0,53,12.7
2026-04-13T20:00,15.8,100,6.0,57,13.2
2026-04-13T21:00,15.0,100,0.0,60,14.2
2026-04-13T22:00,14.2,100,0.0,67,13.7
2026-04-13T23:00,13.8,100,0.0,71,12.8
2026-04-14T00:00,13.5,100,0.0,72,10.1
2026-04-14T01:00,13.4,100,0.0,71,10.0
2026-04-14T02:00,13.3,100,0.0,69,9.8
2026-04-14T03:00,14.0,100,0.0,64,8.6
2026-04-14T04:00,13.5,100,0.0,67,8.0
2026-04-14T05:00,13.0,100,0.0,69,7.9
2026-04-14T06:00,12.6,100,1.0,71,8.5
2026-04-14T07:00,12.6,100,31.0,71,7.7
2026-04-14T08:00,13.6,100,116.0,69,7.2
2026-04-14T09:00,14.4,100,162.0,68,7.8
2026-04-14T10:00,16.6,22,411.0,61,8.3
2026-04-14T11:00,18.3,11,599.0,56,8.7
2026-04-14T12:00,19.7,29,670.0,52,8.7
2026-04-14T13:00,20.9,1,678.0,48,8.5
2026-04-14T14:00,21.7,24,686.0,45,8.2
2026-04-14T15:00,22.5,51,567.0,40,6.9
2026-04-14T16:00,22.4,30,431.0,41,6.2
2026-04-14T17:00,22.1,53,325.0,41,6.7
2026-04-14T18:00,21.4,84,211.0,45,4.6
2026-04-14T19:00,19.7,99,85.0,54,5.1
2026-04-14T20:00,17.9,98,6.0,61,2.4
2026-04-14T21:00,16.1,55,0.0,69,3.7
2026-04-14T22:00,15.5,18,0.0,68,7.4
2026-04-14T23:00,14.8,57,0.0,74,11.0
2026-04-15T00:00,13.8,17,0.0,80,10.3
2026-04-15T01:00,12.9,0,0.0,83,10.1
2026-04-15T02:00,12.1,9,0.0,85,10.9
2026-04-15T03:00,11.9,100,0.0,79,11.1
2026-04-15T04:00,11.1,2,0.0,83,11.7
2026-04-15T05:00,10.5,25,0.0,86,12.9
2026-04-15T06:00,10.0,58,2.0,88,12.1
2026-04-15T07:00,10.7,1,68.0,85,10.4
2026-04-15T08:00,12.2,79,207.0,78,11.5
2026-04-15T09:00,14.2,100,357.0,69,12.7
2026-04-15T10:00,16.1,100,462.0,63,13.5
2026-04-15T11:00,17.9,100,554.0,57,14.9
2026-04-15T12:00,19.3,100,644.0,52,17.5
2026-04-15T13:00,19.9,100,603.0,49,23.0
2026-04-15T14:00,19.5,100,380.0,50,23.3
2026-04-15T15:00,19.6,100,370.0,50,21.6
2026-04-15T16:00,18.6,100,226.0,54,21.3
2026-04-15T17:00,17.2,100,103.0,60,21.0
2026-04-15T18:00,15.7,100,31.0,69,17.9
2026-04-15T19:00,14.9,100,28.0,74,18.2
2026-04-15T20:00,14.1,100,2.0,80,17.7
2026-04-15T21:00,13.2,100,0.0,86,17.7
2026-04-15T22:00,12.6,100,0.0,90,17.6
2026-04-15T23:00,12.1,100,0.0,92,16.7
2026-04-16T00:00,12.0,100,0.0,92,16.3
2026-04-16T01:00,11.9,100,0.0,92,15.7
2026-04-16T02:00,12.1,100,0.0,92,15.2
2026-04-16T03:00,12.1,100,0.0,92,15.6
2026-04-16T04:00,12.0,100,0.0,92,15.0
2026-04-16T05:00,11.9,100,0.0,92,14.7
2026-04-16T06:00,12.0,100,1.0,91,14.3
2026-04-16T07:00,12.3,100,15.0,91,14.4
2026-04-16T08:00,13.0,60,55.0,89,10.8
2026-04-16T09:00,15.4,97,312.0,78,12.6
2026-04-16T10:00,17.2,83,376.0,73,11.0
2026-04-16T11:00,19.7,98,532.0,64,14.2
2026-04-16T12:00,20.8,100,477.0,59,13.8
2026-04-16T13:00,22.1,100,534.0,54,13.3
2026-04-16T14:00,22.6,99,417.0,51,13.2
2026-04-16T15:00,23.0,72,427.0,52,12.1
2026-04-16T16:00,23.5,33,449.0,51,11.6
2026-04-16T17:00,23.9,47,324.0,47,9.5
2026-04-16T18:00,23.4,17,213.0,48,8.6
2026-04-16T19:00,21.5,3,92.0,60,11.1
2026-04-16T20:00,19.8,0,9.0,67,12.3
2026-04-16T21:00,18.7,0,0.0,72,13.1
2026-04-16T22:00,18.1,1,0.0,73,12.9
2026-04-16T23:00,17.3,0,0.0,76,11.7
2026-04-17T00:00,16.7,0,0.0,78,12.1
2026-04-17T01:00,16.3,0,0.0,78,11.1
2026-04-17T02:00,15.6,0,0.0,79,8.7
2026-04-17T03:00,15.0,18,0.0,77,8.0
2026-04-17T04:00,14.2,1,0.0,80,7.1
2026-04-17T05:00,13.3,92,0.0,83,9.3
2026-04-17T06:00,12.8,91,3.0,84,11.4
2026-04-17T07:00,13.8,81,76.0,79,10.1
2026-04-17T08:00,15.3,94,215.0,74,8.3
2026-04-17T09:00,17.6,82,348.0,65,7.6
2026-04-17T10:00,20.6,100,500.0,55,9.0
2026-04-17T11:00,23.2,21,598.0,46,9.9
2026-04-17T12:00,25.2,92,700.0,41,11.2
2026-04-17T13:00,26.4,62,708.0,36,11.9
2026-04-17T14:00,27.3,88,678.0,32,12.2
2026-04-17T15:00,28.4,65,633.0,26,15.5
2026-04-17T16:00,28.3,84,515.0,27,15.6
2026-04-17T17:00,27.8,38,388.0,28,17.5
2026-04-17T18:00,26.7,94,247.0,31,16.0
2026-04-17T19:00,25.2,87,100.0,37,12.0
2026-04-17T20:00,23.3,81,10.0,46,13.1
2026-04-17T21:00,21.9,87,0.0,54,12.5
2026-04-17T22:00,20.9,100,0.0,58,12.3
2026-04-17T23:00,19.9,78,0.0,61,12.1
2026-04-18T00:00,19.2,98,0.0,64,12.0
2026-04-18T01:00,18.6,96,0.0,66,12.3
2026-04-18T02:00,18.0,89,0.0,69,11.8
2026-04-18T03:00,17.3,74,0.0,67,10.5
2026-04-18T04:00,16.7,100,0.0,70,9.6
2026-04-18T05:00,16.0,99,0.0,73,7.9
2026-04-18T06:00,16.2,100,3.0,72,7.6
2026-04-18T07:00,16.2,100,32.0,72,9.3
2026-04-18T08:00,17.2,100,97.0,69,6.1
2026-04-18T09:00,18.4,100,139.0,67,4.0
2026-04-18T10:00,20.9,100,322.0,61,1.1
2026-04-18T11:00,23.3,67,521.0,52,5.5
2026-04-18T12:00,25.1,79,683.0,46,6.0
2026-04-18T13:00,25.9,9,536.0,43,6.6
2026-04-18T14:00,27.3,47,700.0,39,9.0
2026-04-18T15:00,26.3,61,626.0,40,9.8
2026-04-18T16:00,25.1,18,370.0,43,9.0
2026-04-18T17:00,25.4,97,397.0,43,11.9
2026-04-18T18:00,24.3,100,143.0,49,13.5
2026-04-18T19:00,23.2,100,74.0,53,12.0
2026-04-18T20:00,21.5,92,9.0,60,9.4
2026-04-18T21:00,20.0,57,0.0,69,13.7
2026-04-18T22:00,18.6,54,0.0,77,10.8
2026-04-18T23:00,17.7,0,0.0,81,11.2
2026-04-19T00:00,16.9,70,0.0,83,9.8
2026-04-19T01:00,16.3,100,0.0,84,9.0
2026-04-19T02:00,16.0,100,0.0,85,7.9
2026-04-19T03:00,14.0,52,0.0,86,10.2
2026-04-19T04:00,13.2,86,0.0,86,10.1
2026-04-19T05:00,12.8,7,0.0,83,9.7
2026-04-19T06:00,11.9,55,5.0,85,9.5
2026-04-19T07:00,12.5,80,77.0,82,8.2
2026-04-19T08:00,13.6,100,207.0,77,11.9
2026-04-19T09:00,14.6,100,285.0,72,10.4
2026-04-19T10:00,15.9,100,414.0,64,11.0
2026-04-19T11:00,16.9,75,447.0,59,11.8
2026-04-19T12:00,17.9,47,536.0,54,13.2
2026-04-19T13:00,18.9,45,626.0,49,13.6
2026-04-19T14:00,19.7,54,625.0,45,13.7
2026-04-19T15:00,18.9,99,320.0,46,13.0
2026-04-19T16:00,19.6,70,399.0,43,13.2
2026-04-19T17:00,19.3,44,302.0,44,11.2
2026-04-19T18:00,18.8,42,219.0,46,8.7
2026-04-19T19:00,17.4,40,98.0,54,7.6
2026-04-19T20:00,15.4,35,11.0,63,6.9
2026-04-19T21:00,14.3,29,0.0,70,4.4
2026-04-19T22:00,13.7,1,0.0,72,6.5
2026-04-19T23:00,13.3,6,0.0,73,7.0
2026-04-20T00:00,12.3,18,0.0,80,4.3
2026-04-20T01:00,11.8,68,0.0,83,4.1
2026-04-20T02:00,11.8,3,0.0,83,6.2
2026-04-20T03:00,11.5,28,0.0,85,7.8
2026-04-20T04:00,11.0,5,0.0,85,8.4
2026-04-20T05:00,10.4,2,0.0,87,8.6
2026-04-20T06:00,10.1,6,6.0,87,9.0
2026-04-20T07:00,11.1,5,89.0,85,9.4
2026-04-20T08:00,13.3,30,232.0,78,5.3
2026-04-20T09:00,16.1,12,379.0,68,5.7
2026-04-20T10:00,18.7,26,528.0,54,7.4
2026-04-20T11:00,20.1,95,648.0,46,9.1
2026-04-20T12:00,21.1,91,716.0,42,10.3
2026-04-20T13:00,22.1,100,751.0,38,11.9
2026-04-20T14:00,22.7,100,642.0,34,11.8
2026-04-20T15:00,22.9,96,563.0,34,10.0
2026-04-20T16:00,23.3,69,464.0,31,10.2
2026-04-20T17:00,23.2,71,387.0,30,10.2
2026-04-20T18:00,22.3,54,225.0,34,7.7
2026-04-20T19:00,20.3,10,98.0,52,3.6
2026-04-20T20:00,18.5,20,14.0,53,7.3
2026-04-20T21:00,17.8,11,0.0,56,9.7
2026-04-20T22:00,16.9,0,0.0,57,9.5
2026-04-20T23:00,15.7,1,0.0,63,9.1
2026-04-21T00:00,14.6,0,0.0,69,7.2
2026-04-21T01:00,13.8,0,0.0,74,7.2
2026-04-21T02:00,12.8,4,0.0,79,8.0
2026-04-21T03:00,11.7,14,0.0,77,6.8
2026-04-21T04:00,10.7,0,0.0,83,4.1
2026-04-21T05:00,10.4,0,0.0,84,4.4
2026-04-21T06:00,10.1,0,7.0,86,5.6
2026-04-21T07:00,11.4,10,95.0,80,6.1
2026-04-21T08:00,14.1,18,241.0,69,4.8
2026-04-21T09:00,17.0,81,397.0,55,4.5
2026-04-21T10:00,19.6,90,535.0,46,4.3
2026-04-21T11:00,21.8,85,645.0,40,3.4
2026-04-21T12:00,23.4,13,718.0,35,2.4
2026-04-21T13:00,24.6,62,752.0,31,3.1
2026-04-21T14:00,25.1,98,618.0,29,5.2
2026-04-21T15:00,24.6,84,308.0,29,2.9
2026-04-21T16:00,25.2,100,397.0,27,4.3
2026-04-21T17:00,24.1,100,121.0,30,6.4
2026-04-21T18:00,23.6,100,105.0,32,6.2
2026-04-21T19:00,22.4,100,50.0,40,3.8
2026-04-21T20:00,20.6,98,9.0,48,3.8
2026-04-21T21:00,19.0,43,0.0,56,4.2
2026-04-21T22:00,17.9,100,0.0,61,4.9
2026-04-21T23:00,17.1,98,0.0,66,4.4
2026-04-22T00:00,16.3,58,0.0,70,4.2
2026-04-22T01:00,16.1,95,0.0,68,5.2
2026-04-22T02:00,15.7,83,0.0,67,6.9
2026-04-22T03:00,13.5,99,0.0,75,4.4
2026-04-22T04:00,13.0,99,0.0,77,5.4
2026-04-22T05:00,12.4,100,0.0,80,5.0
2026-04-22T06:00,12.0,97,8.0,83,3.6
2026-04-22T07:00,13.2,94,93.0,76,7.6
2026-04-22T08:00,15.1,97,236.0,66,7.2
2026-04-22T09:00,17.2,97,390.0,61,7.9
2026-04-22T10:00,19.5,88,531.0,55,6.7
2026-04-22T11:00,21.6,41,640.0,48,7.6
2026-04-22T12:00,22.3,70,628.0,45,11.2
2026-04-22T13:00,21.7,11,557.0,47,13.0
2026-04-22T14:00,22.0,66,702.0,46,13.9
2026-04-22T15:00,20.7,98,588.0,50,12.6
2026-04-22T16:00,20.9,70,489.0,49,11.7
2026-04-22T17:00,20.6,61,400.0,47,12.4
2026-04-22T18:00,19.4,31,262.0,52,12.8
2026-04-22T19:00,18.1,79,117.0,58,11.8
2026-04-22T20:00,16.4,10,17.0,67,9.9
2026-04-22T21:00,15.2,7,0.0,74,9.3
2026-04-22T22:00,14.1,9,0.0,79,7.2
2026-04-22T23:00,13.3,2,0.0,83,6.5
2026-04-23T00:00,12.6,3,0.0,86,6.7
2026-04-23T01:00,11.9,0,0.0,89,5.8
2026-04-23T02:00,11.2,0,0.0,90,4.8
2026-04-23T03:00,10.8,0,0.0,89,5.6
2026-04-23T04:00,10.1,0,0.0,90,5.0
2026-04-23T05:00,9.5,0,0.0,92,4.6
2026-04-23T06:00,9.3,0,10.0,93,5.2
2026-04-23T07:00,10.2,0,101.0,88,3.6
2026-04-23T08:00,12.0,0,248.0,79,3.0
2026-04-23T09:00,14.1,0,404.0,66,3.2
2026-04-23T10:00,16.1,11,546.0,58,2.2
2026-04-23T11:00,17.8,17,660.0,52,2.5
2026-04-23T12:00,19.2,81,734.0,47,2.9
2026-04-23T13:00,20.1,30,697.0,43,2.5
2026-04-23T14:00,21.2,41,685.0,38,3.7
2026-04-23T15:00,21.4,32,615.0,38,5.6
2026-04-23T16:00,21.3,50,469.0,37,6.5
2026-04-23T17:00,21.0,51,344.0,38,6.9
2026-04-23T18:00,20.1,11,212.0,42,9.2
2026-04-23T19:00,19.1,21,117.0,46,7.9
2026-04-23T20:00,17.5,24,17.0,56,5.8
2026-04-23T21:00,16.6,32,0.0,61,6.0
2026-04-23T22:00,15.8,88,0.0,64,6.0
2026-04-23T23:00,14.6,100,0.0,71,4.2
2026-04-24T00:00,13.9,99,0.0,75,4.0
2026-04-24T01:00,13.4,100,0.0,77,4.8
2026-04-24T02:00,12.7,88,0.0,80,4.9
2026-04-24T03:00,12.3,98,0.0,73,4.2
2026-04-24T04:00,12.5,95,0.0,72,3.5
2026-04-24T05:00,11.7,100,0.0,77,5.3
2026-04-24T06:00,11.2,64,10.0,80,6.9
2026-04-24T07:00,12.1,56,87.0,75,6.5
2026-04-24T08:00,14.3,74,243.0,63,4.9
2026-04-24T09:00,17.1,91,401.0,52,2.7
2026-04-24T10:00,19.6,91,531.0,44,1.2
2026-04-24T11:00,21.2,91,648.0,37,3.6
2026-04-24T12:00,22.3,86,723.0,35,6.4
2026-04-24T13:00,23.1,93,750.0,33,7.5
2026-04-24T14:00,23.6,99,722.0,33,7.9
2026-04-24T15:00,22.4,61,665.0,35,8.1
2026-04-24T16:00,22.5,75,532.0,36,8.7
2026-04-24T17:00,21.6,99,401.0,39,10.1
2026-04-24T18:00,20.1,100,222.0,44,10.3
2026-04-24T19:00,18.6,100,51.0,52,12.6
2026-04-24T20:00,17.0,100,10.0,64,11.7
2026-04-24T21:00,16.0,100,0.0,70,11.5
2026-04-24T22:00,15.4,100,0.0,73,13.6
2026-04-24T23:00,14.0,100,0.0,82,14.4
2026-04-25T00:00,12.9,100,0.0,88,12.1
2026-04-25T01:00,11.7,100,0.0,96,15.4
2026-04-25T02:00,10.9,100,0.0,97,14.2
2026-04-25T03:00,10.6,100,0.0,93,14.9
2026-04-25T04:00,10.6,100,0.0,97,14.4
2026-04-25T05:00,10.6,100,0.0,99,12.7
2026-04-25T06:00,10.6,100,3.0,99,14.1
2026-04-25T07:00,10.2,100,20.0,94,16.0
2026-04-25T08:00,9.9,100,78.0,89,15.1
2026-04-25T09:00,10.3,100,160.0,82,16.0
2026-04-25T10:00,11.8,100,319.0,69,17.6
2026-04-25T11:00,14.0,100,563.0,57,15.4
2026-04-25T12:00,14.8,85,687.0,54,13.4
2026-04-25T13:00,15.9,90,774.0,45,13.9
2026-04-25T14:00,16.5,100,752.0,36,15.2
2026-04-25T15:00,16.3,100,649.0,39,13.0
2026-04-25T16:00,16.4,57,558.0,37,14.1
2026-04-25T17:00,16.2,40,444.0,36,15.6
2026-04-25T18:00,15.4,100,289.0,37,17.1
2026-04-25T19:00,13.8,96,119.0,43,16.6
2026-04-25T20:00,12.2,99,20.0,49,15.6
2026-04-25T21:00,11.1,28,0.0,51,14.9
2026-04-25T22:00,10.3,2,0.0,51,13.4
2026-04-25T23:00,8.7,3,0.0,60,16.0
2026-04-26T00:00,7.4,0,0.0,64,14.0
2026-04-26T01:00,6.5,0,0.0,66,12.4
2026-04-26T02:00,5.6,0,0.0,66,11.6
2026-04-26T03:00,4.2,9,0.0,70,11.0
2026-04-26T04:00,3.4,0,0.0,77,10.7
2026-04-26T05:00,2.8,0,0.0,82,9.6
2026-04-26T06:00,2.7,0,16.0,84,9.4
2026-04-26T07:00,3.9,0,122.0,78,8.1
2026-04-26T08:00,5.7,0,277.0,64,9.4
2026-04-26T09:00,7.5,0,440.0,49,9.3
2026-04-26T10:00,9.0,0,586.0,41,9.4
2026-04-26T11:00,10.5,15,698.0,35,10.7
2026-04-26T12:00,11.0,31,757.0,36,10.8
2026-04-26T13:00,11.4,12,789.0,35,11.4
2026-04-26T14:00,12.2,5,771.0,33,9.5
2026-04-26T15:00,12.5,2,704.0,33,10.5
2026-04-26T16:00,12.4,12,599.0,35,11.9
2026-04-26T17:00,11.9,2,450.0,32,13.2
2026-04-26T18:00,11.3,0,298.0,30,13.8
2026-04-26T19:00,10.0,0,143.0,31,14.5
2026-04-26T20:00,8.9,0,25.0,38,10.5
2026-04-26T21:00,7.9,0,0.0,44,10.4
2026-04-26T22:00,7.0,0,0.0,49,7.2
2026-04-26T23:00,6.1,5,0.0,57,10.1
2026-04-27T00:00,5.4,0,0.0,62,11.7
2026-04-27T01:00,4.8,0,0.0,65,9.9
2026-04-27T02:00,4.2,0,0.0,67,9.0
2026-04-27T03:00,3.3,0,0.0,66,8.5
2026-04-27T04:00,2.7,0,0.0,68,8.1
2026-04-27T05:00,2.1,0,0.0,71,8.0
2026-04-27T06:00,2.0,0,17.0,72,8.5
2026-04-27T07:00,3.1,0,126.0,65,5.9
2026-04-27T08:00,4.9,1,282.0,59,5.7
2026-04-27T09:00,6.9,4,444.0,52,5.2
2026-04-27T10:00,8.6,0,590.0,42,5.2
2026-04-27T11:00,10.0,46,705.0,35,5.7
2026-04-27T12:00,11.2,38,779.0,32,6.1
2026-04-27T13:00,12.2,20,807.0,31,6.2
2026-04-27T14:00,13.0,19,785.0,30,5.5
2026-04-27T15:00,13.9,85,721.0,23,7.2
2026-04-27T16:00,14.0,61,607.0,24,7.5
2026-04-27T17:00,13.7,11,467.0,25,7.6
2026-04-27T18:00,13.1,0,306.0,27,7.3
2026-04-27T19:00,12.3,0,147.0,30,6.5
2026-04-27T20:00,11.1,0,27.0,35,6.3
2026-04-27T21:00,10.3,0,0.0,40,5.0
2026-04-27T22:00,9.5,0,0.0,44,4.5
2026-04-27T23:00,8.7,0,0.0,51,4.3
2026-04-28T00:00,7.7,21,0.0,59,3.8
2026-04-28T01:00,6.8,53,0.0,65,4.0
2026-04-28T02:00,6.3,52,0.0,67,4.3
2026-04-28T03:00,4.6,35,0.0,68,6.4
2026-04-28T04:00,4.0,11,0.0,69,7.7
2026-04-28T05:00,3.4,0,0.0,71,6.6
2026-04-28T06:00,3.4,0,19.0,72,7.1
2026-04-28T07:00,4.7,5,132.0,66,6.5
2026-04-28T08:00,7.5,0,289.0,53,3.8
2026-04-28T09:00,11.0,0,452.0,38,4.4
2026-04-28T10:00,13.6,18,598.0,31,5.5
2026-04-28T11:00,15.1,15,714.0,26,3.8
2026-04-28T12:00,16.4,9,788.0,23,3.8
2026-04-28T13:00,17.4,0,815.0,22,4.0
2026-04-28T14:00,18.2,0,792.0,21,5.6
2026-04-28T15:00,19.4,17,721.0,20,5.8
2026-04-28T16:00,19.6,0,610.0,21,6.3
2026-04-28T17:00,19.3,22,468.0,21,7.6
2026-04-28T18:00,18.6,1,309.0,22,7.9
2026-04-28T19:00,17.5,7,150.0,24,7.8
2026-04-28T20:00,15.7,74,29.0,31,4.3
2026-04-28T21:00,13.9,81,0.0,40,3.1
2026-04-28T22:00,13.0,14,0.0,45,2.3
2026-04-28T23:00,12.3,4,0.0,46,4.1
2026-04-29T00:00,12.2,0,0.0,45,5.1
2026-04-29T01:00,11.6,78,0.0,48,5.9
2026-04-29T02:00,10.1,28,0.0,53,4.3
2026-04-29T03:00,8.9,20,0.0,49,8.2
2026-04-29T04:00,8.5,11,0.0,50,8.6
2026-04-29T05:00,8.1,51,0.0,52,9.9
2026-04-29T06:00,8.0,83,21.0,53,11.3
2026-04-29T07:00,9.4,98,133.0,51,12.6
2026-04-29T08:00,11.5,99,278.0,44,9.2
2026-04-29T09:00,14.3,99,436.0,39,10.0
2026-04-29T10:00,16.9,100,561.0,34,11.6
2026-04-29T11:00,18.4,100,602.0,33,15.2
2026-04-29T12:00,18.8,100,541.0,35,16.1
2026-04-29T13:00,18.9,100,418.0,36,16.4
2026-04-29T14:00,19.4,100,433.0,36,17.2
2026-04-29T15:00,20.1,100,498.0,34,17.3
2026-04-29T16:00,21.0,95,513.0,33,19.5
2026-04-29T17:00,20.4,93,342.0,36,19.8
2026-04-29T18:00,20.1,94,224.0,38,18.7
2026-04-29T19:00,18.9,78,92.0,46,14.7
2026-04-29T20:00,17.5,85,28.0,52,9.0
2026-04-29T21:00,16.5,93,0.0,56,10.1
2026-04-29T22:00,15.1,88,0.0,61,10.4
2026-04-29T23:00,13.8,100,0.0,65,9.3
2026-04-30T00:00,12.7,100,0.0,67,7.1
2026-04-30T01:00,11.7,100,0.0,71,5.9
2026-04-30T02:00,10.7,97,0.0,77,4.7
2026-04-30T03:00,9.2,93,0.0,80,4.2
2026-04-30T04:00,8.3,84,0.0,85,4.3
2026-04-30T05:00,7.4,88,0.0,91,4.1
2026-04-30T06:00,7.2,93,22.0,92,6.3
2026-04-30T07:00,8.3,75,132.0,83,3.3
2026-04-30T08:00,10.6,49,286.0,70,1.3
2026-04-30T09:00,13.1,57,445.0,57,3.1
2026-04-30T10:00,15.5,29,588.0,46,6.6
2026-04-30T11:00,17.2,9,696.0,42,8.8
2026-04-30T12:00,18.6,7,767.0,36,10.0
2026-04-30T13:00,19.7,23,793.0,33,11.6
2026-04-30T14:00,20.6,35,770.0,30,12.0
2026-04-30T15:00,21.0,21,696.0,30,12.7
2026-04-30T16:00,21.2,9,594.0,29,14.1
2026-04-30T17:00,20.9,65,455.0,31,14.6
2026-04-30T18:00,20.1,93,294.0,36,15.0
2026-04-30T19:00,19.3,97,137.0,42,13.7
2026-04-30T20:00,18.5,71,28.0,44,10.0
2026-04-30T21:00,17.7,33,0.0,48,9.2
2026-04-30T22:00,16.9,27,0.0,51,10.5
2026-04-30T23:00,15.9,21,0.0,57,10.9
2026-05-01T00:00,14.4,4,0.0,67,10.6
2026-05-01T01:00,13.0,0,0.0,75,6.3
2026-05-01T02:00,12.0,0,0.0,80,4.0
2026-05-01T03:00,10.9,3,0.0,75,5.9
2026-05-01T04:00,10.0,0,0.0,81,7.2
2026-05-01T05:00,9.4,1,0.0,85,8.5
2026-05-01T06:00,9.3,15,23.0,85,7.9
2026-05-01T07:00,10.4,0,126.0,78,6.2
2026-05-01T08:00,12.1,27,284.0,70,7.7
2026-05-01T09:00,14.0,8,446.0,51,7.3
2026-05-01T10:00,15.9,0,594.0,35,6.4
2026-05-01T11:00,17.4,4,711.0,26,6.5
2026-05-01T12:00,18.5,18,785.0,24,8.1
2026-05-01T13:00,19.1,3,810.0,24,8.7
2026-05-01T14:00,19.6,41,790.0,24,9.6
2026-05-01T15:00,19.5,17,720.0,23,9.6
2026-05-01T16:00,19.4,4,611.0,24,10.1
2026-05-01T17:00,19.0,0,471.0,26,9.3
2026-05-01T18:00,18.4,1,313.0,29,7.5
2026-05-01T19:00,17.6,29,156.0,32,5.8
2026-05-01T20:00,16.5,8,34.0,36,2.8
2026-05-01T21:00,15.6,64,0.0,38,3.7
2026-05-01T22:00,14.7,13,0.0,40,3.6
2026-05-01T23:00,13.9,0,0.0,43,2.7
2026-05-02T00:00,13.4,1,0.0,44,4.3
2026-05-02T01:00,12.9,42,0.0,46,7.2
2026-05-02T02:00,12.1,20,0.0,49,7.8
2026-05-02T03:00,9.3,44,0.0,55,9.4
2026-05-02T04:00,8.4,17,0.0,59,9.9
2026-05-02T05:00,8.1,17,0.0,61,10.0
2026-05-02T06:00,8.4,94,26.0,61,11.3
2026-05-02T07:00,9.6,100,141.0,58,9.7
2026-05-02T08:00,11.8,100,267.0,51,8.5
2026-05-02T09:00,14.6,60,385.0,43,8.5
2026-05-02T10:00,17.8,84,564.0,36,9.1
2026-05-02T11:00,20.3,96,687.0,34,10.1
2026-05-02T12:00,21.8,84,755.0,32,12.6
2026-05-02T13:00,23.0,100,785.0,29,12.7
2026-05-02T14:00,24.1,100,745.0,24,12.9
2026-05-02T15:00,24.7,100,694.0,24,13.9
2026-05-02T16:00,25.3,100,590.0,25,13.0
2026-05-02T17:00,25.1,100,361.0,27,14.7
2026-05-02T18:00,25.2,88,236.0,25,17.1
2026-05-02T19:00,24.4,70,125.0,28,15.0
2026-05-02T20:00,23.1,88,28.0,32,14.8
2026-05-02T21:00,19.7,82,0.0,51,2.4
2026-05-02T22:00,18.7,100,0.0,60,0.6
2026-05-02T23:00,19.1,100,0.0,52,5.8
2026-05-03T00:00,18.4,100,0.0,53,5.7
2026-05-03T01:00,17.7,85,0.0,55,4.8
2026-05-03T02:00,16.9,76,0.0,58,6.6
2026-05-03T03:00,14.7,99,0.0,82,10.0
2026-05-03T04:00,13.8,95,0.0,86,6.3
2026-05-03T05:00,14.0,68,0.0,86,3.9
2026-05-03T06:00,13.8,18,22.0,87,6.1
2026-05-03T07:00,14.8,31,132.0,82,5.4
2026-05-03T08:00,16.1,42,280.0,71,6.8
2026-05-03T09:00,17.6,70,402.0,63,8.2
2026-05-03T10:00,18.7,100,475.0,59,10.0
2026-05-03T11:00,19.1,100,363.0,58,11.4
2026-05-03T12:00,19.8,81,384.0,56,11.9
2026-05-03T13:00,21.1,80,578.0,51,11.8
2026-05-03T14:00,22.0,100,641.0,49,12.3
2026-05-03T15:00,22.0,46,684.0,51,10.8
2026-05-03T16:00,21.1,95,472.0,59,15.0
2026-05-03T17:00,19.5,83,245.0,66,10.1
2026-05-03T18:00,17.2,94,237.0,82,8.1
2026-05-03T19:00,17.6,58,126.0,79,3.2
2026-05-03T20:00,17.3,100,29.0,83,4.2
2026-05-03T21:00,17.0,100,0.0,84,5.0
2026-05-03T22:00,16.6,100,0.0,87,6.6
2026-05-03T23:00,16.1,100,0.0,90,7.3
2026-05-04T00:00,15.5,100,0.0,94,7.7
2026-05-04T01:00,14.8,100,0.0,95,10.4
2026-05-04T02:00,14.5,100,0.0,98,9.4
2026-05-04T03:00,14.4,100,0.0,96,9.6
2026-05-04T04:00,14.3,92,0.0,96,11.2
2026-05-04T05:00,13.9,100,0.0,95,11.9
2026-05-04T06:00,14.0,100,8.0,97,13.9
2026-05-04T07:00,14.0,100,21.0,97,16.7
2026-05-04T08:00,13.7,100,35.0,94,22.6
2026-05-04T09:00,13.9,27,207.0,83,21.9
2026-05-04T10:00,15.0,27,533.0,68,23.4
2026-05-04T11:00,15.6,29,618.0,61,22.8
2026-05-04T12:00,15.6,29,696.0,55,24.1
2026-05-04T13:00,16.3,12,720.0,46,22.2
2026-05-04T14:00,16.6,28,765.0,43,21.5
2026-05-04T15:00,15.8,47,675.0,43,21.2
2026-05-04T16:00,15.0,100,471.0,44,22.5
2026-05-04T17:00,14.2,35,236.0,48,19.8
2026-05-04T18:00,14.0,77,268.0,47,18.6
2026-05-04T19:00,13.4,24,105.0,48,15.5
2026-05-04T20:00,12.2,9,38.0,54,13.1
2026-05-04T21:00,11.2,4,0.0,58,12.7
2026-05-04T22:00,10.4,7,0.0,63,13.1
2026-05-04T23:00,9.9,4,0.0,66,13.9
2026-05-05T00:00,9.3,15,0.0,69,13.3
2026-05-05T01:00,8.6,6,0.0,74,13.8
2026-05-05T02:00,7.3,7,0.0,78,13.6
2026-05-05T03:00,6.7,100,0.0,80,13.0
2026-05-05T04:00,7.1,100,0.0,76,13.8
2026-05-05T05:00,7.2,100,0.0,76,12.6
2026-05-05T06:00,7.3,100,9.0,76,11.7
2026-05-05T07:00,7.6,100,54.0,70,14.4
2026-05-05T08:00,7.7,100,95.0,68,14.3
2026-05-05T09:00,7.6,100,117.0,68,14.4
2026-05-05T10:00,7.9,100,165.0,64,14.4
2026-05-05T11:00,8.3,100,228.0,60,13.3
2026-05-05T12:00,9.7,100,366.0,51,13.2
2026-05-05T13:00,10.8,100,462.0,46,12.3
2026-05-05T14:00,11.3,100,401.0,43,12.5
2026-05-05T15:00,9.9,100,192.0,52,11.2
2026-05-05T16:00,10.1,100,184.0,49,10.6
2026-05-05T17:00,10.1,100,144.0,47,9.8
2026-05-05T18:00,10.2,100,149.0,44,8.4
2026-05-05T19:00,10.2,100,117.0,42,6.5
2026-05-05T20:00,9.4,99,25.0,52,5.4
2026-05-05T21:00,8.5,98,0.0,55,7.6
2026-05-05T22:00,7.3,100,0.0,61,7.3
2026-05-05T23:00,6.4,98,0.0,68,8.0
2026-05-06T00:00,5.7,67,0.0,64,10.4
2026-05-06T01:00,5.2,78,0.0,61,10.2
2026-05-06T02:00,4.6,100,0.0,65,8.7
2026-05-06T03:00,3.5,100,0.0,70,9.2
2026-05-06T04:00,3.0,99,0.0,73,8.0
2026-05-06T05:00,2.5,98,0.0,75,7.5
2026-05-06T06:00,2.9,87,33.0,76,8.2
2026-05-06T07:00,4.1,76,148.0,69,4.3
2026-05-06T08:00,6.3,60,298.0,62,3.1
2026-05-06T09:00,8.9,51,461.0,51,2.6
2026-05-06T10:00,11.0,25,615.0,39,2.3
2026-05-06T11:00,12.5,75,729.0,36,0.2
2026-05-06T12:00,13.2,97,708.0,34,1.6
2026-05-06T13:00,14.0,99,709.0,31,2.6
2026-05-06T14:00,14.4,99,730.0,32,3.8
2026-05-06T15:00,14.6,100,667.0,29,3.6
2026-05-06T16:00,15.0,97,560.0,28,6.3
2026-05-06T17:00,14.3,95,402.0,32,11.0
2026-05-06T18:00,13.3,73,244.0,34,11.6
2026-05-06T19:00,12.8,96,163.0,34,8.8
2026-05-06T20:00,11.5,100,43.0,44,5.1
2026-05-06T21:00,10.4,94,0.0,54,4.2
2026-05-06T22:00,9.9,15,0.0,64,3.8
2026-05-06T23:00,9.6,1,0.0,62,0.9
2026-05-07T00:00,8.5,0,0.0,65,2.6
2026-05-07T01:00,7.7,7,0.0,67,9.2
2026-05-07T02:00,6.7,0,0.0,73,10.6
2026-05-07T03:00,5.4,74,0.0,82,11.4
2026-05-07T04:00,5.2,100,0.0,88,11.2
2026-05-07T05:00,5.4,91,0.0,86,10.9
2026-05-07T06:00,5.3,87,28.0,78,12.0
2026-05-07T07:00,5.3,32,90.0,73,12.6
2026-05-07T08:00,6.2,4,287.0,65,11.9
2026-05-07T09:00,7.8,87,482.0,55,11.3
2026-05-07T10:00,9.4,98,626.0,44,12.6
2026-05-07T11:00,10.9,77,723.0,34,14.1
2026-05-07T12:00,11.9,86,801.0,31,14.3
2026-05-07T13:00,12.6,90,837.0,31,14.4
2026-05-07T14:00,13.7,90,811.0,26,15.7
2026-05-07T15:00,13.4,95,629.0,28,16.1
2026-05-07T16:00,13.0,84,581.0,30,17.0
2026-05-07T17:00,12.0,100,372.0,34,16.2
2026-05-07T18:00,11.0,100,141.0,38,14.7
2026-05-07T19:00,10.4,100,65.0,39,13.9
2026-05-07T20:00,9.9,100,19.0,38,12.3
2026-05-07T21:00,9.6,100,0.0,39,10.0
2026-05-07T22:00,9.1,100,0.0,44,9.5
2026-05-07T23:00,8.4,99,0.0,49,12.0
2026-05-08T00:00,7.1,72,0.0,58,10.7
2026-05-08T01:00,5.9,69,0.0,66,8.9
2026-05-08T02:00,4.8,68,0.0,73,8.7
2026-05-08T03:00,3.2,100,0.0,70,9.2
2026-05-08T04:00,2.2,100,0.0,72,8.6
2026-05-08T05:00,1.5,100,0.0,76,7.7
2026-05-08T06:00,1.5,94,39.0,74,6.5
2026-05-08T07:00,2.4,57,164.0,68,6.0
2026-05-08T08:00,3.9,52,330.0,61,5.8
2026-05-08T09:00,5.7,44,486.0,54,6.7
2026-05-08T10:00,7.7,62,628.0,44,10.6
2026-05-08T11:00,9.0,94,660.0,40,13.0
2026-05-08T12:00,9.8,100,588.0,36,13.9
2026-05-08T13:00,9.8,94,493.0,37,14.3
2026-05-08T14:00,10.1,100,463.0,35,12.6
2026-05-08T15:00,11.6,28,622.0,30,12.4
2026-05-08T16:00,12.0,49,591.0,27,12.3
2026-05-08T17:00,11.6,99,440.0,29,14.2
2026-05-08T18:00,10.6,94,195.0,32,12.8
2026-05-08T19:00,10.2,100,99.0,33,11.1
2026-05-08T20:00,9.8,86,25.0,33,10.1
2026-05-08T21:00,9.2,12,0.0,36,12.1
2026-05-08T22:00,7.6,12,0.0,42,9.9
2026-05-08T23:00,6.7,1,0.0,46,6.7
2026-05-09T00:00,5.8,0,0.0,51,4.8
2026-05-09T01:00,4.9,87,0.0,58,3.6
2026-05-09T02:00,5.5,43,0.0,58,4.5
2026-05-09T03:00,4.0,95,0.0,76,2.2
2026-05-09T04:00,4.1,97,0.0,75,1.1
2026-05-09T05:00,3.9,99,0.0,75,2.3
2026-05-09T06:00,4.1,94,17.0,72,3.8
2026-05-09T07:00,4.7,100,91.0,69,3.6
2026-05-09T08:00,5.6,100,156.0,65,3.4
2026-05-09T09:00,6.4,93,183.0,61,3.3
2026-05-09T10:00,8.2,91,415.0,52,7.0
2026-05-09T11:00,8.6,60,352.0,51,7.8
2026-05-09T12:00,10.3,100,642.0,43,11.8
2026-05-09T13:00,10.0,100,379.0,44,12.7
2026-05-09T14:00,10.4,95,328.0,43,12.7
2026-05-09T15:00,11.6,97,443.0,37,12.9
2026-05-09T16:00,11.5,97,319.0,38,14.0
2026-05-09T17:00,11.6,100,256.0,39,13.8
2026-05-09T18:00,10.9,100,93.0,44,12.9
2026-05-09T19:00,10.1,100,38.0,51,9.5
2026-05-09T20:00,9.4,100,13.0,57,6.0
2026-05-09T21:00,8.8,100,0.0,65,2.2
2026-05-09T22:00,8.4,100,0.0,73,5.5
2026-05-09T23:00,8.0,100,0.0,80,10.6
2026-05-10T00:00,7.7,100,0.0,85,10.7
2026-05-10T01:00,7.5,100,0.0,89,11.0
2026-05-10T02:00,7.4,100,0.0,92,12.8
2026-05-10T03:00,8.0,100,0.0,96,14.6
2026-05-10T04:00,8.2,100,0.0,94,16.3
2026-05-10T05:00,8.1,100,0.0,96,16.2
2026-05-10T06:00,8.1,100,5.0,97,14.7
2026-05-10T07:00,8.2,100,17.0,97,13.4
2026-05-10T08:00,8.4,100,33.0,95,15.5
2026-05-10T09:00,9.2,100,104.0,92,13.4
2026-05-10T10:00,9.1,100,189.0,86,14.7
2026-05-10T11:00,8.8,100,195.0,83,13.3
2026-05-10T12:00,10.1,100,412.0,69,13.4
2026-05-10T13:00,9.9,100,344.0,66,13.9
2026-05-10T14:00,9.8,100,277.0,64,12.9
2026-05-10T15:00,9.5,100,259.0,63,11.9
2026-05-10T16:00,9.7,44,250.0,60,11.2
2026-05-10T17:00,9.9,62,370.0,59,11.2
2026-05-10T18:00,10.2,75,287.0,53,10.5
2026-05-10T19:00,9.6,98,120.0,55,9.5
2026-05-10T20:00,9.0,100,35.0,60,7.6
2026-05-10T21:00,8.2,91,1.0,66,7.6
2026-05-10T22:00,7.3,100,0.0,71,6.5
2026-05-10T23:00,6.8,99,0.0,73,7.6
2026-05-11T00:00,6.5,94,0.0,73,8.4
2026-05-11T01:00,6.5,91,0.0,71,9.1
2026-05-11T02:00,6.1,25,0.0,73,9.0
2026-05-11T03:00,4.5,73,0.0,83,8.2
2026-05-11T04:00,4.2,32,0.0,85,7.5
2026-05-11T05:00,3.5,1,0.0,88,7.2
2026-05-11T06:00,3.6,0,48.0,88,7.8
2026-05-11T07:00,4.7,0,176.0,83,6.1
2026-05-11T08:00,6.6,0,334.0,76,5.3
2026-05-11T09:00,8.7,0,493.0,69,4.6
2026-05-11T10:00,10.5,31,635.0,55,6.6
2026-05-11T11:00,11.4,25,640.0,48,7.0
2026-05-11T12:00,12.2,27,713.0,43,6.8
2026-05-11T13:00,12.7,53,702.0,40,7.2
2026-05-11T14:00,12.9,56,623.0,40,7.4
2026-05-11T15:00,12.9,60,636.0,47,6.0
2026-05-11T16:00,13.1,20,468.0,45,7.2
2026-05-11T17:00,11.6,94,473.0,52,10.1
2026-05-11T18:00,10.1,68,185.0,66,4.9
2026-05-11T19:00,9.7,89,114.0,66,6.6
2026-05-11T20:00,8.9,64,40.0,71,4.5
2026-05-11T21:00,7.8,77,1.0,80,4.4
2026-05-11T22:00,7.6,96,0.0,81,4.4
2026-05-11T23:00,7.1,82,0.0,84,7.1
2026-05-12T00:00,6.4,78,0.0,89,7.1
2026-05-12T01:00,6.1,79,0.0,90,6.3
2026-05-12T02:00,5.7,23,0.0,85,9.3
2026-05-12T03:00,4.9,10,0.0,86,8.6
2026-05-12T04:00,4.4,0,0.0,85,9.1
2026-05-12T05:00,3.7,0,0.0,87,8.6
2026-05-12T06:00,3.8,4,50.0,87,8.1
2026-05-12T07:00,5.0,24,179.0,82,5.6
2026-05-12T08:00,7.0,2,337.0,75,6.4
2026-05-12T09:00,9.2,6,494.0,63,5.9
2026-05-12T10:00,11.1,1,635.0,51,6.1
2026-05-12T11:00,12.7,50,743.0,42,9.0
2026-05-12T12:00,13.0,100,625.0,37,9.5
2026-05-12T13:00,12.8,68,392.0,38,10.7
2026-05-12T14:00,13.6,100,619.0,37,10.8
2026-05-12T15:00,13.9,100,373.0,33,11.2
2026-05-12T16:00,13.6,100,244.0,34,10.5
2026-05-12T17:00,14.0,95,268.0,33,10.2
2026-05-12T18:00,13.7,89,185.0,33,10.2
2026-05-12T19:00,13.5,76,122.0,33,8.0
2026-05-12T20:00,12.4,84,43.0,41,6.9
2026-05-12T21:00,11.2,18,1.0,51,6.9
2026-05-12T22:00,9.6,4,0.0,62,8.3
2026-05-12T23:00,8.4,18,0.0,67,10.3
2026-05-13T00:00,7.9,5,0.0,65,12.9
2026-05-13T01:00,7.0,0,0.0,67,8.8
2026-05-13T02:00,6.3,0,0.0,71,6.9
2026-05-13T03:00,5.5,56,0.0,71,5.8
2026-05-13T04:00,5.1,10,0.0,73,5.8
2026-05-13T05:00,4.1,0,1.0,78,6.8
2026-05-13T06:00,4.2,0,52.0,77,6.6
2026-05-13T07:00,5.5,0,182.0,66,5.1
2026-05-13T08:00,7.7,0,340.0,57,5.3
2026-05-13T09:00,9.9,16,500.0,49,7.0
2026-05-13T10:00,11.9,81,641.0,42,8.1
2026-05-13T11:00,13.4,20,746.0,37,9.5
2026-05-13T12:00,14.4,48,818.0,34,10.4
2026-05-13T13:00,15.2,27,837.0,32,10.3
2026-05-13T14:00,15.7,1,817.0,30,10.9
2026-05-13T15:00,16.4,51,766.0,25,12.9
2026-05-13T16:00,16.4,42,651.0,26,12.7
2026-05-13T17:00,16.3,100,516.0,27,13.2
2026-05-13T18:00,15.8,91,338.0,27,12.5
2026-05-13T19:00,15.1,100,186.0,30,11.4
2026-05-13T20:00,14.5,100,48.0,34,4.8
2026-05-13T21:00,13.8,100,1.0,37,2.2
2026-05-13T22:00,13.4,100,0.0,39,5.7
2026-05-13T23:00,12.7,100,0.0,47,7.6
2026-05-14T00:00,11.8,100,0.0,61,5.1
2026-05-14T01:00,10.9,100,0.0,77,3.6
2026-05-14T02:00,10.6,100,0.0,87,6.8
2026-05-14T03:00,9.9,100,0.0,91,9.4
2026-05-14T04:00,9.6,100,0.0,92,10.5
2026-05-14T05:00,9.3,100,0.0,92,10.2
2026-05-14T06:00,9.4,99,18.0,91,11.2
2026-05-14T07:00,10.0,77,79.0,90,9.8
2026-05-14T08:00,12.2,100,305.0,77,10.1
2026-05-14T09:00,14.0,100,428.0,68,13.9
2026-05-14T10:00,15.3,93,478.0,61,15.9
2026-05-14T11:00,17.0,75,673.0,51,19.1
2026-05-14T12:00,17.6,100,702.0,51,18.5
2026-05-14T13:00,18.5,100,642.0,45,15.7
2026-05-14T14:00,19.3,100,635.0,40,17.3
2026-05-14T15:00,19.5,100,452.0,38,18.2
2026-05-14T16:00,19.1,100,340.0,38,19.6
2026-05-14T17:00,14.4,100,242.0,73,15.7
2026-05-14T18:00,13.8,100,61.0,74,16.4
2026-05-14T19:00,12.6,100,65.0,82,16.4
2026-05-14T20:00,11.5,100,16.0,86,14.0
2026-05-14T21:00,10.9,100,1.0,87,14.7
2026-05-14T22:00,9.7,64,0.0,87,15.0
2026-05-14T23:00,7.7,64,0.0,84,14.8
2026-05-15T00:00,6.3,100,0.0,83,13.2
2026-05-15T01:00,5.8,100,0.0,82,11.6
2026-05-15T02:00,5.4,100,0.0,80,10.6
2026-05-15T03:00,4.5,100,0.0,85,8.6
2026-05-15T04:00,4.4,92,0.0,84,11.8
2026-05-15T05:00,3.6,4,1.0,86,13.2
2026-05-15T06:00,3.5,0,58.0,86,12.8
2026-05-15T07:00,4.4,1,193.0,83,12.6
2026-05-15T08:00,6.1,45,352.0,72,18.0
2026-05-15T09:00,7.4,45,419.0,64,13.9
2026-05-15T10:00,8.8,50,544.0,52,13.6
2026-05-15T11:00,9.8,17,625.0,53,13.0
2026-05-15T12:00,11.1,13,802.0,48,13.0
2026-05-15T13:00,11.7,11,836.0,45,13.2
2026-05-15T14:00,9.4,99,816.0,48,19.2
2026-05-15T15:00,6.8,100,270.0,79,11.0
2026-05-15T16:00,7.8,100,473.0,69,13.7
2026-05-15T17:00,8.2,68,345.0,63,12.2
2026-05-15T18:00,8.8,67,257.0,58,12.2
2026-05-15T19:00,8.2,35,153.0,63,12.2
2026-05-15T20:00,7.4,3,64.0,69,9.2
2026-05-15T21:00,6.4,45,3.0,73,10.2
2026-05-15T22:00,5.7,100,0.0,77,11.1
2026-05-15T23:00,5.2,57,0.0,82,11.0
2026-05-16T00:00,4.7,100,0.0,86,10.5
2026-05-16T01:00,4.8,100,0.0,86,11.7
2026-05-16T02:00,4.9,100,0.0,87,15.3
2026-05-16T03:00,5.4,100,0.0,92,16.7
2026-05-16T04:00,5.8,100,0.0,94,19.0
2026-05-16T05:00,5.9,100,0.0,96,21.4
2026-05-16T06:00,6.2,100,3.0,95,23.4
2026-05-16T07:00,6.2,100,14.0,94,25.8
2026-05-16T08:00,6.4,100,26.0,92,24.4
2026-05-16T09:00,6.5,80,103.0,85,27.8
2026-05-16T10:00,6.7,94,304.0,78,20.2
2026-05-16T11:00,7.1,100,277.0,77,20.7
2026-05-16T12:00,6.8,96,255.0,74,18.9
2026-05-16T13:00,7.9,93,387.0,71,22.4
2026-05-16T14:00,8.7,86,450.0,66,21.1
2026-05-16T15:00,7.7,100,289.0,71,17.5
2026-05-16T16:00,7.7,74,183.0,72,14.5
2026-05-16T17:00,8.9,90,401.0,64,15.9
2026-05-16T18:00,8.8,70,219.0,67,12.1
2026-05-16T19:00,7.5,85,115.0,78,15.3
2026-05-16T20:00,7.0,69,28.0,84,10.6
2026-05-16T21:00,6.4,65,3.0,88,8.9
2026-05-16T22:00,5.9,100,0.0,90,8.6
2026-05-16T23:00,5.7,100,0.0,91,10.0
2026-05-17T00:00,5.8,100,0.0,86,12.0
2026-05-17T01:00,6.3,100,0.0,83,13.9
2026-05-17T02:00,6.4,100,0.0,86,15.1
2026-05-17T03:00,6.5,100,0.0,91,21.0
2026-05-17T04:00,6.6,100,0.0,96,22.2
2026-05-17T05:00,6.4,100,0.0,93,20.9
2026-05-17T06:00,4.5,100,18.0,93,23.5
2026-05-17T07:00,4.1,100,23.0,95,25.7
2026-05-17T08:00,4.6,100,39.0,95,24.0
2026-05-17T09:00,5.1,100,89.0,93,23.6
2026-05-17T10:00,6.4,100,204.0,82,22.8
2026-05-17T11:00,7.4,94,272.0,77,18.6
2026-05-17T12:00,8.4,73,360.0,75,17.0
2026-05-17T13:00,10.0,100,497.0,68,15.6
2026-05-17T14:00,11.0,93,449.0,61,16.0
2026-05-17T15:00,9.1,100,552.0,72,16.1
2026-05-17T16:00,9.7,83,518.0,67,13.7
2026-05-17T17:00,10.1,49,430.0,64,11.7
2026-05-17T18:00,9.8,79,276.0,65,9.4
2026-05-17T19:00,9.0,78,125.0,71,9.0
2026-05-17T20:00,7.7,86,50.0,82,7.0
2026-05-17T21:00,7.2,67,3.0,87,7.8
2026-05-17T22:00,6.3,43,0.0,90,8.6
2026-05-17T23:00,5.6,100,0.0,93,8.1
2026-05-18T00:00,5.2,87,0.0,94,7.6
2026-05-18T01:00,4.8,29,0.0,95,8.1
2026-05-18T02:00,4.3,20,0.0,97,8.1
2026-05-18T03:00,4.7,0,0.0,98,7.0
2026-05-18T04:00,4.2,2,0.0,98,7.1
2026-05-18T05:00,3.9,71,2.0,99,6.9
2026-05-18T06:00,4.6,100,57.0,98,8.0
2026-05-18T07:00,5.7,100,127.0,94,7.3
2026-05-18T08:00,6.9,100,205.0,88,7.3
2026-05-18T09:00,7.5,100,222.0,83,6.6
2026-05-18T10:00,8.3,100,269.0,77,6.6
2026-05-18T11:00,9.2,100,341.0,70,7.1
2026-05-18T12:00,9.8,100,351.0,66,7.2
2026-05-18T13:00,10.4,100,327.0,63,5.6
2026-05-18T14:00,10.6,100,290.0,62,4.4
2026-05-18T15:00,8.3,97,409.0,79,8.3
2026-05-18T16:00,9.8,32,427.0,73,2.9
2026-05-18T17:00,10.7,26,508.0,68,0.2
2026-05-18T18:00,10.5,24,326.0,68,2.4
2026-05-18T19:00,10.2,26,188.0,68,1.1
2026-05-18T20:00,9.2,24,66.0,80,2.8
2026-05-18T21:00,7.9,19,4.0,84,0.8
2026-05-18T22:00,7.0,1,0.0,90,3.5
2026-05-18T23:00,6.4,4,0.0,93,4.8
2026-05-19T00:00,5.7,7,0.0,94,4.3
2026-05-19T01:00,5.6,4,0.0,94,5.3
2026-05-19T02:00,5.1,3,0.0,95,4.6
2026-05-19T03:00,4.2,35,0.0,98,1.8
2026-05-19T04:00,4.3,12,0.0,99,8.2
2026-05-19T05:00,3.6,1,2.0,99,7.4
2026-05-19T06:00,4.4,0,65.0,98,7.2
2026-05-19T07:00,6.5,3,197.0,94,4.1
2026-05-19T08:00,8.6,0,354.0,88,3.5
2026-05-19T09:00,10.6,21,511.0,74,4.6
2026-05-19T10:00,12.1,22,612.0,64,4.2
2026-05-19T11:00,13.5,72,677.0,54,5.6
2026-05-19T12:00,14.0,100,548.0,50,7.7
2026-05-19T13:00,14.1,69,448.0,51,9.3
2026-05-19T14:00,14.8,100,608.0,49,9.7
2026-05-19T15:00,14.6,99,360.0,50,9.0
2026-05-19T16:00,14.6,96,352.0,52,10.3
2026-05-19T17:00,14.4,51,301.0,53,11.5
2026-05-19T18:00,14.2,100,257.0,54,11.0
2026-05-19T19:00,13.7,61,121.0,59,9.1
2026-05-19T20:00,12.4,53,57.0,68,8.4
2026-05-19T21:00,11.0,97,4.0,77,9.1
2026-05-19T22:00,10.3,85,0.0,81,10.1
2026-05-19T23:00,9.6,51,0.0,86,10.0
2026-05-20T00:00,9.0,61,0.0,89,9.2
2026-05-20T01:00,8.6,39,0.0,92,10.1
2026-05-20T02:00,8.2,50,0.0,93,10.4
2026-05-20T03:00,9.6,100,0.0,95,13.0
2026-05-20T04:00,9.6,47,0.0,95,13.6
2026-05-20T05:00,9.0,20,2.0,97,12.9
2026-05-20T06:00,9.1,4,62.0,95,13.2
2026-05-20T07:00,9.8,12,193.0,90,11.4
2026-05-20T08:00,10.9,0,342.0,85,9.1
2026-05-20T09:00,12.9,0,515.0,76,8.7
2026-05-20T10:00,15.1,9,658.0,67,9.6
2026-05-20T11:00,16.9,52,758.0,56,11.1
2026-05-20T12:00,17.9,42,787.0,53,11.7
2026-05-20T13:00,18.9,1,841.0,51,13.0
2026-05-20T14:00,19.8,22,820.0,47,14.3
2026-05-20T15:00,20.3,36,693.0,41,15.8
2026-05-20T16:00,20.5,33,597.0,41,15.0
2026-05-20T17:00,20.5,27,433.0,40,14.6
2026-05-20T18:00,19.9,34,325.0,44,12.1
2026-05-20T19:00,18.7,40,179.0,52,8.6
2026-05-20T20:00,17.0,17,66.0,64,9.2
2026-05-20T21:00,15.6,1,5.0,69,11.1
2026-05-20T22:00,14.2,0,0.0,70,9.4
2026-05-20T23:00,13.0,0,0.0,74,9.6
2026-05-21T00:00,12.2,0,0.0,79,10.2
2026-05-21T01:00,11.8,0,0.0,82,10.1
2026-05-21T02:00,11.3,0,0.0,85,10.3
2026-05-21T03:00,10.7,0,0.0,83,10.2
2026-05-21T04:00,10.4,0,0.0,84,10.9
2026-05-21T05:00,10.4,0,3.0,84,11.3
2026-05-21T06:00,11.4,0,70.0,81,10.8
2026-05-21T07:00,13.1,0,203.0,78,8.7
2026-05-21T08:00,15.1,1,358.0,72,8.7
2026-05-21T09:00,17.3,4,509.0,67,9.2
2026-05-21T10:00,19.2,3,644.0,60,10.1
2026-05-21T11:00,20.8,10,750.0,51,10.8
2026-05-21T12:00,21.5,31,759.0,44,12.5
2026-05-21T13:00,21.4,22,675.0,42,11.6
2026-05-21T14:00,21.8,12,727.0,41,11.6
2026-05-21T15:00,22.4,40,741.0,39,13.9
2026-05-21T16:00,22.2,36,527.0,39,13.0
2026-05-21T17:00,21.6,30,443.0,40,16.2
2026-05-21T18:00,20.8,8,318.0,45,12.9
2026-05-21T19:00,19.9,17,211.0,52,11.1
2026-05-21T20:00,18.5,12,74.0,61,7.4
2026-05-21T21:00,17.2,80,5.0,66,8.7
2026-05-21T22:00,16.2,97,0.0,68,11.2
2026-05-21T23:00,15.0,72,0.0,74,8.0
2026-05-22T00:00,14.5,72,0.0,77,8.9
2026-05-22T01:00,13.9,100,0.0,80,9.3
2026-05-22T02:00,13.9,100,0.0,81,8.7
2026-05-22T03:00,13.7,100,0.0,78,9.3
2026-05-22T04:00,13.2,100,0.0,81,8.6
2026-05-22T05:00,12.7,82,3.0,85,8.4
2026-05-22T06:00,13.1,38,65.0,85,8.5
2026-05-22T07:00,14.4,73,172.0,81,6.3
2026-05-22T08:00,15.9,62,299.0,75,6.7
2026-05-22T09:00,17.5,100,430.0,67,7.1
2026-05-22T10:00,18.8,100,538.0,58,6.4
2026-05-22T11:00,19.7,100,569.0,49,8.5
2026-05-22T12:00,19.3,100,366.0,45,9.7
2026-05-22T13:00,20.0,98,461.0,42,11.0
2026-05-22T14:00,20.3,100,608.0,42,10.9
2026-05-22T15:00,16.7,80,625.0,58,15.1
2026-05-22T16:00,16.7,100,514.0,56,12.0
2026-05-22T17:00,15.0,100,94.0,59,12.4
2026-05-22T18:00,14.0,100,83.0,65,9.9
2026-05-22T19:00,13.1,100,27.0,72,8.5
2026-05-22T20:00,12.6,100,9.0,79,6.9
2026-05-22T21:00,12.3,100,1.0,87,6.0
2026-05-22T22:00,11.8,100,0.0,95,9.5
2026-05-22T23:00,11.4,100,0.0,94,10.0
2026-05-23T00:00,11.0,100,0.0,94,9.5
2026-05-23T01:00,10.8,100,0.0,95,7.9
2026-05-23T02:00,10.8,100,0.0,96,8.9
2026-05-23T03:00,10.4,100,0.0,95,9.7
2026-05-23T04:00,10.1,100,0.0,93,9.4
2026-05-23T05:00,9.7,100,1.0,90,11.4
2026-05-23T06:00,9.4,100,20.0,88,11.9
2026-05-23T07:00,9.2,100,30.0,85,11.9
2026-05-23T08:00,9.0,100,92.0,78,11.1
2026-05-23T09:00,9.0,100,117.0,76,9.4
2026-05-23T10:00,10.0,100,280.0,70,8.8
2026-05-23T11:00,11.0,100,324.0,64,8.4
2026-05-23T12:00,12.1,100,403.0,55,7.2
2026-05-23T13:00,14.5,100,605.0,43,6.4
2026-05-23T14:00,15.6,100,658.0,37,7.3
2026-05-23T15:00,14.8,100,497.0,43,6.7
2026-05-23T16:00,15.0,100,432.0,42,7.1
2026-05-23T17:00,14.7,98,306.0,43,8.3
2026-05-23T18:00,14.5,97,280.0,41,8.4
2026-05-23T19:00,14.2,99,163.0,43,5.6
2026-05-23T20:00,13.0,100,56.0,54,5.4
2026-05-23T21:00,12.2,100,3.0,60,6.2
2026-05-23T22:00,11.5,100,0.0,64,5.0
2026-05-23T23:00,11.1,100,0.0,67,4.4
2026-05-24T00:00,10.6,100,0.0,70,4.0
2026-05-24T01:00,10.7,100,0.0,72,1.5
2026-05-24T02:00,10.1,100,0.0,76,1.2
2026-05-24T03:00,9.3,99,0.0,71,6.1
2026-05-24T04:00,8.8,99,0.0,72,5.4
2026-05-24T05:00,8.5,100,2.0,71,6.3
2026-05-24T06:00,8.7,99,41.0,72,6.2
2026-05-24T07:00,9.4,100,105.0,71,5.0
2026-05-24T08:00,10.9,100,196.0,65,4.4
2026-05-24T09:00,12.8,100,322.0,55,5.1
2026-05-24T10:00,13.9,100,367.0,45,6.9
2026-05-24T11:00,14.3,100,365.0,40,7.2
2026-05-24T12:00,15.0,100,447.0,38,8.5
2026-05-24T13:00,14.8,100,356.0,38,9.5
2026-05-24T14:00,15.1,100,399.0,39,9.9
2026-05-24T15:00,15.3,100,306.0,39,9.7
2026-05-24T16:00,15.8,100,352.0,38,8.1
2026-05-24T17:00,15.7,99,214.0,38,6.7
2026-05-24T18:00,15.8,39,245.0,36,7.2
2026-05-24T19:00,15.5,18,202.0,43,3.4
2026-05-24T20:00,14.1,3,88.0,55,1.2
2026-05-24T21:00,12.2,96,8.0,59,1.0
2026-05-24T22:00,11.0,45,0.0,65,4.9
2026-05-24T23:00,10.7,12,0.0,66,6.7
2026-05-25T00:00,9.8,11,0.0,72,5.3
2026-05-25T01:00,8.9,19,0.0,77,4.1
2026-05-25T02:00,8.7,10,0.0,78,1.0
2026-05-25T03:00,6.1,1,0.0,88,3.6
2026-05-25T04:00,5.5,16,0.0,90,3.2
2026-05-25T05:00,5.5,47,5.0,91,3.2
2026-05-25T06:00,7.1,22,68.0,86,5.2
2026-05-25T07:00,9.6,8,209.0,77,2.3
2026-05-25T08:00,12.4,0,361.0,64,1.2
2026-05-25T09:00,14.7,0,526.0,51,0.4
2026-05-25T10:00,16.1,0,664.0,44,2.3
2026-05-25T11:00,17.2,72,761.0,38,6.7
2026-05-25T12:00,17.6,99,656.0,36,8.3
2026-05-25T13:00,17.7,68,493.0,36,8.5
2026-05-25T14:00,18.4,100,587.0,34,7.4
2026-05-25T15:00,19.3,80,618.0,31,4.4
2026-05-25T16:00,19.4,71,528.0,31,6.1
2026-05-25T17:00,19.1,62,352.0,32,6.9
2026-05-25T18:00,18.8,97,273.0,33,7.4
2026-05-25T19:00,18.0,89,134.0,36,7.2
2026-05-25T20:00,17.0,17,73.0,42,5.7
2026-05-25T21:00,15.0,0,9.0,54,3.1
2026-05-25T22:00,13.7,0,0.0,58,5.1
2026-05-25T23:00,13.0,0,0.0,60,7.7
2026-05-26T00:00,12.2,0,0.0,63,7.0
2026-05-26T01:00,11.5,0,0.0,65,8.5
2026-05-26T02:00,10.9,0,0.0,65,8.5
2026-05-26T03:00,9.3,6,0.0,71,8.1
2026-05-26T04:00,8.5,2,0.0,76,6.6
2026-05-26T05:00,8.0,0,6.0,80,6.0
2026-05-26T06:00,8.8,0,80.0,77,6.6
2026-05-26T07:00,11.0,0,217.0,68,5.5
2026-05-26T08:00,13.8,0,375.0,56,4.8
2026-05-26T09:00,16.4,0,531.0,48,5.7
2026-05-26T10:00,18.5,10,666.0,45,6.9
2026-05-26T11:00,20.0,16,768.0,42,7.8
2026-05-26T12:00,20.8,84,754.0,38,9.0
2026-05-26T13:00,20.0,100,432.0,41,10.3
2026-05-26T14:00,19.5,56,307.0,43,8.2
2026-05-26T15:00,20.3,99,463.0,46,9.2
2026-05-26T16:00,18.7,98,341.0,56,13.3
2026-05-26T17:00,17.3,41,202.0,72,4.6
2026-05-26T18:00,18.2,5,341.0,69,5.4
2026-05-26T19:00,18.1,48,214.0,72,6.3
2026-05-26T20:00,14.0,100,63.0,94,4.9
2026-05-26T21:00,14.2,55,3.0,96,6.7
2026-05-26T22:00,13.7,30,0.0,96,11.1
2026-05-26T23:00,13.1,5,0.0,95,14.3
2026-05-27T00:00,12.1,23,0.0,93,13.3
2026-05-27T01:00,11.3,30,0.0,88,12.7
2026-05-27T02:00,10.6,27,0.0,85,11.6
2026-05-27T03:00,10.6,2,0.0,79,10.7
2026-05-27T04:00,10.0,15,0.0,79,9.1
2026-05-27T05:00,9.6,9,6.0,80,9.6
2026-05-27T06:00,10.2,0,78.0,79,8.3
2026-05-27T07:00,11.8,0,213.0,71,7.3
2026-05-27T08:00,14.0,1,369.0,63,7.4
2026-05-27T09:00,16.0,0,524.0,55,8.3
2026-05-27T10:00,17.8,0,661.0,46,8.8
2026-05-27T11:00,19.3,0,770.0,38,10.1
2026-05-27T12:00,20.4,0,839.0,33,11.0
2026-05-27T13:00,21.1,2,865.0,32,11.1
2026-05-27T14:00,21.6,17,845.0,31,11.0
2026-05-27T15:00,22.0,0,780.0,29,10.6
2026-05-27T16:00,21.8,36,673.0,29,11.2
2026-05-27T17:00,21.8,77,506.0,28,10.0
2026-05-27T18:00,21.3,84,300.0,29,10.8
2026-05-27T19:00,20.6,80,189.0,31,11.5
2026-05-27T20:00,19.4,65,84.0,41,10.7
2026-05-27T21:00,17.5,35,9.0,50,8.6
2026-05-27T22:00,16.5,7,0.0,55,6.3
2026-05-27T23:00,15.4,0,0.0,60,4.7
2026-05-28T00:00,14.2,5,0.0,68,4.2
2026-05-28T01:00,13.5,21,0.0,72,3.6
2026-05-28T02:00,13.0,53,0.0,74,1.5
2026-05-28T03:00,12.8,30,0.0,69,2.9
2026-05-28T04:00,11.6,47,0.0,75,2.8
2026-05-28T05:00,11.8,42,5.0,74,2.8
2026-05-28T06:00,12.8,20,72.0,69,5.1
2026-05-28T07:00,15.1,24,211.0,58,4.1
2026-05-28T08:00,17.6,56,366.0,49,3.6
2026-05-28T09:00,19.8,71,517.0,43,4.9
2026-05-28T10:00,21.4,62,649.0,37,5.7
2026-05-28T11:00,22.6,55,759.0,33,8.3
2026-05-28T12:00,23.2,66,731.0,30,9.5
2026-05-28T13:00,23.0,37,589.0,30,10.4
2026-05-28T14:00,23.8,40,692.0,28,8.7
2026-05-28T15:00,24.4,100,633.0,27,9.4
2026-05-28T16:00,23.8,96,352.0,30,10.1
2026-05-28T17:00,23.6,98,325.0,30,9.3
2026-05-28T18:00,23.5,100,277.0,30,8.2
2026-05-28T19:00,22.9,100,140.0,32,8.1
2026-05-28T20:00,21.5,100,40.0,41,11.6
2026-05-28T21:00,19.0,100,4.0,60,14.5
2026-05-28T22:00,17.3,100,0.0,71,11.7
2026-05-28T23:00,16.7,100,0.0,76,10.5
2026-05-29T00:00,16.2,100,0.0,81,10.4
2026-05-29T01:00,15.6,100,0.0,87,12.7
2026-05-29T02:00,15.1,100,0.0,91,11.0
2026-05-29T03:00,14.5,100,0.0,93,12.0
2026-05-29T04:00,14.1,100,0.0,96,11.4
2026-05-29T05:00,13.9,100,1.0,98,11.4
2026-05-29T06:00,13.8,100,9.0,98,11.6
2026-05-29T07:00,13.8,100,33.0,99,13.8
2026-05-29T08:00,13.7,100,40.0,96,16.3
2026-05-29T09:00,13.7,100,44.0,95,18.2
2026-05-29T10:00,13.6,100,84.0,93,19.9
2026-05-29T11:00,13.9,100,117.0,92,18.7
2026-05-29T12:00,14.4,100,163.0,88,18.9
2026-05-29T13:00,14.5,100,216.0,86,18.3
2026-05-29T14:00,16.3,100,517.0,70,23.1
2026-05-29T15:00,15.8,100,219.0,75,19.0
2026-05-29T16:00,17.0,98,240.0,58,19.3
2026-05-29T17:00,17.9,20,423.0,50,22.2
2026-05-29T18:00,17.3,25,351.0,50,21.5
2026-05-29T19:00,16.5,24,212.0,54,17.7
2026-05-29T20:00,15.2,11,89.0,61,14.2
2026-05-29T21:00,13.9,3,11.0,67,11.8
2026-05-29T22:00,12.8,0,0.0,72,9.4
2026-05-29T23:00,11.9,0,0.0,77,9.2
2026-05-30T00:00,11.2,2,0.0,79,9.8
2026-05-30T01:00,10.5,11,0.0,81,9.9
2026-05-30T02:00,9.8,0,0.0,82,9.6
2026-05-30T03:00,8.7,0,0.0,83,8.5
2026-05-30T04:00,7.9,0,0.0,82,9.0
2026-05-30T05:00,7.4,0,8.0,81,9.1
2026-05-30T06:00,8.1,22,88.0,80,9.2
2026-05-30T07:00,9.7,41,227.0,73,6.5
2026-05-30T08:00,11.8,36,383.0,66,6.1
2026-05-30T09:00,13.8,100,533.0,57,6.9
2026-05-30T10:00,15.6,100,649.0,51,7.8
2026-05-30T11:00,17.0,59,752.0,49,7.6
2026-05-30T12:00,18.3,96,829.0,48,9.4
2026-05-30T13:00,19.6,100,849.0,44,14.2
2026-05-30T14:00,19.0,100,435.0,47,15.4
2026-05-30T15:00,20.1,100,494.0,46,15.9
2026-05-30T16:00,18.8,100,329.0,56,17.6
2026-05-30T17:00,16.8,100,104.0,69,14.4
2026-05-30T18:00,16.1,100,50.0,77,10.6
2026-05-30T19:00,16.0,100,26.0,80,8.3
2026-05-30T20:00,16.3,40,54.0,81,8.6
2026-05-30T21:00,15.4,11,11.0,86,8.2
2026-05-30T22:00,14.9,8,0.0,88,8.0
2026-05-30T23:00,14.6,16,0.0,90,8.4
2026-05-31T00:00,14.4,65,0.0,91,9.5
2026-05-31T01:00,14.4,18,0.0,92,9.9
2026-05-31T02:00,14.3,55,0.0,93,9.6
2026-05-31T03:00,14.7,98,0.0,93,11.9
2026-05-31T04:00,14.7,52,0.0,93,10.3
2026-05-31T05:00,14.3,50,6.0,95,10.6
2026-05-31T06:00,15.1,37,67.0,93,10.5
2026-05-31T07:00,16.2,14,171.0,91,8.3
2026-05-31T08:00,17.8,5,344.0,85,9.6
2026-05-31T09:00,19.5,15,500.0,77,9.7
2026-05-31T10:00,20.6,28,602.0,70,11.7
2026-05-31T11:00,21.5,25,672.0,62,13.0
2026-05-31T12:00,22.1,17,727.0,57,15.0
2026-05-31T13:00,23.0,17,775.0,50,15.9
2026-05-31T14:00,23.5,24,760.0,47,17.7
2026-05-31T15:00,22.6,41,650.0,51,14.8
2026-05-31T16:00,22.8,10,539.0,51,13.4
2026-05-31T17:00,22.8,8,501.0,52,11.3
2026-05-31T18:00,22.3,12,365.0,54,11.4
2026-05-31T19:00,21.5,10,218.0,56,9.2
2026-05-31T20:00,20.1,97,95.0,67,4.3
2026-05-31T21:00,18.7,95,11.0,72,2.8
2026-05-31T22:00,18.0,42,0.0,75,1.9
2026-05-31T23:00,17.1,100,0.0,77,0.7
2026-06-01T00:00,16.2,100,0.0,81,0.7
2026-06-01T01:00,15.7,99,0.0,82,0.5
2026-06-01T02:00,15.0,100,0.0,85,0.4
2026-06-01T03:00,13.8,100,0.0,89,4.0
2026-06-01T04:00,13.3,100,0.0,91,5.0
2026-06-01T05:00,12.7,86,7.0,91,5.6
2026-06-01T06:00,13.3,0,81.0,88,5.6
2026-06-01T07:00,15.1,0,216.0,80,2.8
2026-06-01T08:00,17.5,0,368.0,70,3.1
2026-06-01T09:00,19.8,6,520.0,61,2.3
2026-06-01T10:00,21.8,58,655.0,53,0.9
2026-06-01T11:00,23.1,48,753.0,49,2.3
2026-06-01T12:00,24.2,5,824.0,44,3.0
2026-06-01T13:00,25.0,63,854.0,41,2.5
2026-06-01T14:00,25.8,76,833.0,39,3.3
2026-06-01T15:00,26.0,99,766.0,39,4.8
2026-06-01T16:00,26.0,100,574.0,39,5.6
2026-06-01T17:00,25.8,100,428.0,39,4.8
2026-06-01T18:00,25.3,100,221.0,42,6.5
2026-06-01T19:00,23.9,100,91.0,48,10.3
2026-06-01T20:00,19.6,100,25.0,77,12.5
2026-06-01T21:00,19.8,95,9.0,77,11.8
2026-06-01T22:00,19.1,100,0.0,81,10.3
2026-06-01T23:00,18.5,83,0.0,86,11.2
2026-06-02T00:00,18.2,88,0.0,87,11.6
2026-06-02T01:00,17.7,99,0.0,88,10.3
2026-06-02T02:00,17.4,76,0.0,88,10.6
2026-06-02T03:00,18.8,72,0.0,78,9.9
2026-06-02T04:00,18.2,97,0.0,81,11.5
2026-06-02T05:00,17.9,94,8.0,84,11.0
2026-06-02T06:00,18.2,100,65.0,82,8.9
2026-06-02T07:00,18.8,100,134.0,79,10.4
2026-06-02T08:00,20.2,99,304.0,73,13.0
2026-06-02T09:00,21.6,100,399.0,66,12.8
2026-06-02T10:00,22.9,47,475.0,59,14.4
2026-06-02T11:00,24.0,100,632.0,55,13.9
2026-06-02T12:00,24.0,41,516.0,54,14.1
2026-06-02T13:00,25.5,69,791.0,48,13.4
2026-06-02T14:00,25.9,65,730.0,45,13.0
2026-06-02T15:00,25.3,100,732.0,48,14.2
2026-06-02T16:00,22.1,98,197.0,57,13.2
2026-06-02T17:00,22.5,100,346.0,54,11.1
2026-06-02T18:00,22.4,16,342.0,52,10.7
2026-06-02T19:00,21.8,96,224.0,52,9.1
2026-06-02T20:00,20.9,100,46.0,55,7.6
2026-06-02T21:00,20.0,100,9.0,60,6.3
2026-06-02T22:00,19.2,98,0.0,66,4.3
2026-06-02T23:00,18.9,100,0.0,68,4.0
2026-06-03T00:00,18.6,100,0.0,69,3.1
2026-06-03T01:00,18.1,100,0.0,75,1.9
2026-06-03T02:00,17.9,100,0.0,73,3.0
2026-06-03T03:00,17.1,100,0.0,82,3.2
2026-06-03T04:00,16.5,100,0.0,84,3.9
2026-06-03T05:00,16.5,95,4.0,85,3.1
2026-06-03T06:00,16.9,84,58.0,85,3.8
2026-06-03T07:00,17.9,100,146.0,77,3.5
2026-06-03T08:00,19.1,100,286.0,70,3.9
2026-06-03T09:00,19.8,100,265.0,65,3.3
2026-06-03T10:00,20.7,100,352.0,62,3.1
2026-06-03T11:00,22.3,100,592.0,57,2.8
2026-06-03T12:00,22.8,100,441.0,51,5.5
2026-06-03T13:00,19.6,100,131.0,68,10.1
2026-06-03T14:00,20.1,100,236.0,67,2.6
2026-06-03T15:00,21.4,73,407.0,61,5.1
2026-06-03T16:00,20.2,90,514.0,66,14.1
2026-06-03T17:00,18.2,16,297.0,79,3.1
2026-06-03T18:00,19.7,14,377.0,73,3.9
2026-06-03T19:00,19.8,18,221.0,66,4.9
2026-06-03T20:00,19.4,3,97.0,70,2.0
2026-06-03T21:00,17.5,5,15.0,80,3.5
2026-06-03T22:00,16.5,2,0.0,86,3.1
2026-06-03T23:00,15.8,1,0.0,89,3.6
2026-06-04T00:00,15.6,0,0.0,90,5.1
2026-06-04T01:00,15.1,0,0.0,92,5.2
2026-06-04T02:00,14.7,0,0.0,95,6.3
2026-06-04T03:00,13.1,0,0.0,91,7.3
2026-06-04T04:00,12.9,0,0.0,91,8.4
2026-06-04T05:00,13.0,0,9.0,90,9.0
2026-06-04T06:00,14.3,1,89.0,85,10.4
2026-06-04T07:00,16.5,1,222.0,77,8.9
2026-06-04T08:00,18.7,4,372.0,72,9.5
2026-06-04T09:00,20.9,24,516.0,63,12.2
2026-06-04T10:00,22.5,40,589.0,56,14.9
2026-06-04T11:00,23.5,39,614.0,54,16.2
2026-06-04T12:00,24.7,17,735.0,52,14.6
2026-06-04T13:00,26.0,100,780.0,48,14.8
2026-06-04T14:00,25.7,22,408.0,47,12.2
2026-06-04T15:00,23.0,55,396.0,64,9.3
2026-06-04T16:00,24.5,26,522.0,62,10.8
2026-06-04T17:00,25.4,74,481.0,56,12.1
2026-06-04T18:00,25.7,82,354.0,51,13.4
2026-06-04T19:00,25.4,100,183.0,51,11.6
2026-06-04T20:00,24.1,100,73.0,57,12.1
2026-06-04T21:00,22.7,100,14.0,64,12.7
2026-06-04T22:00,21.8,86,0.0,69,12.7
2026-06-04T23:00,21.0,100,0.0,74,12.4
2026-06-05T00:00,20.5,100,0.0,78,12.6
2026-06-05T01:00,20.2,100,0.0,81,12.8
2026-06-05T02:00,20.1,100,0.0,82,12.1
2026-06-05T03:00,18.4,99,0.0,95,12.9
2026-06-05T04:00,18.2,100,0.0,95,11.5
2026-06-05T05:00,18.2,100,8.0,94,12.1
2026-06-05T06:00,17.9,100,21.0,93,6.5
2026-06-05T07:00,18.2,94,76.0,92,10.1
2026-06-05T08:00,20.2,70,317.0,85,8.2
2026-06-05T09:00,22.5,16,475.0,75,8.9
2026-06-05T10:00,24.1,26,624.0,66,16.6
2026-06-05T11:00,23.7,95,652.0,68,18.1
2026-06-05T12:00,24.3,16,670.0,58,18.5
2026-06-05T13:00,24.9,20,777.0,53,18.7
2026-06-05T14:00,25.1,62,744.0,51,17.9
2026-06-05T15:00,25.0,20,687.0,56,17.5
2026-06-05T16:00,25.1,15,589.0,54,14.8
2026-06-05T17:00,25.1,47,505.0,50,13.5
2026-06-05T18:00,24.7,64,357.0,51,10.5
2026-06-05T19:00,24.3,56,216.0,54,8.5
2026-06-05T20:00,23.4,34,93.0,59,4.4
2026-06-05T21:00,22.4,51,16.0,70,0.7
2026-06-05T22:00,21.3,100,0.0,73,2.7
2026-06-05T23:00,20.8,100,0.0,73,6.8
2026-06-06T00:00,20.1,100,0.0,77,6.6
2026-06-06T01:00,17.7,100,0.0,88,13.4
2026-06-06T02:00,16.7,99,0.0,94,7.7
2026-06-06T03:00,17.1,93,0.0,91,6.9
2026-06-06T04:00,16.8,17,0.0,91,9.1
2026-06-06T05:00,16.6,7,10.0,90,9.4
2026-06-06T06:00,17.4,0,87.0,86,9.6
2026-06-06T07:00,19.1,98,216.0,77,6.5
2026-06-06T08:00,20.6,97,355.0,71,8.6
2026-06-06T09:00,21.9,100,502.0,62,9.8
2026-06-06T10:00,23.0,100,591.0,56,11.2
2026-06-06T11:00,24.1,100,645.0,51,13.9
2026-06-06T12:00,24.9,98,691.0,45,14.8
2026-06-06T13:00,25.6,96,629.0,41,15.2
2026-06-06T14:00,26.8,100,699.0,35,19.3
2026-06-06T15:00,24.7,92,411.0,40,17.9
2026-06-06T16:00,25.2,100,415.0,43,12.5
2026-06-06T17:00,25.5,30,201.0,44,9.8
2026-06-06T18:00,25.6,48,367.0,44,20.2
2026-06-06T19:00,24.9,76,223.0,48,15.6
2026-06-06T20:00,22.0,26,79.0,64,14.1
2026-06-06T21:00,20.5,98,16.0,73,8.5
2026-06-06T22:00,20.3,44,0.0,73,10.0
2026-06-06T23:00,19.6,83,0.0,75,8.7
2026-06-07T00:00,18.9,87,0.0,80,5.8
2026-06-07T01:00,18.3,35,0.0,83,4.8
2026-06-07T02:00,17.8,20,0.0,86,4.3
2026-06-07T03:00,16.8,14,0.0,87,4.6
2026-06-07T04:00,16.3,22,0.0,89,4.6
2026-06-07T05:00,16.2,18,10.0,89,5.9
2026-06-07T06:00,17.1,13,87.0,84,6.0
2026-06-07T07:00,19.1,41,216.0,73,5.1
2026-06-07T08:00,21.2,61,357.0,62,7.0
2026-06-07T09:00,22.9,99,505.0,56,9.8
2026-06-07T10:00,23.4,99,424.0,54,12.6
2026-06-07T11:00,23.9,100,441.0,52,12.4
2026-06-07T12:00,23.0,100,282.0,54,12.7
2026-06-07T13:00,22.4,100,289.0,57,14.1
2026-06-07T14:00,22.4,100,329.0,56,15.1
2026-06-07T15:00,23.6,100,407.0,53,14.0
2026-06-07T16:00,22.1,100,225.0,56,16.7
2026-06-07T17:00,19.6,100,204.0,69,12.6
2026-06-07T18:00,18.3,100,64.0,82,12.5
2026-06-07T19:00,17.8,100,51.0,86,5.8
2026-06-07T20:00,17.6,55,25.0,90,8.1
2026-06-07T21:00,16.8,68,14.0,93,3.9
2026-06-07T22:00,16.5,98,0.0,93,6.9
2026-06-07T23:00,16.1,44,0.0,94,9.2
2026-06-08T00:00,15.9,100,0.0,95,11.5
2026-06-08T01:00,16.3,100,0.0,95,11.4
2026-06-08T02:00,16.2,100,0.0,94,12.0
2026-06-08T03:00,16.6,100,0.0,89,14.2
2026-06-08T04:00,16.2,100,0.0,89,12.8
2026-06-08T05:00,15.8,0,8.0,89,12.1
2026-06-08T06:00,15.9,10,90.0,88,10.0
2026-06-08T07:00,16.6,1,222.0,83,9.3
2026-06-08T08:00,17.8,100,374.0,77,10.4
2026-06-08T09:00,19.0,100,480.0,69,8.8
2026-06-08T10:00,19.2,100,349.0,65,10.1
2026-06-08T11:00,20.1,87,505.0,61,8.3
2026-06-08T12:00,21.3,100,716.0,55,10.1
2026-06-08T13:00,21.8,100,663.0,53,10.9
2026-06-08T14:00,22.2,100,657.0,51,15.8
2026-06-08T15:00,19.6,100,207.0,66,12.7
2026-06-08T16:00,19.5,100,165.0,67,13.1
2026-06-08T17:00,20.0,100,278.0,64,14.4
2026-06-08T18:00,18.7,100,95.0,72,13.6
2026-06-08T19:00,17.2,91,74.0,80,12.0
2026-06-08T20:00,17.2,46,67.0,79,14.0
2026-06-08T21:00,16.7,84,18.0,81,14.1
2026-06-08T22:00,15.3,36,0.0,85,14.4
2026-06-08T23:00,15.1,11,0.0,83,15.1
2026-06-09T00:00,14.6,19,0.0,82,15.5
2026-06-09T01:00,14.1,20,0.0,80,16.4
2026-06-09T02:00,13.6,8,0.0,79,17.1
2026-06-09T03:00,12.8,15,0.0,80,19.4
2026-06-09T04:00,12.6,24,0.0,78,20.7
2026-06-09T05:00,12.2,31,9.0,79,20.3
2026-06-09T06:00,12.3,30,78.0,79,19.6
2026-06-09T07:00,12.8,28,202.0,75,25.0
2026-06-09T08:00,13.5,47,310.0,73,22.0
2026-06-09T09:00,14.2,85,400.0,69,22.2
2026-06-09T10:00,14.8,42,456.0,68,21.7
2026-06-09T11:00,16.3,100,716.0,62,21.6
2026-06-09T12:00,16.1,100,338.0,57,21.2
2026-06-09T13:00,16.8,53,516.0,53,22.5
2026-06-09T14:00,17.1,21,600.0,55,22.1
2026-06-09T15:00,16.4,19,540.0,51,20.2
2026-06-09T16:00,17.0,78,614.0,46,23.1
2026-06-09T17:00,15.5,55,336.0,59,20.4
2026-06-09T18:00,15.3,17,318.0,57,17.4
2026-06-09T19:00,15.0,14,236.0,56,16.0
2026-06-09T20:00,14.2,12,104.0,61,11.7
2026-06-09T21:00,13.0,14,18.0,69,8.1
2026-06-09T22:00,12.3,3,0.0,73,9.3
2026-06-09T23:00,11.5,0,0.0,76,9.7
2026-06-10T00:00,10.7,0,0.0,79,9.9
2026-06-10T01:00,10.2,0,0.0,82,10.3
2026-06-10T02:00,9.8,0,0.0,82,9.3
2026-06-10T03:00,8.3,0,0.0,88,7.6
2026-06-10T04:00,7.9,0,0.0,90,6.6
2026-06-10T05:00,7.9,0,11.0,91,8.0
2026-06-10T06:00,8.9,45,95.0,89,7.8
2026-06-10T07:00,10.9,98,230.0,80,6.1
2026-06-10T08:00,13.2,13,366.0,72,7.2
2026-06-10T09:00,15.5,49,531.0,61,8.9
2026-06-10T10:00,16.9,100,661.0,49,9.9
2026-06-10T11:00,17.7,100,691.0,44,10.8
2026-06-10T12:00,17.8,100,507.0,45,10.2
2026-06-10T13:00,19.0,100,707.0,45,10.6
2026-06-10T14:00,19.9,99,712.0,42,12.0
2026-06-10T15:00,20.4,100,620.0,37,13.5
2026-06-10T16:00,20.3,100,316.0,38,12.7
2026-06-10T17:00,20.5,100,227.0,38,12.4
2026-06-10T18:00,20.1,100,159.0,43,12.3
2026-06-10T19:00,19.7,100,148.0,48,11.5
2026-06-10T20:00,18.5,100,68.0,54,11.1
2026-06-10T21:00,16.8,100,5.0,65,10.3
2026-06-10T22:00,15.2,100,0.0,80,12.4
2026-06-10T23:00,14.0,97,0.0,86,14.8
2026-06-11T00:00,13.8,68,0.0,88,11.4
2026-06-11T01:00,13.5,100,0.0,89,13.1
2026-06-11T02:00,13.9,100,0.0,86,12.9
2026-06-11T03:00,13.4,100,0.0,96,10.6
2026-06-11T04:00,13.5,69,0.0,94,10.5
2026-06-11T05:00,13.0,100,10.0,92,15.4
2026-06-11T06:00,12.8,59,38.0,95,12.2
2026-06-11T07:00,13.9,41,182.0,88,14.4
2026-06-11T08:00,14.9,100,288.0,86,16.1
2026-06-11T09:00,15.3,91,280.0,79,16.2
2026-06-11T10:00,15.9,97,332.0,76,16.9
2026-06-11T11:00,17.0,28,472.0,66,16.4
2026-06-11T12:00,18.5,44,751.0,55,17.6
2026-06-11T13:00,19.0,41,661.0,52,17.4
2026-06-11T14:00,19.7,42,711.0,50,17.8
2026-06-11T15:00,19.4,44,727.0,60,19.1
2026-06-11T16:00,18.4,43,493.0,65,19.6
2026-06-11T17:00,17.7,62,390.0,67,21.8
2026-06-11T18:00,16.9,66,223.0,71,20.4
2026-06-11T19:00,16.6,17,160.0,69,18.0
2026-06-11T20:00,16.0,22,103.0,70,13.9
2026-06-11T21:00,15.1,24,19.0,72,13.2
2026-06-11T22:00,14.3,26,0.0,74,12.0
2026-06-11T23:00,13.4,84,0.0,78,10.8
2026-06-12T00:00,13.0,91,0.0,79,11.6
2026-06-12T01:00,12.6,14,0.0,77,11.7
2026-06-12T02:00,11.6,0,0.0,80,11.7
2026-06-12T03:00,10.7,0,0.0,78,10.9
2026-06-12T04:00,9.8,0,0.0,82,11.2
2026-06-12T05:00,9.5,0,12.0,84,11.4
2026-06-12T06:00,10.2,0,95.0,84,9.4
2026-06-12T07:00,11.7,0,230.0,78,10.6
2026-06-12T08:00,13.2,20,384.0,73,11.5
2026-06-12T09:00,14.8,0,521.0,68,12.0
2026-06-12T10:00,16.5,0,675.0,62,12.9
2026-06-12T11:00,17.9,0,785.0,51,16.2
2026-06-12T12:00,18.7,96,849.0,45,21.0
2026-06-12T13:00,18.1,93,508.0,48,20.0
2026-06-12T14:00,18.4,76,534.0,48,19.7
2026-06-12T15:00,18.7,39,507.0,46,19.2
2026-06-12T16:00,18.7,26,553.0,46,20.7
2026-06-12T17:00,18.2,53,499.0,47,22.1
2026-06-12T18:00,17.5,32,337.0,48,20.4
2026-06-12T19:00,16.4,0,227.0,51,17.9
2026-06-12T20:00,15.1,0,121.0,56,15.9
2026-06-12T21:00,13.7,1,22.0,61,14.4
2026-06-12T22:00,12.6,0,0.0,66,13.7
2026-06-12T23:00,11.7,0,0.0,73,12.9
2026-06-13T00:00,11.0,0,0.0,79,12.3
2026-06-13T01:00,10.3,7,0.0,83,11.6
2026-06-13T02:00,9.8,83,0.0,86,11.2
2026-06-13T03:00,9.4,82,0.0,87,11.2
2026-06-13T04:00,9.6,100,0.0,86,10.8
2026-06-13T05:00,10.4,100,5.0,83,8.9
2026-06-13T06:00,11.0,100,39.0,82,8.4
2026-06-13T07:00,12.0,100,109.0,80,9.7
2026-06-13T08:00,12.5,100,115.0,79,10.8
2026-06-13T09:00,14.3,96,263.0,74,12.2
2026-06-13T10:00,16.1,100,488.0,68,14.2
2026-06-13T11:00,16.0,100,334.0,70,14.7
2026-06-13T12:00,16.8,100,380.0,66,14.1
2026-06-13T13:00,17.6,100,370.0,61,13.6
2026-06-13T14:00,19.1,100,455.0,55,12.5
2026-06-13T15:00,19.7,100,511.0,54,8.4
2026-06-13T16:00,20.0,100,332.0,52,9.7
2026-06-13T17:00,20.3,79,332.0,52,10.0
2026-06-13T18:00,20.1,49,300.0,55,11.7
2026-06-13T19:00,19.7,22,233.0,57,9.7
2026-06-13T20:00,18.7,27,102.0,64,6.9
2026-06-13T21:00,17.2,62,20.0,72,7.7
2026-06-13T22:00,16.6,62,0.0,75,11.6
2026-06-13T23:00,15.6,1,0.0,77,10.9
2026-06-14T00:00,14.3,0,0.0,83,8.9
2026-06-14T01:00,13.5,3,0.0,87,7.5
2026-06-14T02:00,12.7,0,0.0,90,7.3
2026-06-14T03:00,11.9,0,0.0,91,7.6
2026-06-14T04:00,11.2,0,0.0,93,7.8
2026-06-14T05:00,10.9,0,11.0,94,7.2
2026-06-14T06:00,11.5,0,93.0,89,5.9
2026-06-14T07:00,12.9,2,225.0,81,5.6
2026-06-14T08:00,14.7,1,374.0,74,5.3
2026-06-14T09:00,16.7,0,524.0,67,4.5
2026-06-14T10:00,18.9,0,665.0,52,5.6
2026-06-14T11:00,20.5,1,777.0,46,6.3
2026-06-14T12:00,21.5,0,848.0,42,8.4
2026-06-14T13:00,22.3,0,875.0,36,8.8
2026-06-14T14:00,22.9,0,859.0,32,8.8
2026-06-14T15:00,23.6,0,803.0,27,8.6
2026-06-14T16:00,23.7,0,700.0,27,8.4
2026-06-14T17:00,23.5,0,567.0,28,8.5
2026-06-14T18:00,23.1,72,417.0,29,7.5
2026-06-14T19:00,22.5,21,262.0,32,7.4
2026-06-14T20:00,21.2,96,121.0,39,7.5
2026-06-14T21:00,19.6,95,23.0,46,7.1
2026-06-14T22:00,18.5,7,0.0,48,7.5
2026-06-14T23:00,17.4,0,0.0,53,9.3
2026-06-15T00:00,16.4,3,0.0,61,8.2
2026-06-15T01:00,15.6,48,0.0,67,7.0
2026-06-15T02:00,14.9,50,0.0,71,6.2
2026-06-15T03:00,13.3,92,0.0,74,4.0
2026-06-15T04:00,12.7,91,0.0,78,4.1
2026-06-15T05:00,12.6,0,12.0,79,3.6
2026-06-15T06:00,13.3,0,94.0,76,2.8
2026-06-15T07:00,15.5,0,228.0,65,1.0
2026-06-15T08:00,18.4,19,380.0,52,0.6
2026-06-15T09:00,20.9,4,530.0,43,2.3
2026-06-15T10:00,23.1,56,666.0,36,0.8
2026-06-15T11:00,24.4,57,771.0,32,1.1
2026-06-15T12:00,25.5,67,839.0,30,2.2
2026-06-15T13:00,26.4,5,867.0,29,3.0
2026-06-15T14:00,27.1,0,850.0,29,4.4
2026-06-15T15:00,27.5,0,789.0,28,6.2
2026-06-15T16:00,27.6,21,690.0,28,6.9
2026-06-15T17:00,27.5,19,558.0,29,7.4
2026-06-15T18:00,27.0,1,410.0,30,7.4
2026-06-15T19:00,26.4,0,259.0,29,7.1
2026-06-15T20:00,25.4,0,121.0,30,7.0
2026-06-15T21:00,23.5,0,23.0,35,3.4
2026-06-15T22:00,21.9,0,0.0,42,1.3
2026-06-15T23:00,21.3,0,0.0,43,5.7
2026-06-16T00:00,21.2,0,0.0,47,8.8
2026-06-16T01:00,20.2,0,0.0,51,8.1
2026-06-16T02:00,19.2,0,0.0,53,8.1
2026-06-16T03:00,17.1,0,0.0,62,7.9
2026-06-16T04:00,16.5,0,0.0,61,6.8
2026-06-16T05:00,16.2,0,12.0,61,6.7
2026-06-16T06:00,16.8,0,95.0,60,6.3
2026-06-16T07:00,18.6,0,227.0,54,3.9
2026-06-16T08:00,21.2,55,379.0,48,3.9
2026-06-16T09:00,23.6,58,529.0,41,4.6
2026-06-16T10:00,25.3,72,663.0,37,6.9
2026-06-16T11:00,27.1,61,770.0,30,4.2
2026-06-16T12:00,28.7,29,839.0,26,4.5
2026-06-16T13:00,29.4,28,866.0,26,9.5
2026-06-16T14:00,28.5,64,818.0,36,14.9
2026-06-16T15:00,26.5,100,595.0,46,19.8
2026-06-16T16:00,23.9,100,278.0,55,19.0
2026-06-16T17:00,22.8,100,148.0,60,18.0
2026-06-16T18:00,20.8,93,118.0,75,15.7
2026-06-16T19:00,19.3,100,116.0,84,18.0
2026-06-16T20:00,17.7,100,24.0,83,19.4
2026-06-16T21:00,16.5,100,14.0,88,15.7
2026-06-16T22:00,16.2,99,0.0,86,12.1
2026-06-16T23:00,15.8,100,0.0,84,12.6
2026-06-17T00:00,15.3,55,0.0,84,13.8
2026-06-17T01:00,14.5,99,0.0,81,12.3
2026-06-17T02:00,14.1,97,0.0,79,11.2
2026-06-17T03:00,13.6,90,0.0,80,11.3
2026-06-17T04:00,13.2,98,0.0,83,11.4
2026-06-17T05:00,13.0,0,11.0,84,12.2
2026-06-17T06:00,13.7,4,92.0,82,9.6
2026-06-17T07:00,15.1,11,223.0,77,12.1
2026-06-17T08:00,16.6,13,375.0,73,13.4
2026-06-17T09:00,18.4,82,523.0,64,16.7
2026-06-17T10:00,19.3,100,546.0,59,18.6
2026-06-17T11:00,19.1,100,339.0,60,17.8
2026-06-17T12:00,20.6,98,592.0,53,18.7
2026-06-17T13:00,21.6,100,668.0,47,19.6
2026-06-17T14:00,22.1,100,575.0,44,20.4
2026-06-17T15:00,21.0,100,457.0,51,19.5
2026-06-17T16:00,21.1,100,370.0,49,17.8
2026-06-17T17:00,21.6,100,368.0,47,16.2
2026-06-17T18:00,21.9,15,310.0,45,14.3
2026-06-17T19:00,21.5,11,254.0,47,13.5
2026-06-17T20:00,20.4,5,115.0,55,11.3
2026-06-17T21:00,19.1,11,23.0,61,10.2
2026-06-17T22:00,18.1,20,0.0,66,9.6
2026-06-17T23:00,17.3,49,0.0,70,9.2
2026-06-18T00:00,16.7,96,0.0,74,8.9
2026-06-18T01:00,16.2,23,0.0,77,8.7
2026-06-18T02:00,15.7,6,0.0,81,7.9
2026-06-18T03:00,14.5,16,0.0,83,8.7
2026-06-18T04:00,14.0,40,0.0,85,8.3
2026-06-18T05:00,13.9,65,11.0,85,8.0
2026-06-18T06:00,14.8,36,87.0,81,8.5
2026-06-18T07:00,16.6,98,219.0,74,5.6
2026-06-18T08:00,18.8,100,350.0,67,7.4
2026-06-18T09:00,21.0,100,495.0,60,9.9
2026-06-18T10:00,22.7,95,581.0,53,12.9
2026-06-18T11:00,24.5,68,739.0,46,16.8
2026-06-18T12:00,25.3,99,712.0,41,19.9
2026-06-18T13:00,26.1,99,804.0,38,23.0
2026-06-18T14:00,25.7,100,593.0,39,22.5
2026-06-18T15:00,26.0,95,632.0,43,23.5
2026-06-18T16:00,26.6,96,569.0,37,21.4
2026-06-18T17:00,26.6,89,500.0,33,20.2
2026-06-18T18:00,25.7,75,394.0,35,21.5
2026-06-18T19:00,25.0,30,250.0,38,20.4
2026-06-18T20:00,22.7,100,117.0,50,16.5
2026-06-18T21:00,21.2,89,16.0,56,13.2
2026-06-18T22:00,19.7,49,0.0,62,12.5
2026-06-18T23:00,18.6,51,0.0,65,11.4
2026-06-19T00:00,17.6,100,0.0,67,9.7
2026-06-19T01:00,17.3,76,0.0,64,8.6
2026-06-19T02:00,16.2,92,0.0,67,8.0
2026-06-19T03:00,15.0,60,0.0,72,9.2
2026-06-19T04:00,14.5,96,0.0,69,9.4
2026-06-19T05:00,14.6,100,8.0,67,9.3
2026-06-19T06:00,14.8,100,37.0,68,8.4
2026-06-19T07:00,15.2,100,64.0,68,9.2
2026-06-19T08:00,16.7,100,170.0,65,11.7
2026-06-19T09:00,17.0,99,140.0,70,12.1
2026-06-19T10:00,18.1,100,251.0,67,13.5
2026-06-19T11:00,18.5,100,171.0,60,15.6
2026-06-19T12:00,18.4,65,227.0,53,17.9
2026-06-19T13:00,20.8,30,766.0,41,22.8
2026-06-19T14:00,22.1,48,797.0,33,23.3
2026-06-19T15:00,20.7,29,695.0,44,24.0
2026-06-19T16:00,20.8,20,615.0,39,25.4
2026-06-19T17:00,20.6,22,512.0,38,25.3
2026-06-19T18:00,19.5,25,372.0,39,26.0
2026-06-19T19:00,18.4,30,224.0,41,24.8
2026-06-19T20:00,17.1,16,105.0,46,22.4
2026-06-19T21:00,16.0,17,23.0,51,17.1
2026-06-19T22:00,15.1,9,0.0,55,14.3
2026-06-19T23:00,14.5,7,0.0,58,13.9
2026-06-20T00:00,13.9,3,0.0,62,14.3
2026-06-20T01:00,13.4,0,0.0,64,14.6
2026-06-20T02:00,12.9,0,0.0,66,14.7
2026-06-20T03:00,11.8,0,0.0,71,13.9
2026-06-20T04:00,11.3,0,0.0,74,13.3
2026-06-20T05:00,11.0,0,12.0,76,12.8
2026-06-20T06:00,11.6,0,94.0,75,10.7
2026-06-20T07:00,12.8,0,228.0,69,12.5
2026-06-20T08:00,14.3,0,383.0,65,13.4
2026-06-20T09:00,15.9,0,535.0,60,14.1
2026-06-20T10:00,17.7,9,670.0,54,15.2
2026-06-20T11:00,19.1,39,740.0,44,19.0
2026-06-20T12:00,19.1,27,646.0,41,21.9
2026-06-20T13:00,20.4,26,754.0,35,22.5
2026-06-20T14:00,20.8,28,742.0,33,22.6
2026-06-20T15:00,21.1,42,707.0,32,21.5
2026-06-20T16:00,21.4,20,565.0,31,21.9
2026-06-20T17:00,21.3,12,536.0,31,22.6
2026-06-20T18:00,20.6,5,388.0,34,21.9
2026-06-20T19:00,19.4,3,262.0,37,21.0
2026-06-20T20:00,18.1,0,124.0,42,17.9
2026-06-20T21:00,16.7,0,25.0,48,14.9
2026-06-20T22:00,15.5,0,0.0,52,12.6
2026-06-20T23:00,14.3,0,0.0,57,11.0
2026-06-21T00:00,13.4,0,0.0,62,11.4
2026-06-21T01:00,12.5,0,0.0,68,10.2
2026-06-21T02:00,11.8,0,0.0,73,9.5
2026-06-21T03:00,10.4,76,0.0,77,8.4
2026-06-21T04:00,9.9,70,0.0,81,7.3
2026-06-21T05:00,9.7,46,11.0,82,7.4
2026-06-21T06:00,10.5,26,92.0,78,6.7
2026-06-21T07:00,12.4,18,222.0,67,6.3
2026-06-21T08:00,14.7,0,377.0,56,7.0
2026-06-21T09:00,16.9,1,530.0,49,8.1
2026-06-21T10:00,19.0,0,666.0,41,9.9
2026-06-21T11:00,20.6,39,774.0,35,11.6
2026-06-21T12:00,21.8,55,844.0,33,13.1
2026-06-21T13:00,22.7,23,869.0,32,14.4
2026-06-21T14:00,23.3,10,852.0,31,15.5
2026-06-21T15:00,24.3,65,787.0,29,16.8
2026-06-21T16:00,24.3,42,689.0,30,17.2
2026-06-21T17:00,24.3,55,554.0,30,16.9
2026-06-21T18:00,24.0,11,403.0,30,16.4
2026-06-21T19:00,23.5,98,258.0,30,15.1
2026-06-21T20:00,22.5,10,62.0,34,11.6
2026-06-21T21:00,21.1,0,23.0,37,12.6
2026-06-21T22:00,20.4,19,0.0,40,13.2
2026-06-21T23:00,19.3,11,0.0,46,13.1
2026-06-22T00:00,18.7,0,0.0,47,14.3
2026-06-22T01:00,17.9,2,0.0,49,13.1
2026-06-22T02:00,17.2,76,0.0,53,12.6
2026-06-22T03:00,16.5,69,0.0,55,13.3
2026-06-22T04:00,16.2,18,0.0,57,12.4
2026-06-22T05:00,15.9,32,10.0,60,11.7
2026-06-22T06:00,16.6,24,83.0,59,9.5
2026-06-22T07:00,17.2,39,196.0,62,10.8
2026-06-22T08:00,18.7,88,294.0,62,11.5
2026-06-22T09:00,20.4,25,431.0,59,13.5
2026-06-22T10:00,22.2,14,606.0,52,16.0
2026-06-22T11:00,23.8,21,764.0,41,16.6
2026-06-22T12:00,24.7,2,835.0,38,16.4
2026-06-22T13:00,25.5,5,866.0,34,17.2
2026-06-22T14:00,26.0,32,850.0,30,17.6
2026-06-22T15:00,26.4,13,786.0,30,17.7
2026-06-22T16:00,26.1,42,689.0,28,18.0
2026-06-22T17:00,25.3,1,553.0,28,17.8
2026-06-22T18:00,24.6,3,420.0,28,16.1
2026-06-22T19:00,23.5,0,266.0,30,14.7
2026-06-22T20:00,22.3,0,125.0,34,11.4
2026-06-22T21:00,20.7,88,25.0,40,8.4
2026-06-22T22:00,19.5,100,0.0,46,7.8
2026-06-22T23:00,18.5,100,0.0,49,6.2
2026-06-23T00:00,17.8,100,0.0,50,6.6
2026-06-23T01:00,17.0,93,0.0,51,10.6
2026-06-23T02:00,16.1,99,0.0,52,10.7
2026-06-23T03:00,13.9,100,0.0,60,9.8
2026-06-23T04:00,13.3,100,0.0,63,11.0
2026-06-23T05:00,13.1,95,10.0,64,12.5
2026-06-23T06:00,13.7,96,74.0,62,11.1
2026-06-23T07:00,15.1,100,195.0,58,12.2
2026-06-23T08:00,16.7,100,256.0,53,12.2
2026-06-23T09:00,19.3,100,413.0,46,13.3
2026-06-23T10:00,21.6,100,463.0,43,13.4
2026-06-23T11:00,24.1,100,549.0,40,13.5
2026-06-23T12:00,26.3,100,627.0,38,13.9
2026-06-23T13:00,29.1,40,764.0,34,14.8
2026-06-23T14:00,31.0,87,776.0,26,18.7
2026-06-23T15:00,31.8,98,760.0,23,19.2
2026-06-23T16:00,27.6,95,599.0,39,16.2
2026-06-23T17:00,29.3,97,348.0,35,10.3
2026-06-23T18:00,28.5,97,359.0,39,19.6
2026-06-23T19:00,25.8,100,161.0,53,10.7
2026-06-23T20:00,20.6,100,94.0,78,9.8
2026-06-23T21:00,21.4,100,7.0,76,10.1
2026-06-23T22:00,21.8,100,0.0,71,16.0
2026-06-23T23:00,18.0,100,0.0,88,18.9
2026-06-24T00:00,18.0,100,0.0,85,16.0
2026-06-24T01:00,17.5,69,0.0,83,19.0
2026-06-24T02:00,16.5,25,0.0,84,19.6
2026-06-24T03:00,14.6,20,0.0,82,18.3
2026-06-24T04:00,13.7,22,0.0,83,15.7
2026-06-24T05:00,13.3,12,10.0,81,15.2
2026-06-24T06:00,13.7,17,88.0,76,13.1
2026-06-24T07:00,14.6,0,223.0,71,14.4
2026-06-24T08:00,15.9,0,376.0,66,17.5
2026-06-24T09:00,17.2,50,526.0,56,23.4
2026-06-24T10:00,18.0,100,550.0,54,22.7
2026-06-24T11:00,18.2,50,357.0,53,21.3
2026-06-24T12:00,19.8,97,637.0,45,23.9
2026-06-24T13:00,20.2,96,509.0,42,23.3
2026-06-24T14:00,20.2,100,454.0,42,24.3
2026-06-24T15:00,20.4,86,638.0,39,26.5
2026-06-24T16:00,20.1,99,361.0,39,25.7
2026-06-24T17:00,20.3,98,326.0,39,25.3
2026-06-24T18:00,19.8,100,174.0,42,17.6
2026-06-24T19:00,19.8,94,186.0,44,15.4
2026-06-24T20:00,18.9,11,86.0,48,14.5
2026-06-24T21:00,17.8,60,24.0,54,13.6
2026-06-24T22:00,16.9,98,0.0,55,13.8
2026-06-24T23:00,16.7,95,0.0,55,15.0
2026-06-25T00:00,16.2,71,0.0,58,15.1
2026-06-25T01:00,15.3,100,0.0,63,12.3
2026-06-25T02:00,14.7,54,0.0,67,11.8
2026-06-25T03:00,14.5,92,0.0,67,11.3
2026-06-25T04:00,14.5,100,0.0,69,12.2
2026-06-25T05:00,15.0,100,8.0,69,13.8
2026-06-25T06:00,16.2,95,45.0,66,16.9
2026-06-25T07:00,17.6,88,172.0,66,13.7
2026-06-25T08:00,18.7,29,256.0,66,17.1
2026-06-25T09:00,20.3,99,507.0,61,26.1
2026-06-25T10:00,20.1,23,331.0,63,23.9
2026-06-25T11:00,22.2,65,681.0,53,26.0
2026-06-25T12:00,22.4,87,578.0,52,25.4
2026-06-25T13:00,22.1,100,460.0,54,23.7
2026-06-25T14:00,20.8,100,193.0,66,20.2
2026-06-25T15:00,20.2,100,169.0,68,18.9
2026-06-25T16:00,21.3,24,130.0,68,17.6
2026-06-25T17:00,23.5,61,506.0,51,23.5
2026-06-25T18:00,18.6,96,250.0,84,21.8
2026-06-25T19:00,18.3,88,89.0,86,13.9
2026-06-25T20:00,17.8,22,63.0,83,16.6
2026-06-25T21:00,17.2,2,23.0,83,14.9
2026-06-25T22:00,16.8,1,0.0,79,14.4
2026-06-25T23:00,16.3,2,0.0,75,14.9
2026-06-26T00:00,15.5,0,0.0,75,13.6
2026-06-26T01:00,14.7,0,0.0,76,11.6
2026-06-26T02:00,13.9,0,0.0,79,10.6
2026-06-26T03:00,12.8,0,0.0,81,9.0
2026-06-26T04:00,12.3,0,0.0,84,8.9
2026-06-26T05:00,12.0,0,10.0,85,8.8
2026-06-26T06:00,12.7,0,91.0,85,7.7
2026-06-26T07:00,14.1,0,223.0,79,6.7
2026-06-26T08:00,15.7,0,374.0,74,5.6
2026-06-26T09:00,17.3,0,525.0,69,4.6
2026-06-26T10:00,18.8,0,660.0,64,5.6
2026-06-26T11:00,20.4,51,766.0,58,6.5
2026-06-26T12:00,21.6,58,737.0,53,7.1
2026-06-26T13:00,22.3,66,684.0,50,6.2
2026-06-26T14:00,22.8,55,729.0,48,7.8
2026-06-26T15:00,23.2,15,738.0,46,7.0
2026-06-26T16:00,23.6,0,685.0,43,3.9
2026-06-26T17:00,23.9,91,569.0,46,2.2
2026-06-26T18:00,23.9,81,391.0,48,3.2
2026-06-26T19:00,23.5,38,239.0,50,4.3
2026-06-26T20:00,22.5,32,122.0,62,2.8
2026-06-26T21:00,20.9,2,25.0,64,6.1
2026-06-26T22:00,20.0,100,0.0,63,8.8
2026-06-26T23:00,19.6,43,0.0,63,10.2
2026-06-27T00:00,18.7,100,0.0,66,11.5
2026-06-27T01:00,17.9,100,0.0,76,3.4
2026-06-27T02:00,17.0,100,0.0,91,9.3
2026-06-27T03:00,17.4,100,0.0,89,16.6
2026-06-27T04:00,17.8,100,0.0,88,15.5
2026-06-27T05:00,18.5,100,2.0,90,16.1
2026-06-27T06:00,18.7,100,12.0,92,17.3
2026-06-27T07:00,18.7,100,47.0,93,16.6
2026-06-27T08:00,19.0,100,111.0,90,17.0
2026-06-27T09:00,19.9,88,219.0,83,20.3
2026-06-27T10:00,21.3,22,464.0,75,20.7
2026-06-27T11:00,22.5,41,696.0,67,22.4
2026-06-27T12:00,23.1,29,646.0,63,21.0
2026-06-27T13:00,23.8,33,724.0,59,20.8
2026-06-27T14:00,24.4,95,730.0,56,21.0
2026-06-27T15:00,23.9,98,690.0,61,18.6
2026-06-27T16:00,22.8,100,432.0,64,18.0
2026-06-27T17:00,21.8,100,366.0,67,19.8
2026-06-27T18:00,19.0,100,69.0,88,15.9
2026-06-27T19:00,18.4,100,50.0,87,19.2
2026-06-27T20:00,17.3,100,9.0,94,15.1
2026-06-27T21:00,16.8,100,4.0,92,15.6
2026-06-27T22:00,16.4,58,0.0,91,16.1
2026-06-27T23:00,15.6,9,0.0,91,15.3
2026-06-28T00:00,15.0,15,0.0,92,15.5
2026-06-28T01:00,14.6,1,0.0,91,15.6
2026-06-28T02:00,14.1,17,0.0,90,15.5
2026-06-28T03:00,13.7,64,0.0,89,15.7
2026-06-28T04:00,13.5,91,0.0,88,15.4
2026-06-28T05:00,13.7,53,9.0,87,14.6
2026-06-28T06:00,14.3,39,82.0,85,14.9
2026-06-28T07:00,15.4,57,211.0,81,14.1
2026-06-28T08:00,16.4,100,355.0,74,21.5
2026-06-28T09:00,17.3,62,318.0,69,21.4
2026-06-28T10:00,18.3,83,408.0,64,20.8
2026-06-28T11:00,19.3,100,484.0,59,19.7
2026-06-28T12:00,20.2,100,547.0,54,20.9
2026-06-28T13:00,20.6,100,468.0,54,18.9
2026-06-28T14:00,21.5,100,507.0,50,20.4
2026-06-28T15:00,21.6,100,416.0,52,17.5
2026-06-28T16:00,21.8,98,340.0,54,16.7
2026-06-28T17:00,21.8,100,353.0,56,19.1
2026-06-28T18:00,21.2,100,198.0,61,13.6
2026-06-28T19:00,21.0,96,146.0,64,9.7
2026-06-28T20:00,20.2,91,98.0,69,8.6
2026-06-28T21:00,19.6,98,18.0,72,9.6
2026-06-28T22:00,19.5,4,0.0,73,11.4
2026-06-28T23:00,18.8,12,0.0,77,11.1
2026-06-29T00:00,18.3,33,0.0,80,11.3
2026-06-29T01:00,18.2,55,0.0,81,11.2
2026-06-29T02:00,18.1,76,0.0,82,14.1
2026-06-29T03:00,19.5,18,0.0,77,14.8
2026-06-29T04:00,18.8,8,0.0,82,11.7
2026-06-29T05:00,18.8,13,8.0,85,12.4
2026-06-29T06:00,19.5,33,78.0,85,13.6
2026-06-29T07:00,20.3,50,185.0,83,19.1
2026-06-29T08:00,20.9,100,249.0,78,18.1
2026-06-29T09:00,21.3,100,225.0,75,20.9
2026-06-29T10:00,22.3,20,405.0,70,20.2
2026-06-29T11:00,23.9,28,689.0,62,19.4
2026-06-29T12:00,24.7,89,719.0,56,22.1
2026-06-29T13:00,24.7,68,537.0,55,22.6
2026-06-29T14:00,24.9,75,664.0,55,21.6
2026-06-29T15:00,25.1,76,617.0,54,24.8
2026-06-29T16:00,24.6,100,358.0,60,19.5
2026-06-29T17:00,21.1,100,202.0,83,13.2
2026-06-29T18:00,22.2,64,128.0,77,11.9
2026-06-29T19:00,22.9,25,166.0,66,15.9
2026-06-29T20:00,22.3,2,104.0,62,16.4
2026-06-29T21:00,21.1,0,24.0,63,15.3
2026-06-29T22:00,19.8,0,0.0,53,18.3
2026-06-29T23:00,18.4,0,0.0,55,16.2
2026-06-30T00:00,17.2,0,0.0,60,16.0
2026-06-30T01:00,16.1,3,0.0,64,14.5
2026-06-30T02:00,15.3,8,0.0,68,13.9
2026-06-30T03:00,14.2,4,0.0,71,13.5
2026-06-30T04:00,13.6,3,0.0,75,12.9
2026-06-30T05:00,13.3,7,9.0,77,13.2
2026-06-30T06:00,13.9,95,86.0,75,14.1
2026-06-30T07:00,14.8,48,177.0,71,15.1
2026-06-30T08:00,15.6,100,299.0,66,20.5
2026-06-30T09:00,16.3,100,314.0,64,19.3
2026-06-30T10:00,17.3,96,371.0,60,19.1
2026-06-30T11:00,18.7,61,505.0,55,18.9
2026-06-30T12:00,20.1,65,692.0,50,20.0
2026-06-30T13:00,20.6,100,609.0,47,21.1
2026-06-30T14:00,20.5,57,402.0,49,20.1
2026-06-30T15:00,22.0,100,660.0,42,22.1
2026-06-30T16:00,21.3,71,395.0,45,21.3
2026-06-30T17:00,22.0,80,343.0,42,18.5
2026-06-30T18:00,21.6,35,284.0,43,19.3
2026-06-30T19:00,20.8,4,229.0,48,17.6
2026-06-30T20:00,19.3,0,123.0,53,17.5
2026-06-30T21:00,17.2,2,25.0,55,15.5
2026-06-30T22:00,15.8,1,0.0,59,13.3
2026-06-30T23:00,14.7,1,0.0,62,12.0
2026-07-01T00:00,13.7,0,0.0,68,10.4
2026-07-01T01:00,12.8,1,0.0,73,9.3
2026-07-01T02:00,12.2,0,0.0,78,8.3
2026-07-01T03:00,11.3,1,0.0,81,6.1
2026-07-01T04:00,10.8,0,0.0,83,5.6
2026-07-01T05:00,10.7,0,9.0,84,6.0
2026-07-01T06:00,11.4,0,87.0,83,6.9
2026-07-01T07:00,13.2,0,219.0,75,4.7
2026-07-01T08:00,15.3,0,371.0,67,4.9
2026-07-01T09:00,17.4,0,521.0,58,5.9
2026-07-01T10:00,19.3,0,656.0,50,7.0
2026-07-01T11:00,20.8,0,763.0,43,8.2
2026-07-01T12:00,22.1,0,833.0,41,9.8
2026-07-01T13:00,23.2,1,861.0,42,11.4
2026-07-01T14:00,24.0,100,832.0,40,14.7
2026-07-01T15:00,24.8,69,563.0,36,13.2
2026-07-01T16:00,25.0,56,537.0,36,12.9
2026-07-01T17:00,25.4,22,477.0,36,12.2
2026-07-01T18:00,25.8,19,370.0,33,14.0
2026-07-01T19:00,24.4,1,238.0,38,13.9
2026-07-01T20:00,22.9,0,122.0,46,9.4
2026-07-01T21:00,21.1,0,24.0,53,9.4
2026-07-01T22:00,20.0,0,0.0,55,8.2
2026-07-01T23:00,19.4,0,0.0,57,6.5
2026-07-02T00:00,18.0,0,0.0,66,4.6
2026-07-02T01:00,17.1,0,0.0,71,2.2
2026-07-02T02:00,16.4,0,0.0,75,1.8
2026-07-02T03:00,14.6,0,0.0,82,1.5
2026-07-02T04:00,14.0,0,0.0,84,1.6
2026-07-02T05:00,13.7,0,8.0,86,2.0
2026-07-02T06:00,15.0,0,84.0,82,4.6
2026-07-02T07:00,17.5,0,214.0,71,2.9
2026-07-02T08:00,20.2,0,365.0,58,3.2
2026-07-02T09:00,22.7,0,515.0,47,4.0
2026-07-02T10:00,24.7,0,651.0,41,3.9
2026-07-02T11:00,26.2,0,759.0,37,4.5
2026-07-02T12:00,27.4,0,831.0,35,5.5
2026-07-02T13:00,28.3,0,861.0,32,6.5
2026-07-02T14:00,29.0,0,846.0,31,6.7
2026-07-02T15:00,30.8,0,788.0,25,6.2
2026-07-02T16:00,31.1,0,692.0,24,6.0
2026-07-02T17:00,31.2,0,566.0,23,5.8
2026-07-02T18:00,30.9,0,419.0,25,5.6
2026-07-02T19:00,30.4,0,265.0,27,4.9
2026-07-02T20:00,29.2,0,125.0,32,2.4
2026-07-02T21:00,27.0,0,25.0,44,0.9
2026-07-02T22:00,25.5,0,0.0,44,4.2
2026-07-02T23:00,25.5,0,0.0,38,7.3
2026-07-03T00:00,24.6,0,0.0,42,11.1
2026-07-03T01:00,23.7,0,0.0,44,11.4
2026-07-03T02:00,22.9,0,0.0,46,12.2
2026-07-03T03:00,20.8,0,0.0,53,11.1
2026-07-03T04:00,19.8,0,0.0,56,11.5
2026-07-03T05:00,19.3,0,8.0,56,11.8
2026-07-03T06:00,19.9,0,85.0,54,11.7
2026-07-03T07:00,21.5,0,217.0,51,9.8
2026-07-03T08:00,24.0,0,368.0,45,9.7
2026-07-03T09:00,26.9,0,519.0,39,9.5
2026-07-03T10:00,29.5,0,653.0,34,9.3
2026-07-03T11:00,32.1,0,760.0,28,10.4
2026-07-03T12:00,33.7,0,835.0,23,13.8
2026-07-03T13:00,34.5,1,862.0,20,13.7
2026-07-03T14:00,35.1,0,843.0,20,13.5
2026-07-03T15:00,35.7,61,780.0,19,18.2
2026-07-03T16:00,33.6,25,547.0,24,16.9
2026-07-03T17:00,32.5,11,515.0,32,17.8
2026-07-03T18:00,29.6,98,394.0,45,21.7
2026-07-03T19:00,28.1,95,179.0,48,18.4
2026-07-03T20:00,25.9,98,84.0,57,21.6
2026-07-03T21:00,22.9,45,14.0,64,20.6
2026-07-03T22:00,21.4,62,0.0,64,18.0
2026-07-03T23:00,20.0,100,0.0,60,16.4
2026-07-04T00:00,19.7,74,0.0,63,13.0
2026-07-04T01:00,19.0,91,0.0,54,16.1
2026-07-04T02:00,17.6,3,0.0,53,14.7
2026-07-04T03:00,15.6,7,0.0,73,10.7
2026-07-04T04:00,14.7,1,0.0,76,9.8
2026-07-04T05:00,14.0,0,7.0,78,8.5
2026-07-04T06:00,14.3,0,84.0,74,6.7
2026-07-04T07:00,15.4,0,217.0,66,7.3
2026-07-04T08:00,16.8,30,371.0,60,7.5
2026-07-04T09:00,18.3,46,519.0,53,7.2
2026-07-04T10:00,19.7,96,653.0,47,8.9
2026-07-04T11:00,20.6,98,662.0,43,10.3
2026-07-04T12:00,21.2,100,652.0,39,10.9
2026-07-04T13:00,22.3,98,793.0,33,13.0
2026-07-04T14:00,22.4,0,682.0,32,13.8
2026-07-04T15:00,23.5,52,800.0,29,16.1
2026-07-04T16:00,23.6,99,680.0,28,15.6
2026-07-04T17:00,22.3,96,293.0,31,16.9
2026-07-04T18:00,21.9,99,237.0,33,15.5
2026-07-04T19:00,21.2,6,99.0,33,13.6
2026-07-04T20:00,20.7,42,117.0,36,13.3
2026-07-04T21:00,19.6,2,21.0,42,7.9
2026-07-04T22:00,18.3,0,0.0,48,7.7
2026-07-04T23:00,17.3,0,0.0,53,10.2
2026-07-05T00:00,16.3,0,0.0,60,3.9
2026-07-05T01:00,15.5,28,0.0,70,1.3
2026-07-05T02:00,14.8,50,0.0,74,1.6
2026-07-05T03:00,12.9,0,0.0,77,0.2
2026-07-05T04:00,12.0,0,0.0,84,2.5
2026-07-05T05:00,11.9,13,7.0,85,2.6
2026-07-05T06:00,12.9,32,80.0,80,3.2
2026-07-05T07:00,15.3,5,207.0,64,3.6
2026-07-05T08:00,17.6,20,358.0,52,5.1
2026-07-05T09:00,20.0,0,507.0,41,5.6
2026-07-05T10:00,21.5,0,646.0,34,6.4
2026-07-05T11:00,22.6,0,755.0,32,8.1
2026-07-05T12:00,23.6,9,826.0,31,9.7
2026-07-05T13:00,24.4,82,856.0,28,10.3
2026-07-05T14:00,25.1,92,842.0,27,10.0
2026-07-05T15:00,26.5,28,784.0,24,9.8
2026-07-05T16:00,26.9,16,691.0,24,9.3
2026-07-05T17:00,27.1,79,565.0,24,9.7
2026-07-05T18:00,27.0,38,414.0,24,10.7
2026-07-05T19:00,26.5,36,261.0,25,10.6
2026-07-05T20:00,25.9,47,118.0,26,7.3
2026-07-05T21:00,24.7,83,23.0,28,4.2
2026-07-05T22:00,24.1,62,0.0,30,4.5
2026-07-05T23:00,22.5,0,0.0,36,11.4
2026-07-06T00:00,21.5,0,0.0,42,14.1
2026-07-06T01:00,20.7,12,0.0,45,13.7
2026-07-06T02:00,20.1,42,0.0,46,13.3
2026-07-06T03:00,18.9,18,0.0,49,12.1
2026-07-06T04:00,18.4,96,0.0,50,12.2
2026-07-06T05:00,18.0,97,7.0,52,10.0
2026-07-06T06:00,18.6,91,73.0,52,8.8
2026-07-06T07:00,20.1,100,189.0,48,7.3
2026-07-06T08:00,21.7,100,276.0,45,7.7
2026-07-06T09:00,23.3,99,370.0,42,7.3
2026-07-06T10:00,25.2,60,542.0,38,7.4
2026-07-06T11:00,27.1,51,729.0,34,5.1
2026-07-06T12:00,28.6,62,729.0,31,5.5
2026-07-06T13:00,29.6,100,765.0,30,10.7
2026-07-06T14:00,29.8,99,659.0,30,12.4
2026-07-06T15:00,30.8,91,647.0,28,12.8
2026-07-06T16:00,30.8,72,500.0,27,12.6
2026-07-06T17:00,31.3,97,524.0,26,9.6
2026-07-06T18:00,30.8,82,333.0,26,11.2
2026-07-06T19:00,30.3,39,204.0,26,15.2
2026-07-06T20:00,29.2,88,99.0,28,11.9
2026-07-06T21:00,28.2,98,16.0,31,4.4
2026-07-06T22:00,27.2,99,0.0,32,5.6
2026-07-06T23:00,26.1,92,0.0,34,9.5
2026-07-07T00:00,25.1,79,0.0,37,10.9
2026-07-07T01:00,24.1,89,0.0,41,10.9
2026-07-07T02:00,23.1,99,0.0,46,11.7
2026-07-07T03:00,22.0,100,0.0,55,13.9
2026-07-07T04:00,21.4,100,0.0,58,12.6
2026-07-07T05:00,21.0,100,4.0,60,12.0
2026-07-07T06:00,21.5,100,36.0,57,10.2
2026-07-07T07:00,21.1,100,39.0,55,10.4
2026-07-07T08:00,19.7,100,81.0,64,11.2
2026-07-07T09:00,18.6,100,139.0,77,8.8
2026-07-07T10:00,18.0,100,102.0,88,10.5
2026-07-07T11:00,19.3,100,307.0,77,8.4
2026-07-07T12:00,21.9,87,612.0,61,11.7
2026-07-07T13:00,23.1,97,620.0,57,11.9
2026-07-07T14:00,23.9,76,547.0,54,12.1
2026-07-07T15:00,22.7,100,400.0,62,10.0
2026-07-07T16:00,22.3,100,251.0,62,8.6
2026-07-07T17:00,22.2,100,198.0,62,8.7
2026-07-07T18:00,21.9,100,120.0,63,8.7
2026-07-07T19:00,21.0,100,26.0,69,7.6
2026-07-07T20:00,20.2,100,21.0,76,7.5
2026-07-07T21:00,18.9,100,2.0,92,7.1
2026-07-07T22:00,18.2,100,0.0,95,8.8
2026-07-07T23:00,17.6,100,0.0,94,10.5
2026-07-08T00:00,17.4,98,0.0,93,8.9
2026-07-08T01:00,16.8,82,0.0,95,8.4
2026-07-08T02:00,16.3,0,0.0,97,8.2
2026-07-08T03:00,15.4,6,0.0,97,8.7
2026-07-08T04:00,15.1,68,0.0,97,7.4
2026-07-08T05:00,14.9,36,5.0,98,8.1
2026-07-08T06:00,15.5,1,71.0,95,5.3
2026-07-08T07:00,16.8,14,196.0,89,5.7
2026-07-08T08:00,18.4,56,334.0,82,4.3
2026-07-08T09:00,20.1,94,475.0,75,4.0
2026-07-08T10:00,21.7,4,597.0,67,4.9
2026-07-08T11:00,23.2,34,728.0,60,5.4
2026-07-08T12:00,24.1,32,722.0,56,6.1
2026-07-08T13:00,25.1,100,764.0,52,5.9
2026-07-08T14:00,24.7,100,457.0,52,5.7
2026-07-08T15:00,18.5,100,93.0,90,2.7
2026-07-08T16:00,19.0,100,82.0,90,4.0
2026-07-08T17:00,19.5,100,182.0,84,5.0
2026-07-08T18:00,19.1,100,78.0,85,5.8
2026-07-08T19:00,19.2,100,131.0,87,7.5
2026-07-08T20:00,18.7,100,45.0,91,7.7
2026-07-08T21:00,18.0,100,12.0,94,8.5
2026-07-08T22:00,17.8,100,0.0,94,8.5
2026-07-08T23:00,17.6,100,0.0,93,13.0
2026-07-09T00:00,16.9,100,0.0,95,5.8
2026-07-09T01:00,16.7,100,0.0,97,13.3
2026-07-09T02:00,16.5,100,0.0,96,14.6
2026-07-09T03:00,16.4,100,0.0,96,16.2
2026-07-09T04:00,16.0,100,0.0,96,17.6
2026-07-09T05:00,15.7,100,1.0,96,17.8
2026-07-09T06:00,15.5,100,5.0,97,17.3
2026-07-09T07:00,15.3,100,23.0,97,16.9
2026-07-09T08:00,14.6,100,28.0,97,18.3
2026-07-09T09:00,14.5,100,60.0,96,17.5
2026-07-09T10:00,14.7,100,77.0,96,16.0
2026-07-09T11:00,15.0,100,128.0,96,14.6
2026-07-09T12:00,14.9,100,85.0,95,15.6
2026-07-09T13:00,15.2,100,99.0,95,16.9
2026-07-09T14:00,15.4,100,76.0,95,16.3
2026-07-09T15:00,15.6,100,141.0,97,14.0
2026-07-09T16:00,15.5,100,81.0,95,15.2
2026-07-09T17:00,15.7,100,79.0,94,14.8
2026-07-09T18:00,15.7,100,57.0,93,13.5
2026-07-09T19:00,15.5,100,29.0,94,13.8
2026-07-09T20:00,15.4,100,19.0,95,12.6
2026-07-09T21:00,15.1,100,9.0,95,12.1
2026-07-09T22:00,15.1,100,0.0,95,12.1
2026-07-09T23:00,14.9,100,0.0,96,12.6
2026-07-10T00:00,14.5,100,0.0,95,13.7
2026-07-10T01:00,13.9,100,0.0,94,12.8
2026-07-10T02:00,13.6,100,0.0,94,12.0
2026-07-10T03:00,13.2,100,0.0,94,11.5
2026-07-10T04:00,13.3,100,0.0,95,11.8
2026-07-10T05:00,13.4,100,1.0,95,12.4
2026-07-10T06:00,13.7,100,27.0,95,13.0
2026-07-10T07:00,14.5,100,95.0,92,17.6
2026-07-10T08:00,14.7,100,60.0,93,17.5
2026-07-10T09:00,15.2,100,89.0,90,15.2
2026-07-10T10:00,16.2,100,188.0,85,17.9
2026-07-10T11:00,17.6,100,313.0,82,14.9
2026-07-10T12:00,18.4,100,348.0,73,17.5
2026-07-10T13:00,18.9,100,371.0,64,20.6
2026-07-10T14:00,19.1,100,369.0,63,20.5
2026-07-10T15:00,20.3,87,644.0,56,19.9
2026-07-10T16:00,19.8,100,378.0,54,20.1
2026-07-10T17:00,18.9,94,218.0,60,18.1
2026-07-10T18:00,18.6,100,200.0,62,19.8
2026-07-10T19:00,17.4,100,89.0,67,16.5
2026-07-10T20:00,16.6,86,67.0,68,15.7
2026-07-10T21:00,15.7,99,16.0,71,14.9
2026-07-10T22:00,15.7,100,0.0,70,15.9
2026-07-10T23:00,15.7,100,0.0,69,17.2
2026-07-11T00:00,15.4,100,0.0,70,17.7
2026-07-11T01:00,14.8,100,0.0,72,16.2
2026-07-11T02:00,14.5,100,0.0,73,16.0
2026-07-11T03:00,13.5,100,0.0,85,20.3
2026-07-11T04:00,13.4,100,0.0,85,18.7
2026-07-11T05:00,13.6,100,1.0,82,16.8
2026-07-11T06:00,14.0,100,11.0,78,16.2
2026-07-11T07:00,14.2,100,39.0,78,16.9
2026-07-11T08:00,14.5,100,91.0,82,15.0
2026-07-11T09:00,14.5,100,75.0,83,14.5
2026-07-11T10:00,15.0,100,136.0,83,15.4
2026-07-11T11:00,15.1,100,136.0,80,18.2
2026-07-11T12:00,15.2,100,158.0,78,17.1
2026-07-11T13:00,15.6,100,166.0,72,16.0
2026-07-11T14:00,16.6,100,289.0,67,19.8
2026-07-11T15:00,16.3,100,128.0,78,10.4
2026-07-11T16:00,17.2,100,197.0,69,13.9
2026-07-11T17:00,17.2,99,173.0,69,12.2
2026-07-11T18:00,17.0,90,128.0,70,10.7
2026-07-11T19:00,17.3,47,145.0,69,10.2
2026-07-11T20:00,16.3,27,92.0,75,12.6
2026-07-11T21:00,14.9,15,17.0,82,11.5
2026-07-11T22:00,14.3,100,0.0,86,11.0
2026-07-11T23:00,14.3,25,0.0,86,11.9
2026-07-12T00:00,13.6,31,0.0,89,10.9
2026-07-12T01:00,13.3,26,0.0,90,10.8
2026-07-12T02:00,13.2,17,0.0,91,11.4
2026-07-12T03:00,13.4,100,0.0,84,10.9
2026-07-12T04:00,13.5,100,0.0,85,11.5
2026-07-12T05:00,13.7,100,2.0,85,12.4
2026-07-12T06:00,14.1,100,31.0,83,13.1
2026-07-12T07:00,14.3,100,67.0,82,11.8
2026-07-12T08:00,14.3,100,59.0,84,12.4
2026-07-12T09:00,15.1,100,113.0,81,11.5
2026-07-12T10:00,16.9,100,334.0,70,18.0
2026-07-12T11:00,17.0,100,285.0,70,17.8
2026-07-12T12:00,16.9,100,261.0,73,17.0
2026-07-12T13:00,16.4,100,159.0,81,15.0
2026-07-12T14:00,16.5,100,135.0,85,14.0
2026-07-12T15:00,17.0,100,131.0,83,11.3
2026-07-12T16:00,19.2,100,426.0,72,15.4
2026-07-12T17:00,17.7,100,134.0,78,9.7
2026-07-12T18:00,17.8,100,128.0,80,5.9
2026-07-12T19:00,17.9,99,135.0,83,7.2
2026-07-12T20:00,17.6,100,80.0,83,8.5
2026-07-12T21:00,17.2,100,7.0,84,6.6
2026-07-12T22:00,16.8,37,0.0,86,5.1
2026-07-12T23:00,16.2,100,0.0,88,5.9
2026-07-13T00:00,16.4,77,0.0,87,8.3
2026-07-13T01:00,15.9,33,0.0,88,9.7
2026-07-13T02:00,15.4,15,0.0,89,10.7
2026-07-13T03:00,14.7,14,0.0,90,10.8
2026-07-13T04:00,14.3,33,0.0,91,11.1
2026-07-13T05:00,14.1,60,3.0,91,10.9
2026-07-13T06:00,14.7,21,58.0,89,11.3
2026-07-13T07:00,16.0,42,180.0,86,10.0
2026-07-13T08:00,17.5,44,308.0,83,9.0
2026-07-13T09:00,19.4,88,472.0,78,8.8
2026-07-13T10:00,21.2,96,612.0,71,8.0
2026-07-13T11:00,22.2,86,626.0,67,7.5
2026-07-13T12:00,22.4,100,493.0,65,6.8
2026-07-13T13:00,21.8,99,264.0,66,6.4
2026-07-13T14:00,23.6,95,624.0,59,8.5
2026-07-13T15:00,21.7,100,463.0,71,5.7
2026-07-13T16:00,23.1,100,543.0,60,9.8
2026-07-13T17:00,23.5,100,425.0,55,9.5
2026-07-13T18:00,23.7,100,337.0,57,8.4
2026-07-13T19:00,22.8,100,133.0,67,4.3
2026-07-13T20:00,21.8,45,48.0,71,5.5
2026-07-13T21:00,20.4,14,16.0,74,6.9
2026-07-13T22:00,19.8,3,0.0,78,8.8
2026-07-13T23:00,19.1,37,0.0,82,8.7
2026-07-14T00:00,18.3,42,0.0,86,3.6
2026-07-14T01:00,16.9,88,0.0,91,11.1
2026-07-14T02:00,16.2,3,0.0,92,6.0
2026-07-14T03:00,16.1,100,0.0,92,0.9
2026-07-14T04:00,16.2,16,0.0,93,7.7
2026-07-14T05:00,15.6,0,3.0,94,3.9
2026-07-14T06:00,16.0,0,63.0,94,7.3
2026-07-14T07:00,17.5,12,185.0,91,8.0
2026-07-14T08:00,19.1,100,332.0,83,6.7
2026-07-14T09:00,20.3,100,396.0,78,4.8
2026-07-14T10:00,21.8,94,531.0,72,2.2
2026-07-14T11:00,23.3,64,710.0,66,4.6
2026-07-14T12:00,23.6,53,684.0,65,5.6
2026-07-14T13:00,23.4,71,650.0,65,6.6
2026-07-14T14:00,24.3,49,666.0,63,5.5
2026-07-14T15:00,20.0,16,122.0,83,3.8
2026-07-14T16:00,22.6,42,618.0,73,4.2
2026-07-14T17:00,23.0,41,476.0,70,4.4
2026-07-14T18:00,22.8,16,318.0,70,3.9
2026-07-14T19:00,22.2,21,216.0,73,3.1
2026-07-14T20:00,21.5,15,98.0,81,1.5
2026-07-14T21:00,20.2,4,15.0,86,3.6
2026-07-14T22:00,19.5,2,0.0,87,3.6
2026-07-14T23:00,19.1,1,0.0,87,4.7
2026-07-15T00:00,18.8,11,0.0,87,5.3
2026-07-15T01:00,18.5,30,0.0,87,6.6
2026-07-15T02:00,17.9,77,0.0,89,6.1
2026-07-15T03:00,16.8,99,0.0,90,7.1
2026-07-15T04:00,16.6,69,0.0,89,7.2
2026-07-15T05:00,16.1,13,3.0,90,6.3
2026-07-15T06:00,16.5,0,61.0,90,6.7
2026-07-15T07:00,18.0,3,184.0,87,4.7
2026-07-15T08:00,20.0,3,329.0,81,3.9
2026-07-15T09:00,21.9,2,478.0,73,4.6
2026-07-15T10:00,23.3,2,614.0,66,6.2
2026-07-15T11:00,24.4,8,718.0,59,8.1
2026-07-15T12:00,24.9,21,764.0,58,10.0
2026-07-15T13:00,25.1,94,729.0,56,10.9
2026-07-15T14:00,25.3,64,660.0,55,10.6
2026-07-15T15:00,24.2,32,595.0,63,11.1
2026-07-15T16:00,24.3,100,567.0,62,7.4
2026-07-15T17:00,24.0,100,421.0,61,9.5
2026-07-15T18:00,23.4,99,261.0,65,9.7
2026-07-15T19:00,22.6,100,183.0,70,9.1
2026-07-15T20:00,21.5,100,63.0,77,5.6
2026-07-15T21:00,20.9,100,11.0,81,6.5
2026-07-15T22:00,20.4,82,0.0,82,9.1
2026-07-15T23:00,19.3,99,0.0,83,12.1
2026-07-16T00:00,18.0,100,0.0,88,10.3
2026-07-16T01:00,17.3,100,0.0,92,11.2
2026-07-16T02:00,17.0,100,0.0,94,11.0
2026-07-16T03:00,17.0,72,0.0,97,12.4
2026-07-16T04:00,16.4,88,0.0,97,14.3
2026-07-16T05:00,16.2,100,2.0,97,14.1
2026-07-16T06:00,16.4,100,30.0,95,13.0
2026-07-16T07:00,16.4,98,56.0,95,11.8
2026-07-16T08:00,16.4,100,137.0,91,16.5
2026-07-16T09:00,17.2,100,135.0,88,16.6
2026-07-16T10:00,17.9,100,241.0,82,16.4
2026-07-16T11:00,18.6,100,261.0,78,17.0
2026-07-16T12:00,16.7,87,167.0,85,14.2
2026-07-16T13:00,19.3,95,532.0,75,16.2
2026-07-16T14:00,18.0,65,591.0,81,13.2
2026-07-16T15:00,16.9,100,530.0,80,16.0
2026-07-16T16:00,17.9,89,218.0,82,7.4
2026-07-16T17:00,18.8,87,448.0,75,11.4
2026-07-16T18:00,18.7,100,325.0,72,7.7
2026-07-16T19:00,18.3,100,192.0,74,4.7
2026-07-16T20:00,17.7,100,84.0,83,0.0
2026-07-16T21:00,16.6,100,14.0,85,0.5
2026-07-16T22:00,16.0,100,0.0,88,0.6
2026-07-16T23:00,15.6,100,0.0,90,0.4
2026-07-17T00:00,15.1,42,0.0,92,1.3
2026-07-17T01:00,14.4,3,0.0,95,2.4
2026-07-17T02:00,14.0,8,0.0,97,0.5
2026-07-17T03:00,13.9,18,0.0,94,1.4
2026-07-17T04:00,13.0,17,0.0,96,1.3
2026-07-17T05:00,12.9,2,2.0,97,0.4
2026-07-17T06:00,14.0,8,60.0,96,3.8
2026-07-17T07:00,16.1,0,177.0,85,1.9
2026-07-17T08:00,17.7,0,331.0,72,2.4
2026-07-17T09:00,18.9,2,482.0,66,5.0
2026-07-17T10:00,19.9,74,620.0,61,7.9
2026-07-17T11:00,20.5,53,592.0,57,8.7
2026-07-17T12:00,21.3,47,693.0,57,7.9
2026-07-17T13:00,21.9,93,637.0,58,6.9
2026-07-17T14:00,22.4,100,772.0,57,6.7
2026-07-17T15:00,22.1,95,631.0,51,6.0
2026-07-17T16:00,22.4,77,568.0,49,6.4
2026-07-17T17:00,22.3,54,474.0,49,6.8
2026-07-17T18:00,21.7,69,366.0,51,7.1
2026-07-17T19:00,20.7,94,215.0,58,6.5
2026-07-17T20:00,19.2,100,95.0,66,7.4
2026-07-17T21:00,18.2,100,9.0,72,6.1
2026-07-17T22:00,17.5,100,0.0,79,5.0
2026-07-17T23:00,16.8,100,0.0,84,3.7
2026-07-18T00:00,16.3,100,0.0,84,4.8
2026-07-18T01:00,15.9,100,0.0,85,5.4
2026-07-18T02:00,15.1,67,0.0,88,5.1
2026-07-18T03:00,14.7,100,0.0,93,6.0
2026-07-18T04:00,14.4,100,0.0,94,6.3
2026-07-18T05:00,14.2,100,1.0,95,5.8
2026-07-18T06:00,14.8,100,37.0,94,4.9
2026-07-18T07:00,15.7,100,111.0,90,4.1
2026-07-18T08:00,16.9,59,212.0,85,4.7
2026-07-18T09:00,19.1,100,456.0,76,5.5
2026-07-18T10:00,20.4,100,495.0,69,6.0
2026-07-18T11:00,21.8,100,628.0,60,5.3
2026-07-18T12:00,22.7,100,631.0,54,3.9
2026-07-18T13:00,23.3,100,601.0,51,4.4
2026-07-18T14:00,23.6,99,559.0,49,6.2
2026-07-18T15:00,23.0,97,530.0,58,8.6
2026-07-18T16:00,22.5,57,392.0,57,10.8
2026-07-18T17:00,22.4,28,427.0,59,12.3
2026-07-18T18:00,22.2,14,343.0,60,11.2
2026-07-18T19:00,21.7,70,224.0,63,10.9
2026-07-18T20:00,20.5,90,96.0,69,9.6
2026-07-18T21:00,19.1,39,13.0,76,8.9
2026-07-18T22:00,18.3,93,0.0,80,8.9
2026-07-18T23:00,17.7,100,0.0,82,7.6
2026-07-19T00:00,17.4,100,0.0,83,7.5
2026-07-19T01:00,16.9,100,0.0,85,8.6
2026-07-19T02:00,16.5,100,0.0,87,8.4
2026-07-19T03:00,16.2,62,0.0,89,8.9
2026-07-19T04:00,15.8,98,0.0,91,8.0
2026-07-19T05:00,15.5,100,1.0,93,8.3
2026-07-19T06:00,16.3,100,23.0,92,9.5
2026-07-19T07:00,16.6,100,64.0,92,9.5
2026-07-19T08:00,17.0,100,125.0,92,13.9
2026-07-19T09:00,17.6,100,137.0,90,13.3
2026-07-19T10:00,18.2,100,141.0,88,11.2
2026-07-19T11:00,19.1,100,224.0,84,11.0
2026-07-19T12:00,21.1,100,587.0,78,11.1
2026-07-19T13:00,20.7,100,273.0,79,9.3
2026-07-19T14:00,21.8,91,495.0,76,8.6
2026-07-19T15:00,21.9,95,369.0,74,8.0
2026-07-19T16:00,21.6,100,346.0,75,7.0
2026-07-19T17:00,22.3,100,330.0,72,8.8
2026-07-19T18:00,22.1,67,189.0,76,7.3
2026-07-19T19:00,21.2,100,193.0,80,6.9
2026-07-19T20:00,20.2,92,49.0,86,3.9
2026-07-19T21:00,18.9,28,10.0,90,3.3
2026-07-19T22:00,18.3,76,0.0,93,2.0
2026-07-19T23:00,17.9,100,0.0,95,5.2
2026-07-20T00:00,17.6,100,0.0,97,5.1
2026-07-20T01:00,17.2,98,0.0,98,6.0
2026-07-20T02:00,16.7,87,0.0,99,5.5
2026-07-20T03:00,17.7,100,0.0,97,7.9
2026-07-20T04:00,17.4,100,0.0,98,8.0
2026-07-20T05:00,17.3,100,1.0,99,7.6
2026-07-20T06:00,17.7,100,26.0,98,8.5
2026-07-20T07:00,18.3,100,69.0,97,9.9
2026-07-20T08:00,18.6,100,111.0,95,10.7
2026-07-20T09:00,19.2,100,143.0,92,11.0
2026-07-20T10:00,20.1,99,224.0,86,12.0
2026-07-20T11:00,22.1,59,468.0,74,13.0
2026-07-20T12:00,23.4,64,699.0,68,14.2
2026-07-20T13:00,24.0,36,639.0,65,14.3
2026-07-20T14:00,24.3,42,650.0,67,12.2
2026-07-20T15:00,22.4,100,483.0,81,9.7
2026-07-20T16:00,23.0,100,416.0,80,7.5
2026-07-20T17:00,23.2,97,256.0,78,9.7
2026-07-20T18:00,23.4,82,271.0,75,9.6
2026-07-20T19:00,23.0,43,176.0,76,10.1
2026-07-20T20:00,21.9,25,77.0,82,6.2
2026-07-20T21:00,20.9,19,10.0,87,5.1
2026-07-20T22:00,20.2,8,0.0,89,5.2
2026-07-20T23:00,19.7,11,0.0,91,6.0
2026-07-21T00:00,19.2,1,0.0,93,6.6
2026-07-21T01:00,18.7,0,0.0,94,6.4
2026-07-21T02:00,18.2,13,0.0,95,4.8
2026-07-21T03:00,17.8,0,0.0,96,3.9
2026-07-21T04:00,17.4,3,0.0,97,4.4
2026-07-21T05:00,16.9,20,1.0,99,4.0
2026-07-21T06:00,17.3,100,50.0,99,4.4
2026-07-21T07:00,18.6,49,144.0,94,3.9
2026-07-21T08:00,20.4,28,299.0,89,1.0
2026-07-21T09:00,22.2,0,453.0,82,1.1
2026-07-21T10:00,23.9,23,595.0,71,3.7
2026-07-21T11:00,25.0,19,641.0,66,4.1
2026-07-21T12:00,25.9,17,735.0,61,3.8
2026-07-21T13:00,26.7,18,758.0,58,3.6
2026-07-21T14:00,27.2,70,744.0,55,4.8
2026-07-21T15:00,28.0,100,693.0,51,1.1
2026-07-21T16:00,28.2,100,605.0,50,1.1
2026-07-21T17:00,28.2,100,460.0,50,0.2
2026-07-21T18:00,28.1,94,328.0,51,2.2
2026-07-21T19:00,27.4,19,216.0,56,3.7
2026-07-21T20:00,25.7,14,95.0,65,5.4
2026-07-21T21:00,24.1,1,11.0,68,7.1
2026-07-21T22:00,23.1,19,0.0,72,7.5
2026-07-21T23:00,22.2,30,0.0,76,7.2
2026-07-22T00:00,21.9,5,0.0,75,8.6
2026-07-22T01:00,21.7,0,0.0,74,9.8
2026-07-22T02:00,21.3,71,0.0,76,10.1
2026-07-22T03:00,21.0,81,0.0,75,10.7
2026-07-22T04:00,20.8,100,0.0,75,10.6
2026-07-22T05:00,20.6,100,1.0,77,11.7
2026-07-22T06:00,20.7,95,17.0,78,10.5
2026-07-22T07:00,20.5,100,122.0,82,15.8
2026-07-22T08:00,19.2,100,110.0,90,18.2
2026-07-22T09:00,18.1,97,162.0,87,15.6
2026-07-22T10:00,18.5,100,315.0,86,14.7
2026-07-22T11:00,19.8,100,368.0,73,18.6
2026-07-22T12:00,21.6,100,492.0,63,19.4
2026-07-22T13:00,23.3,98,618.0,55,18.9
2026-07-22T14:00,24.6,44,751.0,49,20.7
2026-07-22T15:00,24.2,28,630.0,52,19.3
2026-07-22T16:00,24.6,75,578.0,49,20.1
2026-07-22T17:00,24.0,4,359.0,54,17.3
2026-07-22T18:00,23.8,10,359.0,55,13.3
2026-07-22T19:00,23.3,8,215.0,58,9.7
2026-07-22T20:00,22.2,22,89.0,64,6.9
2026-07-22T21:00,21.0,7,10.0,70,6.9
2026-07-22T22:00,20.4,10,0.0,70,11.7
2026-07-22T23:00,19.7,0,0.0,70,10.8
2026-07-23T00:00,18.7,0,0.0,76,10.3
2026-07-23T01:00,17.9,0,0.0,80,9.2
2026-07-23T02:00,17.3,17,0.0,83,9.4
2026-07-23T03:00,16.5,11,0.0,82,10.8
2026-07-23T04:00,15.9,12,0.0,85,10.2
2026-07-23T05:00,15.5,5,1.0,87,10.6
2026-07-23T06:00,15.9,0,48.0,83,11.3
2026-07-23T07:00,17.0,0,168.0,80,9.1
2026-07-23T08:00,18.4,0,317.0,76,11.0
2026-07-23T09:00,20.1,0,465.0,70,10.1
2026-07-23T10:00,21.6,26,599.0,59,14.7
2026-07-23T11:00,22.4,100,649.0,54,16.5
2026-07-23T12:00,22.5,100,498.0,57,15.1
2026-07-23T13:00,23.6,30,731.0,53,15.0
2026-07-23T14:00,24.1,89,712.0,51,15.5
2026-07-23T15:00,21.5,72,235.0,64,9.7
2026-07-23T16:00,20.9,18,317.0,66,12.1
2026-07-23T17:00,22.3,27,483.0,60,11.2
2026-07-23T18:00,22.2,44,349.0,62,10.3
2026-07-23T19:00,21.6,71,212.0,64,11.2
2026-07-23T20:00,20.3,27,50.0,74,6.3
2026-07-23T21:00,19.4,42,8.0,80,5.0
2026-07-23T22:00,19.1,55,0.0,79,6.7
2026-07-23T23:00,18.8,100,0.0,79,5.7
2026-07-24T00:00,19.0,58,0.0,78,6.5
2026-07-24T01:00,18.5,4,0.0,82,6.1
2026-07-24T02:00,17.8,8,0.0,85,7.6
2026-07-24T03:00,17.1,8,0.0,82,9.5
2026-07-24T04:00,16.9,0,0.0,82,9.9
2026-07-24T05:00,16.9,19,0.0,83,9.5
2026-07-24T06:00,17.5,0,46.0,81,10.0
2026-07-24T07:00,18.8,5,162.0,78,8.7
2026-07-24T08:00,20.2,55,304.0,71,10.8
2026-07-24T09:00,21.2,22,333.0,68,11.8
2026-07-24T10:00,22.7,5,528.0,63,15.0
2026-07-24T11:00,23.8,59,685.0,59,17.5
2026-07-24T12:00,23.9,94,593.0,58,18.3
2026-07-24T13:00,23.9,86,595.0,56,19.1
2026-07-24T14:00,23.7,78,474.0,59,18.3
2026-07-24T15:00,24.0,74,652.0,54,19.8
2026-07-24T16:00,23.5,80,363.0,59,14.0
2026-07-24T17:00,24.2,23,430.0,54,15.3
2026-07-24T18:00,23.6,16,328.0,55,13.8
2026-07-24T19:00,22.5,13,204.0,61,10.9
2026-07-24T20:00,21.4,14,84.0,68,6.8
2026-07-24T21:00,20.2,2,8.0,75,5.9
2026-07-24T22:00,19.1,33,0.0,81,4.1
2026-07-24T23:00,18.5,0,0.0,84,4.5
2026-07-25T00:00,17.8,11,0.0,87,3.8
2026-07-25T01:00,17.1,99,0.0,90,3.1
2026-07-25T02:00,16.6,98,0.0,92,3.6
2026-07-25T03:00,16.4,100,0.0,92,5.5
2026-07-25T04:00,16.2,100,0.0,92,6.1
2026-07-25T05:00,16.0,100,0.0,93,5.6
2026-07-25T06:00,16.3,100,35.0,92,5.8
2026-07-25T07:00,17.3,97,114.0,89,3.7
2026-07-25T08:00,19.2,92,265.0,80,3.5
2026-07-25T09:00,21.3,2,434.0,70,3.9
2026-07-25T10:00,22.5,50,582.0,64,8.4
2026-07-25T11:00,23.0,99,569.0,60,9.2
2026-07-25T12:00,23.7,100,633.0,57,8.5
2026-07-25T13:00,24.3,100,586.0,54,7.7
2026-07-25T14:00,25.1,70,616.0,49,9.6
2026-07-25T15:00,23.4,70,433.0,62,7.4
2026-07-25T16:00,24.1,16,492.0,60,9.2
2026-07-25T17:00,24.5,19,467.0,60,8.9
2026-07-25T18:00,24.3,17,336.0,58,7.8
2026-07-25T19:00,23.5,38,207.0,60,8.0
2026-07-25T20:00,22.4,67,69.0,71,3.1
2026-07-25T21:00,21.8,69,7.0,75,0.4
2026-07-25T22:00,21.2,68,0.0,76,1.2
2026-07-25T23:00,20.4,4,0.0,79,3.9
2026-07-26T00:00,19.8,5,0.0,81,4.3
2026-07-26T01:00,18.9,2,0.0,85,4.1
2026-07-26T02:00,18.1,0,0.0,90,3.5
2026-07-26T03:00,18.0,2,0.0,88,4.5
2026-07-26T04:00,17.5,77,0.0,89,4.8
2026-07-26T05:00,17.3,11,0.0,89,5.2
2026-07-26T06:00,17.7,4,41.0,87,6.5
2026-07-26T07:00,19.1,3,151.0,82,4.5
2026-07-26T08:00,21.2,0,297.0,74,4.3
2026-07-26T09:00,23.4,0,447.0,64,4.4
2026-07-26T10:00,24.8,20,585.0,55,4.7
2026-07-26T11:00,25.5,20,633.0,52,4.5
2026-07-26T12:00,26.3,31,697.0,48,5.0
2026-07-26T13:00,26.8,75,681.0,46,5.3
2026-07-26T14:00,27.3,74,711.0,45,4.7
2026-07-26T15:00,27.9,96,655.0,43,3.9
2026-07-26T16:00,27.7,91,511.0,43,3.0
2026-07-26T17:00,27.7,100,485.0,43,3.1
2026-07-26T18:00,26.9,100,244.0,45,6.9
2026-07-26T19:00,26.1,100,159.0,50,7.4
2026-07-26T20:00,24.2,80,57.0,65,2.4
2026-07-26T21:00,22.4,98,4.0,71,2.0
2026-07-26T22:00,21.5,92,0.0,71,10.6
2026-07-26T23:00,21.0,100,0.0,75,4.3
2026-07-27T00:00,20.9,100,0.0,77,5.1
2026-07-27T01:00,20.6,97,0.0,79,6.2
2026-07-27T02:00,19.8,17,0.0,85,5.9
2026-07-27T03:00,20.2,99,0.0,82,10.4
2026-07-27T04:00,19.4,100,0.0,86,9.6
2026-07-27T05:00,18.9,100,0.0,89,10.9
2026-07-27T06:00,19.0,100,17.0,89,8.3
2026-07-27T07:00,19.6,100,62.0,87,7.6
2026-07-27T08:00,20.4,100,120.0,83,8.2
2026-07-27T09:00,22.0,100,268.0,74,6.7
2026-07-27T10:00,22.7,100,251.0,71,5.4
2026-07-27T11:00,23.1,100,310.0,68,5.4
2026-07-27T12:00,22.7,100,281.0,71,6.3
2026-07-27T13:00,21.7,100,93.0,80,5.4
2026-07-27T14:00,22.6,98,262.0,76,7.6
2026-07-27T15:00,25.6,57,610.0,60,9.8
2026-07-27T16:00,25.5,85,548.0,57,13.1
2026-07-27T17:00,22.4,100,306.0,79,7.8
2026-07-27T18:00,21.4,100,120.0,82,6.9
2026-07-27T19:00,21.1,100,97.0,85,7.4
2026-07-27T20:00,20.8,100,33.0,90,8.5
2026-07-27T21:00,20.0,100,3.0,93,10.1
2026-07-27T22:00,19.6,100,0.0,98,9.4
2026-07-27T23:00,19.3,100,0.0,99,7.6
2026-07-28T00:00,19.0,100,0.0,99,8.5
2026-07-28T01:00,18.9,100,0.0,99,7.7
2026-07-28T02:00,18.9,100,0.0,98,6.3
2026-07-28T03:00,18.6,100,0.0,99,6.6
2026-07-28T04:00,18.6,100,0.0,98,3.9
2026-07-28T05:00,18.7,100,0.0,97,3.9
2026-07-28T06:00,18.9,100,12.0,97,7.0
2026-07-28T07:00,19.2,100,43.0,96,9.4
2026-07-28T08:00,19.8,100,94.0,93,7.3
2026-07-28T09:00,19.7,100,77.0,93,9.4
2026-07-28T10:00,20.8,93,255.0,87,11.2
2026-07-28T11:00,22.6,32,508.0,79,7.3
2026-07-28T12:00,24.3,100,652.0,71,8.2
2026-07-28T13:00,21.9,98,385.0,77,10.3
2026-07-28T14:00,21.9,93,423.0,78,8.3
2026-07-28T15:00,22.3,97,473.0,80,3.7
2026-07-28T16:00,21.7,93,521.0,79,8.4
2026-07-28T17:00,21.4,83,256.0,71,4.2
2026-07-28T18:00,19.2,100,133.0,88,9.2
2026-07-28T19:00,18.7,100,53.0,93,13.7
2026-07-28T20:00,18.2,61,54.0,92,14.9
2026-07-28T21:00,17.6,100,4.0,93,15.2
2026-07-28T22:00,17.4,100,0.0,92,18.9
2026-07-28T23:00,16.7,100,0.0,89,21.8
2026-07-29T00:00,16.2,100,0.0,89,23.3
2026-07-29T01:00,16.2,100,0.0,89,23.9
2026-07-29T02:00,16.0,100,0.0,91,23.5
2026-07-29T03:00,16.2,100,0.0,90,20.7
2026-07-29T04:00,16.2,100,0.0,89,20.8
2026-07-29T05:00,16.1,100,0.0,88,21.6
2026-07-29T06:00,16.1,100,12.0,88,19.5
2026-07-29T07:00,16.3,100,57.0,87,16.6
2026-07-29T08:00,16.5,100,69.0,85,15.5
2026-07-29T09:00,17.3,100,132.0,80,19.6
2026-07-29T10:00,18.1,99,204.0,75,22.1
2026-07-29T11:00,19.6,100,415.0,71,19.1
2026-07-29T12:00,19.9,100,360.0,69,18.6
2026-07-29T13:00,20.5,99,447.0,66,17.5
2026-07-29T14:00,20.5,96,443.0,66,18.3
2026-07-29T15:00,19.9,98,282.0,66,17.2
2026-07-29T16:00,20.8,100,405.0,61,15.8
2026-07-29T17:00,20.7,88,207.0,62,11.7
2026-07-29T18:00,21.2,18,312.0,59,11.6
2026-07-29T19:00,20.6,19,189.0,64,6.9
2026-07-29T20:00,19.3,11,74.0,71,6.6
2026-07-29T21:00,18.1,6,5.0,75,9.1
2026-07-29T22:00,17.3,23,0.0,78,8.8
2026-07-29T23:00,16.7,13,0.0,80,9.0
2026-07-30T00:00,16.1,26,0.0,82,9.4
2026-07-30T01:00,15.7,31,0.0,83,9.3
2026-07-30T02:00,15.2,16,0.0,84,7.3
2026-07-30T03:00,14.2,62,0.0,85,6.8
2026-07-30T04:00,13.7,100,0.0,88,7.3
2026-07-30T05:00,13.3,100,0.0,89,7.3
2026-07-30T06:00,13.5,100,33.0,89,7.5
2026-07-30T07:00,14.4,98,133.0,87,7.4
2026-07-30T08:00,15.8,31,273.0,81,6.9
2026-07-30T09:00,17.7,8,446.0,75,7.0
2026-07-30T10:00,19.4,99,584.0,66,8.6
2026-07-30T11:00,20.1,100,565.0,61,10.5
2026-07-30T12:00,20.9,42,627.0,57,12.8
2026-07-30T13:00,21.4,19,689.0,55,12.2
2026-07-30T14:00,22.0,45,729.0,51,12.8
2026-07-30T15:00,22.4,21,644.0,49,13.4
2026-07-30T16:00,22.4,19,596.0,49,12.5
2026-07-30T17:00,22.0,11,467.0,51,11.3
2026-07-30T18:00,21.5,9,350.0,52,9.3
2026-07-30T19:00,20.7,16,204.0,58,6.9
2026-07-30T20:00,19.1,11,71.0,69,5.4
2026-07-30T21:00,17.8,10,4.0,75,5.8
2026-07-30T22:00,17.0,23,0.0,78,5.6
2026-07-30T23:00,16.2,85,0.0,81,4.9
2026-07-31T00:00,15.6,100,0.0,83,4.4
2026-07-31T01:00,15.2,64,0.0,85,4.6
2026-07-31T02:00,14.5,15,0.0,87,4.9
2026-07-31T03:00,13.6,47,0.0,89,3.8
2026-07-31T04:00,13.4,100,0.0,91,3.1
2026-07-31T05:00,14.1,100,0.0,90,2.9
2026-07-31T06:00,14.7,100,10.0,87,3.6
2026-07-31T07:00,15.3,100,40.0,85,5.5
2026-07-31T08:00,16.0,100,96.0,85,6.4
2026-07-31T09:00,17.5,98,218.0,79,4.8
2026-07-31T10:00,19.4,88,418.0,66,5.5
2026-07-31T11:00,20.2,92,580.0,62,8.9
2026-07-31T12:00,18.5,91,540.0,74,9.5
2026-07-31T13:00,18.7,68,311.0,74,7.2
2026-07-31T14:00,20.6,99,655.0,64,5.4
2026-07-31T15:00,20.1,85,435.0,70,3.9
2026-07-31T16:00,19.6,100,463.0,63,11.9
2026-07-31T17:00,17.5,100,89.0,74,0.7
2026-07-31T18:00,17.8,4,184.0,77,3.0
2026-07-31T19:00,17.8,61,205.0,76,2.8
2026-07-31T20:00,16.9,100,73.0,85,3.1
2026-07-31T21:00,16.0,100,4.0,89,2.6
2026-07-31T22:00,16.0,99,0.0,89,3.8
2026-07-31T23:00,15.7,5,0.0,90,5.7
2026-08-01T00:00,15.3,1,0.0,90,8.1
2026-08-01T01:00,14.5,20,0.0,92,8.1
2026-08-01T02:00,14.0,15,0.0,94,7.2
2026-08-01T03:00,13.0,16,0.0,95,7.1
2026-08-01T04:00,12.8,25,0.0,96,7.4
2026-08-01T05:00,12.7,37,0.0,96,6.5
2026-08-01T06:00,13.2,25,25.0,95,7.0
2026-08-01T07:00,14.2,16,129.0,93,5.4
2026-08-01T08:00,15.5,13,281.0,88,5.7
2026-08-01T09:00,17.1,27,425.0,83,7.1
2026-08-01T10:00,18.4,72,550.0,76,9.1
2026-08-01T11:00,19.6,80,609.0,68,11.1
2026-08-01T12:00,20.7,40,725.0,61,11.8
2026-08-01T13:00,21.3,94,734.0,57,13.0
2026-08-01T14:00,21.1,99,575.0,57,12.1
2026-08-01T15:00,19.8,66,208.0,65,9.6
2026-08-01T16:00,20.1,100,535.0,68,8.9
2026-08-01T17:00,18.6,100,117.0,76,5.0
2026-08-01T18:00,18.3,100,66.0,79,0.4
2026-08-01T19:00,17.6,81,21.0,90,1.2
2026-08-01T20:00,17.6,38,42.0,91,3.9
2026-08-01T21:00,16.8,89,3.0,92,4.3
2026-08-01T22:00,16.6,52,0.0,92,5.7
2026-08-01T23:00,16.5,24,0.0,91,5.0
2026-08-02T00:00,15.9,19,0.0,93,5.8
2026-08-02T01:00,15.4,10,0.0,93,7.0
2026-08-02T02:00,15.2,1,0.0,93,7.0
2026-08-02T03:00,15.0,100,0.0,95,7.5
2026-08-02T04:00,14.7,99,0.0,96,6.3
2026-08-02T05:00,14.5,80,0.0,97,7.5
2026-08-02T06:00,14.7,62,28.0,97,7.5
2026-08-02T07:00,15.8,3,132.0,94,5.1
2026-08-02T08:00,17.4,0,282.0,89,4.3
2026-08-02T09:00,19.3,0,435.0,80,4.9
2026-08-02T10:00,21.1,11,573.0,68,6.0
2026-08-02T11:00,22.3,9,655.0,64,5.9
2026-08-02T12:00,23.4,11,728.0,60,5.7
2026-08-02T13:00,24.2,22,763.0,57,6.1
2026-08-02T14:00,24.7,32,715.0,55,5.6
2026-08-02T15:00,24.0,32,642.0,62,7.9
2026-08-02T16:00,24.0,47,515.0,59,7.3
2026-08-02T17:00,22.6,38,374.0,67,7.9
2026-08-02T18:00,22.7,14,299.0,67,2.1
2026-08-02T19:00,22.5,56,192.0,68,1.5
2026-08-02T20:00,21.3,18,63.0,80,1.8
2026-08-02T21:00,20.1,9,2.0,83,3.6
2026-08-02T22:00,19.4,16,0.0,84,4.5
2026-08-02T23:00,18.9,3,0.0,85,5.4
2026-08-03T00:00,18.4,1,0.0,86,6.1
2026-08-03T01:00,18.0,1,0.0,89,8.5
2026-08-03T02:00,17.7,0,0.0,91,7.6
2026-08-03T03:00,16.9,79,0.0,91,7.8
2026-08-03T04:00,16.6,89,0.0,91,8.4
2026-08-03T05:00,16.4,34,0.0,91,10.3
2026-08-03T06:00,16.8,94,28.0,88,11.0
2026-08-03T07:00,17.6,100,130.0,84,12.6
2026-08-03T08:00,16.8,16,31.0,92,12.3
2026-08-03T09:00,19.4,37,426.0,86,9.2
2026-08-03T10:00,21.0,54,499.0,78,8.2
2026-08-03T11:00,23.0,19,670.0,70,7.8
2026-08-03T12:00,24.5,1,750.0,64,6.7
2026-08-03T13:00,25.7,67,779.0,59,4.2
2026-08-03T14:00,26.2,76,764.0,57,3.3
2026-08-03T15:00,21.5,100,553.0,80,11.0
2026-08-03T16:00,21.5,100,111.0,81,2.9
2026-08-03T17:00,21.9,81,177.0,81,3.2
2026-08-03T18:00,22.8,98,306.0,69,6.3
2026-08-03T19:00,22.7,86,148.0,65,6.7
2026-08-03T20:00,21.0,100,48.0,71,11.0
2026-08-03T21:00,19.5,66,2.0,81,5.2
2026-08-03T22:00,18.8,47,0.0,84,7.3
2026-08-03T23:00,17.7,13,0.0,88,10.6
2026-08-04T00:00,17.0,0,0.0,89,9.6
2026-08-04T01:00,16.3,21,0.0,90,9.0
2026-08-04T02:00,15.8,91,0.0,91,8.7
2026-08-04T03:00,15.0,84,0.0,94,8.5
2026-08-04T04:00,14.7,98,0.0,94,8.0
2026-08-04T05:00,14.4,100,0.0,94,7.3
2026-08-04T06:00,14.6,100,24.0,94,8.0
2026-08-04T07:00,15.4,99,91.0,92,6.7
2026-08-04T08:00,16.7,40,215.0,86,6.5
2026-08-04T09:00,18.5,1,422.0,77,6.1
2026-08-04T10:00,19.9,16,571.0,67,7.3
2026-08-04T11:00,20.7,16,639.0,61,9.3
2026-08-04T12:00,21.4,27,691.0,58,11.1
2026-08-04T13:00,22.0,23,702.0,55,12.4
2026-08-04T14:00,22.2,20,711.0,53,13.9
2026-08-04T15:00,21.5,12,635.0,60,13.6
2026-08-04T16:00,21.8,10,587.0,58,11.7
2026-08-04T17:00,21.6,11,466.0,59,10.1
2026-08-04T18:00,21.1,22,322.0,61,9.8
2026-08-04T19:00,20.1,18,167.0,67,7.1
2026-08-04T20:00,19.0,0,56.0,75,4.2
2026-08-04T21:00,18.0,2,2.0,78,5.4
2026-08-04T22:00,17.6,0,0.0,78,5.6
2026-08-04T23:00,17.1,17,0.0,79,7.4
2026-08-05T00:00,16.6,0,0.0,82,7.6
2026-08-05T01:00,16.1,9,0.0,84,7.5
2026-08-05T02:00,15.6,0,0.0,85,7.0
2026-08-05T03:00,14.9,0,0.0,86,7.0
2026-08-05T04:00,14.5,0,0.0,88,8.0
2026-08-05T05:00,14.1,2,0.0,88,8.5
2026-08-05T06:00,14.3,1,25.0,88,9.3
2026-08-05T07:00,15.4,86,134.0,86,8.4
2026-08-05T08:00,17.0,34,273.0,80,7.9
2026-08-05T09:00,18.8,16,427.0,75,7.7
2026-08-05T10:00,20.5,16,564.0,69,9.1
2026-08-05T11:00,22.1,98,678.0,60,10.7
2026-08-05T12:00,23.1,13,685.0,56,11.7
2026-08-05T13:00,24.1,77,785.0,51,12.0
2026-08-05T14:00,24.9,47,757.0,47,12.1
2026-08-05T15:00,25.3,32,692.0,44,11.1
2026-08-05T16:00,25.4,39,572.0,42,11.2
2026-08-05T17:00,25.1,27,460.0,43,11.3
2026-08-05T18:00,24.6,82,317.0,48,8.3
2026-08-05T19:00,23.4,100,135.0,56,6.9
2026-08-05T20:00,22.1,100,11.0,63,6.3
2026-08-05T21:00,20.5,100,0.0,73,16.6
2026-08-05T22:00,18.0,100,0.0,93,9.0
2026-08-05T23:00,18.0,100,0.0,97,5.8
2026-08-06T00:00,17.9,100,0.0,97,4.9
2026-08-06T01:00,17.7,100,0.0,98,4.2
2026-08-06T02:00,17.3,100,0.0,97,5.3
2026-08-06T03:00,14.9,100,0.0,97,6.2
2026-08-06T04:00,15.0,100,0.0,97,7.6
2026-08-06T05:00,15.1,95,0.0,97,9.2
2026-08-06T06:00,15.0,97,18.0,97,12.2
2026-08-06T07:00,15.2,88,93.0,93,10.4
2026-08-06T08:00,15.5,93,194.0,89,12.9
2026-08-06T09:00,16.3,100,326.0,84,13.4
2026-08-06T10:00,17.3,74,433.0,78,13.3
2026-08-06T11:00,18.3,25,574.0,70,14.1
2026-08-06T12:00,18.9,14,676.0,56,15.8
2026-08-06T13:00,19.6,23,757.0,51,16.6
2026-08-06T14:00,19.7,23,697.0,50,16.3
2026-08-06T15:00,19.7,7,649.0,49,16.6
2026-08-06T16:00,19.9,17,601.0,48,15.7
2026-08-06T17:00,19.6,15,452.0,49,15.2
2026-08-06T18:00,19.3,25,319.0,51,14.4
2026-08-06T19:00,18.4,13,173.0,57,10.5
2026-08-06T20:00,16.9,9,55.0,66,6.7
2026-08-06T21:00,15.8,23,1.0,73,5.9
2026-08-06T22:00,15.1,2,0.0,77,7.2
2026-08-06T23:00,14.4,0,0.0,79,7.9
2026-08-07T00:00,13.9,0,0.0,80,8.4
2026-08-07T01:00,13.5,0,0.0,80,8.7
2026-08-07T02:00,13.1,0,0.0,81,8.5
2026-08-07T03:00,11.9,0,0.0,83,7.8
2026-08-07T04:00,11.6,0,0.0,85,8.0
2026-08-07T05:00,11.3,0,0.0,86,7.5
2026-08-07T06:00,11.6,0,22.0,85,7.6
2026-08-07T07:00,13.0,3,129.0,84,8.0
2026-08-07T08:00,15.1,11,278.0,77,4.4
2026-08-07T09:00,17.4,35,431.0,69,4.7
2026-08-07T10:00,19.3,60,570.0,59,6.7
2026-08-07T11:00,20.3,100,669.0,52,7.9
2026-08-07T12:00,21.0,100,674.0,49,8.9
2026-08-07T13:00,21.3,99,592.0,47,9.1
2026-08-07T14:00,21.4,100,462.0,45,8.0
2026-08-07T15:00,21.5,100,377.0,46,7.4
2026-08-07T16:00,21.6,80,334.0,45,6.8
2026-08-07T17:00,21.9,18,358.0,45,6.6
2026-08-07T18:00,21.9,47,324.0,46,5.6
2026-08-07T19:00,20.8,100,181.0,59,4.7
2026-08-07T20:00,18.9,64,50.0,67,4.9
2026-08-07T21:00,17.6,11,1.0,70,5.9
2026-08-07T22:00,16.9,3,0.0,71,8.4
2026-08-07T23:00,16.2,47,0.0,70,8.2
2026-08-08T00:00,15.5,100,0.0,76,6.4
2026-08-08T01:00,15.8,100,0.0,74,7.7
2026-08-08T02:00,15.3,100,0.0,77,8.4
2026-08-08T03:00,13.8,100,0.0,78,9.5
2026-08-08T04:00,13.5,100,0.0,79,10.0
2026-08-08T05:00,13.1,99,0.0,80,10.9
2026-08-08T06:00,13.3,100,17.0,80,10.5
2026-08-08T07:00,14.0,100,99.0,81,8.5
2026-08-08T08:00,14.6,100,109.0,80,7.0
2026-08-08T09:00,15.5,100,115.0,79,5.0
2026-08-08T10:00,16.9,100,194.0,77,9.7
2026-08-08T11:00,17.9,100,198.0,74,4.9
2026-08-08T12:00,21.0,99,592.0,64,4.1
2026-08-08T13:00,22.8,100,657.0,60,5.1
2026-08-08T14:00,22.8,100,349.0,60,6.9
2026-08-08T15:00,25.4,100,666.0,44,8.9
2026-08-08T16:00,25.1,100,465.0,45,10.6
2026-08-08T17:00,24.7,100,285.0,48,10.1
2026-08-08T18:00,23.3,100,122.0,54,10.1
2026-08-08T19:00,22.3,100,98.0,63,5.2
2026-08-08T20:00,21.2,99,39.0,64,8.5
2026-08-08T21:00,20.1,81,0.0,68,7.5
2026-08-08T22:00,19.0,96,0.0,74,6.4
2026-08-08T23:00,18.4,100,0.0,77,5.3
2026-08-09T00:00,17.7,100,0.0,79,5.3
2026-08-09T01:00,16.8,100,0.0,84,4.5
2026-08-09T02:00,16.2,0,0.0,87,3.4
2026-08-09T03:00,14.5,1,0.0,90,3.6
2026-08-09T04:00,13.9,0,0.0,92,3.8
2026-08-09T05:00,13.5,0,0.0,93,3.8
2026-08-09T06:00,14.0,0,19.0,92,3.6
2026-08-09T07:00,15.7,0,122.0,88,3.1
2026-08-09T08:00,18.5,0,269.0,82,1.5
2026-08-09T09:00,21.2,0,422.0,69,1.3
2026-08-09T10:00,23.3,0,563.0,56,1.8
2026-08-09T11:00,24.6,0,675.0,48,1.4
2026-08-09T12:00,25.4,0,751.0,45,2.7
2026-08-09T13:00,25.9,0,782.0,43,3.1
2026-08-09T14:00,26.4,2,764.0,42,3.2
2026-08-09T15:00,27.4,9,658.0,39,6.5
2026-08-09T16:00,27.4,8,596.0,38,8.5
2026-08-09T17:00,27.1,8,472.0,38,9.1
2026-08-09T18:00,26.5,68,323.0,43,6.7
2026-08-09T19:00,25.1,100,168.0,53,5.6
2026-08-09T20:00,22.9,0,47.0,61,5.5
2026-08-09T21:00,21.9,9,0.0,62,5.8
2026-08-09T22:00,21.2,3,0.0,61,6.0
2026-08-09T23:00,21.0,27,0.0,58,7.7
2026-08-10T00:00,19.9,21,0.0,61,7.0
2026-08-10T01:00,19.4,2,0.0,62,9.3
2026-08-10T02:00,18.7,14,0.0,67,9.5
2026-08-10T03:00,16.6,23,0.0,76,7.6
2026-08-10T04:00,16.0,26,0.0,81,8.4
2026-08-10T05:00,15.8,92,0.0,81,9.7
2026-08-10T06:00,16.4,83,13.0,80,9.2
2026-08-10T07:00,17.7,99,87.0,76,10.2
2026-08-10T08:00,18.6,78,113.0,75,9.7
2026-08-10T09:00,20.7,89,238.0,71,7.4
2026-08-10T10:00,22.4,36,271.0,66,7.1
2026-08-10T11:00,24.8,95,626.0,60,12.3
2026-08-10T12:00,25.7,59,718.0,58,14.4
2026-08-10T13:00,26.4,25,769.0,48,20.4
2026-08-10T14:00,25.7,30,726.0,50,23.0
2026-08-10T15:00,26.2,30,619.0,46,22.4
2026-08-10T16:00,25.5,21,505.0,47,21.0
2026-08-10T17:00,24.1,31,417.0,55,20.6
2026-08-10T18:00,22.5,19,245.0,64,16.7
2026-08-10T19:00,21.6,43,147.0,67,16.4
2026-08-10T20:00,19.1,11,38.0,77,14.5
2026-08-10T21:00,18.2,11,0.0,77,13.5
2026-08-10T22:00,17.6,5,0.0,80,12.0
2026-08-10T23:00,17.0,0,0.0,81,10.5
2026-08-11T00:00,16.4,0,0.0,83,9.9
2026-08-11T01:00,15.6,0,0.0,86,9.7
2026-08-11T02:00,15.0,0,0.0,87,9.9
2026-08-11T03:00,14.0,3,0.0,84,9.3
2026-08-11T04:00,13.4,1,0.0,84,9.6
2026-08-11T05:00,12.8,0,0.0,85,8.7
2026-08-11T06:00,12.6,0,16.0,86,8.6
2026-08-11T07:00,13.6,0,118.0,83,7.8
2026-08-11T08:00,15.2,0,266.0,78,7.9
2026-08-11T09:00,16.9,0,422.0,72,8.9
2026-08-11T10:00,18.5,14,565.0,63,10.6
2026-08-11T11:00,19.8,40,658.0,54,12.6
2026-08-11T12:00,20.9,58,683.0,48,12.2
2026-08-11T13:00,21.9,52,625.0,43,11.4
2026-08-11T14:00,22.9,100,661.0,38,11.4
2026-08-11T15:00,23.0,93,696.0,42,9.8
2026-08-11T16:00,23.0,34,574.0,42,9.5
2026-08-11T17:00,22.8,99,430.0,42,10.3
2026-08-11T18:00,22.3,95,284.0,44,10.7
2026-08-11T19:00,21.2,1,130.0,51,7.6
2026-08-11T20:00,19.3,0,44.0,64,4.9
2026-08-11T21:00,18.4,0,0.0,66,5.6
2026-08-11T22:00,17.6,0,0.0,68,5.1
2026-08-11T23:00,17.4,10,0.0,66,6.0
2026-08-12T00:00,16.7,6,0.0,71,6.2
2026-08-12T01:00,15.7,52,0.0,78,4.8
2026-08-12T02:00,15.3,98,0.0,80,4.6
2026-08-12T03:00,13.9,18,0.0,82,5.1
2026-08-12T04:00,13.5,19,0.0,83,5.0
2026-08-12T05:00,13.1,1,0.0,83,4.6
2026-08-12T06:00,13.6,1,14.0,81,5.0
2026-08-12T07:00,14.7,0,112.0,77,6.6
2026-08-12T08:00,16.6,0,257.0,71,5.0
2026-08-12T09:00,19.0,3,411.0,63,5.7
2026-08-12T10:00,21.2,30,552.0,56,6.3
2026-08-12T11:00,22.7,44,665.0,49,7.1
2026-08-12T12:00,23.8,1,740.0,42,6.8
2026-08-12T13:00,24.5,49,776.0,39,6.8
2026-08-12T14:00,25.0,57,758.0,38,6.9
2026-08-12T15:00,26.1,58,698.0,34,6.9
2026-08-12T16:00,26.1,34,596.0,34,6.9
2026-08-12T17:00,25.8,60,463.0,36,6.8
2026-08-12T18:00,25.1,7,300.0,38,7.3
2026-08-12T19:00,23.9,4,162.0,44,7.6
2026-08-12T20:00,22.0,25,40.0,54,5.8
2026-08-12T21:00,20.6,0,0.0,62,4.8
2026-08-12T22:00,19.8,1,0.0,66,5.0
2026-08-12T23:00,19.0,0,0.0,70,4.8
2026-08-13T00:00,18.2,0,0.0,73,4.6
2026-08-13T01:00,17.7,2,0.0,74,4.5
2026-08-13T02:00,17.2,2,0.0,75,4.3
2026-08-13T03:00,15.5,30,0.0,71,5.0
2026-08-13T04:00,15.1,1,0.0,72,5.3
2026-08-13T05:00,14.8,2,0.0,73,5.9
2026-08-13T06:00,14.9,28,13.0,72,6.2
2026-08-13T07:00,16.1,12,106.0,70,6.6
2026-08-13T08:00,18.0,1,248.0,63,4.1
2026-08-13T09:00,20.7,2,404.0,56,3.1
2026-08-13T10:00,23.5,4,542.0,47,2.7
2026-08-13T11:00,25.8,0,654.0,39,3.0
2026-08-13T12:00,27.2,3,730.0,34,4.0
2026-08-13T13:00,28.2,66,761.0,31,4.4
2026-08-13T14:00,28.9,98,726.0,29,4.7
2026-08-13T15:00,30.0,71,665.0,26,4.5
2026-08-13T16:00,30.2,2,574.0,26,5.2
2026-08-13T17:00,30.1,0,457.0,27,5.6
2026-08-13T18:00,29.6,4,308.0,28,6.1
2026-08-13T19:00,28.3,26,158.0,34,4.6
2026-08-13T20:00,25.9,20,37.0,45,5.0
2026-08-13T21:00,24.8,97,0.0,46,5.5
2026-08-13T22:00,24.8,100,0.0,43,7.3
2026-08-13T23:00,24.5,95,0.0,45,9.1
2026-08-14T00:00,23.4,97,0.0,50,9.0
2026-08-14T01:00,22.0,79,0.0,59,4.2
2026-08-14T02:00,21.2,7,0.0,60,5.1
2026-08-14T03:00,19.3,3,0.0,67,4.8
2026-08-14T04:00,18.6,0,0.0,70,5.2
2026-08-14T05:00,18.1,0,0.0,72,5.7
2026-08-14T06:00,17.9,0,12.0,72,7.0
2026-08-14T07:00,18.8,0,106.0,69,6.9
2026-08-14T08:00,20.7,0,249.0,62,5.2
2026-08-14T09:00,23.3,0,402.0,53,5.1
2026-08-14T10:00,26.1,0,542.0,45,6.0
2026-08-14T11:00,28.3,0,654.0,37,7.8
2026-08-14T12:00,29.7,0,728.0,32,9.7
2026-08-14T13:00,30.6,0,761.0,30,9.8
2026-08-14T14:00,31.2,0,746.0,28,8.4
2026-08-14T15:00,31.8,0,685.0,28,7.5
2026-08-14T16:00,32.0,0,584.0,27,6.8
2026-08-14T17:00,31.7,0,453.0,28,9.0
2026-08-14T18:00,30.8,0,304.0,30,11.2
2026-08-14T19:00,29.5,1,154.0,32,12.2
2026-08-14T20:00,27.8,0,35.0,35,11.5
2026-08-14T21:00,26.8,0,0.0,37,9.8
2026-08-14T22:00,25.9,8,0.0,40,8.1
2026-08-14T23:00,24.7,0,0.0,45,7.8
2026-08-15T00:00,23.8,0,0.0,48,9.9
2026-08-15T01:00,22.9,0,0.0,53,9.4
2026-08-15T02:00,21.9,0,0.0,58,9.6
2026-08-15T03:00,20.5,0,0.0,64,10.2
2026-08-15T04:00,19.8,0,0.0,68,9.9
2026-08-15T05:00,19.1,0,0.0,71,9.9
2026-08-15T06:00,18.7,0,11.0,72,9.7
2026-08-15T07:00,19.5,0,103.0,70,8.6
2026-08-15T08:00,21.0,0,246.0,64,8.7
2026-08-15T09:00,23.0,0,399.0,57,7.5
2026-08-15T10:00,25.4,0,538.0,50,6.8
2026-08-15T11:00,27.7,0,649.0,43,7.3
2026-08-15T12:00,29.3,0,725.0,37,7.6
2026-08-15T13:00,30.5,0,756.0,33,7.8
2026-08-15T14:00,31.1,5,741.0,31,8.1
2026-08-15T15:00,32.0,12,680.0,29,7.0
2026-08-15T16:00,32.1,13,581.0,28,6.8
2026-08-15T17:00,31.9,13,450.0,28,8.2
2026-08-15T18:00,31.3,11,301.0,28,9.0
2026-08-15T19:00,30.5,7,151.0,30,8.6
2026-08-15T20:00,29.1,0,32.0,33,8.1
2026-08-15T21:00,27.9,2,0.0,37,10.4
2026-08-15T22:00,26.8,7,0.0,40,11.6
2026-08-15T23:00,25.7,17,0.0,45,13.1
2026-08-16T00:00,24.6,63,0.0,50,13.3
2026-08-16T01:00,23.9,14,0.0,54,12.9
2026-08-16T02:00,23.1,2,0.0,59,12.5
2026-08-16T03:00,21.8,1,0.0,64,9.9
2026-08-16T04:00,21.2,3,0.0,66,8.3
2026-08-16T05:00,20.8,12,0.0,67,8.4
2026-08-16T06:00,20.7,0,10.0,68,8.8
2026-08-16T07:00,21.1,8,98.0,68,8.1
2026-08-16T08:00,22.1,9,234.0,65,8.0
2026-08-16T09:00,23.7,3,382.0,62,6.9
2026-08-16T10:00,25.4,1,524.0,57,9.0
2026-08-16T11:00,26.5,0,635.0,53,10.9
2026-08-16T12:00,27.5,0,715.0,47,13.1
2026-08-16T13:00,28.0,0,760.0,43,13.9
2026-08-16T14:00,28.5,0,746.0,40,14.5
2026-08-16T15:00,28.7,5,677.0,41,15.3
2026-08-16T16:00,27.9,13,553.0,42,16.1
2026-08-16T17:00,27.2,14,422.0,45,15.6
2026-08-16T18:00,26.2,17,270.0,48,15.7
2026-08-16T19:00,25.1,15,127.0,52,15.0
2026-08-16T20:00,24.0,18,27.0,56,11.9
2026-08-16T21:00,23.1,47,0.0,59,10.4
2026-08-16T22:00,21.9,55,0.0,63,10.6
2026-08-16T23:00,20.9,26,0.0,67,11.3
2026-08-17T00:00,19.4,37,0.0,71,12.6
2026-08-17T01:00,18.4,66,0.0,75,9.6
2026-08-17T02:00,17.9,10,0.0,76,7.9
2026-08-17T03:00,16.5,10,0.0,82,9.4
2026-08-17T04:00,15.2,16,0.0,89,8.4
2026-08-17T05:00,14.4,23,0.0,93,7.2
2026-08-17T06:00,14.1,31,9.0,94,6.5
2026-08-17T07:00,14.9,90,93.0,88,6.9
2026-08-17T08:00,16.3,89,214.0,77,8.9
2026-08-17T09:00,18.1,92,379.0,65,11.2
2026-08-17T10:00,19.3,65,411.0,56,11.5
2026-08-17T11:00,20.7,43,494.0,48,11.5
2026-08-17T12:00,22.1,100,646.0,44,11.9
2026-08-17T13:00,22.9,100,678.0,41,15.4
2026-08-17T14:00,22.4,78,404.0,44,16.3
2026-08-17T15:00,23.6,83,501.0,37,16.1
2026-08-17T16:00,23.3,50,349.0,38,16.7
2026-08-17T17:00,23.3,52,339.0,37,17.6
2026-08-17T18:00,22.4,1,221.0,40,16.4
2026-08-17T19:00,21.7,19,141.0,40,11.8
2026-08-17T20:00,20.6,31,26.0,46,11.9
2026-08-17T21:00,18.8,3,0.0,54,15.9
2026-08-17T22:00,17.4,6,0.0,59,12.5
2026-08-17T23:00,16.3,5,0.0,62,10.9
2026-08-18T00:00,15.3,10,0.0,67,10.0
2026-08-18T01:00,14.7,4,0.0,72,9.7
2026-08-18T02:00,14.1,1,0.0,77,9.4
2026-08-18T03:00,13.3,22,0.0,82,8.1
2026-08-18T04:00,13.0,46,0.0,86,8.6
2026-08-18T05:00,12.7,100,0.0,89,8.3
2026-08-18T06:00,13.7,100,3.0,84,8.4
2026-08-18T07:00,14.4,95,38.0,81,7.4
2026-08-18T08:00,15.5,100,173.0,76,11.1
2026-08-18T09:00,16.6,100,229.0,70,11.2
2026-08-18T10:00,17.7,100,273.0,67,11.6
2026-08-18T11:00,18.3,85,244.0,65,11.9
2026-08-18T12:00,19.7,67,444.0,59,12.8
2026-08-18T13:00,20.0,74,418.0,58,12.5
2026-08-18T14:00,20.6,69,443.0,56,11.7
2026-08-18T15:00,20.0,94,341.0,59,10.3
2026-08-18T16:00,19.7,100,268.0,61,10.5
2026-08-18T17:00,18.8,91,161.0,67,10.6
2026-08-18T18:00,18.8,73,138.0,69,10.7
2026-08-18T19:00,18.1,94,75.0,75,7.4
2026-08-18T20:00,17.9,100,18.0,75,7.4
2026-08-18T21:00,17.7,100,0.0,77,6.4
2026-08-18T22:00,17.5,100,0.0,79,5.5
2026-08-18T23:00,17.1,82,0.0,82,5.1
2026-08-19T00:00,16.5,29,0.0,85,4.8
2026-08-19T01:00,15.5,1,0.0,90,4.1
2026-08-19T02:00,14.6,0,0.0,94,3.5
2026-08-19T03:00,12.2,99,0.0,100,2.7
2026-08-19T04:00,11.8,100,0.0,100,2.3
2026-08-19T05:00,11.7,100,0.0,100,3.0
2026-08-19T06:00,11.3,100,5.0,100,2.6
2026-08-19T07:00,12.0,100,56.0,98,2.0
2026-08-19T08:00,13.4,68,157.0,92,1.8
2026-08-19T09:00,16.5,1,370.0,74,1.5
2026-08-19T10:00,19.2,0,529.0,58,3.2
2026-08-19T11:00,20.9,2,642.0,51,6.4
2026-08-19T12:00,22.3,100,706.0,45,9.7
2026-08-19T13:00,22.0,100,359.0,47,9.9
2026-08-19T14:00,22.6,100,415.0,45,9.0
2026-08-19T15:00,23.0,61,332.0,44,9.2
2026-08-19T16:00,23.6,98,420.0,42,9.0
2026-08-19T17:00,22.9,100,194.0,43,9.6
2026-08-19T18:00,22.5,51,122.0,45,8.5
2026-08-19T19:00,22.0,1,95.0,48,8.1
2026-08-19T20:00,20.2,15,22.0,58,5.1
2026-08-19T21:00,19.2,1,0.0,67,0.9
2026-08-19T22:00,18.5,0,0.0,68,2.7
2026-08-19T23:00,18.7,2,0.0,63,5.3
2026-08-20T00:00,18.3,4,0.0,64,5.7
2026-08-20T01:00,17.9,6,0.0,64,8.3
2026-08-20T02:00,17.5,11,0.0,65,9.0
2026-08-20T03:00,15.6,9,0.0,71,8.4
2026-08-20T04:00,14.9,1,0.0,72,8.1
2026-08-20T05:00,14.5,8,0.0,73,8.4
2026-08-20T06:00,14.2,4,6.0,74,8.1
2026-08-20T07:00,15.2,9,89.0,72,7.6
2026-08-20T08:00,17.2,0,224.0,64,4.8
2026-08-20T09:00,19.9,1,384.0,54,5.7
2026-08-20T10:00,22.3,48,525.0,46,8.6
2026-08-20T11:00,23.7,82,634.0,41,10.0
2026-08-20T12:00,24.9,98,688.0,38,10.8
2026-08-20T13:00,25.6,100,711.0,38,13.5
2026-08-20T14:00,25.1,47,524.0,41,15.0
2026-08-20T15:00,25.1,25,506.0,41,15.0
2026-08-20T16:00,24.3,63,492.0,43,17.1
2026-08-20T17:00,21.9,88,235.0,58,12.9
2026-08-20T18:00,20.9,59,170.0,58,15.1
2026-08-20T19:00,19.6,50,99.0,59,13.2
2026-08-20T20:00,18.5,16,17.0,62,11.0
2026-08-20T21:00,17.5,6,0.0,61,11.9
2026-08-20T22:00,16.6,2,0.0,62,11.4
2026-08-20T23:00,15.7,0,0.0,62,11.0
2026-08-21T00:00,14.7,0,0.0,65,10.2
2026-08-21T01:00,13.9,0,0.0,69,8.8
2026-08-21T02:00,13.0,0,0.0,75,7.9
2026-08-21T03:00,11.7,0,0.0,78,6.5
2026-08-21T04:00,11.1,0,0.0,82,7.0
2026-08-21T05:00,10.6,0,0.0,86,5.3
2026-08-21T06:00,10.3,0,6.0,89,5.6
2026-08-21T07:00,11.1,0,91.0,84,4.4
2026-08-21T08:00,12.8,0,239.0,74,4.0
2026-08-21T09:00,14.8,0,396.0,64,4.2
2026-08-21T10:00,17.0,0,541.0,54,3.9
2026-08-21T11:00,18.7,0,655.0,46,3.4
2026-08-21T12:00,20.0,5,732.0,40,2.6
2026-08-21T13:00,21.1,93,762.0,36,2.0
2026-08-21T14:00,22.0,100,742.0,33,1.5
2026-08-21T15:00,22.9,100,658.0,34,1.7
2026-08-21T16:00,23.0,100,531.0,33,2.9
2026-08-21T17:00,22.7,100,350.0,34,3.1
2026-08-21T18:00,22.4,100,252.0,35,4.5
2026-08-21T19:00,21.3,100,109.0,39,7.3
2026-08-21T20:00,19.4,94,17.0,49,9.2
2026-08-21T21:00,18.2,76,0.0,53,11.2
2026-08-21T22:00,17.2,63,0.0,53,10.7
2026-08-21T23:00,16.5,100,0.0,54,9.0
2026-08-22T00:00,15.8,99,0.0,58,7.6
2026-08-22T01:00,15.1,100,0.0,63,5.7
2026-08-22T02:00,14.6,100,0.0,65,6.8
2026-08-22T03:00,12.3,100,0.0,73,6.9
2026-08-22T04:00,11.7,98,0.0,77,5.3
2026-08-22T05:00,11.1,20,0.0,82,3.4
2026-08-22T06:00,11.0,79,5.0,83,4.2
2026-08-22T07:00,11.9,90,84.0,81,4.1
2026-08-22T08:00,14.1,65,225.0,70,4.8
2026-08-22T09:00,16.9,67,385.0,58,6.3
2026-08-22T10:00,19.6,56,528.0,44,8.9
2026-08-22T11:00,20.2,100,620.0,43,11.1
2026-08-22T12:00,20.0,100,529.0,46,12.9
2026-08-22T13:00,20.0,32,426.0,47,14.7
2026-08-22T14:00,21.1,21,694.0,42,17.3
2026-08-22T15:00,21.2,77,557.0,38,16.9
2026-08-22T16:00,20.5,100,377.0,39,18.3
2026-08-22T17:00,19.5,34,195.0,42,16.7
2026-08-22T18:00,19.4,71,232.0,43,17.0
2026-08-22T19:00,18.6,42,89.0,48,15.1
2026-08-22T20:00,17.4,40,13.0,55,11.7
2026-08-22T21:00,16.5,16,0.0,60,8.1
2026-08-22T22:00,15.4,37,0.0,66,6.4
2026-08-22T23:00,14.9,75,0.0,69,7.2
2026-08-23T00:00,14.2,82,0.0,72,7.7
2026-08-23T01:00,14.4,57,0.0,68,10.5
2026-08-23T02:00,13.9,1,0.0,65,10.3
2026-08-23T03:00,12.8,8,0.0,66,10.9
2026-08-23T04:00,12.0,2,0.0,69,11.2
2026-08-23T05:00,11.5,10,0.0,71,11.5
2026-08-23T06:00,11.3,5,4.0,71,11.3
2026-08-23T07:00,12.1,2,80.0,69,9.9
2026-08-23T08:00,13.5,1,222.0,64,12.0
2026-08-23T09:00,15.1,31,376.0,59,17.3
2026-08-23T10:00,16.0,60,443.0,55,18.0
2026-08-23T11:00,16.6,39,491.0,51,17.8
2026-08-23T12:00,17.7,12,577.0,44,17.2
2026-08-23T13:00,18.7,30,690.0,38,18.7
2026-08-23T14:00,18.5,30,584.0,38,20.0
2026-08-23T15:00,16.6,8,327.0,51,16.1
2026-08-23T16:00,18.2,15,531.0,41,17.3
2026-08-23T17:00,17.6,44,392.0,41,19.3
2026-08-23T18:00,16.0,51,209.0,50,14.4
2026-08-23T19:00,15.2,25,90.0,53,13.6
2026-08-23T20:00,13.8,26,14.0,57,14.1
2026-08-23T21:00,11.9,100,0.0,75,12.5
2026-08-23T22:00,11.7,18,0.0,78,11.9
2026-08-23T23:00,10.6,93,0.0,85,13.4
2026-08-24T00:00,10.2,100,0.0,86,13.8
2026-08-24T01:00,10.4,100,0.0,83,15.1
2026-08-24T02:00,10.3,99,0.0,85,14.2
2026-08-24T03:00,9.7,64,0.0,88,14.1
2026-08-24T04:00,9.2,100,0.0,90,14.4
2026-08-24T05:00,9.2,100,0.0,89,14.2
2026-08-24T06:00,9.3,91,1.0,89,14.1
2026-08-24T07:00,9.6,99,69.0,86,13.0
2026-08-24T08:00,10.5,99,166.0,79,13.2
2026-08-24T09:00,12.1,46,296.0,72,13.4
2026-08-24T10:00,14.3,84,506.0,64,14.8
2026-08-24T11:00,16.1,71,624.0,55,18.3
2026-08-24T12:00,16.7,100,494.0,46,19.4
2026-08-24T13:00,16.8,64,319.0,47,18.5
2026-08-24T14:00,18.1,54,514.0,41,21.6
2026-08-24T15:00,18.1,45,532.0,43,21.3
2026-08-24T16:00,18.1,46,399.0,43,21.1
2026-08-24T17:00,17.6,54,293.0,45,19.7
2026-08-24T18:00,17.7,90,181.0,44,15.7
2026-08-24T19:00,16.9,77,94.0,47,11.8
2026-08-24T20:00,15.9,10,10.0,51,8.0
2026-08-24T21:00,14.3,17,0.0,59,6.7
2026-08-24T22:00,14.1,18,0.0,56,12.4
2026-08-24T23:00,13.4,4,0.0,59,12.1
2026-08-25T00:00,12.8,13,0.0,62,13.3
2026-08-25T01:00,12.2,23,0.0,65,13.1
2026-08-25T02:00,11.8,13,0.0,67,13.3
2026-08-25T03:00,11.0,7,0.0,72,12.9
2026-08-25T04:00,10.9,12,0.0,72,13.5
2026-08-25T05:00,10.7,86,0.0,73,13.0
2026-08-25T06:00,10.7,98,2.0,75,15.2
2026-08-25T07:00,11.4,100,62.0,79,15.1
2026-08-25T08:00,12.7,94,147.0,76,14.0
2026-08-25T09:00,14.2,92,301.0,71,17.1
2026-08-25T10:00,15.2,92,299.0,68,19.9
2026-08-25T11:00,14.8,97,323.0,72,18.3
2026-08-25T12:00,15.7,71,233.0,68,15.1
2026-08-25T13:00,17.2,20,494.0,61,18.2
2026-08-25T14:00,17.6,50,662.0,59,18.9
2026-08-25T15:00,17.9,100,498.0,54,20.7
2026-08-25T16:00,17.8,100,405.0,51,20.0
2026-08-25T17:00,17.4,100,276.0,51,19.2
2026-08-25T18:00,15.8,100,91.0,62,15.3
2026-08-25T19:00,13.6,100,28.0,80,16.0
2026-08-25T20:00,12.6,100,2.0,92,10.7
2026-08-25T21:00,12.5,100,0.0,92,12.5
2026-08-25T22:00,12.4,100,0.0,93,12.2
2026-08-25T23:00,12.1,100,0.0,95,10.5
2026-08-26T00:00,11.9,81,0.0,95,10.9
2026-08-26T01:00,11.5,13,0.0,96,9.9
2026-08-26T02:00,10.8,55,0.0,96,9.4
2026-08-26T03:00,11.1,5,0.0,97,8.4
2026-08-26T04:00,10.2,9,0.0,97,8.4
2026-08-26T05:00,9.8,46,0.0,97,8.8
2026-08-26T06:00,9.5,11,2.0,96,9.7
2026-08-26T07:00,10.2,8,69.0,94,10.5
2026-08-26T08:00,11.6,5,207.0,87,8.1
2026-08-26T09:00,13.4,5,361.0,78,8.3
2026-08-26T10:00,15.3,84,499.0,69,10.2
2026-08-26T11:00,16.7,100,588.0,60,16.0
2026-08-26T12:00,17.5,100,567.0,54,15.6
2026-08-26T13:00,18.0,100,538.0,51,15.1
2026-08-26T14:00,17.8,100,382.0,52,15.3
2026-08-26T15:00,18.7,100,490.0,48,15.3
2026-08-26T16:00,19.0,100,322.0,45,14.9
2026-08-26T17:00,19.2,97,282.0,44,14.8
2026-08-26T18:00,18.7,43,201.0,48,9.5
2026-08-26T19:00,17.5,17,91.0,56,6.8
2026-08-26T20:00,15.8,20,9.0,65,6.0
2026-08-26T21:00,14.3,0,0.0,74,3.2
2026-08-26T22:00,13.4,8,0.0,78,1.8
2026-08-26T23:00,12.7,7,0.0,81,2.0
2026-08-27T00:00,12.1,83,0.0,84,3.0
2026-08-27T01:00,11.8,89,0.0,86,3.1
2026-08-27T02:00,11.7,99,0.0,87,4.0
2026-08-27T03:00,10.1,97,0.0,92,3.8
2026-08-27T04:00,10.0,62,0.0,91,6.5
2026-08-27T05:00,9.9,98,0.0,90,6.0
2026-08-27T06:00,9.7,95,2.0,90,5.8
2026-08-27T07:00,10.6,100,62.0,87,7.6
2026-08-27T08:00,12.6,100,163.0,82,6.7
2026-08-27T09:00,13.0,100,113.0,80,5.6
2026-08-27T10:00,15.8,100,294.0,70,6.0
2026-08-27T11:00,16.3,58,194.0,67,6.3
2026-08-27T12:00,19.6,21,610.0,52,8.0
2026-08-27T13:00,21.1,0,712.0,43,9.3
2026-08-27T14:00,21.9,1,701.0,40,9.5
2026-08-27T15:00,23.1,17,635.0,39,9.7
2026-08-27T16:00,23.4,45,532.0,37,9.4
2026-08-27T17:00,23.4,74,396.0,37,8.9
2026-08-27T18:00,22.7,69,242.0,42,8.4
2026-08-27T19:00,20.8,67,90.0,50,11.1
2026-08-27T20:00,19.1,1,8.0,56,12.3
2026-08-27T21:00,18.0,4,0.0,61,11.2
2026-08-27T22:00,17.5,23,0.0,64,11.7
2026-08-27T23:00,17.2,21,0.0,66,12.9
2026-08-28T00:00,16.7,91,0.0,68,12.5
2026-08-28T01:00,16.3,97,0.0,72,11.9
2026-08-28T02:00,16.0,97,0.0,75,11.8
2026-08-28T03:00,14.8,100,0.0,75,10.8
2026-08-28T04:00,14.7,100,0.0,77,11.3
2026-08-28T05:00,14.5,100,0.0,81,11.1
2026-08-28T06:00,14.2,100,1.0,84,10.2
2026-08-28T07:00,14.9,94,61.0,83,10.5
2026-08-28T08:00,16.5,91,190.0,78,8.6
2026-08-28T09:00,18.9,99,350.0,70,7.0
2026-08-28T10:00,21.5,70,463.0,62,7.7
2026-08-28T11:00,24.3,12,585.0,55,7.3
2026-08-28T12:00,26.8,100,677.0,46,8.6
2026-08-28T13:00,28.4,100,642.0,41,10.8
2026-08-28T14:00,30.2,99,640.0,35,12.2
2026-08-28T15:00,31.8,100,576.0,26,11.2
2026-08-28T16:00,31.7,58,423.0,25,10.7
2026-08-28T17:00,31.8,100,384.0,23,12.2
2026-08-28T18:00,30.3,22,224.0,27,12.8
2026-08-28T19:00,28.3,7,95.0,30,14.0
2026-08-28T20:00,26.6,2,7.0,34,17.6
2026-08-28T21:00,25.5,0,0.0,39,18.1
2026-08-28T22:00,24.5,0,0.0,41,17.0
2026-08-28T23:00,23.8,17,0.0,42,15.7
2026-08-29T00:00,23.3,58,0.0,42,16.5
2026-08-29T01:00,23.1,33,0.0,42,17.3
2026-08-29T02:00,22.8,93,0.0,42,17.5
2026-08-29T03:00,22.5,86,0.0,41,16.2
2026-08-29T04:00,22.1,100,0.0,43,16.2
2026-08-29T05:00,21.9,100,0.0,44,15.2
2026-08-29T06:00,21.5,100,1.0,45,14.7
2026-08-29T07:00,22.4,99,54.0,42,14.9
2026-08-29T08:00,23.9,100,182.0,38,11.8
2026-08-29T09:00,26.1,100,328.0,34,11.7
2026-08-29T10:00,28.5,15,474.0,30,12.3
2026-08-29T11:00,30.5,92,585.0,27,14.5
2026-08-29T12:00,31.9,98,634.0,24,14.2
2026-08-29T13:00,32.1,100,438.0,23,11.9
2026-08-29T14:00,31.2,93,278.0,28,20.9
2026-08-29T15:00,31.1,12,546.0,28,19.8
2026-08-29T16:00,32.0,8,493.0,26,24.2
2026-08-29T17:00,32.9,37,376.0,23,21.1
2026-08-29T18:00,31.3,93,195.0,27,14.4
2026-08-29T19:00,29.3,98,72.0,33,8.2
2026-08-29T20:00,28.4,100,3.0,37,9.3
2026-08-29T21:00,25.8,99,0.0,55,12.6
2026-08-29T22:00,23.6,73,0.0,65,9.2
2026-08-29T23:00,22.3,100,0.0,71,6.9
2026-08-30T00:00,21.3,92,0.0,76,4.0
2026-08-30T01:00,20.8,100,0.0,80,2.3
2026-08-30T02:00,20.6,100,0.0,80,3.1
2026-08-30T03:00,19.1,98,0.0,85,3.1
2026-08-30T04:00,18.9,90,0.0,86,1.4
2026-08-30T05:00,18.2,100,0.0,90,5.2
2026-08-30T06:00,18.3,100,0.0,90,7.4
2026-08-30T07:00,18.4,86,10.0,89,5.8
2026-08-30T08:00,19.4,100,104.0,84,4.0
2026-08-30T09:00,19.5,100,75.0,82,2.5
2026-08-30T10:00,21.1,0,206.0,72,4.8
2026-08-30T11:00,24.8,0,598.0,57,7.0
2026-08-30T12:00,26.9,6,668.0,49,11.3
2026-08-30T13:00,28.5,51,674.0,39,15.3
2026-08-30T14:00,28.5,78,503.0,38,18.6
2026-08-30T15:00,27.1,41,515.0,47,13.3
2026-08-30T16:00,26.7,71,396.0,48,12.6
2026-08-30T17:00,26.5,22,322.0,48,10.4
2026-08-30T18:00,26.1,22,217.0,48,9.6
2026-08-30T19:00,24.5,13,80.0,55,12.5
2026-08-30T20:00,22.7,15,4.0,65,9.9
2026-08-30T21:00,21.6,35,0.0,70,9.8
2026-08-30T22:00,20.3,83,0.0,77,11.2
2026-08-30T23:00,19.0,55,0.0,85,10.5
2026-08-31T00:00,18.2,99,0.0,92,8.4
2026-08-31T01:00,17.9,80,0.0,94,8.2
2026-08-31T02:00,17.7,100,0.0,95,7.9
2026-08-31T03:00,17.7,100,0.0,94,9.5
2026-08-31T04:00,17.6,100,0.0,94,7.2
2026-08-31T05:00,17.5,100,0.0,94,7.3
2026-08-31T06:00,17.5,100,0.0,94,6.7
2026-08-31T07:00,18.0,100,23.0,91,7.9
2026-08-31T08:00,19.1,100,139.0,86,10.8
2026-08-31T09:00,20.3,100,202.0,80,10.8
2026-08-31T10:00,21.6,100,273.0,73,9.5
2026-08-31T11:00,22.5,85,318.0,68,9.4
2026-08-31T12:00,23.9,53,483.0,61,9.8
2026-08-31T13:00,24.2,47,516.0,60,11.7
2026-08-31T14:00,24.1,83,548.0,62,13.2
2026-08-31T15:00,23.2,38,357.0,65,11.7
2026-08-31T16:00,23.6,25,402.0,63,10.6
2026-08-31T17:00,23.6,79,322.0,62,11.0
2026-08-31T18:00,22.8,100,160.0,64,10.6
2026-08-31T19:00,22.0,100,34.0,69,8.9
2026-08-31T20:00,21.3,100,1.0,72,8.1
2026-08-31T21:00,20.6,78,0.0,76,8.0
2026-08-31T22:00,19.6,96,0.0,80,7.9
2026-08-31T23:00,19.1,94,0.0,82,7.9
2026-09-01T00:00,18.6,98,0.0,83,8.5
2026-09-01T01:00,17.9,9,0.0,86,8.5
2026-09-01T02:00,17.2,3,0.0,89,8.6
2026-09-01T03:00,16.7,91,0.0,91,8.3
2026-09-01T04:00,16.2,64,0.0,93,7.4
2026-09-01T05:00,15.7,13,0.0,95,7.4
2026-09-01T06:00,15.3,0,0.0,96,7.9
2026-09-01T07:00,15.7,0,52.0,93,6.8
2026-09-01T08:00,17.0,14,182.0,85,7.6
2026-09-01T09:00,19.4,38,325.0,76,7.3
2026-09-01T10:00,21.1,57,434.0,70,4.8
2026-09-01T11:00,22.2,71,480.0,66,4.3
2026-09-01T12:00,23.3,100,491.0,61,4.2
2026-09-01T13:00,24.0,100,434.0,58,4.0
2026-09-01T14:00,24.8,100,464.0,55,4.0
2026-09-01T15:00,21.3,100,363.0,70,4.8
2026-09-01T16:00,21.7,95,284.0,68,3.6
2026-09-01T17:00,22.0,85,204.0,67,3.5
2026-09-01T18:00,22.1,74,134.0,66,3.9
2026-09-01T19:00,21.5,93,57.0,77,0.6
2026-09-01T20:00,20.8,99,2.0,79,2.7
2026-09-01T21:00,20.2,81,0.0,80,5.6
2026-09-01T22:00,19.7,1,0.0,80,8.7
2026-09-01T23:00,19.0,1,0.0,83,8.3
2026-09-02T00:00,18.5,2,0.0,86,6.9
2026-09-02T01:00,18.1,1,0.0,88,5.5
2026-09-02T02:00,17.7,0,0.0,90,4.6
2026-09-02T03:00,16.4,0,0.0,93,6.6
2026-09-02T04:00,16.1,1,0.0,94,5.7
2026-09-02T05:00,15.9,1,0.0,95,6.9
2026-09-02T06:00,15.8,12,0.0,94,7.1
2026-09-02T07:00,16.6,6,49.0,91,8.3
2026-09-02T08:00,18.3,9,177.0,85,5.6
2026-09-02T09:00,20.5,0,317.0,77,5.7
2026-09-02T10:00,22.8,0,465.0,70,8.8
2026-09-02T11:00,24.6,0,576.0,65,10.2
2026-09-02T12:00,26.2,60,648.0,59,13.4
2026-09-02T13:00,26.6,24,585.0,58,11.6
2026-09-02T14:00,27.3,40,623.0,54,9.9
2026-09-02T15:00,28.1,42,549.0,51,11.4
2026-09-02T16:00,27.8,50,438.0,48,12.5
2026-09-02T17:00,27.8,61,316.0,45,10.2
2026-09-02T18:00,27.2,22,183.0,48,6.0
2026-09-02T19:00,25.6,57,69.0,62,3.2
2026-09-02T20:00,24.5,88,2.0,60,5.0
2026-09-02T21:00,24.0,89,0.0,61,7.0
2026-09-02T22:00,23.0,92,0.0,64,11.5
2026-09-02T23:00,21.6,99,0.0,68,9.0
2026-09-03T00:00,20.9,100,0.0,72,8.5
2026-09-03T01:00,20.2,99,0.0,76,9.5
2026-09-03T02:00,19.2,20,0.0,83,9.4
2026-09-03T03:00,18.7,96,0.0,93,11.9
2026-09-03T04:00,18.0,97,0.0,96,10.9
2026-09-03T05:00,17.7,100,0.0,98,8.8
2026-09-03T06:00,17.8,100,0.0,97,8.1
2026-09-03T07:00,18.1,100,19.0,94,8.8
2026-09-03T08:00,18.5,100,51.0,90,8.4
2026-09-03T09:00,18.8,100,64.0,87,6.1
2026-09-03T10:00,19.5,100,111.0,82,5.2
2026-09-03T11:00,19.6,100,113.0,81,7.4
2026-09-03T12:00,19.5,100,129.0,83,8.1
2026-09-03T13:00,20.7,100,324.0,76,6.3
2026-09-03T14:00,21.1,99,278.0,72,5.6
2026-09-03T15:00,20.9,83,323.0,74,6.7
2026-09-03T16:00,21.6,99,331.0,69,6.7
2026-09-03T17:00,21.6,88,215.0,68,6.9
2026-09-03T18:00,21.2,34,135.0,70,5.5
2026-09-03T19:00,20.3,7,57.0,81,2.1
2026-09-03T20:00,19.0,6,1.0,86,2.4
2026-09-03T21:00,18.7,7,0.0,86,0.6
2026-09-03T22:00,18.3,0,0.0,87,0.4
2026-09-03T23:00,17.5,0,0.0,90,2.1
2026-09-04T00:00,17.2,1,0.0,92,3.8
2026-09-04T01:00,16.7,0,0.0,93,3.8
2026-09-04T02:00,16.1,0,0.0,94,3.5
2026-09-04T03:00,14.8,0,0.0,96,4.2
2026-09-04T04:00,14.8,0,0.0,96,5.2
2026-09-04T05:00,14.3,1,0.0,97,4.0
2026-09-04T06:00,13.9,1,0.0,98,4.2
2026-09-04T07:00,14.6,0,47.0,97,5.7
2026-09-04T08:00,16.5,0,178.0,91,3.9
2026-09-04T09:00,18.9,0,329.0,81,3.1
2026-09-04T10:00,21.0,0,465.0,71,4.3
2026-09-04T11:00,22.5,0,577.0,63,4.9
2026-09-04T12:00,23.6,0,650.0,58,4.6
2026-09-04T13:00,24.5,0,677.0,54,4.4
2026-09-04T14:00,25.2,3,657.0,52,3.4
2026-09-04T15:00,26.1,0,592.0,48,3.0
2026-09-04T16:00,26.2,1,484.0,48,2.6
2026-09-04T17:00,26.0,6,342.0,49,3.1
2026-09-04T18:00,25.7,6,192.0,52,2.2
2026-09-04T19:00,23.8,4,61.0,64,3.3
2026-09-04T20:00,22.4,4,1.0,70,4.8
2026-09-04T21:00,21.6,6,0.0,72,5.2
2026-09-04T22:00,20.8,3,0.0,75,5.0
2026-09-04T23:00,20.0,1,0.0,79,4.9
2026-09-05T00:00,19.7,1,0.0,81,6.3
2026-09-05T01:00,19.4,1,0.0,84,6.7
2026-09-05T02:00,18.9,2,0.0,87,5.2
2026-09-05T03:00,17.8,0,0.0,88,5.7
2026-09-05T04:00,17.3,0,0.0,91,5.5
2026-09-05T05:00,16.8,0,0.0,93,6.1
2026-09-05T06:00,16.5,0,0.0,94,6.2
2026-09-05T07:00,17.0,0,43.0,93,7.7
2026-09-05T08:00,18.7,0,168.0,88,5.3
2026-09-05T09:00,21.1,0,314.0,79,5.1
2026-09-05T10:00,23.5,0,450.0,72,5.9
2026-09-05T11:00,25.4,0,558.0,66,7.7
2026-09-05T12:00,26.8,6,627.0,62,8.1
2026-09-05T13:00,27.7,12,645.0,57,7.1
2026-09-05T14:00,28.5,19,618.0,52,5.3
2026-09-05T15:00,29.0,93,532.0,52,8.4
2026-09-05T16:00,23.3,88,271.0,76,11.8
2026-09-05T17:00,24.0,92,247.0,74,2.8
2026-09-05T18:00,24.0,100,163.0,75,4.2
2026-09-05T19:00,22.9,100,46.0,82,1.9
2026-09-05T20:00,21.6,23,0.0,90,2.8
2026-09-05T21:00,20.7,11,0.0,94,0.9
2026-09-05T22:00,20.1,27,0.0,96,1.7
2026-09-05T23:00,19.5,5,0.0,98,0.8
2026-09-06T00:00,19.1,18,0.0,99,5.1
2026-09-06T01:00,18.4,39,0.0,99,3.2
2026-09-06T02:00,18.0,100,0.0,100,4.8
2026-09-06T03:00,17.9,99,0.0,94,9.4
2026-09-06T04:00,17.5,100,0.0,95,8.0
2026-09-06T05:00,17.3,100,0.0,97,4.8
2026-09-06T06:00,17.2,100,0.0,98,6.4
2026-09-06T07:00,17.5,100,22.0,97,8.7
2026-09-06T08:00,18.2,100,88.0,93,7.8
2026-09-06T09:00,19.0,100,143.0,89,7.6
2026-09-06T10:00,19.9,100,254.0,86,7.8
2026-09-06T11:00,20.4,100,269.0,83,4.1
2026-09-06T12:00,19.8,100,117.0,88,3.5
2026-09-06T13:00,20.9,100,304.0,82,0.6
2026-09-06T14:00,21.3,100,216.0,81,0.8
2026-09-06T15:00,21.4,99,227.0,81,2.9
2026-09-06T16:00,21.7,100,222.0,80,5.2
2026-09-06T17:00,21.3,100,200.0,80,10.1
2026-09-06T18:00,19.9,100,92.0,87,13.8
2026-09-06T19:00,18.8,93,21.0,91,12.1
2026-09-06T20:00,18.0,77,0.0,94,9.2
2026-09-06T21:00,17.3,96,0.0,95,9.5
2026-09-06T22:00,16.7,100,0.0,97,8.7
2026-09-06T23:00,16.5,100,0.0,97,10.1
2026-09-07T00:00,16.5,100,0.0,97,8.1
2026-09-07T01:00,16.6,98,0.0,96,10.9
2026-09-07T02:00,16.4,84,0.0,94,10.6
2026-09-07T03:00,16.0,100,0.0,98,8.8
2026-09-07T04:00,16.1,100,0.0,97,9.2
2026-09-07T05:00,16.0,100,0.0,97,8.5
2026-09-07T06:00,15.9,100,0.0,96,9.2
2026-09-07T07:00,15.9,100,9.0,95,7.2
2026-09-07T08:00,16.2,100,52.0,92,7.6
2026-09-07T09:00,16.2,100,80.0,92,7.8
2026-09-07T10:00,16.8,100,127.0,87,8.6
2026-09-07T11:00,17.6,100,176.0,82,7.8
2026-09-07T12:00,18.7,95,289.0,77,6.0
2026-09-07T13:00,19.3,100,315.0,73,5.0
2026-09-07T14:00,20.2,52,405.0,68,5.0
2026-09-07T15:00,19.7,88,418.0,72,5.1
2026-09-07T16:00,19.7,100,278.0,71,5.2
2026-09-07T17:00,19.6,100,166.0,71,4.1
2026-09-07T18:00,19.5,100,80.0,72,1.6
2026-09-07T19:00,18.9,100,27.0,78,2.0
2026-09-07T20:00,18.5,53,0.0,83,3.6
2026-09-07T21:00,17.7,8,0.0,87,3.7
2026-09-07T22:00,16.9,37,0.0,89,6.0
2026-09-07T23:00,16.7,90,0.0,88,7.3
2026-09-08T00:00,16.5,99,0.0,88,7.7
2026-09-08T01:00,16.3,54,0.0,91,5.3
2026-09-08T02:00,15.5,41,0.0,94,3.8
2026-09-08T03:00,15.6,52,0.0,95,14.1
2026-09-08T04:00,15.4,11,0.0,93,11.0
2026-09-08T05:00,15.0,9,0.0,94,9.9
2026-09-08T06:00,14.7,4,0.0,93,9.4
2026-09-08T07:00,15.0,16,35.0,91,9.9
2026-09-08T08:00,16.2,0,155.0,86,8.8
2026-09-08T09:00,17.7,7,307.0,77,9.8
2026-09-08T10:00,19.4,8,443.0,70,9.5
2026-09-08T11:00,21.3,11,556.0,62,10.2
2026-09-08T12:00,22.7,37,628.0,53,13.6
2026-09-08T13:00,23.2,82,650.0,49,15.0
2026-09-08T14:00,23.4,58,624.0,48,14.5
2026-09-08T15:00,24.0,29,562.0,47,12.4
2026-09-08T16:00,23.9,27,457.0,48,11.7
2026-09-08T17:00,23.4,25,307.0,49,12.1
2026-09-08T18:00,22.1,6,168.0,54,11.2
2026-09-08T19:00,20.3,2,47.0,61,8.7
2026-09-08T20:00,19.1,12,0.0,64,9.5
2026-09-08T21:00,18.1,35,0.0,68,9.7
2026-09-08T22:00,17.3,0,0.0,70,10.3
2026-09-08T23:00,16.7,26,0.0,71,10.7
2026-09-09T00:00,16.2,11,0.0,71,10.5
2026-09-09T01:00,16.1,14,0.0,73,10.8
2026-09-09T02:00,16.1,21,0.0,74,10.6
2026-09-09T03:00,15.5,81,0.0,78,10.1
2026-09-09T04:00,15.6,1,0.0,79,9.5
2026-09-09T05:00,14.8,14,0.0,83,9.0
2026-09-09T06:00,14.5,7,0.0,85,8.6
2026-09-09T07:00,14.8,8,34.0,85,9.5
2026-09-09T08:00,16.2,47,158.0,81,8.0
2026-09-09T09:00,18.1,36,284.0,75,8.6
2026-09-09T10:00,19.7,21,389.0,70,9.8
2026-09-09T11:00,21.4,17,531.0,65,11.3
2026-09-09T12:00,22.2,22,605.0,60,14.0
2026-09-09T13:00,22.3,40,567.0,59,15.2
2026-09-09T14:00,22.6,21,494.0,59,13.4
2026-09-09T15:00,22.8,32,392.0,53,13.0
2026-09-09T16:00,21.5,48,384.0,62,15.5
2026-09-09T17:00,21.0,31,218.0,64,11.8
2026-09-09T18:00,20.5,20,148.0,66,9.9
2026-09-09T19:00,19.1,13,40.0,72,9.0
2026-09-09T20:00,18.0,5,0.0,77,10.0
2026-09-09T21:00,17.3,6,0.0,80,10.3
2026-09-09T22:00,16.8,3,0.0,82,10.3
2026-09-09T23:00,16.4,12,0.0,85,9.2
2026-09-10T00:00,16.1,2,0.0,87,7.3
2026-09-10T01:00,15.8,3,0.0,89,9.0
2026-09-10T02:00,15.4,0,0.0,91,9.0
2026-09-10T03:00,14.8,0,0.0,86,10.0
2026-09-10T04:00,14.4,0,0.0,89,9.1
2026-09-10T05:00,14.0,1,0.0,92,8.3
2026-09-10T06:00,13.6,4,0.0,94,8.7
2026-09-10T07:00,13.9,8,31.0,94,9.2
2026-09-10T08:00,15.2,28,150.0,88,8.8
2026-09-10T09:00,17.0,6,295.0,82,8.7
2026-09-10T10:00,19.4,37,433.0,70,15.8
2026-09-10T11:00,20.7,58,487.0,63,16.3
2026-09-10T12:00,21.5,73,476.0,58,15.7
2026-09-10T13:00,22.8,3,541.0,53,12.8
2026-09-10T14:00,23.6,2,623.0,52,13.8
2026-09-10T15:00,24.1,7,552.0,50,14.0
2026-09-10T16:00,24.1,66,431.0,49,14.4
2026-09-10T17:00,23.7,13,309.0,51,14.3
2026-09-10T18:00,22.7,88,163.0,56,12.8
2026-09-10T19:00,21.4,87,38.0,61,12.1
2026-09-10T20:00,20.6,66,0.0,65,13.8
2026-09-10T21:00,20.1,100,0.0,68,15.3
2026-09-10T22:00,19.7,100,0.0,70,15.1
2026-09-10T23:00,19.4,100,0.0,71,14.9
2026-09-11T00:00,19.5,100,0.0,71,16.9
2026-09-11T01:00,19.5,100,0.0,72,16.4
2026-09-11T02:00,19.4,100,0.0,72,15.8
2026-09-11T03:00,19.8,100,0.0,72,18.3
2026-09-11T04:00,19.6,100,0.0,71,20.1
2026-09-11T05:00,18.9,100,0.0,75,20.4
2026-09-11T06:00,17.6,100,0.0,86,22.4
2026-09-11T07:00,16.8,100,4.0,94,23.2
2026-09-11T08:00,17.0,100,13.0,94,24.1
2026-09-11T09:00,17.1,100,46.0,94,24.8
2026-09-11T10:00,17.5,100,49.0,92,22.7
2026-09-11T11:00,17.5,100,50.0,92,22.9
2026-09-11T12:00,18.0,100,69.0,91,19.9
2026-09-11T13:00,18.8,100,116.0,90,15.5
2026-09-11T14:00,19.5,100,141.0,87,11.8
2026-09-11T15:00,20.3,100,308.0,78,13.7
2026-09-11T16:00,20.5,100,252.0,67,13.3
2026-09-11T17:00,20.4,100,227.0,66,9.9
2026-09-11T18:00,19.6,100,102.0,76,3.2
2026-09-11T19:00,18.2,100,25.0,80,3.0
2026-09-11T20:00,17.6,100,0.0,83,3.6
2026-09-11T21:00,17.2,100,0.0,84,5.2
2026-09-11T22:00,16.9,100,0.0,85,5.2
2026-09-11T23:00,16.4,99,0.0,86,4.9
2026-09-12T00:00,16.0,91,0.0,85,5.2
2026-09-12T01:00,15.7,30,0.0,83,6.0
2026-09-12T02:00,15.2,0,0.0,84,6.6
2026-09-12T03:00,14.3,0,0.0,89,7.6
2026-09-12T04:00,14.0,8,0.0,89,7.4
2026-09-12T05:00,13.7,21,0.0,88,7.4
2026-09-12T06:00,13.4,7,0.0,88,7.7
2026-09-12T07:00,13.8,27,27.0,87,7.7
2026-09-12T08:00,15.2,13,136.0,85,7.3
2026-09-12T09:00,17.0,0,287.0,79,5.5
2026-09-12T10:00,18.8,0,434.0,72,5.4
2026-09-12T11:00,20.5,0,546.0,61,5.6
2026-09-12T12:00,21.5,0,618.0,53,6.8
2026-09-12T13:00,22.0,2,641.0,51,7.8
2026-09-12T14:00,22.3,30,621.0,50,8.9
2026-09-12T15:00,22.5,21,508.0,50,9.4
2026-09-12T16:00,22.2,30,394.0,50,9.3
2026-09-12T17:00,21.5,5,280.0,54,6.8
2026-09-12T18:00,20.3,2,155.0,64,6.2
2026-09-12T19:00,18.4,0,33.0,74,5.3
2026-09-12T20:00,17.5,0,0.0,78,4.8
2026-09-12T21:00,16.5,2,0.0,81,4.2
2026-09-12T22:00,15.9,8,0.0,83,4.4
2026-09-12T23:00,15.4,0,0.0,83,4.3
2026-09-13T00:00,15.0,4,0.0,82,3.9
2026-09-13T01:00,14.3,26,0.0,85,3.5
2026-09-13T02:00,14.0,90,0.0,87,4.2
2026-09-13T03:00,13.3,45,0.0,89,2.8
2026-09-13T04:00,12.8,85,0.0,91,3.1
2026-09-13T05:00,12.7,90,0.0,92,2.4
2026-09-13T06:00,12.2,92,0.0,93,1.7
2026-09-13T07:00,13.0,74,22.0,92,4.5
2026-09-13T08:00,14.9,100,131.0,84,4.2
2026-09-13T09:00,17.0,100,244.0,78,4.1
2026-09-13T10:00,18.8,86,342.0,71,5.5
2026-09-13T11:00,20.7,70,514.0,64,7.5
2026-09-13T12:00,22.0,47,586.0,59,7.9
2026-09-13T13:00,23.1,93,624.0,57,8.5
2026-09-13T14:00,23.7,100,551.0,55,11.6
2026-09-13T15:00,22.5,95,367.0,63,10.8
2026-09-13T16:00,22.4,100,379.0,63,12.8
2026-09-13T17:00,21.6,100,254.0,65,12.3
2026-09-13T18:00,21.0,100,115.0,69,12.0
2026-09-13T19:00,19.8,100,19.0,73,12.7
2026-09-13T20:00,19.0,100,0.0,75,13.0
2026-09-13T21:00,18.3,100,0.0,78,11.9
2026-09-13T22:00,17.9,93,0.0,80,12.1
2026-09-13T23:00,17.1,100,0.0,84,10.8
2026-09-14T00:00,16.6,100,0.0,86,10.5
2026-09-14T01:00,16.3,94,0.0,89,10.3
2026-09-14T02:00,16.0,97,0.0,91,9.4
2026-09-14T03:00,15.1,100,0.0,94,8.0
2026-09-14T04:00,14.8,100,0.0,96,6.2
2026-09-14T05:00,14.9,100,0.0,96,6.8
2026-09-14T06:00,14.5,100,0.0,97,6.7
2026-09-14T07:00,14.7,100,10.0,97,8.5
2026-09-14T08:00,15.5,100,66.0,94,9.0
2026-09-14T09:00,16.1,100,85.0,92,10.2
2026-09-14T10:00,17.3,100,198.0,89,10.2
2026-09-14T11:00,18.8,100,273.0,82,12.4
2026-09-14T12:00,19.8,100,282.0,77,14.8
2026-09-14T13:00,20.5,100,209.0,73,11.3
2026-09-14T14:00,19.7,100,131.0,78,9.7
2026-09-14T15:00,17.3,100,111.0,94,7.0
2026-09-14T16:00,17.2,100,108.0,96,6.2
2026-09-14T17:00,16.8,100,26.0,98,6.2
2026-09-14T18:00,16.5,100,14.0,98,8.4
2026-09-14T19:00,16.0,100,5.0,91,9.0
2026-09-14T20:00,15.8,100,0.0,95,10.8
2026-09-14T21:00,15.5,100,0.0,97,11.0
2026-09-14T22:00,15.2,99,0.0,98,11.4
2026-09-14T23:00,15.0,78,0.0,98,10.5
2026-09-15T00:00,14.7,100,0.0,98,11.5
2026-09-15T01:00,14.5,100,0.0,97,12.3
2026-09-15T02:00,14.3,100,0.0,96,12.1
2026-09-15T03:00,14.2,100,0.0,97,12.4
2026-09-15T04:00,13.8,96,0.0,97,11.9
2026-09-15T05:00,13.3,100,0.0,97,11.5
2026-09-15T06:00,13.1,100,0.0,95,10.8
2026-09-15T07:00,12.9,89,14.0,94,9.9
2026-09-15T08:00,13.1,100,96.0,93,10.4
2026-09-15T09:00,14.1,100,205.0,87,9.6
2026-09-15T10:00,15.0,100,215.0,80,9.8
2026-09-15T11:00,16.2,5,327.0,78,7.3
2026-09-15T12:00,18.3,31,610.0,65,12.0
2026-09-15T13:00,19.2,21,580.0,57,15.1
2026-09-15T14:00,19.9,40,588.0,54,13.0
2026-09-15T15:00,19.5,17,290.0,55,13.4
2026-09-15T16:00,20.1,4,401.0,56,14.4
2026-09-15T17:00,20.2,47,282.0,58,12.3
2026-09-15T18:00,19.2,45,122.0,63,10.5
2026-09-15T19:00,18.1,76,20.0,68,10.5
2026-09-15T20:00,17.9,100,0.0,70,12.7
2026-09-15T21:00,17.7,71,0.0,72,14.1
2026-09-15T22:00,16.9,74,0.0,76,13.7
2026-09-15T23:00,16.6,49,0.0,81,11.7
2026-09-16T00:00,16.5,13,0.0,84,12.0
2026-09-16T01:00,16.3,25,0.0,87,11.3
2026-09-16T02:00,16.0,97,0.0,90,10.9
2026-09-16T03:00,16.1,98,0.0,91,8.4
2026-09-16T04:00,15.8,100,0.0,92,8.7
2026-09-16T05:00,15.7,100,0.0,93,8.3
2026-09-16T06:00,15.9,100,0.0,91,10.0
2026-09-16T07:00,16.4,100,12.0,90,12.2
2026-09-16T08:00,17.2,100,84.0,86,15.3
2026-09-16T09:00,17.8,100,219.0,77,18.2
2026-09-16T10:00,17.6,100,280.0,70,18.0
2026-09-16T11:00,17.6,100,240.0,67,15.2
2026-09-16T12:00,19.0,86,538.0,56,17.0
2026-09-16T13:00,19.5,28,592.0,51,18.7
2026-09-16T14:00,19.5,100,528.0,51,19.6
2026-09-16T15:00,19.4,54,500.0,49,19.0
2026-09-16T16:00,18.9,78,400.0,53,17.8
2026-09-16T17:00,18.2,100,272.0,56,16.9
2026-09-16T18:00,16.9,50,125.0,63,13.3
2026-09-16T19:00,15.9,2,21.0,67,12.6
2026-09-16T20:00,15.1,90,0.0,69,12.6
2026-09-16T21:00,14.5,100,0.0,71,11.7
2026-09-16T22:00,14.3,100,0.0,71,13.2
2026-09-16T23:00,14.0,100,0.0,72,12.3
2026-09-17T00:00,13.2,68,0.0,76,8.1
2026-09-17T01:00,13.0,95,0.0,78,9.1
2026-09-17T02:00,13.0,78,0.0,77,9.6
2026-09-17T03:00,13.1,100,0.0,80,11.0
2026-09-17T04:00,12.6,93,0.0,77,12.6
2026-09-17T05:00,12.3,100,0.0,77,12.3
2026-09-17T06:00,12.1,100,0.0,79,11.5
2026-09-17T07:00,11.9,98,13.0,80,11.4
2026-09-17T08:00,12.5,82,103.0,81,9.8
2026-09-17T09:00,13.6,94,265.0,78,12.1
2026-09-17T10:00,14.7,68,368.0,73,15.1
2026-09-17T11:00,15.3,100,456.0,73,14.5
2026-09-17T12:00,15.4,100,327.0,71,14.1
2026-09-17T13:00,16.0,61,332.0,67,14.8
2026-09-17T14:00,16.7,99,463.0,65,16.1
2026-09-17T15:00,16.1,27,394.0,73,12.6
2026-09-17T16:00,16.5,18,348.0,62,16.2
2026-09-17T17:00,16.4,16,252.0,59,15.2
2026-09-17T18:00,15.4,14,121.0,65,11.7
2026-09-17T19:00,14.3,18,18.0,70,10.5
2026-09-17T20:00,13.6,14,0.0,73,10.2
2026-09-17T21:00,13.2,2,0.0,75,12.0
2026-09-17T22:00,12.8,5,0.0,78,11.8
2026-09-17T23:00,12.4,0,0.0,80,12.5
2026-09-18T00:00,12.1,0,0.0,82,13.1
2026-09-18T01:00,11.8,0,0.0,85,13.1
2026-09-18T02:00,11.6,11,0.0,87,13.0
2026-09-18T03:00,11.6,10,0.0,91,11.9
2026-09-18T04:00,11.2,0,0.0,92,12.4
2026-09-18T05:00,10.9,0,0.0,91,12.0
2026-09-18T06:00,10.5,0,0.0,92,11.3
2026-09-18T07:00,10.5,21,17.0,91,11.1
2026-09-18T08:00,11.6,45,128.0,88,9.5
2026-09-18T09:00,13.2,100,274.0,81,9.3
2026-09-18T10:00,14.8,54,390.0,76,9.1
2026-09-18T11:00,16.6,9,522.0,69,10.2
2026-09-18T12:00,17.8,83,587.0,62,13.2
2026-09-18T13:00,18.2,100,512.0,61,13.4
2026-09-18T14:00,18.5,92,360.0,60,14.4
2026-09-18T15:00,18.5,100,211.0,60,15.3
2026-09-18T16:00,18.7,100,169.0,64,10.8
2026-09-18T17:00,17.8,100,42.0,67,11.2
2026-09-18T18:00,17.1,100,30.0,73,12.9
2026-09-18T19:00,16.4,99,4.0,80,12.9
2026-09-18T20:00,15.8,100,0.0,85,12.8
2026-09-18T21:00,16.0,100,0.0,85,12.2
2026-09-18T22:00,16.1,99,0.0,86,10.9
2026-09-18T23:00,15.7,100,0.0,88,9.7
2026-09-19T00:00,15.7,97,0.0,89,10.8
2026-09-19T01:00,15.0,43,0.0,92,10.7
2026-09-19T02:00,14.7,100,0.0,94,11.3
2026-09-19T03:00,15.4,100,0.0,94,11.8
2026-09-19T04:00,15.7,100,0.0,94,11.4
2026-09-19T05:00,16.1,100,0.0,93,11.5
2026-09-19T06:00,15.9,95,0.0,95,11.7
2026-09-19T07:00,16.2,95,8.0,94,12.8
2026-09-19T08:00,16.3,100,32.0,94,13.5
2026-09-19T09:00,17.4,100,100.0,91,14.4
2026-09-19T10:00,17.9,82,141.0,91,15.7
2026-09-19T11:00,18.9,89,250.0,84,20.4
2026-09-19T12:00,20.4,55,387.0,74,18.5
2026-09-19T13:00,21.3,51,484.0,70,18.4
2026-09-19T14:00,21.8,70,458.0,66,21.3
2026-09-19T15:00,21.3,45,366.0,67,19.3
2026-09-19T16:00,21.3,41,293.0,68,16.8
2026-09-19T17:00,21.2,45,213.0,71,12.7
2026-09-19T18:00,20.6,54,105.0,74,9.9
2026-09-19T19:00,19.2,34,12.0,80,8.2
2026-09-19T20:00,18.5,39,0.0,84,9.2
2026-09-19T21:00,18.1,41,0.0,85,10.2
2026-09-19T22:00,17.5,97,0.0,87,9.1
2026-09-19T23:00,17.0,39,0.0,89,8.7
2026-09-20T00:00,16.5,0,0.0,90,7.7
2026-09-20T01:00,16.0,0,0.0,92,6.9
2026-09-20T02:00,15.5,23,0.0,93,6.4
2026-09-20T03:00,14.8,29,0.0,94,6.4
2026-09-20T04:00,14.5,1,0.0,95,7.1
2026-09-20T05:00,14.4,0,0.0,95,7.9
2026-09-20T06:00,14.2,0,0.0,95,9.0
2026-09-20T07:00,14.4,4,14.0,95,9.6
2026-09-20T08:00,15.9,1,117.0,92,10.3
2026-09-20T09:00,17.7,0,262.0,87,8.1
2026-09-20T10:00,19.7,0,398.0,81,8.2
2026-09-20T11:00,21.6,0,507.0,76,9.3
2026-09-20T12:00,23.4,11,577.0,71,10.2
2026-09-20T13:00,24.8,5,600.0,66,11.5
2026-09-20T14:00,25.7,3,576.0,62,12.4
2026-09-20T15:00,26.7,16,496.0,59,12.9
2026-09-20T16:00,26.7,0,393.0,60,12.8
2026-09-20T17:00,26.0,8,260.0,61,12.1
2026-09-20T18:00,24.5,8,116.0,64,12.1
2026-09-20T19:00,22.8,100,13.0,68,12.4
2026-09-20T20:00,21.9,96,0.0,69,13.0
2026-09-20T21:00,21.4,20,0.0,70,13.5
2026-09-20T22:00,20.8,1,0.0,71,13.2
2026-09-20T23:00,20.4,0,0.0,72,13.0
2026-09-21T00:00,19.8,0,0.0,73,12.0
2026-09-21T01:00,19.3,0,0.0,72,13.0
2026-09-21T02:00,18.8,5,0.0,72,12.5
2026-09-21T03:00,18.6,0,0.0,72,12.3
2026-09-21T04:00,18.1,0,0.0,72,12.0
2026-09-21T05:00,17.7,0,0.0,73,11.6
2026-09-21T06:00,17.4,0,0.0,74,11.6
2026-09-21T07:00,17.5,0,13.0,73,12.0
2026-09-21T08:00,18.8,0,116.0,70,12.4
2026-09-21T09:00,20.7,46,261.0,68,9.9
2026-09-21T10:00,22.4,39,396.0,63,11.1
2026-09-21T11:00,23.9,35,504.0,59,12.4
2026-09-21T12:00,25.2,49,573.0,54,13.7
2026-09-21T13:00,26.1,17,597.0,49,15.2
2026-09-21T14:00,26.8,0,574.0,47,15.8
2026-09-21T15:00,28.4,0,503.0,44,13.0
2026-09-21T16:00,28.2,0,392.0,47,11.0
2026-09-21T17:00,27.1,0,256.0,52,9.4
2026-09-21T18:00,25.0,0,112.0,61,9.2
2026-09-21T19:00,23.4,0,11.0,66,11.1
2026-09-21T20:00,22.3,1,0.0,71,12.5
2026-09-21T21:00,21.9,22,0.0,75,13.7
2026-09-21T22:00,21.5,1,0.0,78,13.8
2026-09-21T23:00,20.9,0,0.0,77,13.3
2026-09-22T00:00,20.2,0,0.0,77,11.6
2026-09-22T01:00,19.5,0,0.0,76,11.3
2026-09-22T02:00,19.1,0,0.0,74,10.4
2026-09-22T03:00,18.9,0,0.0,70,8.5
2026-09-22T04:00,18.2,0,0.0,73,9.9
2026-09-22T05:00,17.3,0,0.0,77,6.7
2026-09-22T06:00,16.4,0,0.0,82,5.9
2026-09-22T07:00,15.8,0,11.0,87,4.5
2026-09-22T08:00,16.7,0,109.0,87,8.3
2026-09-22T09:00,17.9,17,249.0,83,12.5
2026-09-22T10:00,19.0,3,374.0,76,10.3
2026-09-22T11:00,20.0,2,487.0,71,8.7
2026-09-22T12:00,21.0,11,557.0,67,7.2
2026-09-22T13:00,22.0,35,569.0,63,5.4
2026-09-22T14:00,22.2,23,516.0,62,8.7
2026-09-22T15:00,21.5,100,447.0,64,12.4
2026-09-22T16:00,19.6,100,227.0,68,14.2
2026-09-22T17:00,18.3,100,137.0,68,13.9
2026-09-22T18:00,16.6,26,51.0,68,13.2
2026-09-22T19:00,15.3,48,7.0,69,13.1
2026-09-22T20:00,14.6,88,0.0,68,10.8
2026-09-22T21:00,14.2,100,0.0,67,11.3
2026-09-22T22:00,14.1,100,0.0,66,11.6
2026-09-22T23:00,13.9,100,0.0,68,11.2
2026-09-23T00:00,13.4,100,0.0,74,11.9
2026-09-23T01:00,13.0,100,0.0,80,8.9
2026-09-23T02:00,12.7,100,0.0,86,9.6
2026-09-23T03:00,11.9,100,0.0,91,10.2
2026-09-23T04:00,11.4,100,0.0,91,11.8
2026-09-23T05:00,11.1,100,0.0,89,8.3
2026-09-23T06:00,11.1,100,0.0,88,7.6
2026-09-23T07:00,11.0,100,1.0,87,7.2
2026-09-23T08:00,11.3,81,31.0,82,6.9
2026-09-23T09:00,12.2,100,197.0,78,7.6
2026-09-23T10:00,12.6,100,166.0,76,7.5
2026-09-23T11:00,13.3,100,254.0,72,5.8
2026-09-23T12:00,14.2,100,316.0,67,5.8
2026-09-23T13:00,14.5,100,269.0,64,5.8
2026-09-23T14:00,14.9,95,316.0,61,7.5
2026-09-23T15:00,15.8,98,324.0,53,7.0
2026-09-23T16:00,15.8,100,285.0,52,7.6
2026-09-23T17:00,15.3,82,149.0,53,7.5
2026-09-23T18:00,14.5,96,72.0,61,5.8
2026-09-23T19:00,13.1,100,7.0,70,5.1
2026-09-23T20:00,12.7,100,0.0,72,5.1
2026-09-23T21:00,12.5,94,0.0,73,8.8
2026-09-23T22:00,11.4,18,0.0,79,7.7
2026-09-23T23:00,10.8,79,0.0,81,6.8
2026-09-24T00:00,10.3,28,0.0,83,7.1
2026-09-24T01:00,9.8,82,0.0,84,8.6
2026-09-24T02:00,9.2,53,0.0,85,10.1
2026-09-24T03:00,8.1,99,0.0,88,10.8
2026-09-24T04:00,7.8,100,0.0,86,9.7
2026-09-24T05:00,7.6,100,0.0,86,8.8
2026-09-24T06:00,7.2,85,0.0,87,8.9
2026-09-24T07:00,7.1,71,8.0,88,9.6
2026-09-24T08:00,7.8,53,101.0,86,8.4
2026-09-24T09:00,9.3,0,247.0,79,8.3
2026-09-24T10:00,11.1,0,399.0,72,8.6
2026-09-24T11:00,13.0,0,511.0,63,10.2
2026-09-24T12:00,14.1,0,582.0,52,13.0
2026-09-24T13:00,14.7,0,603.0,47,13.5
2026-09-24T14:00,15.1,0,577.0,43,13.5
2026-09-24T15:00,15.1,1,500.0,43,12.9
2026-09-24T16:00,14.8,0,387.0,42,12.9
2026-09-24T17:00,14.1,0,247.0,43,11.5
2026-09-24T18:00,12.7,0,100.0,50,9.7
2026-09-24T19:00,11.1,0,6.0,58,8.7
2026-09-24T20:00,10.4,0,0.0,62,8.6
2026-09-24T21:00,9.6,0,0.0,66,7.1
2026-09-24T22:00,8.8,0,0.0,71,7.1
2026-09-24T23:00,8.2,0,0.0,74,8.9
2026-09-25T00:00,7.6,0,0.0,75,9.3
2026-09-25T01:00,7.2,0,0.0,76,9.2
2026-09-25T02:00,6.8,0,0.0,77,9.0
2026-09-25T03:00,5.6,0,0.0,80,9.8
2026-09-25T04:00,5.3,0,0.0,80,10.2
2026-09-25T05:00,4.9,0,0.0,81,10.1
2026-09-25T06:00,4.5,0,0.0,82,9.6
2026-09-25T07:00,4.5,0,8.0,82,10.6
2026-09-25T08:00,5.8,0,106.0,80,10.1
2026-09-25T09:00,7.9,0,254.0,71,8.9
2026-09-25T10:00,10.2,0,394.0,64,9.1
2026-09-25T11:00,12.2,0,505.0,55,10.7
2026-09-25T12:00,13.5,0,575.0,47,13.3
2026-09-25T13:00,14.2,0,596.0,45,14.1
2026-09-25T14:00,14.6,0,569.0,45,14.8
2026-09-25T15:00,15.0,0,495.0,44,14.8
2026-09-25T16:00,14.7,0,381.0,47,14.8
2026-09-25T17:00,14.2,0,240.0,50,13.0
2026-09-25T18:00,12.9,0,94.0,57,10.9
2026-09-25T19:00,11.4,0,5.0,64,10.5
2026-09-25T20:00,10.4,0,0.0,69,10.6
2026-09-25T21:00,9.6,0,0.0,72,10.8
2026-09-25T22:00,9.0,0,0.0,73,11.2
2026-09-25T23:00,8.6,0,0.0,74,11.2
2026-09-26T00:00,8.1,0,0.0,75,11.3
2026-09-26T01:00,7.8,0,0.0,76,11.6
2026-09-26T02:00,7.5,0,0.0,77,11.6
2026-09-26T03:00,6.2,0,0.0,79,11.0
2026-09-26T04:00,5.9,0,0.0,80,10.4
2026-09-26T05:00,5.6,0,0.0,81,10.4
2026-09-26T06:00,5.4,0,0.0,81,11.2
2026-09-26T07:00,5.4,0,7.0,80,11.3
2026-09-26T08:00,6.7,0,102.0,76,10.4
2026-09-26T09:00,8.6,0,249.0,68,10.0
2026-09-26T10:00,10.6,0,389.0,62,10.9
2026-09-26T11:00,12.5,0,499.0,56,12.1
2026-09-26T12:00,13.9,0,570.0,47,15.2
2026-09-26T13:00,14.6,0,592.0,44,15.9
2026-09-26T14:00,14.9,0,565.0,44,15.7
2026-09-26T15:00,15.7,0,489.0,43,15.2
2026-09-26T16:00,15.4,0,376.0,44,14.8
2026-09-26T17:00,14.7,0,234.0,48,13.4
2026-09-26T18:00,13.3,0,89.0,54,12.1
2026-09-26T19:00,11.8,0,4.0,60,11.8
2026-09-26T20:00,10.9,0,0.0,63,12.6
2026-09-26T21:00,10.2,0,0.0,65,12.2
2026-09-26T22:00,9.4,0,0.0,68,11.6
2026-09-26T23:00,8.7,0,0.0,71,10.9
2026-09-27T00:00,8.1,0,0.0,73,11.0
2026-09-27T01:00,7.5,0,0.0,74,10.5
2026-09-27T02:00,7.1,0,0.0,75,10.5
2026-09-27T03:00,5.8,0,0.0,76,10.5
2026-09-27T04:00,5.4,0,0.0,78,9.9
2026-09-27T05:00,5.0,12,0.0,79,9.9
2026-09-27T06:00,4.6,0,0.0,80,9.9
2026-09-27T07:00,4.5,2,6.0,81,9.7
2026-09-27T08:00,5.7,17,99.0,80,9.8
2026-09-27T09:00,7.6,0,245.0,72,7.6
2026-09-27T10:00,10.0,8,384.0,66,6.5
2026-09-27T11:00,12.3,16,494.0,59,7.4
2026-09-27T12:00,14.2,100,562.0,49,9.1
2026-09-27T13:00,15.2,100,553.0,44,9.2
2026-09-27T14:00,15.7,100,510.0,43,8.8
2026-09-27T15:00,17.0,100,420.0,39,8.8
2026-09-27T16:00,16.6,83,306.0,42,8.5
2026-09-27T17:00,15.8,100,205.0,48,7.6
2026-09-27T18:00,13.9,99,69.0,58,7.6
2026-09-27T19:00,12.6,97,3.0,62,8.6
2026-09-27T20:00,11.5,100,0.0,67,7.9
2026-09-27T21:00,10.7,96,0.0,70,8.8
2026-09-27T22:00,9.9,98,0.0,72,8.6
2026-09-27T23:00,9.1,99,0.0,74,7.3
2026-09-28T00:00,8.4,99,0.0,77,7.0
2026-09-28T01:00,7.8,97,0.0,79,7.2
2026-09-28T02:00,7.3,99,0.0,82,6.7
2026-09-28T03:00,6.1,99,0.0,84,6.9
2026-09-28T04:00,5.7,81,0.0,86,7.1
2026-09-28T05:00,5.3,100,0.0,88,7.5
2026-09-28T06:00,5.2,39,0.0,89,7.4
2026-09-28T07:00,5.2,9,5.0,89,8.2
2026-09-28T08:00,6.4,99,86.0,88,9.4
2026-09-28T09:00,8.2,100,109.0,84,6.2
2026-09-28T10:00,10.4,34,188.0,78,6.9
2026-09-28T11:00,12.8,96,424.0,72,8.6
2026-09-28T12:00,13.8,60,375.0,65,11.4
2026-09-28T13:00,14.8,100,431.0,57,11.2
2026-09-28T14:00,15.0,97,242.0,53,11.1
2026-09-28T15:00,15.1,69,243.0,55,11.3
2026-09-28T16:00,14.5,66,197.0,58,10.3
2026-09-28T17:00,14.2,71,142.0,60,10.2
2026-09-28T18:00,13.0,46,48.0,67,7.9
2026-09-28T19:00,11.9,47,2.0,74,8.5
2026-09-28T20:00,11.1,50,0.0,78,10.4
2026-09-28T21:00,10.6,49,0.0,80,10.7
2026-09-28T22:00,9.9,34,0.0,84,10.1
2026-09-28T23:00,9.1,49,0.0,87,9.9
2026-09-29T00:00,8.6,39,0.0,90,10.3
2026-09-29T01:00,8.2,14,0.0,91,10.3
2026-09-29T02:00,7.8,22,0.0,92,11.0
2026-09-29T03:00,8.2,80,0.0,94,11.3
2026-09-29T04:00,8.2,84,0.0,96,10.2
2026-09-29T05:00,7.8,100,0.0,97,12.6
2026-09-29T06:00,7.8,100,0.0,95,12.9
2026-09-29T07:00,7.2,64,3.0,95,11.1
2026-09-29T08:00,7.5,12,70.0,93,11.6
2026-09-29T09:00,8.5,92,217.0,82,16.3
2026-09-29T10:00,9.3,100,238.0,75,16.3
2026-09-29T11:00,9.9,100,234.0,71,16.3
2026-09-29T12:00,10.0,100,178.0,70,15.4
2026-09-29T13:00,10.4,100,234.0,68,15.8
2026-09-29T14:00,10.5,90,250.0,69,15.8
2026-09-29T15:00,10.2,100,134.0,69,15.3
2026-09-29T16:00,9.7,100,90.0,73,15.4
2026-09-29T17:00,9.4,99,90.0,76,16.8
2026-09-29T18:00,8.9,100,27.0,81,13.0
2026-09-29T19:00,8.5,100,1.0,83,12.1
2026-09-29T20:00,8.2,100,0.0,84,11.2
2026-09-29T21:00,8.3,100,0.0,83,11.4
2026-09-29T22:00,8.2,100,0.0,82,11.0
2026-09-29T23:00,8.2,100,0.0,81,11.0
2026-09-30T00:00,8.0,100,0.0,81,10.9
2026-09-30T01:00,7.9,100,0.0,82,10.9
2026-09-30T02:00,7.7,100,0.0,85,10.3
2026-09-30T03:00,7.3,99,0.0,94,10.3
2026-09-30T04:00,7.2,100,0.0,94,9.6
2026-09-30T05:00,7.2,98,0.0,94,9.4
2026-09-30T06:00,7.1,100,0.0,93,10.1
2026-09-30T07:00,7.2,100,2.0,93,10.4
2026-09-30T08:00,7.9,100,45.0,89,10.1
2026-09-30T09:00,8.6,100,79.0,86,13.3
2026-09-30T10:00,9.3,100,145.0,85,13.4
2026-09-30T11:00,9.4,100,71.0,86,9.7
2026-09-30T12:00,10.6,99,165.0,77,9.5
2026-09-30T13:00,12.0,90,329.0,68,10.8
2026-09-30T14:00,12.8,100,411.0,63,12.6
2026-09-30T15:00,12.3,86,348.0,65,15.1
2026-09-30T16:00,12.0,84,225.0,66,13.4
2026-09-30T17:00,11.5,100,143.0,69,12.0
2026-09-30T18:00,10.8,100,36.0,74,12.7
2026-09-30T19:00,9.9,91,1.0,78,12.2
2026-09-30T20:00,9.4,97,0.0,83,9.4
2026-09-30T21:00,9.3,98,0.0,86,10.4
2026-09-30T22:00,8.6,100,0.0,90,9.8
2026-09-30T23:00,8.7,100,0.0,91,9.9
2026-10-01T00:00,8.8,100,0.0,90,10.0
2026-10-01T01:00,8.7,100,0.0,90,9.8
2026-10-01T02:00,7.6,100,0.0,92,11.8
2026-10-01T03:00,7.7,100,0.0,94,10.9
2026-10-01T04:00,7.5,100,0.0,95,10.7
2026-10-01T05:00,7.5,100,0.0,95,10.7
2026-10-01T06:00,7.4,100,0.0,95,10.3
2026-10-01T07:00,7.1,100,1.0,95,10.4
2026-10-01T08:00,7.4,100,58.0,94,10.7
2026-10-01T09:00,8.1,100,132.0,89,13.2
2026-10-01T10:00,9.3,49,252.0,80,14.3
2026-10-01T11:00,10.8,51,410.0,70,13.4
2026-10-01T12:00,11.5,88,463.0,64,11.8
2026-10-01T13:00,12.5,74,535.0,56,14.7
2026-10-01T14:00,12.3,100,400.0,60,13.0
2026-10-01T15:00,11.7,100,172.0,60,13.6
2026-10-01T16:00,11.4,95,114.0,60,12.5
2026-10-01T17:00,11.2,83,92.0,61,10.1
2026-10-01T18:00,10.4,92,45.0,63,10.2
2026-10-01T19:00,9.6,100,0.0,66,10.1
2026-10-01T20:00,8.4,100,0.0,68,9.9
2026-10-01T21:00,7.4,100,0.0,72,8.8
2026-10-01T22:00,6.8,100,0.0,73,8.1
2026-10-01T23:00,6.0,100,0.0,76,7.5
2026-10-02T00:00,5.3,96,0.0,78,7.7
2026-10-02T01:00,4.6,100,0.0,81,7.6
2026-10-02T02:00,3.8,61,0.0,83,8.1
2026-10-02T03:00,2.9,59,0.0,86,7.8
2026-10-02T04:00,2.5,23,0.0,88,7.9
2026-10-02T05:00,2.1,78,0.0,89,7.9
2026-10-02T06:00,1.8,95,0.0,90,7.5
2026-10-02T07:00,1.7,17,2.0,91,7.4
2026-10-02T08:00,2.4,6,78.0,90,6.8
2026-10-02T09:00,3.9,0,217.0,84,5.9
2026-10-02T10:00,5.9,0,355.0,77,5.4
2026-10-02T11:00,8.0,0,465.0,70,5.8
2026-10-02T12:00,9.5,1,534.0,61,7.0
2026-10-02T13:00,10.3,0,554.0,54,7.2
2026-10-02T14:00,11.3,7,526.0,49,7.7
2026-10-02T15:00,11.4,0,449.0,47,8.3
2026-10-02T16:00,11.0,0,336.0,49,9.1
2026-10-02T17:00,10.4,5,196.0,54,7.3
2026-10-02T18:00,8.7,10,58.0,65,5.4
2026-10-02T19:00,7.6,27,0.0,71,5.2
2026-10-02T20:00,6.7,7,0.0,75,5.0
2026-10-02T21:00,5.7,9,0.0,78,4.9
2026-10-02T22:00,5.2,0,0.0,81,5.2
2026-10-02T23:00,4.6,0,0.0,83,5.4
2026-10-03T00:00,3.6,5,0.0,86,4.3
2026-10-03T01:00,3.2,22,0.0,88,4.4
2026-10-03T02:00,2.4,0,0.0,93,2.8
2026-10-03T03:00,1.4,0,0.0,95,2.6
2026-10-03T04:00,1.1,1,0.0,97,3.9
2026-10-03T05:00,1.1,0,0.0,97,4.1
2026-10-03T06:00,0.8,0,0.0,98,3.9
2026-10-03T07:00,0.6,0,2.0,98,3.6
2026-10-03T08:00,1.4,2,73.0,97,4.1
2026-10-03T09:00,3.5,21,210.0,90,2.3
2026-10-03T10:00,5.9,7,333.0,83,2.2
2026-10-03T11:00,8.1,74,428.0,75,2.6
2026-10-03T12:00,9.1,100,351.0,69,4.6
2026-10-03T13:00,9.1,100,182.0,66,5.4
2026-10-03T14:00,10.4,100,157.0,59,8.2
2026-10-03T15:00,9.8,100,149.0,62,6.6
2026-10-03T16:00,9.5,72,92.0,64,6.0
2026-10-03T17:00,9.3,19,120.0,66,6.7
2026-10-03T18:00,7.9,40,50.0,75,6.4
2026-10-03T19:00,7.1,2,0.0,81,4.5
2026-10-03T20:00,6.3,5,0.0,84,4.8
2026-10-03T21:00,5.7,20,0.0,87,5.1
2026-10-03T22:00,5.1,78,0.0,89,4.1
2026-10-03T23:00,5.5,100,0.0,89,5.8
2026-10-04T00:00,5.8,97,0.0,88,6.3
2026-10-04T01:00,6.0,99,0.0,87,6.6
2026-10-04T02:00,6.8,100,0.0,84,7.1
2026-10-04T03:00,6.4,0,0.0,86,5.2
2026-10-04T04:00,4.9,1,0.0,90,5.0
2026-10-04T05:00,4.5,9,0.0,91,5.9
2026-10-04T06:00,4.2,3,0.0,91,8.2
2026-10-04T07:00,3.8,0,1.0,91,9.9
2026-10-04T08:00,4.9,10,70.0,89,11.1
2026-10-04T09:00,6.4,0,207.0,84,7.7
2026-10-04T10:00,8.1,0,343.0,77,8.9
2026-10-04T11:00,9.8,70,448.0,66,16.3
2026-10-04T12:00,10.7,100,423.0,65,15.9
2026-10-04T13:00,11.4,100,320.0,64,19.5
2026-10-04T14:00,11.3,95,274.0,66,20.0
2026-10-04T15:00,12.8,70,352.0,63,22.3
2026-10-04T16:00,12.7,96,294.0,65,20.5
2026-10-04T17:00,12.1,99,161.0,70,16.3
2026-10-04T18:00,10.9,78,46.0,76,17.3
2026-10-04T19:00,10.1,100,0.0,80,17.9
2026-10-04T20:00,9.5,100,0.0,82,18.5
2026-10-04T21:00,9.3,100,0.0,82,17.2
2026-10-04T22:00,9.3,100,0.0,83,17.0
2026-10-04T23:00,9.0,100,0.0,88,17.0
2026-10-05T00:00,8.7,100,0.0,94,15.5
2026-10-05T01:00,8.9,100,0.0,93,15.5
2026-10-05T02:00,8.5,100,0.0,95,15.8
2026-10-05T03:00,8.7,100,0.0,96,15.7
2026-10-05T04:00,9.1,100,0.0,95,15.2
2026-10-05T05:00,9.1,100,0.0,96,15.8
2026-10-05T06:00,9.3,70,0.0,94,15.5
2026-10-05T07:00,9.0,74,1.0,94,14.6
2026-10-05T08:00,8.9,27,57.0,93,16.5
2026-10-05T09:00,9.9,20,185.0,86,15.0
2026-10-05T10:00,11.0,72,316.0,77,21.3
2026-10-05T11:00,11.8,80,330.0,70,21.7
2026-10-05T12:00,12.1,100,306.0,68,21.1
2026-10-05T13:00,12.5,68,243.0,67,20.4
2026-10-05T14:00,12.9,73,341.0,65,22.1
2026-10-05T15:00,13.4,59,282.0,61,18.9
2026-10-05T16:00,13.1,48,205.0,63,17.4
2026-10-05T17:00,12.6,7,127.0,67,11.1
2026-10-05T18:00,11.2,9,43.0,73,8.3
2026-10-05T19:00,10.4,29,0.0,76,10.1
2026-10-05T20:00,9.9,17,0.0,82,10.0
2026-10-05T21:00,9.5,12,0.0,84,11.8
2026-10-05T22:00,9.2,20,0.0,85,12.1
2026-10-05T23:00,9.0,15,0.0,87,10.8
2026-10-06T00:00,8.6,91,0.0,90,10.3
2026-10-06T01:00,8.2,81,0.0,91,10.2
2026-10-06T02:00,8.7,46,0.0,90,11.1
2026-10-06T03:00,8.4,27,0.0,91,10.4
2026-10-06T04:00,7.9,16,0.0,92,10.3
2026-10-06T05:00,7.5,16,0.0,93,10.8
2026-10-06T06:00,7.2,1,0.0,93,10.6
2026-10-06T07:00,7.0,15,1.0,94,10.5
2026-10-06T08:00,8.1,24,58.0,92,11.4
2026-10-06T09:00,9.6,11,177.0,89,10.2
2026-10-06T10:00,11.1,88,315.0,81,15.3
2026-10-06T11:00,12.2,95,291.0,76,14.7
2026-10-06T12:00,12.6,100,260.0,75,13.5
2026-10-06T13:00,12.8,100,251.0,74,13.1
2026-10-06T14:00,12.2,70,129.0,78,12.1
2026-10-06T15:00,12.7,100,274.0,77,13.5
2026-10-06T16:00,11.7,98,79.0,82,10.5
2026-10-06T17:00,11.4,100,103.0,84,10.9
2026-10-06T18:00,10.8,100,17.0,88,11.0
2026-10-06T19:00,10.5,100,0.0,90,10.9
2026-10-06T20:00,9.7,100,0.0,95,13.5
2026-10-06T21:00,10.2,100,0.0,96,13.5
2026-10-06T22:00,10.1,99,0.0,97,11.6
2026-10-06T23:00,10.0,100,0.0,97,10.4
2026-10-07T00:00,9.9,100,0.0,98,9.7
2026-10-07T01:00,9.8,100,0.0,98,7.9
2026-10-07T02:00,9.9,100,0.0,98,7.4
2026-10-07T03:00,9.7,100,0.0,99,7.7
2026-10-07T04:00,9.6,100,0.0,98,8.5
2026-10-07T05:00,9.5,100,0.0,98,8.2
2026-10-07T06:00,9.4,100,0.0,98,8.1
2026-10-07T07:00,9.1,100,0.0,98,7.4
2026-10-07T08:00,10.1,100,20.0,96,9.0
2026-10-07T09:00,10.3,98,50.0,94,8.2
2026-10-07T10:00,11.2,100,216.0,89,9.1
2026-10-07T11:00,12.2,84,278.0,82,7.8
2026-10-07T12:00,13.1,53,358.0,75,6.3
2026-10-07T13:00,13.6,48,375.0,72,6.2
2026-10-07T14:00,13.9,71,327.0,68,5.9
2026-10-07T15:00,14.1,60,289.0,66,5.5
2026-10-07T16:00,14.1,63,201.0,65,4.9
2026-10-07T17:00,13.8,38,110.0,70,2.1
2026-10-07T18:00,12.3,17,31.0,76,1.0
2026-10-07T19:00,11.0,20,0.0,80,2.3
2026-10-07T20:00,9.9,3,0.0,87,4.5
2026-10-07T21:00,8.9,3,0.0,89,4.3
2026-10-07T22:00,8.1,2,0.0,91,3.6
2026-10-07T23:00,7.4,0,0.0,93,3.1
2026-10-08T00:00,6.8,0,0.0,95,3.7
2026-10-08T01:00,6.3,0,0.0,96,2.5
2026-10-08T02:00,5.6,0,0.0,98,1.8
2026-10-08T03:00,4.8,9,0.0,100,1.4
2026-10-08T04:00,4.1,99,0.0,100,1.2
2026-10-08T05:00,3.2,100,0.0,100,3.4
2026-10-08T06:00,2.9,100,0.0,100,1.4
2026-10-08T07:00,3.0,100,0.0,100,0.9
2026-10-08T08:00,3.6,100,37.0,99,2.0
2026-10-08T09:00,5.5,100,118.0,99,2.8
2026-10-08T10:00,7.4,100,216.0,96,1.9
2026-10-08T11:00,10.1,14,340.0,88,1.6
2026-10-08T12:00,13.0,5,485.0,73,3.2
2026-10-08T13:00,14.2,82,507.0,65,4.3
2026-10-08T14:00,14.1,100,441.0,66,6.0
2026-10-08T15:00,14.5,100,292.0,63,6.1
2026-10-08T16:00,14.4,100,159.0,62,4.5
2026-10-08T17:00,14.0,100,93.0,68,3.2
2026-10-08T18:00,12.2,100,23.0,79,3.4
2026-10-08T19:00,11.6,100,0.0,83,3.4
2026-10-08T20:00,10.5,100,0.0,90,3.2
2026-10-08T21:00,10.5,100,0.0,91,4.1
2026-10-08T22:00,10.3,100,0.0,93,3.2
2026-10-08T23:00,10.0,100,0.0,94,2.7
2026-10-09T00:00,9.8,100,0.0,95,3.1
2026-10-09T01:00,9.7,95,0.0,94,3.1
2026-10-09T02:00,9.8,100,0.0,94,4.0
2026-10-09T03:00,9.5,100,0.0,95,4.1
2026-10-09T04:00,9.2,98,0.0,96,5.1
2026-10-09T05:00,8.9,91,0.0,96,5.4
2026-10-09T06:00,8.5,80,0.0,96,5.1
2026-10-09T07:00,8.3,100,0.0,97,5.2
2026-10-09T08:00,9.3,100,17.0,98,5.8
2026-10-09T09:00,10.0,100,53.0,96,4.9
2026-10-09T10:00,11.3,100,139.0,91,4.8
2026-10-09T11:00,11.7,100,95.0,89,7.6
2026-10-09T12:00,12.1,100,111.0,87,9.1
2026-10-09T13:00,12.5,100,118.0,86,7.9
2026-10-09T14:00,12.9,100,164.0,85,10.3
2026-10-09T15:00,13.7,98,140.0,79,9.6
2026-10-09T16:00,13.7,76,101.0,81,8.4
2026-10-09T17:00,13.4,42,88.0,83,9.7
2026-10-09T18:00,12.2,20,25.0,86,8.7
2026-10-09T19:00,11.3,2,0.0,85,9.8
2026-10-09T20:00,10.7,63,0.0,85,9.2
2026-10-09T21:00,10.5,98,0.0,86,8.1
2026-10-09T22:00,10.6,96,0.0,87,9.4
2026-10-09T23:00,10.8,95,0.0,89,10.1
2026-10-10T00:00,10.7,100,0.0,89,11.6
2026-10-10T01:00,10.5,100,0.0,89,12.7
2026-10-10T02:00,10.5,100,0.0,90,11.3
2026-10-10T03:00,9.8,100,0.0,92,12.5
2026-10-10T04:00,9.9,100,0.0,92,14.3
2026-10-10T05:00,10.4,100,0.0,90,15.4
2026-10-10T06:00,10.3,100,0.0,91,17.7
2026-10-10T07:00,10.2,100,0.0,95,19.2
2026-10-10T08:00,10.5,100,5.0,96,17.6
2026-10-10T09:00,10.9,100,16.0,96,17.6
2026-10-10T10:00,12.2,69,139.0,91,16.6
2026-10-10T11:00,13.1,23,289.0,80,19.5
2026-10-10T12:00,13.9,32,422.0,70,21.4
2026-10-10T13:00,14.2,26,428.0,66,22.0
2026-10-10T14:00,13.1,78,411.0,70,21.0
2026-10-10T15:00,13.6,27,242.0,69,19.4
2026-10-10T16:00,13.8,31,227.0,64,18.7
2026-10-10T17:00,13.1,30,141.0,67,16.5
2026-10-10T18:00,12.0,31,26.0,71,14.8
2026-10-10T19:00,11.6,70,0.0,72,14.3
2026-10-10T20:00,11.2,48,0.0,77,15.6
2026-10-10T21:00,10.4,60,0.0,79,14.2
2026-10-10T22:00,9.8,57,0.0,83,12.6
2026-10-10T23:00,9.3,100,0.0,87,11.8
2026-10-11T00:00,8.8,100,0.0,91,10.4
2026-10-11T01:00,8.6,79,0.0,92,9.8
2026-10-11T02:00,8.6,100,0.0,94,9.2
2026-10-11T03:00,9.4,100,0.0,93,8.7
2026-10-11T04:00,9.7,100,0.0,95,8.3
2026-10-11T05:00,10.6,100,0.0,97,13.0
2026-10-11T06:00,11.4,100,0.0,96,15.4
2026-10-11T07:00,11.5,100,0.0,96,15.1
2026-10-11T08:00,11.6,100,9.0,97,14.3
2026-10-11T09:00,12.0,100,37.0,95,13.8
2026-10-11T10:00,12.2,100,37.0,95,15.2
2026-10-11T11:00,13.3,100,157.0,88,15.1
2026-10-11T12:00,13.5,98,152.0,85,19.5
2026-10-11T13:00,14.4,100,191.0,78,19.4
2026-10-11T14:00,13.7,100,241.0,82,18.3
2026-10-11T15:00,13.9,93,90.0,82,16.2
2026-10-11T16:00,14.1,100,95.0,80,16.2
2026-10-11T17:00,14.1,100,72.0,75,16.4
2026-10-11T18:00,13.6,100,5.0,75,15.8
2026-10-11T19:00,13.4,100,0.0,74,15.5
2026-10-11T20:00,12.7,100,0.0,81,14.4
2026-10-11T21:00,12.4,100,0.0,83,13.6
2026-10-11T22:00,12.2,95,0.0,84,13.3
2026-10-11T23:00,11.8,100,0.0,86,12.9
2026-10-12T00:00,11.9,100,0.0,86,13.5
2026-10-12T01:00,11.8,99,0.0,86,13.4
2026-10-12T02:00,11.5,100,0.0,88,11.3
2026-10-12T03:00,11.5,100,0.0,88,11.3
2026-10-12T04:00,11.4,100,0.0,88,12.1
2026-10-12T05:00,11.2,100,0.0,87,13.0
2026-10-12T06:00,11.0,98,0.0,87,13.3
2026-10-12T07:00,10.8,100,0.0,87,13.0
2026-10-12T08:00,10.9,100,12.0,86,15.7
2026-10-12T09:00,11.3,100,36.0,83,14.4
2026-10-12T10:00,11.5,100,78.0,83,17.0
2026-10-12T11:00,11.9,100,87.0,84,17.4
2026-10-12T12:00,12.6,100,161.0,78,23.9
2026-10-12T13:00,12.9,100,147.0,76,23.2
2026-10-12T14:00,12.2,100,178.0,80,20.4
2026-10-12T15:00,12.7,100,125.0,78,23.5
2026-10-12T16:00,12.3,100,41.0,83,18.3
2026-10-12T17:00,12.6,100,65.0,81,18.0
2026-10-12T18:00,11.9,100,3.0,89,17.2
2026-10-12T19:00,11.3,100,0.0,97,17.2
2026-10-12T20:00,10.4,95,0.0,91,15.3
2026-10-12T21:00,9.0,55,0.0,86,14.1
2026-10-12T22:00,7.7,3,0.0,84,11.9
2026-10-12T23:00,6.9,0,0.0,83,10.4
2026-10-13T00:00,6.5,0,0.0,83,8.8
2026-10-13T01:00,6.0,0,0.0,86,9.1
2026-10-13T02:00,5.8,0,0.0,81,10.0
2026-10-13T03:00,5.2,1,0.0,85,10.0
2026-10-13T04:00,4.8,85,0.0,88,10.1
2026-10-13T05:00,4.5,1,0.0,90,9.8
2026-10-13T06:00,4.3,0,0.0,91,9.8
2026-10-13T07:00,4.1,1,0.0,92,9.6
2026-10-13T08:00,4.7,4,41.0,89,10.9
2026-10-13T09:00,6.2,9,166.0,83,9.9
2026-10-13T10:00,8.3,15,289.0,75,10.2
2026-10-13T11:00,10.0,44,376.0,67,11.0
2026-10-13T12:00,11.1,48,384.0,60,15.5
2026-10-13T13:00,11.6,15,370.0,55,17.3
2026-10-13T14:00,11.1,75,415.0,58,17.5
2026-10-13T15:00,11.6,65,214.0,54,18.8
2026-10-13T16:00,11.1,83,207.0,57,16.7
2026-10-13T17:00,10.7,93,107.0,61,14.6
2026-10-13T18:00,10.0,100,16.0,63,14.0
2026-10-13T19:00,9.4,100,0.0,64,13.4
2026-10-13T20:00,8.6,100,0.0,69,13.3
2026-10-13T21:00,8.3,99,0.0,70,11.9
2026-10-13T22:00,7.9,98,0.0,72,11.6
2026-10-13T23:00,7.8,39,0.0,72,11.9
2026-10-14T00:00,6.7,82,0.0,79,10.1
2026-10-14T01:00,6.0,50,0.0,84,10.1
2026-10-14T02:00,7.2,99,0.0,80,10.2
2026-10-14T03:00,6.8,20,0.0,84,9.8
2026-10-14T04:00,6.0,18,0.0,89,10.0
2026-10-14T05:00,5.8,33,0.0,91,10.2
2026-10-14T06:00,5.6,100,0.0,92,10.5
2026-10-14T07:00,6.3,95,0.0,88,10.1
2026-10-14T08:00,6.0,36,23.0,92,9.0
2026-10-14T09:00,7.2,34,148.0,85,8.5
2026-10-14T10:00,8.4,43,257.0,77,10.2
2026-10-14T11:00,9.5,60,322.0,68,9.4
2026-10-14T12:00,10.5,62,354.0,62,10.2
2026-10-14T13:00,11.0,59,321.0,58,9.6
2026-10-14T14:00,11.2,87,304.0,51,9.3
2026-10-14T15:00,11.5,70,215.0,50,9.4
2026-10-14T16:00,11.1,82,158.0,53,9.1
2026-10-14T17:00,10.4,36,72.0,60,8.2
2026-10-14T18:00,9.1,34,14.0,69,8.1
2026-10-14T19:00,8.5,27,0.0,74,7.8
2026-10-14T20:00,7.9,11,0.0,80,7.6
2026-10-14T21:00,7.2,8,0.0,84,7.0
2026-10-14T22:00,6.6,14,0.0,88,7.2
2026-10-14T23:00,6.0,2,0.0,91,7.0
2026-10-15T00:00,5.6,2,0.0,93,7.0
2026-10-15T01:00,5.1,5,0.0,94,6.7
2026-10-15T02:00,4.5,2,0.0,96,6.4
2026-10-15T03:00,3.9,1,0.0,97,6.4
2026-10-15T04:00,3.5,4,0.0,97,5.8
2026-10-15T05:00,3.2,10,0.0,98,6.7
2026-10-15T06:00,2.8,34,0.0,98,6.8
2026-10-15T07:00,2.6,34,0.0,98,7.1
2026-10-15T08:00,2.9,30,34.0,99,8.0
2026-10-15T09:00,4.5,31,148.0,93,6.6
2026-10-15T10:00,6.7,16,272.0,81,6.2
2026-10-15T11:00,8.7,8,374.0,71,6.6
2026-10-15T12:00,10.2,17,445.0,62,7.8
2026-10-15T13:00,11.3,100,449.0,53,9.4
2026-10-15T14:00,10.8,100,230.0,56,11.8
2026-10-15T15:00,10.8,87,130.0,58,10.4
2026-10-15T16:00,10.9,85,128.0,58,10.0
2026-10-15T17:00,10.5,34,71.0,60,8.8
2026-10-15T18:00,9.1,54,12.0,69,8.9
2026-10-15T19:00,8.4,16,0.0,75,10.5
2026-10-15T20:00,8.3,13,0.0,85,11.1
2026-10-15T21:00,7.5,16,0.0,89,10.9
2026-10-15T22:00,7.0,98,0.0,92,10.7
2026-10-15T23:00,7.4,100,0.0,89,9.8
2026-10-16T00:00,7.5,100,0.0,88,9.8
2026-10-16T01:00,7.5,100,0.0,89,9.8
2026-10-16T02:00,7.7,100,0.0,92,9.6
2026-10-16T03:00,8.0,100,0.0,92,9.8
2026-10-16T04:00,7.9,100,0.0,95,10.2
2026-10-16T05:00,7.8,100,0.0,96,10.0
2026-10-16T06:00,7.5,100,0.0,98,9.9
2026-10-16T07:00,7.4,100,0.0,99,10.5
2026-10-16T08:00,7.6,100,13.0,99,11.9
2026-10-16T09:00,8.0,100,60.0,98,12.1
2026-10-16T10:00,9.4,100,83.0,91,13.9
2026-10-16T11:00,10.6,100,103.0,81,16.1
2026-10-16T12:00,11.8,100,208.0,72,15.4
2026-10-16T13:00,11.5,100,110.0,73,14.5
2026-10-16T14:00,11.9,100,125.0,70,15.2
2026-10-16T15:00,11.7,100,86.0,74,12.7
2026-10-16T16:00,11.3,100,39.0,79,12.4
2026-10-16T17:00,10.9,100,28.0,84,15.1
2026-10-16T18:00,10.7,100,5.0,85,14.0
2026-10-16T19:00,10.5,100,0.0,86,12.6
2026-10-16T20:00,10.3,70,0.0,89,13.7
2026-10-16T21:00,9.9,94,0.0,91,12.7
2026-10-16T22:00,9.9,100,0.0,91,11.5
2026-10-16T23:00,9.8,100,0.0,92,11.4
2026-10-17T00:00,9.6,91,0.0,93,11.3
2026-10-17T01:00,9.3,69,0.0,94,11.0
2026-10-17T02:00,9.7,100,0.0,94,10.9
2026-10-17T03:00,9.8,69,0.0,94,11.0
2026-10-17T04:00,9.5,20,0.0,96,11.5
2026-10-17T05:00,9.0,20,0.0,97,11.5
2026-10-17T06:00,8.6,87,0.0,97,11.2
2026-10-17T07:00,9.0,100,0.0,97,11.7
2026-10-17T08:00,9.4,100,10.0,96,12.2
2026-10-17T09:00,10.3,100,74.0,94,16.1
2026-10-17T10:00,10.8,100,82.0,88,13.7
2026-10-17T11:00,11.4,98,115.0,84,12.1
2026-10-17T12:00,12.1,100,160.0,79,15.1
2026-10-17T13:00,12.5,44,130.0,73,12.8
2026-10-17T14:00,12.5,50,307.0,81,9.8
2026-10-17T15:00,12.8,38,219.0,73,12.3
2026-10-17T16:00,12.9,43,181.0,66,11.4
2026-10-17T17:00,12.3,61,87.0,67,9.2
2026-10-17T18:00,10.8,99,9.0,77,8.4
2026-10-17T19:00,9.8,90,0.0,85,10.2
2026-10-17T20:00,9.4,100,0.0,90,10.3
2026-10-17T21:00,9.6,100,0.0,89,11.4
2026-10-17T22:00,9.5,100,0.0,87,12.2
2026-10-17T23:00,8.9,100,0.0,88,12.2
2026-10-18T00:00,9.0,98,0.0,87,12.9
2026-10-18T01:00,8.5,95,0.0,89,13.9
2026-10-18T02:00,8.6,35,0.0,86,13.1
2026-10-18T03:00,8.0,24,0.0,87,14.1
2026-10-18T04:00,7.5,100,0.0,85,14.7
2026-10-18T05:00,7.8,100,0.0,77,16.0
2026-10-18T06:00,8.1,100,0.0,71,17.8
2026-10-18T07:00,6.8,100,0.0,78,19.9
2026-10-18T08:00,6.7,100,10.0,85,21.4
2026-10-18T09:00,5.3,100,16.0,88,20.7
2026-10-18T10:00,5.6,100,38.0,90,22.2
2026-10-18T11:00,5.2,100,44.0,91,21.1
2026-10-18T12:00,5.3,100,67.0,94,19.1
2026-10-18T13:00,5.5,100,112.0,94,21.0
2026-10-18T14:00,5.3,100,73.0,92,23.6
2026-10-18T15:00,5.6,100,129.0,86,23.5
2026-10-18T16:00,5.5,100,26.0,84,20.6
2026-10-18T17:00,5.6,100,26.0,77,21.3
2026-10-18T18:00,5.5,100,3.0,81,19.9
2026-10-18T19:00,6.2,100,0.0,77,18.2
2026-10-18T20:00,6.4,71,0.0,71,17.6
2026-10-18T21:00,6.2,1,0.0,69,17.4
2026-10-18T22:00,5.2,0,0.0,75,15.1
2026-10-18T23:00,4.5,0,0.0,81,13.2
2026-10-19T00:00,3.9,4,0.0,86,12.2
2026-10-19T01:00,3.6,6,0.0,91,12.4
2026-10-19T02:00,3.3,3,0.0,93,11.9
2026-10-19T03:00,3.1,43,0.0,95,10.7
2026-10-19T04:00,3.0,93,0.0,96,9.5
2026-10-19T05:00,3.4,89,0.0,96,9.0
2026-10-19T06:00,3.4,100,0.0,97,8.6
2026-10-19T07:00,3.3,52,0.0,98,7.9
2026-10-19T08:00,4.2,100,21.0,99,9.3
2026-10-19T09:00,4.8,100,82.0,95,8.9
2026-10-19T10:00,5.4,100,139.0,92,8.1
2026-10-19T11:00,5.8,100,120.0,90,8.6
2026-10-19T12:00,6.6,100,133.0,83,8.7
2026-10-19T13:00,7.5,83,152.0,73,8.2
2026-10-19T14:00,9.7,27,288.0,57,9.5
2026-10-19T15:00,9.8,76,302.0,54,10.3
2026-10-19T16:00,9.3,73,142.0,55,8.7
2026-10-19T17:00,8.5,41,67.0,62,5.6
2026-10-19T18:00,6.8,60,6.0,75,3.8
2026-10-19T19:00,6.5,73,0.0,78,2.4
2026-10-19T20:00,5.8,27,0.0,79,0.4
2026-10-19T21:00,4.8,9,0.0,81,0.6
2026-10-19T22:00,3.6,16,0.0,87,3.0
2026-10-19T23:00,3.2,27,0.0,90,4.3
2026-10-20T00:00,2.9,1,0.0,90,5.1
2026-10-20T01:00,2.3,2,0.0,91,4.8
2026-10-20T02:00,2.4,59,0.0,91,6.1
2026-10-20T03:00,1.3,51,0.0,93,6.6
2026-10-20T04:00,0.9,18,0.0,92,7.3
2026-10-20T05:00,0.3,9,0.0,92,7.6
2026-10-20T06:00,-0.2,5,0.0,92,7.1
2026-10-20T07:00,-0.5,2,0.0,93,7.1
2026-10-20T08:00,-0.3,4,23.0,92,10.1
2026-10-20T09:00,1.1,1,136.0,85,7.4
2026-10-20T10:00,3.0,39,265.0,76,7.3
2026-10-20T11:00,4.9,20,367.0,70,6.9
2026-10-20T12:00,6.6,30,429.0,62,8.9
2026-10-20T13:00,7.8,30,447.0,56,11.1
2026-10-20T14:00,8.7,0,417.0,55,11.1
2026-10-20T15:00,8.8,0,341.0,55,11.0
2026-10-20T16:00,8.2,0,228.0,57,10.8
2026-10-20T17:00,6.8,0,98.0,66,10.5
2026-10-20T18:00,5.3,0,7.0,72,11.9
2026-10-20T19:00,4.5,0,0.0,74,13.3
2026-10-20T20:00,4.0,0,0.0,72,14.7
2026-10-20T21:00,3.5,0,0.0,72,14.7
2026-10-20T22:00,3.2,0,0.0,73,13.9
2026-10-20T23:00,3.0,0,0.0,75,13.4
2026-10-21T00:00,2.7,0,0.0,77,13.4
2026-10-21T01:00,2.6,0,0.0,79,14.2
2026-10-21T02:00,2.5,0,0.0,79,14.6
2026-10-21T03:00,2.0,0,0.0,81,13.8
2026-10-21T04:00,1.7,0,0.0,83,13.7
2026-10-21T05:00,1.5,0,0.0,85,14.0
2026-10-21T06:00,1.3,0,0.0,86,13.7
2026-10-21T07:00,1.1,0,0.0,87,13.8
2026-10-21T08:00,1.6,0,22.0,83,15.2
2026-10-21T09:00,2.8,0,136.0,79,12.1
2026-10-21T10:00,4.5,0,264.0,72,14.0
2026-10-21T11:00,6.4,0,365.0,67,13.6
2026-10-21T12:00,8.2,0,425.0,62,12.6
2026-10-21T13:00,9.6,0,439.0,59,12.5
2026-10-21T14:00,11.1,0,405.0,54,12.5
2026-10-21T15:00,11.4,55,318.0,55,13.4
2026-10-21T16:00,11.1,21,160.0,58,12.5
2026-10-21T17:00,10.2,52,82.0,62,12.6
2026-10-21T18:00,9.1,100,5.0,68,11.7
2026-10-21T19:00,8.4,100,0.0,72,12.5
2026-10-21T20:00,8.5,100,0.0,72,12.9
2026-10-21T21:00,7.9,99,0.0,76,12.2
2026-10-21T22:00,7.4,99,0.0,80,12.1
2026-10-21T23:00,6.9,48,0.0,84,11.5
2026-10-22T00:00,6.5,64,0.0,87,11.8
2026-10-22T01:00,6.1,49,0.0,89,11.5
2026-10-22T02:00,5.9,81,0.0,89,11.8
2026-10-22T03:00,5.6,94,0.0,91,11.4
2026-10-22T04:00,5.4,98,0.0,92,11.5
2026-10-22T05:00,5.4,88,0.0,93,11.4
2026-10-22T06:00,5.3,75,0.0,93,11.6
2026-10-22T07:00,5.3,67,0.0,93,11.4
2026-10-22T08:00,5.5,73,17.0,91,11.3
2026-10-22T09:00,6.9,84,118.0,87,12.0
2026-10-22T10:00,8.6,100,173.0,82,9.5
2026-10-22T11:00,9.3,100,124.0,81,9.8
2026-10-22T12:00,10.6,27,153.0,78,10.2
2026-10-22T13:00,13.2,32,380.0,71,10.4
2026-10-22T14:00,14.3,89,351.0,70,12.2
2026-10-22T15:00,14.9,100,278.0,70,10.6
2026-10-22T16:00,14.6,100,116.0,73,11.2
2026-10-22T17:00,13.4,98,42.0,76,12.8
2026-10-22T18:00,11.9,100,3.0,80,12.5
2026-10-22T19:00,11.6,100,0.0,80,12.2
2026-10-22T20:00,12.1,100,0.0,80,11.7
2026-10-22T21:00,11.7,100,0.0,83,12.5
2026-10-22T22:00,10.9,100,0.0,86,12.4
2026-10-22T23:00,10.2,100,0.0,94,11.0
2026-10-23T00:00,10.3,100,0.0,93,14.3
2026-10-23T01:00,10.1,100,0.0,93,14.3
2026-10-23T02:00,9.6,100,0.0,93,12.6
2026-10-23T03:00,10.0,100,0.0,93,11.9
2026-10-23T04:00,10.1,100,0.0,93,12.2
2026-10-23T05:00,10.2,100,0.0,93,12.1
2026-10-23T06:00,9.8,94,0.0,94,11.9
2026-10-23T07:00,9.7,87,0.0,94,11.1
2026-10-23T08:00,10.0,98,14.0,94,12.1
2026-10-23T09:00,11.0,95,65.0,91,11.3
2026-10-23T10:00,11.6,100,117.0,93,11.9
2026-10-23T11:00,12.6,59,161.0,88,10.1
2026-10-23T12:00,14.9,80,380.0,78,9.4
2026-10-23T13:00,16.3,99,398.0,72,10.4
2026-10-23T14:00,17.1,27,339.0,69,10.8
2026-10-23T15:00,17.4,14,296.0,68,11.2
2026-10-23T16:00,17.0,64,189.0,71,12.1
2026-10-23T17:00,15.7,88,75.0,76,12.9
2026-10-23T18:00,14.7,88,3.0,79,13.6
2026-10-23T19:00,14.2,75,0.0,82,13.7
2026-10-23T20:00,14.2,78,0.0,82,14.3
2026-10-23T21:00,13.9,65,0.0,84,14.2
2026-10-23T22:00,13.4,90,0.0,86,14.9
2026-10-23T23:00,13.3,99,0.0,85,15.4
2026-10-24T00:00,13.6,100,0.0,85,15.8
2026-10-24T01:00,13.5,100,0.0,87,15.5
2026-10-24T02:00,13.7,100,0.0,88,14.4
2026-10-24T03:00,13.1,99,0.0,90,15.2
2026-10-24T04:00,12.8,100,0.0,94,14.3
2026-10-24T05:00,12.9,100,0.0,95,11.4
2026-10-24T06:00,13.0,100,0.0,95,11.1
2026-10-24T07:00,12.3,100,0.0,95,16.7
2026-10-24T08:00,10.7,100,3.0,94,15.2
2026-10-24T09:00,10.3,100,17.0,95,12.3
2026-10-24T10:00,10.2,100,23.0,95,10.7
2026-10-24T11:00,10.2,100,31.0,96,10.4
2026-10-24T12:00,10.3,100,42.0,96,11.0
2026-10-24T13:00,10.4,100,44.0,91,13.8
2026-10-24T14:00,10.4,100,29.0,91,14.1
2026-10-24T15:00,10.2,100,26.0,95,15.8
2026-10-24T16:00,9.9,100,14.0,95,14.3
2026-10-24T17:00,9.6,100,4.0,94,16.2
2026-10-24T18:00,9.4,100,0.0,94,17.9
2026-10-24T19:00,9.2,100,0.0,95,18.0
2026-10-24T20:00,8.9,100,0.0,95,18.7
2026-10-24T21:00,8.8,100,0.0,93,18.7
2026-10-24T22:00,8.5,100,0.0,92,18.9
2026-10-24T23:00,8.2,100,0.0,90,18.2
2026-10-25T00:00,8.3,100,0.0,86,17.5
2026-10-25T01:00,8.1,100,0.0,82,16.7
2026-10-25T02:00,8.0,100,0.0,85,17.1
2026-10-25T03:00,7.9,100,0.0,82,16.3
2026-10-25T04:00,7.5,100,0.0,82,15.7
2026-10-25T05:00,6.9,2,0.0,82,15.7
2026-10-25T06:00,6.2,0,0.0,83,14.7
2026-10-25T07:00,5.7,0,0.0,83,14.2
2026-10-25T08:00,5.6,0,13.0,85,14.3
2026-10-25T09:00,6.5,0,112.0,81,10.8
2026-10-25T10:00,7.7,8,232.0,76,13.5
2026-10-25T11:00,9.0,31,328.0,70,14.5
2026-10-25T12:00,10.0,59,347.0,66,15.1
2026-10-25T13:00,10.7,25,335.0,63,14.8
2026-10-25T14:00,10.9,54,316.0,62,18.4
2026-10-25T15:00,10.9,61,214.0,62,17.0
2026-10-25T16:00,10.8,48,138.0,62,12.9
2026-10-25T17:00,10.0,24,58.0,66,10.1
2026-10-25T18:00,9.0,5,2.0,70,10.5
2026-10-25T19:00,8.4,39,0.0,73,10.9
2026-10-25T20:00,8.2,23,0.0,79,13.4
2026-10-25T21:00,8.0,20,0.0,80,11.9
2026-10-25T22:00,7.3,1,0.0,83,11.3
2026-10-25T23:00,6.7,36,0.0,84,11.4
2026-10-26T00:00,6.9,100,0.0,84,12.0
2026-10-26T01:00,6.8,95,0.0,84,11.8
2026-10-26T02:00,6.7,100,0.0,86,12.0
2026-10-26T03:00,7.0,100,0.0,86,10.6
2026-10-26T04:00,6.9,99,0.0,87,11.5
2026-10-26T05:00,6.9,100,0.0,89,13.0
2026-10-26T06:00,7.2,100,0.0,90,13.5
2026-10-26T07:00,7.5,100,0.0,91,14.4
2026-10-26T08:00,8.0,100,4.0,92,13.7
2026-10-26T09:00,8.7,100,51.0,90,14.7
2026-10-26T10:00,9.0,100,92.0,88,16.2
2026-10-26T11:00,9.7,90,207.0,78,17.2
2026-10-26T12:00,10.6,89,285.0,69,18.7
2026-10-26T13:00,11.0,88,244.0,66,17.1
2026-10-26T14:00,11.4,24,186.0,66,13.7
2026-10-26T15:00,11.7,14,256.0,64,14.5
2026-10-26T16:00,11.6,75,165.0,63,14.2
2026-10-26T17:00,9.2,63,40.0,78,13.6
2026-10-26T18:00,8.2,93,1.0,87,19.2
2026-10-26T19:00,7.9,8,0.0,88,15.2
2026-10-26T20:00,7.2,37,0.0,87,15.2
2026-10-26T21:00,6.8,100,0.0,79,14.7
2026-10-26T22:00,7.0,100,0.0,78,19.2
2026-10-26T23:00,5.6,100,0.0,87,22.8
2026-10-27T00:00,5.5,100,0.0,95,21.9
2026-10-27T01:00,6.7,100,0.0,92,27.7
2026-10-27T02:00,7.3,100,0.0,88,25.7
2026-10-27T03:00,7.4,100,0.0,86,24.1
2026-10-27T04:00,7.4,100,0.0,84,23.9
2026-10-27T05:00,7.4,100,0.0,80,24.3
2026-10-27T06:00,7.3,100,0.0,78,20.1
2026-10-27T07:00,7.5,100,0.0,72,20.0
2026-10-27T08:00,6.7,100,2.0,77,18.7
2026-10-27T09:00,7.0,99,27.0,70,18.0
2026-10-27T10:00,7.5,100,93.0,66,16.4
2026-10-27T11:00,7.8,100,127.0,63,19.0
2026-10-27T12:00,8.6,100,295.0,59,23.7
2026-10-27T13:00,8.9,100,229.0,58,21.1
2026-10-27T14:00,9.0,100,178.0,56,21.9
2026-10-27T15:00,8.1,93,108.0,68,16.4
2026-10-27T16:00,8.0,80,140.0,70,14.2
2026-10-27T17:00,7.6,100,37.0,72,10.5
2026-10-27T18:00,7.7,100,0.0,72,12.9
2026-10-27T19:00,7.1,100,0.0,80,12.5
2026-10-27T20:00,6.6,100,0.0,89,12.3
2026-10-27T21:00,6.8,100,0.0,88,13.3
2026-10-27T22:00,6.8,100,0.0,89,15.0
2026-10-27T23:00,6.4,100,0.0,93,15.0
2026-10-28T00:00,6.5,100,0.0,93,15.9
2026-10-28T01:00,6.3,100,0.0,92,14.7
2026-10-28T02:00,6.3,98,0.0,95,12.2
2026-10-28T03:00,6.0,100,0.0,97,12.6
2026-10-28T04:00,6.8,88,0.0,95,14.2
2026-10-28T05:00,6.6,98,0.0,95,17.8
2026-10-28T06:00,6.7,100,0.0,92,18.8
2026-10-28T07:00,6.5,100,0.0,94,17.3
2026-10-28T08:00,6.8,51,5.0,94,16.5
2026-10-28T09:00,7.1,98,84.0,92,17.1
2026-10-28T10:00,8.1,91,128.0,86,17.3
2026-10-28T11:00,9.1,100,194.0,80,15.3
2026-10-28T12:00,8.2,98,162.0,85,24.0
2026-10-28T13:00,8.4,100,187.0,85,23.4
2026-10-28T14:00,8.7,100,106.0,78,24.2
2026-10-28T15:00,8.1,100,63.0,85,22.9
2026-10-28T16:00,8.0,100,21.0,86,19.3
2026-10-28T17:00,8.1,100,8.0,84,17.2
2026-10-28T18:00,8.2,100,0.0,80,15.2
2026-10-28T19:00,7.7,96,0.0,80,14.9
2026-10-28T20:00,7.7,51,0.0,82,16.6
2026-10-28T21:00,7.2,100,0.0,84,16.5
2026-10-28T22:00,7.1,100,0.0,88,16.0
2026-10-28T23:00,7.6,100,0.0,89,14.9
2026-10-29T00:00,7.8,100,0.0,88,16.9
2026-10-29T01:00,7.9,82,0.0,91,19.6
2026-10-29T02:00,8.8,62,0.0,91,22.9
2026-10-29T03:00,8.9,100,0.0,90,22.4
2026-10-29T04:00,9.2,100,0.0,87,21.6
2026-10-29T05:00,9.2,100,0.0,84,20.0
2026-10-29T06:00,9.0,100,0.0,85,18.2
2026-10-29T07:00,8.8,73,0.0,88,17.8
2026-10-29T08:00,8.6,62,5.0,91,17.4
2026-10-29T09:00,9.1,46,71.0,89,16.9
2026-10-29T10:00,10.0,34,155.0,83,15.9
2026-10-29T11:00,10.7,36,260.0,77,20.8
2026-10-29T12:00,11.5,25,300.0,70,19.7
2026-10-29T13:00,12.0,98,347.0,66,19.6
2026-10-29T14:00,12.1,100,254.0,65,20.6
2026-10-29T15:00,12.0,100,203.0,65,17.3
2026-10-29T16:00,11.9,97,149.0,66,13.1
2026-10-29T17:00,10.8,94,45.0,70,9.3
2026-10-29T18:00,9.4,70,0.0,75,8.3
2026-10-29T19:00,8.7,96,0.0,77,8.4
2026-10-29T20:00,8.3,99,0.0,77,9.6
2026-10-29T21:00,7.9,78,0.0,79,9.6
2026-10-29T22:00,7.4,70,0.0,80,10.1
2026-10-29T23:00,7.1,70,0.0,81,10.9
2026-10-30T00:00,6.8,100,0.0,82,10.5
2026-10-30T01:00,6.7,100,0.0,83,11.0
2026-10-30T02:00,6.0,100,0.0,87,11.7
2026-10-30T03:00,5.9,100,0.0,88,12.9
2026-10-30T04:00,6.2,100,0.0,86,13.9
2026-10-30T05:00,6.2,100,0.0,86,14.3
2026-10-30T06:00,6.2,100,0.0,88,14.7
2026-10-30T07:00,6.7,100,0.0,87,14.4
2026-10-30T08:00,6.6,100,4.0,88,13.5
2026-10-30T09:00,7.4,100,67.0,86,13.3
2026-10-30T10:00,8.9,99,145.0,84,11.2
2026-10-30T11:00,10.9,86,267.0,79,11.8
2026-10-30T12:00,13.2,98,353.0,74,11.6
2026-10-30T13:00,14.9,100,360.0,66,17.0
2026-10-30T14:00,14.6,100,144.0,67,18.0
2026-10-30T15:00,13.1,100,45.0,79,18.5
2026-10-30T16:00,13.3,98,37.0,75,18.3
2026-10-30T17:00,13.0,74,22.0,67,25.2
2026-10-30T18:00,11.3,52,0.0,70,24.8
2026-10-30T19:00,10.3,98,0.0,71,25.4
2026-10-30T20:00,9.5,96,0.0,78,24.9
2026-10-30T21:00,9.9,73,0.0,72,26.6
2026-10-30T22:00,9.6,10,0.0,71,26.0
2026-10-30T23:00,9.3,100,0.0,71,25.3
2026-10-31T00:00,9.4,100,0.0,70,25.1
2026-10-31T01:00,9.6,100,0.0,70,25.7
2026-10-31T02:00,9.5,45,0.0,70,25.1
2026-10-31T03:00,9.1,40,0.0,71,24.0
2026-10-31T04:00,8.9,11,0.0,72,23.7
2026-10-31T05:00,8.6,8,0.0,74,23.2
2026-10-31T06:00,8.2,18,0.0,77,22.0
2026-10-31T07:00,7.8,6,0.0,79,20.9
2026-10-31T08:00,7.6,21,6.0,81,20.5
2026-10-31T09:00,8.0,5,81.0,80,19.4
2026-10-31T10:00,9.0,19,201.0,77,17.3
2026-10-31T11:00,9.8,80,289.0,73,22.3
2026-10-31T12:00,10.5,75,287.0,67,22.1
2026-10-31T13:00,11.3,77,329.0,61,19.4
2026-10-31T14:00,10.9,16,310.0,63,16.5
2026-10-31T15:00,11.0,38,256.0,62,15.7
2026-10-31T16:00,10.6,88,157.0,65,11.6
2026-10-31T17:00,9.2,88,45.0,72,8.9
2026-10-31T18:00,8.0,95,0.0,78,7.4
2026-10-31T19:00,7.4,43,0.0,82,8.1
2026-10-31T20:00,6.7,98,0.0,84,7.5
2026-10-31T21:00,5.9,100,0.0,87,5.2
2026-10-31T22:00,5.2,3,0.0,90,3.9
2026-10-31T23:00,4.9,16,0.0,91,5.1
2026-11-01T00:00,4.4,7,0.0,93,4.6
2026-11-01T01:00,4.0,0,0.0,94,4.4
2026-11-01T02:00,3.0,2,0.0,96,3.6
2026-11-01T03:00,2.5,21,0.0,96,4.8
2026-11-01T04:00,2.3,78,0.0,96,8.0
2026-11-01T05:00,2.3,100,0.0,96,7.9
2026-11-01T06:00,2.6,100,0.0,96,9.6
2026-11-01T07:00,2.9,100,0.0,95,11.1
2026-11-01T08:00,3.0,100,4.0,94,11.3
2026-11-01T09:00,3.8,100,69.0,92,11.5
2026-11-01T10:00,4.9,98,146.0,88,9.3
2026-11-01T11:00,6.4,56,226.0,84,9.4
2026-11-01T12:00,8.4,2,339.0,78,9.1
2026-11-01T13:00,10.1,7,375.0,71,9.4
2026-11-01T14:00,11.9,53,341.0,68,9.8
2026-11-01T15:00,12.4,98,254.0,67,9.3
2026-11-01T16:00,11.8,90,138.0,70,11.8
2026-11-01T17:00,10.5,100,43.0,75,11.7
2026-11-01T18:00,10.6,100,0.0,74,14.5
2026-11-01T19:00,10.1,100,0.0,76,13.7
2026-11-01T20:00,9.8,100,0.0,77,13.8
2026-11-01T21:00,9.3,100,0.0,80,13.0
2026-11-01T22:00,9.1,100,0.0,82,12.7
2026-11-01T23:00,8.9,100,0.0,84,12.1
2026-11-02T00:00,9.1,100,0.0,85,11.8
2026-11-02T01:00,9.2,100,0.0,86,11.6
2026-11-02T02:00,9.7,100,0.0,84,10.7
2026-11-02T03:00,9.8,100,0.0,84,11.1
2026-11-02T04:00,10.1,100,0.0,83,10.6
2026-11-02T05:00,10.3,100,0.0,84,10.0
2026-11-02T06:00,10.3,100,0.0,84,9.0
2026-11-02T07:00,10.4,100,0.0,85,8.5
2026-11-02T08:00,10.5,100,2.0,85,9.2
2026-11-02T09:00,10.9,100,32.0,85,8.0
2026-11-02T10:00,11.9,100,124.0,84,7.5
2026-11-02T11:00,12.6,100,111.0,83,5.2
2026-11-02T12:00,14.1,99,241.0,79,5.4
2026-11-02T13:00,14.9,100,294.0,77,5.2
2026-11-02T14:00,15.3,100,162.0,77,3.9
2026-11-02T15:00,15.1,100,132.0,79,2.8
2026-11-02T16:00,14.2,100,61.0,86,2.8
2026-11-02T17:00,13.3,100,7.0,89,6.3
2026-11-02T18:00,12.6,100,0.0,93,6.6
2026-11-02T19:00,11.9,100,0.0,96,3.0
2026-11-02T20:00,11.8,100,0.0,97,1.8
2026-11-02T21:00,10.7,100,0.0,99,3.2
2026-11-02T22:00,10.6,100,0.0,99,3.4
2026-11-02T23:00,10.8,100,0.0,99,2.7
2026-11-03T00:00,10.7,100,0.0,100,3.9
2026-11-03T01:00,10.4,100,0.0,99,4.4
2026-11-03T02:00,10.7,100,0.0,99,2.3
2026-11-03T03:00,10.8,100,0.0,100,5.0
2026-11-03T04:00,10.7,100,0.0,100,6.0
2026-11-03T05:00,10.6,100,0.0,99,6.1
2026-11-03T06:00,10.5,100,0.0,99,5.8
2026-11-03T07:00,10.4,100,0.0,99,5.7
2026-11-03T08:00,10.3,100,0.0,99,8.7
2026-11-03T09:00,10.3,100,10.0,99,11.1
2026-11-03T10:00,10.3,100,21.0,98,12.4
2026-11-03T11:00,10.5,100,41.0,97,14.7
2026-11-03T12:00,10.5,100,34.0,97,14.7
2026-11-03T13:00,10.3,100,26.0,97,14.1
2026-11-03T14:00,10.3,100,61.0,96,12.9
2026-11-03T15:00,10.6,100,125.0,93,14.2
2026-11-03T16:00,10.1,100,19.0,94,13.4
2026-11-03T17:00,9.7,100,5.0,97,11.5
2026-11-03T18:00,9.5,100,0.0,97,10.8
2026-11-03T19:00,9.3,100,0.0,97,10.9
2026-11-03T20:00,9.5,100,0.0,97,10.7
2026-11-03T21:00,9.0,94,0.0,98,11.1
2026-11-03T22:00,8.7,100,0.0,99,11.7
2026-11-03T23:00,9.1,100,0.0,98,10.9
2026-11-04T00:00,8.7,100,0.0,98,10.2
2026-11-04T01:00,8.5,100,0.0,98,11.1
2026-11-04T02:00,8.4,100,0.0,99,10.2
2026-11-04T03:00,8.5,96,0.0,97,10.3
2026-11-04T04:00,7.7,16,0.0,99,7.7
2026-11-04T05:00,6.5,93,0.0,99,8.0
2026-11-04T06:00,6.1,34,0.0,99,9.7
2026-11-04T07:00,5.5,6,0.0,99,9.3
2026-11-04T08:00,5.4,70,2.0,99,8.1
2026-11-04T09:00,6.0,5,62.0,97,7.3
2026-11-04T10:00,7.4,0,174.0,92,6.4
2026-11-04T11:00,8.8,9,265.0,86,6.5
2026-11-04T12:00,10.1,4,320.0,80,7.1
2026-11-04T13:00,11.1,0,340.0,73,8.6
2026-11-04T14:00,11.5,10,310.0,70,8.7
2026-11-04T15:00,11.7,55,232.0,70,7.2
2026-11-04T16:00,11.3,62,106.0,75,4.8
2026-11-04T17:00,10.2,11,27.0,80,5.4
2026-11-04T18:00,9.4,2,0.0,82,6.7
2026-11-04T19:00,8.8,40,0.0,84,7.7
2026-11-04T20:00,8.2,7,0.0,86,8.6
2026-11-04T21:00,7.8,2,0.0,87,8.4
2026-11-04T22:00,7.4,1,0.0,87,8.1
2026-11-04T23:00,7.1,1,0.0,87,7.0
2026-11-05T00:00,6.7,5,0.0,88,6.1
2026-11-05T01:00,6.4,3,0.0,88,6.5
2026-11-05T02:00,5.8,0,0.0,89,6.2
2026-11-05T03:00,5.3,1,0.0,90,7.1
2026-11-05T04:00,4.8,33,0.0,92,8.0
2026-11-05T05:00,4.4,73,0.0,91,8.1
2026-11-05T06:00,4.3,94,0.0,91,8.9
2026-11-05T07:00,4.2,99,0.0,90,9.1
2026-11-05T08:00,3.6,98,2.0,92,10.2
2026-11-05T09:00,4.0,100,60.0,92,9.6
2026-11-05T10:00,5.2,99,144.0,88,8.9
2026-11-05T11:00,6.9,100,213.0,84,7.6
2026-11-05T12:00,8.5,98,237.0,79,7.4
2026-11-05T13:00,10.1,100,311.0,74,7.9
2026-11-05T14:00,11.3,86,269.0,74,8.4
2026-11-05T15:00,11.8,97,214.0,72,9.7
2026-11-05T16:00,11.2,100,120.0,73,10.4
2026-11-05T17:00,10.2,73,24.0,75,10.1
2026-11-05T18:00,9.2,1,0.0,77,12.2
2026-11-05T19:00,8.6,2,0.0,76,13.6
2026-11-05T20:00,8.5,15,0.0,75,13.9
2026-11-05T21:00,7.8,3,0.0,77,11.4
2026-11-05T22:00,7.2,3,0.0,80,10.5
2026-11-05T23:00,6.7,12,0.0,82,10.3
2026-11-06T00:00,6.2,17,0.0,85,10.8
2026-11-06T01:00,5.8,12,0.0,87,10.7
2026-11-06T02:00,5.5,0,0.0,89,9.7
2026-11-06T03:00,5.0,0,0.0,91,9.7
2026-11-06T04:00,4.7,1,0.0,91,9.8
2026-11-06T05:00,4.4,35,0.0,92,9.2
2026-11-06T06:00,4.0,24,0.0,92,9.3
2026-11-06T07:00,3.8,0,0.0,92,10.0
2026-11-06T08:00,3.7,0,1.0,92,11.0
2026-11-06T09:00,4.4,0,63.0,89,11.1
2026-11-06T10:00,5.7,5,173.0,87,9.4
2026-11-06T11:00,7.3,3,267.0,84,8.2
2026-11-06T12:00,8.9,0,324.0,80,7.7
2026-11-06T13:00,10.2,9,337.0,78,6.7
2026-11-06T14:00,12.0,0,307.0,74,6.7
2026-11-06T15:00,12.4,0,234.0,74,6.3
2026-11-06T16:00,11.8,0,132.0,78,6.9
2026-11-06T17:00,10.5,3,30.0,82,8.5
2026-11-06T18:00,9.9,84,0.0,84,9.6
2026-11-06T19:00,9.2,39,0.0,88,10.6
2026-11-06T20:00,8.6,4,0.0,90,11.5
2026-11-06T21:00,8.1,2,0.0,92,11.4
2026-11-06T22:00,7.6,0,0.0,93,11.4
2026-11-06T23:00,7.1,0,0.0,94,11.3
2026-11-07T00:00,6.7,0,0.0,94,10.8
2026-11-07T01:00,6.3,0,0.0,95,10.6
2026-11-07T02:00,5.6,0,0.0,97,11.1
2026-11-07T03:00,5.1,0,0.0,97,11.2
2026-11-07T04:00,4.8,0,0.0,96,11.5
2026-11-07T05:00,4.5,0,0.0,96,10.7
2026-11-07T06:00,4.2,0,0.0,96,10.0
2026-11-07T07:00,3.9,0,0.0,97,10.3
2026-11-07T08:00,3.4,0,1.0,97,11.1
2026-11-07T09:00,4.1,0,59.0,96,11.0
2026-11-07T10:00,5.3,0,167.0,92,8.5
2026-11-07T11:00,6.6,4,261.0,89,8.1
2026-11-07T12:00,7.9,0,319.0,84,7.1
2026-11-07T13:00,8.9,0,335.0,80,6.6
2026-11-07T14:00,10.2,0,303.0,77,7.3
2026-11-07T15:00,10.6,0,231.0,75,7.4
2026-11-07T16:00,10.0,0,129.0,79,6.2
2026-11-07T17:00,8.8,0,28.0,82,7.3
2026-11-07T18:00,8.4,0,0.0,82,9.6
2026-11-07T19:00,8.0,0,0.0,83,10.0
2026-11-07T20:00,7.3,0,0.0,86,10.5
2026-11-07T21:00,6.7,0,0.0,89,10.9
2026-11-07T22:00,6.3,0,0.0,90,11.5
2026-11-07T23:00,5.9,0,0.0,92,11.9
2026-11-08T00:00,5.6,0,0.0,93,11.8
2026-11-08T01:00,5.2,0,0.0,95,11.2
2026-11-08T02:00,4.8,3,0.0,98,10.8
2026-11-08T03:00,4.5,1,0.0,98,9.8
2026-11-08T04:00,4.2,2,0.0,98,8.9
2026-11-08T05:00,3.9,2,0.0,99,8.7
2026-11-08T06:00,3.8,8,0.0,99,9.4
2026-11-08T07:00,3.6,100,0.0,99,9.0
2026-11-08T08:00,4.1,100,1.0,100,10.1
2026-11-08T09:00,4.5,100,24.0,99,9.9
2026-11-08T10:00,4.9,100,55.0,99,9.4
2026-11-08T11:00,5.5,100,90.0,98,8.7
2026-11-08T12:00,6.1,100,129.0,98,7.7
2026-11-08T13:00,6.6,100,131.0,95,7.8
2026-11-08T14:00,5.8,100,134.0,97,6.9
2026-11-08T15:00,6.0,100,76.0,96,7.7
2026-11-08T16:00,6.1,100,40.0,96,8.2
2026-11-08T17:00,6.0,100,9.0,97,6.2
2026-11-08T18:00,6.1,100,0.0,96,7.3
2026-11-08T19:00,6.1,100,0.0,95,7.3
2026-11-08T20:00,6.0,100,0.0,97,7.5
2026-11-08T21:00,5.9,100,0.0,96,8.1
2026-11-08T22:00,5.7,100,0.0,95,7.6
2026-11-08T23:00,5.6,100,0.0,96,6.2
2026-11-09T00:00,5.6,100,0.0,95,6.3
2026-11-09T01:00,5.6,100,0.0,95,5.8
2026-11-09T02:00,5.8,100,0.0,94,6.3
2026-11-09T03:00,5.8,100,0.0,94,5.6
2026-11-09T04:00,5.8,100,0.0,94,5.8
2026-11-09T05:00,5.9,100,0.0,94,5.6
2026-11-09T06:00,5.9,100,0.0,94,4.9
2026-11-09T07:00,5.9,100,0.0,94,4.8
2026-11-09T08:00,5.8,100,0.0,95,4.9
2026-11-09T09:00,6.1,100,12.0,93,5.5
2026-11-09T10:00,6.4,100,38.0,92,5.7
2026-11-09T11:00,6.9,100,69.0,90,5.9
2026-11-09T12:00,7.3,100,67.0,89,5.1
2026-11-09T13:00,7.7,100,87.0,89,5.1
2026-11-09T14:00,7.1,100,58.0,91,3.8
2026-11-09T15:00,7.3,100,48.0,91,3.2
2026-11-09T16:00,7.4,100,41.0,91,3.8
2026-11-09T17:00,6.9,100,7.0,95,4.5
2026-11-09T18:00,6.8,100,0.0,96,5.3
2026-11-09T19:00,6.7,100,0.0,97,5.6
2026-11-09T20:00,7.2,100,0.0,97,6.8
2026-11-09T21:00,7.5,100,0.0,97,5.8
2026-11-09T22:00,7.6,100,0.0,98,5.5
2026-11-09T23:00,7.7,100,0.0,98,5.9
2026-11-10T00:00,7.9,100,0.0,98,7.2
2026-11-10T01:00,7.8,100,0.0,99,7.2
2026-11-10T02:00,7.4,100,0.0,99,5.6
2026-11-10T03:00,7.3,100,0.0,98,6.0
2026-11-10T04:00,7.2,100,0.0,98,6.0
2026-11-10T05:00,6.9,100,0.0,98,5.2
2026-11-10T06:00,6.8,100,0.0,98,3.8
2026-11-10T07:00,6.8,100,0.0,99,5.6
2026-11-10T08:00,6.6,100,0.0,98,5.5
2026-11-10T09:00,6.6,100,13.0,98,5.1
2026-11-10T10:00,7.1,100,49.0,93,4.3
2026-11-10T11:00,7.4,100,52.0,91,3.6
2026-11-10T12:00,7.6,100,59.0,90,2.8
2026-11-10T13:00,7.9,99,74.0,89,1.3
2026-11-10T14:00,8.0,100,125.0,89,1.7
2026-11-10T15:00,7.9,95,40.0,89,1.4
2026-11-10T16:00,7.7,77,38.0,92,3.6
2026-11-10T17:00,6.7,89,12.0,96,3.9
2026-11-10T18:00,6.6,94,0.0,97,4.0
2026-11-10T19:00,6.3,73,0.0,98,2.7
2026-11-10T20:00,6.0,47,0.0,98,2.0
2026-11-10T21:00,5.2,41,0.0,99,0.7
2026-11-10T22:00,4.1,100,0.0,100,2.9
2026-11-10T23:00,4.0,100,0.0,100,4.2
2026-11-11T00:00,5.1,100,0.0,100,4.6
2026-11-11T01:00,5.5,100,0.0,99,5.7
2026-11-11T02:00,5.1,100,0.0,100,3.8
2026-11-11T03:00,5.4,100,0.0,100,3.4
2026-11-11T04:00,5.6,100,0.0,99,3.1
2026-11-11T05:00,5.8,100,0.0,98,3.9
2026-11-11T06:00,5.9,100,0.0,99,4.8
2026-11-11T07:00,6.0,100,0.0,99,5.2
2026-11-11T08:00,6.0,100,0.0,99,4.6
2026-11-11T09:00,6.3,100,12.0,97,5.3
2026-11-11T10:00,6.4,100,29.0,96,6.0
2026-11-11T11:00,6.7,100,44.0,94,6.0
2026-11-11T12:00,6.9,100,53.0,93,6.5
2026-11-11T13:00,7.0,100,49.0,91,5.4
2026-11-11T14:00,6.7,100,64.0,93,6.2
2026-11-11T15:00,6.6,100,27.0,96,4.7
2026-11-11T16:00,6.4,100,15.0,98,3.3
2026-11-11T17:00,6.3,100,3.0,99,2.3
2026-11-11T18:00,6.3,100,0.0,98,4.2
2026-11-11T19:00,6.2,100,0.0,98,5.3
2026-11-11T20:00,6.6,100,0.0,97,5.8
2026-11-11T21:00,6.7,100,0.0,97,5.9
2026-11-11T22:00,6.7,100,0.0,98,4.6
2026-11-11T23:00,6.5,100,0.0,97,4.6
2026-11-12T00:00,6.5,0,0.0,97,5.2
2026-11-12T01:00,5.0,30,0.0,98,5.6
2026-11-12T02:00,4.9,100,0.0,100,4.9
2026-11-12T03:00,5.3,100,0.0,100,6.1
2026-11-12T04:00,4.9,100,0.0,100,4.3
2026-11-12T05:00,4.6,100,0.0,100,3.5
2026-11-12T06:00,4.7,100,0.0,100,5.4
2026-11-12T07:00,4.8,100,0.0,99,6.0
2026-11-12T08:00,5.1,100,0.0,98,3.6
2026-11-12T09:00,5.6,100,18.0,98,0.9
2026-11-12T10:00,5.9,100,63.0,98,1.3
2026-11-12T11:00,6.3,100,105.0,97,5.0
2026-11-12T12:00,6.5,100,100.0,97,6.7
2026-11-12T13:00,6.9,100,127.0,95,5.8
2026-11-12T14:00,7.9,100,115.0,91,5.9
2026-11-12T15:00,8.4,100,116.0,85,5.7
2026-11-12T16:00,8.3,100,64.0,87,2.0
2026-11-12T17:00,7.7,100,10.0,88,2.8
2026-11-12T18:00,6.9,100,0.0,91,7.5
2026-11-12T19:00,6.7,95,0.0,91,9.3
2026-11-12T20:00,6.3,100,0.0,94,10.9
2026-11-12T21:00,5.9,99,0.0,95,9.9
2026-11-12T22:00,5.4,100,0.0,96,10.8
2026-11-12T23:00,5.1,99,0.0,96,12.9
2026-11-13T00:00,5.0,100,0.0,95,12.4
2026-11-13T01:00,5.0,99,0.0,95,12.5
2026-11-13T02:00,5.3,100,0.0,93,12.8
2026-11-13T03:00,5.2,100,0.0,93,12.8
2026-11-13T04:00,5.4,100,0.0,92,12.8
2026-11-13T05:00,5.3,100,0.0,93,13.0
2026-11-13T06:00,5.1,98,0.0,93,13.6
2026-11-13T07:00,4.8,95,0.0,93,12.8
2026-11-13T08:00,4.4,96,0.0,94,12.8
2026-11-13T09:00,4.9,97,39.0,93,12.5
2026-11-13T10:00,6.3,80,139.0,89,10.8
2026-11-13T11:00,8.1,73,231.0,82,10.2
2026-11-13T12:00,9.7,94,289.0,77,9.5
2026-11-13T13:00,10.9,80,302.0,73,9.7
2026-11-13T14:00,11.4,90,275.0,75,9.6
2026-11-13T15:00,11.5,98,202.0,76,9.5
2026-11-13T16:00,11.2,80,104.0,74,12.5
2026-11-13T17:00,10.1,98,16.0,75,13.2
2026-11-13T18:00,9.5,99,0.0,76,12.9
2026-11-13T19:00,9.0,99,0.0,77,12.6
2026-11-13T20:00,9.0,100,0.0,79,13.1
2026-11-13T21:00,8.8,100,0.0,77,13.7
2026-11-13T22:00,8.9,99,0.0,75,14.0
2026-11-13T23:00,8.9,100,0.0,75,13.5
2026-11-14T00:00,8.8,98,0.0,75,14.1
2026-11-14T01:00,8.9,93,0.0,75,14.4
2026-11-14T02:00,8.6,84,0.0,75,13.5
2026-11-14T03:00,8.2,94,0.0,77,12.6
2026-11-14T04:00,7.8,83,0.0,78,12.6
2026-11-14T05:00,7.8,16,0.0,78,13.2
2026-11-14T06:00,7.4,89,0.0,79,12.0
2026-11-14T07:00,7.2,100,0.0,80,11.0
2026-11-14T08:00,7.5,100,0.0,80,9.9
2026-11-14T09:00,7.7,89,21.0,80,10.0
2026-11-14T10:00,8.6,99,118.0,79,8.3
2026-11-14T11:00,9.4,63,167.0,76,7.1
2026-11-14T12:00,10.8,100,256.0,71,6.4
2026-11-14T13:00,10.9,99,152.0,72,6.8
2026-11-14T14:00,10.6,100,100.0,75,7.2
2026-11-14T15:00,10.2,100,68.0,78,8.8
2026-11-14T16:00,9.7,100,27.0,80,8.0
2026-11-14T17:00,9.3,100,3.0,82,9.4
2026-11-14T18:00,9.3,100,0.0,82,6.4
2026-11-14T19:00,9.0,100,0.0,80,8.8
2026-11-14T20:00,9.2,100,0.0,80,8.2
2026-11-14T21:00,9.2,100,0.0,80,8.1
2026-11-14T22:00,8.8,100,0.0,80,8.6
2026-11-14T23:00,8.6,100,0.0,79,8.8
2026-11-15T00:00,8.5,100,0.0,79,9.0
2026-11-15T01:00,8.2,100,0.0,80,9.3
2026-11-15T02:00,8.1,100,0.0,80,8.6
2026-11-15T03:00,7.0,100,0.0,90,8.8
2026-11-15T04:00,6.8,100,0.0,95,12.8
2026-11-15T05:00,6.0,100,0.0,91,15.2
2026-11-15T06:00,5.2,100,0.0,91,14.8
2026-11-15T07:00,4.7,100,0.0,91,13.1
2026-11-15T08:00,4.5,100,0.0,90,11.8
2026-11-15T09:00,4.4,100,4.0,89,9.2
2026-11-15T10:00,4.7,100,32.0,86,8.6
2026-11-15T11:00,5.2,100,73.0,82,9.7
2026-11-15T12:00,5.7,100,91.0,76,10.7
2026-11-15T13:00,6.4,100,180.0,70,9.6
2026-11-15T14:00,6.3,100,88.0,72,9.1
2026-11-15T15:00,6.2,99,147.0,67,8.7
2026-11-15T16:00,5.6,100,79.0,71,6.3
2026-11-15T17:00,4.5,100,13.0,75,6.5
2026-11-15T18:00,3.8,99,0.0,76,7.9
2026-11-15T19:00,2.9,98,0.0,77,8.4
2026-11-15T20:00,1.9,84,0.0,78,9.8
2026-11-15T21:00,1.1,90,0.0,79,10.3
2026-11-15T22:00,0.5,98,0.0,81,10.0
2026-11-15T23:00,0.1,100,0.0,83,10.3
2026-11-16T00:00,-0.1,100,0.0,84,10.6
2026-11-16T01:00,-0.1,100,0.0,84,10.9
2026-11-16T02:00,0.2,100,0.0,86,11.1
2026-11-16T03:00,0.5,100,0.0,84,11.6
2026-11-16T04:00,0.4,100,0.0,85,10.7
2026-11-16T05:00,0.2,100,0.0,87,10.6
2026-11-16T06:00,0.5,100,0.0,88,9.9
2026-11-16T07:00,1.0,100,0.0,89,10.4
2026-11-16T08:00,1.3,100,0.0,90,9.7
2026-11-16T09:00,1.9,100,10.0,89,10.1
2026-11-16T10:00,2.3,100,20.0,91,10.1
2026-11-16T11:00,3.1,100,50.0,92,9.8
2026-11-16T12:00,4.7,99,138.0,88,9.1
2026-11-16T13:00,6.2,100,195.0,86,10.0
2026-11-16T14:00,6.0,100,106.0,90,12.6
2026-11-16T15:00,5.9,100,47.0,94,7.8
2026-11-16T16:00,6.0,100,59.0,96,10.9
2026-11-16T17:00,6.6,100,7.0,96,11.3
2026-11-16T18:00,6.9,100,0.0,96,10.8
2026-11-16T19:00,7.1,100,0.0,96,11.0
2026-11-16T20:00,7.8,100,0.0,96,11.4
2026-11-16T21:00,7.7,84,0.0,97,12.0
2026-11-16T22:00,7.5,100,0.0,97,11.7
2026-11-16T23:00,7.6,100,0.0,96,12.1
2026-11-17T00:00,7.5,100,0.0,96,12.9
2026-11-17T01:00,7.6,100,0.0,96,13.6
2026-11-17T02:00,7.5,100,0.0,95,13.4
2026-11-17T03:00,7.6,100,0.0,94,13.8
2026-11-17T04:00,7.7,100,0.0,94,14.0
2026-11-17T05:00,7.7,100,0.0,95,14.0
2026-11-17T06:00,7.5,100,0.0,96,12.2
2026-11-17T07:00,7.0,100,0.0,97,11.0
2026-11-17T08:00,5.8,100,0.0,95,9.7
2026-11-17T09:00,5.1,100,7.0,91,9.4
2026-11-17T10:00,4.8,100,26.0,90,8.0
2026-11-17T11:00,5.0,100,75.0,88,8.8
2026-11-17T12:00,4.9,100,60.0,87,8.5
2026-11-17T13:00,4.7,100,53.0,86,8.7
2026-11-17T14:00,4.8,100,85.0,82,8.5
2026-11-17T15:00,4.8,100,69.0,79,7.2
2026-11-17T16:00,4.6,100,19.0,79,6.0
2026-11-17T17:00,4.4,100,3.0,82,5.2
2026-11-17T18:00,4.3,100,0.0,83,7.4
2026-11-17T19:00,3.9,100,0.0,87,10.6
2026-11-17T20:00,3.8,100,0.0,91,10.7
2026-11-17T21:00,3.9,100,0.0,93,12.9
2026-11-17T22:00,4.0,100,0.0,92,15.3
2026-11-17T23:00,3.9,100,0.0,90,15.1
2026-11-18T00:00,3.6,100,0.0,87,14.8
2026-11-18T01:00,3.6,100,0.0,86,15.7
2026-11-18T02:00,3.2,100,0.0,89,16.1
2026-11-18T03:00,3.1,98,0.0,87,17.5
2026-11-18T04:00,2.2,11,0.0,89,14.5
2026-11-18T05:00,1.3,21,0.0,92,15.5
2026-11-18T06:00,0.8,5,0.0,91,14.8
2026-11-18T07:00,0.4,0,0.0,90,14.4
2026-11-18T08:00,0.5,30,0.0,78,14.1
2026-11-18T09:00,0.8,21,26.0,77,14.3
2026-11-18T10:00,1.9,99,113.0,78,14.7
2026-11-18T11:00,2.6,100,104.0,81,19.2
2026-11-18T12:00,3.0,99,111.0,80,18.0
2026-11-18T13:00,3.6,98,167.0,75,18.6
2026-11-18T14:00,3.3,100,161.0,75,19.6
2026-11-18T15:00,3.1,100,40.0,80,14.1
2026-11-18T16:00,3.5,100,54.0,79,13.5
2026-11-18T17:00,3.5,100,3.0,80,12.6
2026-11-18T18:00,3.6,100,0.0,80,11.9
2026-11-18T19:00,3.7,100,0.0,80,12.0
2026-11-18T20:00,3.8,100,0.0,85,13.0
2026-11-18T21:00,3.7,100,0.0,85,12.2
2026-11-18T22:00,3.3,100,0.0,88,12.0
2026-11-18T23:00,3.5,100,0.0,88,11.4
2026-11-19T00:00,3.4,100,0.0,88,11.1
2026-11-19T01:00,2.8,100,0.0,90,10.2
2026-11-19T02:00,2.4,100,0.0,90,10.6
2026-11-19T03:00,2.4,99,0.0,88,11.2
2026-11-19T04:00,2.0,98,0.0,87,11.3
2026-11-19T05:00,1.6,87,0.0,86,10.7
2026-11-19T06:00,1.1,43,0.0,87,10.3
2026-11-19T07:00,0.3,100,0.0,88,10.5
2026-11-19T08:00,2.0,100,0.0,84,12.0
2026-11-19T09:00,1.5,100,18.0,83,11.8
2026-11-19T10:00,1.6,98,78.0,82,11.2
2026-11-19T11:00,2.3,95,168.0,78,11.4
2026-11-19T12:00,3.2,48,226.0,73,11.6
2026-11-19T13:00,4.2,0,282.0,67,11.7
2026-11-19T14:00,4.5,0,258.0,67,10.6
2026-11-19T15:00,4.5,0,189.0,68,10.8
2026-11-19T16:00,3.7,0,92.0,73,9.2
2026-11-19T17:00,2.6,0,10.0,78,9.0
2026-11-19T18:00,2.2,0,0.0,81,9.5
2026-11-19T19:00,1.6,8,0.0,83,9.9
2026-11-19T20:00,1.1,0,0.0,83,10.3
2026-11-19T21:00,0.5,55,0.0,84,9.9
2026-11-19T22:00,-0.1,100,0.0,85,9.3
2026-11-19T23:00,-0.5,100,0.0,84,9.9
2026-11-20T00:00,-0.7,100,0.0,83,10.5
2026-11-20T01:00,-0.8,100,0.0,84,11.2
2026-11-20T02:00,-0.6,100,0.0,83,11.0
2026-11-20T03:00,-0.5,100,0.0,84,10.9
2026-11-20T04:00,-0.7,95,0.0,86,11.1
2026-11-20T05:00,-1.1,99,0.0,88,11.0
2026-11-20T06:00,-1.5,99,0.0,91,10.9
2026-11-20T07:00,-1.7,100,0.0,93,10.1
2026-11-20T08:00,-1.7,98,0.0,95,11.9
2026-11-20T09:00,-1.3,100,18.0,94,13.1
2026-11-20T10:00,-0.3,100,84.0,88,12.8
2026-11-20T11:00,0.7,97,159.0,83,10.0
2026-11-20T12:00,1.6,100,215.0,79,11.5
2026-11-20T13:00,2.4,98,228.0,77,10.7
2026-11-20T14:00,2.7,42,195.0,77,10.9
2026-11-20T15:00,2.9,63,155.0,74,9.7
2026-11-20T16:00,2.1,98,69.0,79,11.1
2026-11-20T17:00,2.1,100,3.0,81,11.9
2026-11-20T18:00,2.5,2,0.0,80,12.3
2026-11-20T19:00,1.5,15,0.0,87,12.6
2026-11-20T20:00,1.4,27,0.0,89,12.4
2026-11-20T21:00,1.3,10,0.0,89,12.3
2026-11-20T22:00,1.1,9,0.0,89,10.9
2026-11-20T23:00,0.9,43,0.0,90,11.7
2026-11-21T00:00,0.9,99,0.0,90,12.6
2026-11-21T01:00,0.9,66,0.0,90,12.9
2026-11-21T02:00,0.9,94,0.0,88,11.6
2026-11-21T03:00,0.7,91,0.0,89,11.3
2026-11-21T04:00,0.7,100,0.0,90,11.4
2026-11-21T05:00,0.6,100,0.0,90,12.3
2026-11-21T06:00,0.1,100,0.0,91,10.1
2026-11-21T07:00,0.1,100,0.0,90,8.6
2026-11-21T08:00,-0.3,100,0.0,88,8.7
2026-11-21T09:00,-0.2,100,10.0,88,7.6
2026-11-21T10:00,0.1,100,49.0,87,6.2
2026-11-21T11:00,0.6,100,96.0,82,7.7
2026-11-21T12:00,0.9,100,120.0,79,8.4
2026-11-21T13:00,1.4,100,150.0,76,8.0
2026-11-21T14:00,1.3,100,136.0,75,8.6
2026-11-21T15:00,1.1,100,88.0,77,8.5
2026-11-21T16:00,0.8,100,50.0,81,8.3
2026-11-21T17:00,0.1,100,6.0,85,8.3
2026-11-21T18:00,-0.3,100,0.0,86,9.0
2026-11-21T19:00,-0.8,100,0.0,88,8.7
2026-11-21T20:00,-0.6,100,0.0,89,9.1
2026-11-21T21:00,-0.6,100,0.0,90,7.2
2026-11-21T22:00,-0.7,100,0.0,90,8.5
2026-11-21T23:00,-0.9,100,0.0,92,8.9
2026-11-22T00:00,-0.9,100,0.0,92,7.8
2026-11-22T01:00,-0.9,100,0.0,92,8.8
2026-11-22T02:00,-0.5,100,0.0,91,8.6
2026-11-22T03:00,0.4,100,0.0,88,8.3
2026-11-22T04:00,0.7,100,0.0,87,9.4
2026-11-22T05:00,0.9,100,0.0,87,8.8
2026-11-22T06:00,0.8,100,0.0,88,7.9
2026-11-22T07:00,0.6,100,0.0,89,8.8
2026-11-22T08:00,0.1,100,0.0,89,8.6
2026-11-22T09:00,-0.4,100,10.0,90,6.5
2026-11-22T10:00,-0.4,100,41.0,89,6.0
2026-11-22T11:00,0.1,100,90.0,85,6.7
2026-11-22T12:00,0.7,100,142.0,80,7.3
2026-11-22T13:00,1.5,55,215.0,76,7.2
2026-11-22T14:00,2.2,100,227.0,73,4.6
2026-11-22T15:00,2.1,0,147.0,74,5.1
2026-11-22T16:00,0.6,0,82.0,83,3.7
2026-11-22T17:00,-0.7,1,7.0,85,4.6
2026-11-22T18:00,-1.2,10,0.0,88,4.5
2026-11-22T19:00,-1.3,98,0.0,90,5.1
2026-11-22T20:00,-2.0,27,0.0,91,4.4
2026-11-22T21:00,-2.3,1,0.0,92,2.3
2026-11-22T22:00,-2.4,8,0.0,93,1.4
2026-11-22T23:00,-2.3,100,0.0,94,4.9
2026-11-23T00:00,-2.8,100,0.0,95,3.4
2026-11-23T01:00,-2.4,100,0.0,95,7.0
2026-11-23T02:00,-2.5,100,0.0,92,6.4
2026-11-23T03:00,-2.7,100,0.0,92,8.2
2026-11-23T04:00,-2.7,100,0.0,90,6.5
2026-11-23T05:00,-2.8,100,0.0,90,6.2
2026-11-23T06:00,-2.7,100,0.0,89,7.2
2026-11-23T07:00,-2.6,100,0.0,88,6.8
2026-11-23T08:00,-2.8,100,0.0,91,7.0
2026-11-23T09:00,-2.7,100,4.0,90,7.7
2026-11-23T10:00,-2.5,100,18.0,89,7.1
2026-11-23T11:00,-2.2,100,42.0,88,7.6
2026-11-23T12:00,-2.2,100,48.0,90,7.5
2026-11-23T13:00,-2.0,100,65.0,90,8.8
2026-11-23T14:00,-1.1,100,65.0,90,11.1
2026-11-23T15:00,-1.2,100,60.0,90,9.3
2026-11-23T16:00,-1.4,100,20.0,92,7.3
2026-11-23T17:00,-1.6,100,2.0,93,7.2
2026-11-23T18:00,-1.7,100,0.0,94,7.4
2026-11-23T19:00,-1.8,100,0.0,94,6.7
2026-11-23T20:00,-1.7,100,0.0,95,5.8
2026-11-23T21:00,-1.8,100,0.0,94,3.7
2026-11-23T22:00,-1.9,100,0.0,94,3.5
2026-11-23T23:00,-1.9,100,0.0,94,4.7
2026-11-24T00:00,-2.2,100,0.0,95,4.9
2026-11-24T01:00,-2.0,100,0.0,95,5.9
2026-11-24T02:00,-1.8,100,0.0,93,8.2
2026-11-24T03:00,-1.7,100,0.0,90,8.4
2026-11-24T04:00,-1.7,100,0.0,88,7.9
2026-11-24T05:00,-1.8,100,0.0,88,7.2
2026-11-24T06:00,-2.0,100,0.0,86,10.1
2026-11-24T07:00,-2.6,100,0.0,87,10.0
2026-11-24T08:00,-2.5,65,0.0,88,11.0
2026-11-24T09:00,-2.8,99,14.0,88,11.1
2026-11-24T10:00,-2.8,100,94.0,90,13.4
2026-11-24T11:00,-2.5,100,150.0,87,12.2
2026-11-24T12:00,-2.2,100,132.0,86,10.4
2026-11-24T13:00,-1.7,100,96.0,88,8.4
2026-11-24T14:00,-0.4,100,85.0,88,11.9
2026-11-24T15:00,-0.4,100,31.0,90,12.6
2026-11-24T16:00,-0.1,100,17.0,88,12.8
2026-11-24T17:00,0.3,100,2.0,86,12.6
2026-11-24T18:00,0.5,100,0.0,86,11.6
2026-11-24T19:00,0.5,100,0.0,85,10.4
2026-11-24T20:00,0.5,100,0.0,86,10.1
2026-11-24T21:00,0.5,100,0.0,87,9.9
2026-11-24T22:00,0.4,100,0.0,90,9.7
2026-11-24T23:00,0.4,100,0.0,91,9.6
2026-11-25T00:00,0.5,100,0.0,91,9.4
2026-11-25T01:00,0.5,100,0.0,92,8.9
2026-11-25T02:00,0.1,100,0.0,95,9.1
2026-11-25T03:00,0.2,100,0.0,95,9.0
2026-11-25T04:00,0.3,100,0.0,95,8.9
2026-11-25T05:00,0.4,100,0.0,95,7.6
2026-11-25T06:00,0.4,100,0.0,95,5.8
2026-11-25T07:00,0.4,100,0.0,96,5.9
2026-11-25T08:00,0.2,100,0.0,97,6.9
2026-11-25T09:00,0.3,100,6.0,97,6.5
2026-11-25T10:00,0.6,100,40.0,96,7.3
2026-11-25T11:00,0.7,100,95.0,96,7.4
2026-11-25T12:00,1.0,100,112.0,95,7.0
2026-11-25T13:00,0.8,100,78.0,97,8.9
2026-11-25T14:00,0.7,100,131.0,98,8.1
2026-11-25T15:00,0.6,100,35.0,100,8.3
2026-11-25T16:00,0.5,100,12.0,99,11.5
2026-11-25T17:00,0.5,100,2.0,99,10.5
2026-11-25T18:00,0.5,100,0.0,98,11.7
2026-11-25T19:00,0.5,100,0.0,98,12.4
2026-11-25T20:00,0.7,100,0.0,98,13.5
2026-11-25T21:00,0.7,100,0.0,98,11.4
2026-11-25T22:00,0.6,100,0.0,99,12.2
2026-11-25T23:00,0.6,100,0.0,99,13.4
2026-11-26T00:00,0.6,100,0.0,99,13.9
2026-11-26T01:00,0.6,100,0.0,99,14.0
2026-11-26T02:00,0.5,100,0.0,98,13.5
2026-11-26T03:00,0.6,100,0.0,98,14.0
2026-11-26T04:00,0.7,100,0.0,97,13.2
2026-11-26T05:00,0.8,100,0.0,97,13.9
2026-11-26T06:00,1.0,100,0.0,96,13.1
2026-11-26T07:00,1.0,100,0.0,96,12.8
2026-11-26T08:00,0.9,100,0.0,97,11.3
2026-11-26T09:00,1.0,100,4.0,98,10.0
2026-11-26T10:00,1.2,100,25.0,97,8.7
2026-11-26T11:00,1.3,100,36.0,97,8.6
2026-11-26T12:00,1.5,100,62.0,97,8.2
2026-11-26T13:00,1.5,100,48.0,97,8.3
2026-11-26T14:00,1.4,100,51.0,98,7.0
2026-11-26T15:00,1.4,100,28.0,98,6.4
2026-11-26T16:00,1.3,100,12.0,98,7.0
2026-11-26T17:00,1.3,100,1.0,98,6.3
2026-11-26T18:00,1.3,100,0.0,98,3.8
2026-11-26T19:00,1.3,100,0.0,99,1.6
2026-11-26T20:00,1.1,100,0.0,99,10.6
2026-11-26T21:00,0.4,100,0.0,99,9.3
2026-11-26T22:00,0.4,100,0.0,98,11.1
2026-11-26T23:00,0.4,100,0.0,97,13.4
2026-11-27T00:00,0.2,100,0.0,96,15.1
2026-11-27T01:00,0.1,100,0.0,94,14.9
2026-11-27T02:00,0.1,100,0.0,95,13.6
2026-11-27T03:00,0.0,100,0.0,94,13.1
2026-11-27T04:00,-0.1,100,0.0,94,13.0
2026-11-27T05:00,-0.2,100,0.0,95,12.5
2026-11-27T06:00,-0.3,100,0.0,95,12.2
2026-11-27T07:00,-0.3,100,0.0,95,11.9
2026-11-27T08:00,-0.4,100,0.0,95,12.3
2026-11-27T09:00,-0.3,100,4.0,95,12.2
2026-11-27T10:00,0.1,100,40.0,93,13.3
2026-11-27T11:00,0.3,100,52.0,92,13.0
2026-11-27T12:00,0.6,100,75.0,92,13.7
2026-11-27T13:00,0.8,100,63.0,93,10.8
2026-11-27T14:00,1.2,100,72.0,95,11.3
2026-11-27T15:00,1.4,100,30.0,95,12.1
2026-11-27T16:00,1.6,99,15.0,93,11.8
2026-11-27T17:00,1.3,78,3.0,94,11.9
2026-11-27T18:00,0.4,17,0.0,95,11.0
2026-11-27T19:00,-0.7,23,0.0,95,10.2
2026-11-27T20:00,-0.6,65,0.0,97,10.2
2026-11-27T21:00,-0.9,82,0.0,97,9.3
2026-11-27T22:00,-0.2,93,0.0,95,8.7
2026-11-27T23:00,-0.1,45,0.0,94,8.8
2026-11-28T00:00,-1.1,49,0.0,95,8.8
2026-11-28T01:00,-2.0,92,0.0,97,8.8
2026-11-28T02:00,-1.1,100,0.0,99,8.3
2026-11-28T03:00,-1.6,100,0.0,99,6.6
2026-11-28T04:00,-1.9,100,0.0,99,7.4
2026-11-28T05:00,-2.2,100,0.0,99,7.7
2026-11-28T06:00,-2.7,100,0.0,98,8.0
2026-11-28T07:00,-2.9,100,0.0,98,8.2
2026-11-28T08:00,-2.4,100,0.0,98,8.5
2026-11-28T09:00,-2.4,100,6.0,99,9.6
2026-11-28T10:00,-2.2,100,45.0,97,10.7
2026-11-28T11:00,-1.7,100,104.0,96,10.5
2026-11-28T12:00,-1.2,100,136.0,96,10.0
2026-11-28T13:00,-0.6,100,167.0,93,9.9
2026-11-28T14:00,0.4,100,169.0,91,11.6
2026-11-28T15:00,0.1,100,106.0,91,10.7
2026-11-28T16:00,-0.1,100,42.0,91,9.9
2026-11-28T17:00,-0.5,100,3.0,92,9.7
2026-11-28T18:00,-0.6,100,0.0,94,10.5
2026-11-28T19:00,-0.7,100,0.0,94,9.8
2026-11-28T20:00,-1.1,100,0.0,94,9.4
2026-11-28T21:00,-1.0,100,0.0,93,9.8
2026-11-28T22:00,-0.8,100,0.0,94,9.9
2026-11-28T23:00,-0.7,100,0.0,94,8.8
2026-11-29T00:00,-0.3,100,0.0,93,8.9
2026-11-29T01:00,-0.2,100,0.0,93,8.4
2026-11-29T02:00,-0.4,100,0.0,93,8.3
2026-11-29T03:00,-0.1,100,0.0,92,8.0
2026-11-29T04:00,0.3,100,0.0,91,8.0
2026-11-29T05:00,0.5,100,0.0,90,7.3
2026-11-29T06:00,0.4,100,0.0,92,7.0
2026-11-29T07:00,0.4,100,0.0,92,6.7
2026-11-29T08:00,0.3,100,0.0,95,5.6
2026-11-29T09:00,0.4,100,5.0,93,5.1
2026-11-29T10:00,1.1,100,41.0,90,7.2
2026-11-29T11:00,1.5,100,67.0,90,7.5
2026-11-29T12:00,1.6,100,77.0,89,7.1
2026-11-29T13:00,1.7,100,99.0,88,6.0
2026-11-29T14:00,1.3,100,78.0,87,3.8
2026-11-29T15:00,1.1,100,66.0,87,3.8
2026-11-29T16:00,0.8,100,28.0,89,4.7
2026-11-29T17:00,0.5,100,2.0,92,4.6
2026-11-29T18:00,0.3,100,0.0,92,2.4
2026-11-29T19:00,0.0,100,0.0,94,1.1
2026-11-29T20:00,-0.1,100,0.0,95,1.2
2026-11-29T21:00,0.2,100,0.0,95,4.4
2026-11-29T22:00,0.1,100,0.0,95,5.1
2026-11-29T23:00,-0.2,52,0.0,93,5.0
2026-11-30T00:00,-1.2,48,0.0,94,2.3
2026-11-30T01:00,-1.3,66,0.0,93,0.9
2026-11-30T02:00,-1.1,99,0.0,97,3.3
2026-11-30T03:00,-0.4,98,0.0,96,4.5
2026-11-30T04:00,-0.4,100,0.0,97,4.4
2026-11-30T05:00,-0.4,100,0.0,98,4.9
2026-11-30T06:00,-0.3,100,0.0,99,4.7
2026-11-30T07:00,-0.3,100,0.0,97,4.2
2026-11-30T08:00,0.0,100,0.0,97,2.8
2026-11-30T09:00,0.2,100,3.0,96,2.4
2026-11-30T10:00,0.7,100,25.0,95,2.9
2026-11-30T11:00,1.3,100,53.0,94,4.1
2026-11-30T12:00,1.6,100,52.0,94,3.6
2026-11-30T13:00,1.9,100,52.0,93,2.5
2026-11-30T14:00,2.0,100,49.0,93,2.6
2026-11-30T15:00,1.9,100,45.0,94,1.1
2026-11-30T16:00,1.5,100,17.0,96,1.0
2026-11-30T17:00,1.3,100,1.0,97,2.5
2026-11-30T18:00,1.2,100,0.0,97,3.6
2026-11-30T19:00,1.5,100,0.0,97,3.6
2026-11-30T20:00,1.8,100,0.0,98,3.9
2026-11-30T21:00,2.1,100,0.0,98,3.9
2026-11-30T22:00,2.1,100,0.0,99,3.1
2026-11-30T23:00,2.0,100,0.0,99,3.1
2026-12-01T00:00,2.2,100,0.0,99,3.8
2026-12-01T01:00,2.2,100,0.0,99,3.5
2026-12-01T02:00,2.2,100,0.0,99,2.4
2026-12-01T03:00,2.3,100,0.0,99,2.5
2026-12-01T04:00,2.2,100,0.0,99,3.3
2026-12-01T05:00,2.4,100,0.0,98,6.3
2026-12-01T06:00,2.0,100,0.0,98,7.8
2026-12-01T07:00,1.5,100,0.0,98,7.4
2026-12-01T08:00,1.2,100,0.0,99,7.4
2026-12-01T09:00,1.0,100,2.0,98,6.9
2026-12-01T10:00,1.1,100,26.0,97,6.5
2026-12-01T11:00,1.2,100,43.0,96,7.6
2026-12-01T12:00,1.2,100,43.0,96,7.9
2026-12-01T13:00,1.3,100,59.0,95,6.9
2026-12-01T14:00,1.1,100,41.0,96,6.3
2026-12-01T15:00,1.2,100,40.0,95,6.5
2026-12-01T16:00,1.1,100,20.0,98,5.4
2026-12-01T17:00,0.9,100,1.0,98,5.0
2026-12-01T18:00,0.8,100,0.0,99,5.1
2026-12-01T19:00,0.7,100,0.0,99,5.4
2026-12-01T20:00,0.9,100,0.0,99,4.8
2026-12-01T21:00,1.0,100,0.0,99,4.2
2026-12-01T22:00,1.0,100,0.0,99,4.1
2026-12-01T23:00,0.9,100,0.0,99,3.4
2026-12-02T00:00,1.0,100,0.0,99,2.7
2026-12-02T01:00,1.0,100,0.0,99,1.3
2026-12-02T02:00,1.0,100,0.0,99,1.0
2026-12-02T03:00,1.0,100,0.0,100,2.7
2026-12-02T04:00,1.1,100,0.0,99,3.6
2026-12-02T05:00,1.2,100,0.0,99,5.1
2026-12-02T06:00,1.3,100,0.0,98,5.7
2026-12-02T07:00,1.4,100,0.0,98,5.6
2026-12-02T08:00,1.1,100,0.0,98,6.1
2026-12-02T09:00,1.3,100,3.0,98,7.5
2026-12-02T10:00,1.3,100,29.0,99,10.5
2026-12-02T11:00,1.7,100,74.0,97,10.5
2026-12-02T12:00,2.3,100,86.0,95,9.6
2026-12-02T13:00,3.1,100,106.0,93,10.3
2026-12-02T14:00,3.4,100,55.0,96,11.6
2026-12-02T15:00,3.8,100,52.0,94,9.0
2026-12-02T16:00,3.9,100,26.0,93,8.9
2026-12-02T17:00,3.8,100,1.0,93,9.5
2026-12-02T18:00,4.0,100,0.0,91,9.8
2026-12-02T19:00,4.3,100,0.0,90,9.3
2026-12-02T20:00,4.7,100,0.0,90,9.6
2026-12-02T21:00,4.7,100,0.0,91,9.3
2026-12-02T22:00,4.5,100,0.0,92,9.4
2026-12-02T23:00,4.4,100,0.0,93,8.9
2026-12-03T00:00,4.3,100,0.0,93,8.6
2026-12-03T01:00,4.3,100,0.0,93,9.2
2026-12-03T02:00,4.2,100,0.0,92,8.8
2026-12-03T03:00,4.2,100,0.0,92,8.9
2026-12-03T04:00,4.1,100,0.0,91,8.8
2026-12-03T05:00,4.1,100,0.0,92,8.5
2026-12-03T06:00,4.0,100,0.0,93,8.3
2026-12-03T07:00,4.0,100,0.0,93,7.8
2026-12-03T08:00,4.3,100,0.0,93,10.2
2026-12-03T09:00,4.4,100,2.0,91,10.7
2026-12-03T10:00,4.7,100,26.0,89,10.9
2026-12-03T11:00,5.4,100,76.0,82,12.9
2026-12-03T12:00,5.6,100,121.0,79,13.5
2026-12-03T13:00,5.8,100,119.0,78,13.2
2026-12-03T14:00,5.5,100,127.0,82,13.3
2026-12-03T15:00,5.3,100,48.0,84,10.5
2026-12-03T16:00,5.1,100,30.0,84,9.7
2026-12-03T17:00,4.6,92,2.0,86,9.0
2026-12-03T18:00,3.7,22,0.0,90,8.3
2026-12-03T19:00,3.0,66,0.0,91,8.0
2026-12-03T20:00,3.5,37,0.0,91,9.0
2026-12-03T21:00,3.3,98,0.0,92,8.8
2026-12-03T22:00,3.3,89,0.0,92,8.3
2026-12-03T23:00,3.2,85,0.0,92,8.5
2026-12-04T00:00,3.0,95,0.0,92,8.7
2026-12-04T01:00,2.9,100,0.0,93,7.4
2026-12-04T02:00,3.2,95,0.0,97,9.2
2026-12-04T03:00,2.5,95,0.0,92,8.7
2026-12-04T04:00,1.9,97,0.0,91,6.4
2026-12-04T05:00,2.1,100,0.0,96,7.5
2026-12-04T06:00,2.3,100,0.0,98,5.4
2026-12-04T07:00,2.5,100,0.0,98,5.3
2026-12-04T08:00,3.3,100,0.0,99,5.6
2026-12-04T09:00,3.6,100,2.0,98,7.4
2026-12-04T10:00,4.2,100,20.0,95,9.4
2026-12-04T11:00,4.0,100,57.0,93,8.9
2026-12-04T12:00,4.3,100,72.0,93,9.0
2026-12-04T13:00,4.5,100,62.0,92,7.6
2026-12-04T14:00,4.8,100,73.0,88,8.0
2026-12-04T15:00,5.1,100,63.0,86,7.4
2026-12-04T16:00,4.7,11,26.0,89,8.9
2026-12-04T17:00,3.3,25,3.0,93,9.7
2026-12-04T18:00,3.0,83,0.0,95,10.8
2026-12-04T19:00,3.1,100,0.0,95,7.7
2026-12-04T20:00,4.2,100,0.0,95,9.4
2026-12-04T21:00,4.6,100,0.0,95,8.6
2026-12-04T22:00,4.9,100,0.0,95,8.8
2026-12-04T23:00,5.0,99,0.0,95,9.4
2026-12-05T00:00,4.5,100,0.0,97,10.2
2026-12-05T01:00,4.5,97,0.0,96,9.8
2026-12-05T02:00,4.1,72,0.0,96,10.5
2026-12-05T03:00,3.8,98,0.0,96,10.5
2026-12-05T04:00,3.5,99,0.0,97,10.9
2026-12-05T05:00,3.5,100,0.0,97,12.6
2026-12-05T06:00,3.5,100,0.0,98,13.2
2026-12-05T07:00,4.0,100,0.0,100,14.3
2026-12-05T08:00,4.4,100,0.0,100,13.2
2026-12-05T09:00,4.5,100,1.0,100,12.7
2026-12-05T10:00,4.9,100,19.0,99,12.9
2026-12-05T11:00,5.7,100,51.0,97,13.8
2026-12-05T12:00,6.5,100,66.0,95,14.6
2026-12-05T13:00,7.2,100,79.0,92,13.8
2026-12-05T14:00,7.6,100,82.0,97,9.7
2026-12-05T15:00,8.3,100,43.0,94,10.7
2026-12-05T16:00,8.4,100,27.0,93,10.0
2026-12-05T17:00,8.0,100,2.0,94,11.0
2026-12-05T18:00,7.7,100,0.0,95,10.9
2026-12-05T19:00,7.4,100,0.0,95,10.1
2026-12-05T20:00,7.8,98,0.0,94,13.6
2026-12-05T21:00,7.4,91,0.0,94,13.8
2026-12-05T22:00,6.7,100,0.0,96,13.8
2026-12-05T23:00,6.3,100,0.0,96,14.1
2026-12-06T00:00,6.0,100,0.0,96,13.7
2026-12-06T01:00,6.0,100,0.0,96,13.8
2026-12-06T02:00,6.2,100,0.0,96,13.4
2026-12-06T03:00,6.1,100,0.0,97,13.1
2026-12-06T04:00,6.0,100,0.0,97,12.7
2026-12-06T05:00,5.9,100,0.0,97,13.5
2026-12-06T06:00,5.8,100,0.0,97,13.4
2026-12-06T07:00,5.7,100,0.0,97,13.9
2026-12-06T08:00,6.2,100,0.0,98,13.4
2026-12-06T09:00,6.2,100,2.0,97,12.7
2026-12-06T10:00,6.2,100,18.0,96,14.3
2026-12-06T11:00,6.3,100,50.0,94,13.7
2026-12-06T12:00,6.2,100,62.0,93,15.4
2026-12-06T13:00,6.5,100,92.0,90,14.9
2026-12-06T14:00,6.7,100,65.0,88,11.8
2026-12-06T15:00,6.5,100,38.0,88,10.3
2026-12-06T16:00,6.2,100,23.0,86,10.8
2026-12-06T17:00,5.7,100,1.0,85,12.3
2026-12-06T18:00,5.1,100,0.0,85,13.7
2026-12-06T19:00,4.6,100,0.0,84,14.6
2026-12-06T20:00,4.9,100,0.0,86,13.3
2026-12-06T21:00,4.6,91,0.0,86,13.0
2026-12-06T22:00,3.7,81,0.0,89,12.7
2026-12-06T23:00,3.3,100,0.0,91,11.8
2026-12-07T00:00,3.4,100,0.0,90,12.1
2026-12-07T01:00,3.3,98,0.0,90,12.2
2026-12-07T02:00,2.8,100,0.0,91,10.6
2026-12-07T03:00,2.9,100,0.0,91,11.4
2026-12-07T04:00,3.0,100,0.0,91,10.3
2026-12-07T05:00,3.1,100,0.0,91,10.5
2026-12-07T06:00,3.4,100,0.0,91,10.1
2026-12-07T07:00,3.4,100,0.0,92,9.0
2026-12-07T08:00,3.1,100,0.0,92,8.9
2026-12-07T09:00,3.3,100,2.0,91,9.0
2026-12-07T10:00,3.6,100,28.0,90,9.0
2026-12-07T11:00,4.1,100,70.0,88,9.0
2026-12-07T12:00,4.6,99,113.0,87,7.6
2026-12-07T13:00,5.3,99,158.0,85,6.5
2026-12-07T14:00,4.2,100,154.0,89,7.7
2026-12-07T15:00,4.2,100,50.0,90,7.7
2026-12-07T16:00,4.1,100,23.0,91,6.5
2026-12-07T17:00,3.8,100,1.0,92,7.2
2026-12-07T18:00,3.8,100,0.0,91,7.3
2026-12-07T19:00,3.7,100,0.0,92,6.0
2026-12-07T20:00,3.8,100,0.0,95,6.8
2026-12-07T21:00,3.8,100,0.0,96,7.3
2026-12-07T22:00,3.8,100,0.0,96,6.8
2026-12-07T23:00,3.8,100,0.0,97,6.4
2026-12-08T00:00,3.8,100,0.0,97,7.5
2026-12-08T01:00,3.8,100,0.0,97,7.3
2026-12-08T02:00,2.6,100,0.0,100,6.9
2026-12-08T03:00,2.3,100,0.0,100,8.2
2026-12-08T04:00,2.2,100,0.0,100,7.5
2026-12-08T05:00,2.2,100,0.0,100,9.4
2026-12-08T06:00,2.7,100,0.0,100,11.2
2026-12-08T07:00,3.1,100,0.0,100,12.2
2026-12-08T08:00,3.4,100,0.0,100,14.7
2026-12-08T09:00,3.5,100,2.0,99,14.9
2026-12-08T10:00,3.7,100,28.0,99,13.6
2026-12-08T11:00,4.8,100,59.0,96,13.6
2026-12-08T12:00,5.6,100,94.0,94,13.5
2026-12-08T13:00,6.3,100,95.0,91,14.0
2026-12-08T14:00,7.3,97,75.0,88,11.9
2026-12-08T15:00,7.9,96,58.0,85,11.1
2026-12-08T16:00,7.5,100,47.0,86,10.7
2026-12-08T17:00,7.6,100,1.0,87,10.4
2026-12-08T18:00,7.9,100,0.0,88,10.0
2026-12-08T19:00,8.1,100,0.0,90,9.4
2026-12-08T20:00,8.3,100,0.0,92,8.9
2026-12-08T21:00,8.5,100,0.0,94,11.5
2026-12-08T22:00,8.6,100,0.0,95,10.2
2026-12-08T23:00,8.8,100,0.0,94,10.6
2026-12-09T00:00,8.8,100,0.0,92,12.3
2026-12-09T01:00,8.1,100,0.0,92,12.8
2026-12-09T02:00,7.7,100,0.0,92,11.2
2026-12-09T03:00,7.9,100,0.0,91,10.2
2026-12-09T04:00,7.9,100,0.0,93,11.9
2026-12-09T05:00,7.8,100,0.0,96,13.1
2026-12-09T06:00,8.2,100,0.0,96,14.0
2026-12-09T07:00,8.7,100,0.0,97,13.9
2026-12-09T08:00,9.1,100,0.0,98,13.9
2026-12-09T09:00,9.4,100,0.0,98,13.8
2026-12-09T10:00,9.5,100,12.0,97,13.1
2026-12-09T11:00,9.6,100,24.0,98,12.2
2026-12-09T12:00,9.9,100,42.0,97,12.2
2026-12-09T13:00,10.5,100,143.0,95,11.0
2026-12-09T14:00,10.5,100,131.0,96,11.5
2026-12-09T15:00,10.5,100,52.0,96,10.4
2026-12-09T16:00,10.0,100,9.0,98,9.7
2026-12-09T17:00,9.7,100,1.0,98,10.4
2026-12-09T18:00,9.8,100,0.0,98,10.5
2026-12-09T19:00,9.9,100,0.0,98,10.9
2026-12-09T20:00,10.1,100,0.0,98,9.4
2026-12-09T21:00,10.1,100,0.0,99,9.5
2026-12-09T22:00,10.1,100,0.0,99,8.9
2026-12-09T23:00,10.1,100,0.0,99,8.2
2026-12-10T00:00,9.8,100,0.0,99,7.7
2026-12-10T01:00,9.6,100,0.0,99,7.6
2026-12-10T02:00,9.8,100,0.0,99,4.8
2026-12-10T03:00,9.9,100,0.0,99,4.0
2026-12-10T04:00,9.6,100,0.0,99,4.0
2026-12-10T05:00,9.7,100,0.0,99,6.9
2026-12-10T06:00,9.8,100,0.0,99,5.9
2026-12-10T07:00,9.8,100,0.0,98,5.9
2026-12-10T08:00,10.0,100,0.0,99,8.5
2026-12-10T09:00,9.8,100,1.0,99,10.3
2026-12-10T10:00,9.5,88,15.0,98,9.8
2026-12-10T11:00,9.9,100,112.0,95,10.3
2026-12-10T12:00,10.2,100,89.0,91,9.3
2026-12-10T13:00,10.2,97,75.0,91,8.0
2026-12-10T14:00,9.8,63,84.0,93,7.3
2026-12-10T15:00,10.5,2,100.0,90,8.1
2026-12-10T16:00,10.1,20,52.0,90,9.8
2026-12-10T17:00,9.5,40,2.0,91,10.4
2026-12-10T18:00,9.3,100,0.0,92,11.2
2026-12-10T19:00,9.4,52,0.0,92,11.8
2026-12-10T20:00,9.0,100,0.0,94,12.0
2026-12-10T21:00,9.4,100,0.0,94,11.2
2026-12-10T22:00,9.4,100,0.0,95,10.7
2026-12-10T23:00,9.7,100,0.0,96,11.3
2026-12-11T00:00,9.8,100,0.0,97,10.9
2026-12-11T01:00,9.9,100,0.0,98,10.3
2026-12-11T02:00,9.7,100,0.0,98,10.4
2026-12-11T03:00,9.8,100,0.0,99,10.6
2026-12-11T04:00,9.7,100,0.0,98,12.1
2026-12-11T05:00,9.5,100,0.0,98,11.7
2026-12-11T06:00,9.4,100,0.0,98,11.2
2026-12-11T07:00,9.2,100,0.0,98,12.5
2026-12-11T08:00,9.5,100,0.0,95,15.4
2026-12-11T09:00,9.3,100,1.0,96,14.5
2026-12-11T10:00,9.6,100,26.0,94,16.4
2026-12-11T11:00,9.9,90,51.0,93,16.1
2026-12-11T12:00,10.3,34,177.0,88,14.5
2026-12-11T13:00,10.6,16,196.0,83,15.4
2026-12-11T14:00,10.0,23,180.0,87,13.7
2026-12-11T15:00,9.6,24,121.0,87,15.5
2026-12-11T16:00,8.9,78,48.0,89,14.3
2026-12-11T17:00,8.4,93,2.0,88,14.7
2026-12-11T18:00,8.2,67,0.0,87,14.5
2026-12-11T19:00,7.9,93,0.0,89,13.4
2026-12-11T20:00,8.2,100,0.0,90,13.7
2026-12-11T21:00,8.0,100,0.0,90,14.5
2026-12-11T22:00,7.8,100,0.0,90,13.9
2026-12-11T23:00,7.4,99,0.0,91,13.2
2026-12-12T00:00,7.4,100,0.0,90,12.3
2026-12-12T01:00,7.4,100,0.0,90,13.7
2026-12-12T02:00,7.4,100,0.0,94,14.6
2026-12-12T03:00,7.4,100,0.0,95,13.5
2026-12-12T04:00,7.5,100,0.0,93,14.8
2026-12-12T05:00,7.5,100,0.0,91,14.6
2026-12-12T06:00,7.5,100,0.0,89,13.6
2026-12-12T07:00,7.6,100,0.0,87,13.8
2026-12-12T08:00,7.5,100,0.0,87,13.6
2026-12-12T09:00,7.5,100,1.0,87,13.7
2026-12-12T10:00,7.6,100,14.0,87,14.0
2026-12-12T11:00,7.7,100,30.0,86,13.5
2026-12-12T12:00,7.9,100,64.0,81,14.6
2026-12-12T13:00,7.7,100,55.0,80,13.7
2026-12-12T14:00,7.1,100,55.0,84,12.7
2026-12-12T15:00,7.3,100,37.0,83,11.2
2026-12-12T16:00,7.1,100,17.0,85,10.4
2026-12-12T17:00,6.9,100,1.0,87,10.1
2026-12-12T18:00,6.8,100,0.0,86,11.2
2026-12-12T19:00,6.7,100,0.0,86,10.6
2026-12-12T20:00,6.7,100,0.0,87,10.1
2026-12-12T21:00,6.5,100,0.0,88,8.8
2026-12-12T22:00,6.4,94,0.0,88,8.6
2026-12-12T23:00,6.2,100,0.0,89,7.5
2026-12-13T00:00,5.9,100,0.0,90,7.6
2026-12-13T01:00,6.0,100,0.0,90,7.7
2026-12-13T02:00,5.7,100,0.0,90,6.7
2026-12-13T03:00,5.8,100,0.0,90,4.7
2026-12-13T04:00,5.7,100,0.0,91,2.9
2026-12-13T05:00,5.3,100,0.0,93,5.0
2026-12-13T06:00,5.2,100,0.0,93,6.0
2026-12-13T07:00,5.2,100,0.0,92,4.6
2026-12-13T08:00,5.0,100,0.0,94,4.6
2026-12-13T09:00,5.1,100,1.0,93,4.0
2026-12-13T10:00,5.3,100,24.0,92,4.6
2026-12-13T11:00,5.6,100,71.0,89,4.9
2026-12-13T12:00,6.1,100,92.0,87,5.3
2026-12-13T13:00,6.3,98,74.0,85,6.0
2026-12-13T14:00,6.4,62,90.0,78,11.1
2026-12-13T15:00,6.0,93,85.0,81,9.5
2026-12-13T16:00,5.5,49,30.0,81,10.3
2026-12-13T17:00,3.5,74,2.0,84,12.1
2026-12-13T18:00,2.9,100,0.0,88,9.1
2026-12-13T19:00,3.1,100,0.0,89,10.9
2026-12-13T20:00,3.5,100,0.0,91,10.8
2026-12-13T21:00,3.6,100,0.0,93,11.4
2026-12-13T22:00,3.7,100,0.0,94,11.9
2026-12-13T23:00,4.1,100,0.0,92,13.4
2026-12-14T00:00,4.5,100,0.0,92,14.7
2026-12-14T01:00,4.9,100,0.0,93,14.5
2026-12-14T02:00,4.8,100,0.0,96,15.6
2026-12-14T03:00,5.1,100,0.0,96,15.3
2026-12-14T04:00,5.6,100,0.0,97,16.5
2026-12-14T05:00,5.8,100,0.0,96,15.5
2026-12-14T06:00,5.5,100,0.0,96,15.3
2026-12-14T07:00,5.2,100,0.0,97,13.8
2026-12-14T08:00,5.0,100,0.0,97,14.1
2026-12-14T09:00,5.0,100,1.0,94,15.2
2026-12-14T10:00,4.8,100,24.0,92,14.9
2026-12-14T11:00,4.9,100,42.0,91,14.5
2026-12-14T12:00,5.5,65,105.0,85,14.6
2026-12-14T13:00,5.8,100,162.0,78,15.4
2026-12-14T14:00,6.0,100,105.0,80,14.3
2026-12-14T15:00,5.8,100,51.0,80,12.6
2026-12-14T16:00,5.4,100,26.0,83,11.0
2026-12-14T17:00,4.5,100,1.0,87,11.1
2026-12-14T18:00,4.7,47,0.0,85,11.4
2026-12-14T19:00,3.7,98,0.0,89,12.4
2026-12-14T20:00,3.8,98,0.0,90,13.2
2026-12-14T21:00,3.5,100,0.0,90,13.3
2026-12-14T22:00,3.7,100,0.0,89,13.7
2026-12-14T23:00,3.7,95,0.0,89,12.9
2026-12-15T00:00,3.3,98,0.0,90,12.5
2026-12-15T01:00,3.0,99,0.0,91,12.2
2026-12-15T02:00,2.6,100,0.0,93,10.8
2026-12-15T03:00,2.7,100,0.0,92,11.7
2026-12-15T04:00,2.8,100,0.0,92,11.3
2026-12-15T05:00,2.9,100,0.0,92,12.6
2026-12-15T06:00,3.2,100,0.0,92,13.0
2026-12-15T07:00,3.2,100,0.0,91,12.4
2026-12-15T08:00,2.8,100,0.0,91,10.9
2026-12-15T09:00,2.5,100,1.0,92,9.7
2026-12-15T10:00,2.7,100,24.0,93,9.3
2026-12-15T11:00,2.9,100,44.0,93,10.5
2026-12-15T12:00,3.2,100,64.0,92,11.8
2026-12-15T13:00,3.7,100,78.0,91,11.8
2026-12-15T14:00,3.9,100,93.0,89,11.4
2026-12-15T15:00,3.9,100,64.0,89,10.2
2026-12-15T16:00,3.5,100,30.0,92,8.4
2026-12-15T17:00,3.5,100,1.0,92,7.7
2026-12-15T18:00,3.5,100,0.0,92,7.1
2026-12-15T19:00,3.5,100,0.0,92,6.8
2026-12-15T20:00,3.4,100,0.0,94,5.3
2026-12-15T21:00,3.1,100,0.0,95,4.8
2026-12-15T22:00,2.8,89,0.0,96,5.3
2026-12-15T23:00,1.9,19,0.0,97,6.1
2026-12-16T00:00,0.9,0,0.0,97,6.0
2026-12-16T01:00,0.3,0,0.0,96,6.1
2026-12-16T02:00,-0.1,0,0.0,97,6.0
2026-12-16T03:00,-0.8,0,0.0,97,5.6
2026-12-16T04:00,-1.1,0,0.0,97,5.8
2026-12-16T05:00,-1.3,0,0.0,96,6.4
2026-12-16T06:00,-1.5,0,0.0,96,7.4
2026-12-16T07:00,-1.5,0,0.0,95,6.9
2026-12-16T08:00,-1.4,0,0.0,96,8.5
2026-12-16T09:00,-1.6,6,1.0,96,8.3
2026-12-16T10:00,-0.7,98,52.0,95,8.0
2026-12-16T11:00,0.4,100,120.0,93,7.0
2026-12-16T12:00,1.4,100,158.0,89,7.8
2026-12-16T13:00,1.9,100,162.0,88,6.0
2026-12-16T14:00,1.8,100,117.0,88,6.0
2026-12-16T15:00,1.6,100,77.0,89,6.5
2026-12-16T16:00,1.3,100,33.0,91,8.2
2026-12-16T17:00,1.2,100,1.0,94,8.9
2026-12-16T18:00,1.3,100,0.0,93,8.1
2026-12-16T19:00,1.1,95,0.0,94,7.2
2026-12-16T20:00,0.5,100,0.0,95,10.6
2026-12-16T21:00,0.7,100,0.0,96,6.7
2026-12-16T22:00,0.2,100,0.0,97,6.6
2026-12-16T23:00,0.0,100,0.0,97,7.4
2026-12-17T00:00,0.0,100,0.0,97,8.7
2026-12-17T01:00,-0.2,100,0.0,96,8.6
2026-12-17T02:00,-0.2,100,0.0,96,9.2
2026-12-17T03:00,-0.3,100,0.0,96,8.4
2026-12-17T04:00,-0.2,100,0.0,96,8.1
2026-12-17T05:00,0.1,100,0.0,96,8.2
2026-12-17T06:00,-0.1,100,0.0,96,7.8
2026-12-17T07:00,0.1,100,0.0,95,8.3
2026-12-17T08:00,-0.1,100,0.0,96,9.3
2026-12-17T09:00,0.0,100,1.0,95,9.3
2026-12-17T10:00,0.7,100,29.0,92,11.1
2026-12-17T11:00,1.4,94,73.0,90,11.9
2026-12-17T12:00,3.1,100,170.0,82,11.5
2026-12-17T13:00,3.8,99,160.0,81,9.7
2026-12-17T14:00,6.3,100,159.0,66,13.5
2026-12-17T15:00,6.8,100,105.0,63,12.3
2026-12-17T16:00,5.6,98,45.0,70,10.1
2026-12-17T17:00,4.2,100,2.0,77,10.3
2026-12-17T18:00,3.5,89,0.0,83,10.6
2026-12-17T19:00,2.5,47,0.0,88,11.2
2026-12-17T20:00,2.0,0,0.0,89,9.5
2026-12-17T21:00,1.5,0,0.0,91,10.4
2026-12-17T22:00,1.0,0,0.0,93,10.1
2026-12-17T23:00,0.6,11,0.0,94,9.7
2026-12-18T00:00,0.2,21,0.0,94,10.0
2026-12-18T01:00,-0.1,2,0.0,95,10.4
2026-12-18T02:00,0.0,25,0.0,95,11.1
2026-12-18T03:00,-0.4,100,0.0,96,9.9
2026-12-18T04:00,0.1,100,0.0,96,8.8
2026-12-18T05:00,0.2,100,0.0,96,8.2
2026-12-18T06:00,0.1,100,0.0,96,8.8
2026-12-18T07:00,0.1,100,0.0,96,7.5
2026-12-18T08:00,0.1,100,0.0,96,7.1
2026-12-18T09:00,-0.2,100,0.0,96,7.6
2026-12-18T10:00,0.2,100,26.0,94,7.8
2026-12-18T11:00,0.8,100,67.0,92,9.0
2026-12-18T12:00,1.4,100,83.0,93,8.6
2026-12-18T13:00,1.9,100,56.0,94,5.6
2026-12-18T14:00,1.7,100,51.0,93,4.6
2026-12-18T15:00,1.9,100,41.0,95,4.9
2026-12-18T16:00,2.1,100,17.0,95,4.2
2026-12-18T17:00,2.2,100,1.0,97,4.5
2026-12-18T18:00,2.6,100,0.0,97,4.7
2026-12-18T19:00,3.0,100,0.0,97,5.7
2026-12-18T20:00,3.0,100,0.0,98,7.1
2026-12-18T21:00,3.3,100,0.0,98,7.5
2026-12-18T22:00,3.6,100,0.0,97,7.8
2026-12-18T23:00,3.8,100,0.0,98,7.5
2026-12-19T00:00,3.9,98,0.0,98,8.4
2026-12-19T01:00,3.1,100,0.0,99,9.0
2026-12-19T02:00,2.3,100,0.0,100,9.9
2026-12-19T03:00,2.5,100,0.0,99,10.1
2026-12-19T04:00,2.0,98,0.0,99,9.7
2026-12-19T05:00,1.4,68,0.0,99,10.4
2026-12-19T06:00,0.8,50,0.0,98,10.5
2026-12-19T07:00,0.4,40,0.0,97,11.0
2026-12-19T08:00,0.3,26,0.0,98,11.4
2026-12-19T09:00,0.2,12,1.0,97,11.4
2026-12-19T10:00,0.9,5,46.0,95,12.0
2026-12-19T11:00,1.9,17,125.0,92,9.9
2026-12-19T12:00,3.0,1,181.0,91,8.4
2026-12-19T13:00,3.9,1,207.0,89,8.3
2026-12-19T14:00,3.7,100,191.0,92,10.3
2026-12-19T15:00,3.6,100,84.0,93,9.7
2026-12-19T16:00,3.1,100,28.0,95,10.3
2026-12-19T17:00,2.8,100,1.0,96,11.4
2026-12-19T18:00,2.6,100,0.0,97,10.7
2026-12-19T19:00,2.5,100,0.0,98,10.4
2026-12-19T20:00,1.9,100,0.0,99,11.2
2026-12-19T21:00,1.8,100,0.0,99,10.5
2026-12-19T22:00,1.6,90,0.0,99,9.9
2026-12-19T23:00,1.2,21,0.0,98,9.1
2026-12-20T00:00,0.9,3,0.0,97,9.4
2026-12-20T01:00,0.7,0,0.0,98,9.9
2026-12-20T02:00,0.5,16,0.0,99,10.3
2026-12-20T03:00,0.2,15,0.0,99,9.2
2026-12-20T04:00,0.1,24,0.0,99,8.3
2026-12-20T05:00,-0.1,100,0.0,99,8.7
2026-12-20T06:00,0.4,100,0.0,100,8.4
2026-12-20T07:00,0.8,100,0.0,100,8.3
2026-12-20T08:00,1.3,100,0.0,100,8.0
2026-12-20T09:00,1.3,100,0.0,100,7.1
2026-12-20T10:00,1.9,100,20.0,99,7.3
2026-12-20T11:00,2.2,100,49.0,99,6.3
2026-12-20T12:00,2.8,100,77.0,98,6.9
2026-12-20T13:00,3.5,100,91.0,95,7.3
2026-12-20T14:00,3.9,100,61.0,94,6.0
2026-12-20T15:00,4.3,100,58.0,94,6.2
2026-12-20T16:00,3.9,100,15.0,96,3.3
2026-12-20T17:00,3.9,100,0.0,96,3.2
2026-12-20T18:00,3.7,100,0.0,97,4.3
2026-12-20T19:00,3.6,100,0.0,98,4.9
2026-12-20T20:00,3.7,100,0.0,99,4.7
2026-12-20T21:00,3.7,100,0.0,100,4.0
2026-12-20T22:00,3.6,100,0.0,99,5.6
2026-12-20T23:00,3.6,100,0.0,100,5.7
2026-12-21T00:00,3.5,100,0.0,100,5.6
2026-12-21T01:00,3.4,100,0.0,100,6.3
2026-12-21T02:00,3.7,100,0.0,100,6.7
2026-12-21T03:00,3.4,100,0.0,100,5.9
2026-12-21T04:00,3.1,100,0.0,99,6.1
2026-12-21T05:00,2.7,100,0.0,100,5.8
2026-12-21T06:00,2.5,100,0.0,100,5.2
2026-12-21T07:00,2.2,100,0.0,100,4.4
2026-12-21T08:00,2.2,100,0.0,99,4.9
2026-12-21T09:00,2.0,100,0.0,99,4.3
2026-12-21T10:00,1.9,100,11.0,99,4.5
2026-12-21T11:00,2.0,100,35.0,98,2.6
2026-12-21T12:00,2.0,100,59.0,98,1.8
2026-12-21T13:00,1.9,100,44.0,98,2.2
2026-12-21T14:00,1.8,100,58.0,99,3.1
2026-12-21T15:00,2.0,100,27.0,97,3.1
2026-12-21T16:00,2.0,100,14.0,97,3.6
2026-12-21T17:00,1.8,100,1.0,96,3.3
2026-12-21T18:00,1.7,100,0.0,95,2.4
2026-12-21T19:00,1.6,100,0.0,94,2.2
2026-12-21T20:00,1.6,100,0.0,97,2.2
2026-12-21T21:00,1.8,100,0.0,96,2.3
2026-12-21T22:00,1.8,100,0.0,90,2.3
2026-12-21T23:00,1.6,93,0.0,91,3.9
2026-12-22T00:00,1.4,100,0.0,93,5.4
2026-12-22T01:00,1.4,100,0.0,91,4.8
2026-12-22T02:00,1.7,100,0.0,91,1.1
2026-12-22T03:00,1.7,100,0.0,91,1.6
2026-12-22T04:00,1.7,100,0.0,92,4.4
2026-12-22T05:00,1.7,100,0.0,92,2.8
2026-12-22T06:00,1.7,100,0.0,92,2.6
2026-12-22T07:00,1.3,100,0.0,94,2.7
2026-12-22T08:00,1.4,100,0.0,94,1.8
2026-12-22T09:00,1.5,100,0.0,93,2.4
2026-12-22T10:00,1.8,100,20.0,92,2.6
2026-12-22T11:00,2.3,100,54.0,89,2.3
2026-12-22T12:00,2.7,100,81.0,86,3.3
2026-12-22T13:00,3.2,100,122.0,81,7.0
2026-12-22T14:00,2.8,100,74.0,85,8.3
2026-12-22T15:00,2.9,100,61.0,82,8.4
2026-12-22T16:00,2.7,100,18.0,83,5.5
2026-12-22T17:00,2.5,100,1.0,83,6.5
2026-12-22T18:00,2.3,100,0.0,83,7.2
2026-12-22T19:00,2.1,100,0.0,82,7.3
2026-12-22T20:00,2.0,100,0.0,80,7.1
2026-12-22T21:00,1.5,100,0.0,82,6.5
2026-12-22T22:00,1.3,100,0.0,83,6.3
2026-12-22T23:00,1.1,100,0.0,85,5.6
2026-12-23T00:00,1.2,100,0.0,85,4.5
2026-12-23T01:00,1.2,100,0.0,86,5.1
2026-12-23T02:00,1.3,100,0.0,84,5.4
2026-12-23T03:00,1.3,100,0.0,82,5.4
2026-12-23T04:00,1.4,100,0.0,81,4.9
2026-12-23T05:00,1.3,100,0.0,83,4.4
2026-12-23T06:00,1.3,100,0.0,84,3.8
2026-12-23T07:00,1.3,99,0.0,88,4.8
2026-12-23T08:00,1.5,63,0.0,91,7.8
2026-12-23T09:00,1.1,70,0.0,94,9.3
2026-12-23T10:00,1.3,79,28.0,91,9.0
2026-12-23T11:00,2.2,82,71.0,81,9.0
2026-12-23T12:00,2.6,100,119.0,76,7.2
2026-12-23T13:00,2.9,98,121.0,73,8.2
2026-12-23T14:00,2.6,100,117.0,80,10.5
2026-12-23T15:00,2.3,95,45.0,81,9.5
2026-12-23T16:00,1.7,93,32.0,85,8.7
2026-12-23T17:00,0.8,70,1.0,91,10.7
2026-12-23T18:00,0.8,100,0.0,90,12.5
2026-12-23T19:00,1.1,100,0.0,86,13.8
2026-12-23T20:00,0.2,95,0.0,89,13.6
2026-12-23T21:00,-0.1,85,0.0,87,12.7
2026-12-23T22:00,-0.3,97,0.0,86,11.8
2026-12-23T23:00,-0.4,100,0.0,81,13.2
2026-12-24T00:00,-1.1,100,0.0,74,14.3
2026-12-24T01:00,-1.9,100,0.0,73,14.7
2026-12-24T02:00,-3.0,61,0.0,72,15.2
2026-12-24T03:00,-5.5,0,0.0,73,14.6
2026-12-24T04:00,-6.8,5,0.0,73,12.7
2026-12-24T05:00,-6.8,99,0.0,72,10.4
2026-12-24T06:00,-6.0,100,0.0,67,11.5
2026-12-24T07:00,-6.0,42,0.0,64,13.4
2026-12-24T08:00,-6.9,95,0.0,74,12.4
2026-12-24T09:00,-7.6,92,0.0,74,12.6
2026-12-24T10:00,-7.8,100,39.0,74,12.2
2026-12-24T11:00,-7.3,100,103.0,70,12.3
2026-12-24T12:00,-6.8,98,155.0,65,11.8
2026-12-24T13:00,-6.3,4,187.0,61,11.0
2026-12-24T14:00,-6.1,81,207.0,65,11.5
2026-12-24T15:00,-6.1,100,101.0,65,11.5
2026-12-24T16:00,-6.2,66,43.0,65,11.4
2026-12-24T17:00,-6.6,6,3.0,67,10.6
2026-12-24T18:00,-7.2,1,0.0,70,9.5
2026-12-24T19:00,-7.6,2,0.0,70,9.3
2026-12-24T20:00,-8.3,4,0.0,75,9.8
2026-12-24T21:00,-8.8,4,0.0,77,7.9
2026-12-24T22:00,-9.1,5,0.0,77,7.6
2026-12-24T23:00,-9.2,2,0.0,77,7.2
2026-12-25T00:00,-9.4,0,0.0,78,7.1
2026-12-25T01:00,-9.6,0,0.0,79,7.0
2026-12-25T02:00,-9.6,0,0.0,80,8.0
2026-12-25T03:00,-10.0,0,0.0,81,7.2
2026-12-25T04:00,-10.1,0,0.0,81,6.9
2026-12-25T05:00,-10.2,0,0.0,81,6.6
2026-12-25T06:00,-10.2,0,0.0,81,6.6
2026-12-25T07:00,-10.3,0,0.0,81,6.4
2026-12-25T08:00,-11.1,0,0.0,83,6.9
2026-12-25T09:00,-11.3,0,0.0,85,6.3
2026-12-25T10:00,-10.6,0,48.0,80,5.0
2026-12-25T11:00,-9.4,0,134.0,73,4.0
2026-12-25T12:00,-8.1,0,199.0,66,3.7
2026-12-25T13:00,-7.0,0,225.0,60,2.7
2026-12-25T14:00,-5.8,73,208.0,57,3.1
2026-12-25T15:00,-5.4,66,149.0,53,2.2
2026-12-25T16:00,-5.9,35,65.0,58,0.8
2026-12-25T17:00,-6.7,73,4.0,60,2.2
2026-12-25T18:00,-7.0,70,0.0,64,1.3
2026-12-25T19:00,-7.2,91,0.0,65,4.1
2026-12-25T20:00,-7.7,100,0.0,72,6.8
2026-12-25T21:00,-8.2,100,0.0,76,7.8
2026-12-25T22:00,-8.2,100,0.0,77,9.3
2026-12-25T23:00,-8.0,100,0.0,79,10.9
2026-12-26T00:00,-7.9,100,0.0,81,11.6
2026-12-26T01:00,-7.6,100,0.0,79,12.2
2026-12-26T02:00,-6.9,100,0.0,74,13.0
2026-12-26T03:00,-6.8,100,0.0,74,11.4
2026-12-26T04:00,-6.7,100,0.0,76,9.5
2026-12-26T05:00,-5.6,100,0.0,69,10.9
2026-12-26T06:00,-4.9,100,0.0,64,10.9
2026-12-26T07:00,-4.3,87,0.0,61,11.1
2026-12-26T08:00,-4.6,31,0.0,74,13.8
2026-12-26T09:00,-4.9,100,0.0,78,12.6
2026-12-26T10:00,-3.3,100,24.0,80,14.7
2026-12-26T11:00,-2.7,100,45.0,79,11.9
2026-12-26T12:00,-1.8,100,70.0,76,11.0
2026-12-26T13:00,-0.5,100,63.0,80,13.1
2026-12-26T14:00,-1.4,100,61.0,84,11.8
2026-12-26T15:00,-0.9,100,43.0,86,11.0
2026-12-26T16:00,-0.6,100,17.0,88,11.7
2026-12-26T17:00,-0.3,100,1.0,89,12.9
2026-12-26T18:00,0.1,100,0.0,91,12.4
2026-12-26T19:00,0.4,100,0.0,93,12.4
2026-12-26T20:00,0.1,100,0.0,98,11.6
2026-12-26T21:00,0.5,100,0.0,99,10.8
2026-12-26T22:00,0.8,100,0.0,99,11.0
2026-12-26T23:00,1.0,100,0.0,99,11.7
2026-12-27T00:00,1.1,100,0.0,99,12.6
2026-12-27T01:00,1.1,100,0.0,100,12.8
2026-12-27T02:00,0.9,100,0.0,99,12.5
2026-12-27T03:00,0.9,100,0.0,99,13.2
2026-12-27T04:00,0.9,100,0.0,99,13.9
2026-12-27T05:00,1.0,100,0.0,99,14.3
2026-12-27T06:00,1.0,100,0.0,99,14.5
2026-12-27T07:00,0.9,100,0.0,99,14.5
2026-12-27T08:00,0.7,100,0.0,99,14.9
2026-12-27T09:00,0.8,100,0.0,99,15.7
2026-12-27T10:00,0.8,100,9.0,100,16.2
2026-12-27T11:00,1.0,100,28.0,98,17.1
2026-12-27T12:00,0.9,100,37.0,99,20.7
2026-12-27T13:00,0.7,100,52.0,98,21.2
2026-12-27T14:00,-0.3,100,52.0,98,19.8
2026-12-27T15:00,-0.4,100,30.0,98,16.4
2026-12-27T16:00,-0.3,100,16.0,98,23.4
2026-12-27T17:00,-0.2,100,1.0,99,23.3
2026-12-27T18:00,-0.1,100,0.0,99,21.7
2026-12-27T19:00,0.3,100,0.0,98,20.0
2026-12-27T20:00,0.5,100,0.0,98,20.2
2026-12-27T21:00,1.3,63,0.0,97,20.9
2026-12-27T22:00,1.3,48,0.0,94,20.9
2026-12-27T23:00,1.0,60,0.0,92,20.5
2026-12-28T00:00,0.7,51,0.0,89,18.9
2026-12-28T01:00,0.6,100,0.0,83,18.6
2026-12-28T02:00,1.4,91,0.0,78,20.0
2026-12-28T03:00,2.0,25,0.0,71,21.1
2026-12-28T04:00,1.6,28,0.0,68,19.8
2026-12-28T05:00,1.5,44,0.0,66,20.7
2026-12-28T06:00,1.6,17,0.0,66,20.2
2026-12-28T07:00,1.6,88,0.0,67,20.4
2026-12-28T08:00,2.0,99,0.0,71,22.0
2026-12-28T09:00,2.2,99,0.0,71,22.9
2026-12-28T10:00,2.3,91,27.0,70,21.8
2026-12-28T11:00,2.8,100,69.0,66,22.2
2026-12-28T12:00,2.7,100,44.0,65,20.5
2026-12-28T13:00,2.9,99,53.0,62,19.9
2026-12-28T14:00,2.7,100,82.0,62,21.9
2026-12-28T15:00,2.4,100,41.0,64,19.4
2026-12-28T16:00,2.3,100,24.0,64,19.9
2026-12-28T17:00,2.0,88,2.0,64,19.7
2026-12-28T18:00,1.7,100,0.0,66,20.6
2026-12-28T19:00,1.4,100,0.0,70,19.9
2026-12-28T20:00,1.7,100,0.0,72,18.8
2026-12-28T21:00,1.4,100,0.0,72,18.1
2026-12-28T22:00,1.0,91,0.0,72,17.3
2026-12-28T23:00,0.1,100,0.0,77,16.3
2026-12-29T00:00,-0.3,72,0.0,79,15.3
2026-12-29T01:00,-0.9,37,0.0,84,14.0
2026-12-29T02:00,-1.5,15,0.0,91,11.3
2026-12-29T03:00,-1.9,16,0.0,94,11.9
2026-12-29T04:00,-2.2,37,0.0,95,13.6
2026-12-29T05:00,-2.4,52,0.0,93,15.4
2026-12-29T06:00,-2.5,100,0.0,91,13.9
2026-12-29T07:00,-1.1,100,0.0,85,15.6
2026-12-29T08:00,-1.2,100,0.0,90,13.6
2026-12-29T09:00,-0.9,100,0.0,91,12.8
2026-12-29T10:00,-0.4,100,8.0,90,14.2
2026-12-29T11:00,0.6,100,48.0,86,15.2
2026-12-29T12:00,1.5,100,131.0,83,19.1
2026-12-29T13:00,1.7,100,92.0,82,20.1
2026-12-29T14:00,1.4,100,80.0,87,19.5
2026-12-29T15:00,1.7,100,47.0,85,16.4
2026-12-29T16:00,1.6,100,20.0,87,17.7
2026-12-29T17:00,1.5,100,2.0,88,18.2
2026-12-29T18:00,1.3,41,0.0,87,18.3
2026-12-29T19:00,0.4,88,0.0,91,18.8
2026-12-29T20:00,0.2,80,0.0,90,16.6
2026-12-29T21:00,0.2,27,0.0,91,16.0
2026-12-29T22:00,-0.7,31,0.0,91,18.8
2026-12-29T23:00,-1.4,0,0.0,81,14.9
2026-12-30T00:00,-2.0,1,0.0,76,14.2
2026-12-30T01:00,-2.4,0,0.0,73,13.8
2026-12-30T02:00,-1.9,0,0.0,65,16.4
2026-12-30T03:00,-1.8,29,0.0,62,18.6
2026-12-30T04:00,-1.8,16,0.0,62,19.8
2026-12-30T05:00,-1.9,26,0.0,62,21.0
2026-12-30T06:00,-2.3,100,0.0,64,19.2
2026-12-30T07:00,-2.3,86,0.0,63,19.8
2026-12-30T08:00,-2.6,97,0.0,76,18.8
2026-12-30T09:00,-3.4,94,0.0,65,18.3
2026-12-30T10:00,-2.9,94,34.0,71,20.1
2026-12-30T11:00,-2.3,45,111.0,74,22.3
2026-12-30T12:00,-2.1,60,201.0,70,21.5
2026-12-30T13:00,-2.0,33,211.0,65,21.8
2026-12-30T14:00,-2.0,97,199.0,69,21.2
2026-12-30T15:00,-1.8,94,72.0,74,22.3
2026-12-30T16:00,-1.9,99,58.0,70,21.3
2026-12-30T17:00,-2.3,100,4.0,68,23.2
2026-12-30T18:00,-2.6,99,0.0,66,25.7
2026-12-30T19:00,-3.3,99,0.0,61,21.5
2026-12-30T20:00,-1.6,99,0.0,82,24.8
2026-12-30T21:00,-1.6,99,0.0,84,21.7
2026-12-30T22:00,-2.2,98,0.0,80,19.4
2026-12-30T23:00,-1.9,100,0.0,84,19.0
2026-12-31T00:00,-2.1,99,0.0,83,20.6
2026-12-31T01:00,-2.5,100,0.0,81,21.5
2026-12-31T02:00,-2.5,95,0.0,87,17.6
2026-12-31T03:00,-3.1,100,0.0,80,17.1
2026-12-31T04:00,-3.0,99,0.0,82,19.6
2026-12-31T05:00,-3.3,98,0.0,82,17.6
2026-12-31T06:00,-3.8,100,0.0,81,17.1
2026-12-31T07:00,-4.3,99,0.0,81,15.4
2026-12-31T08:00,-4.1,99,0.0,78,16.3
2026-12-31T09:00,-4.6,97,0.0,80,15.9
2026-12-31T10:00,-4.6,99,33.0,81,14.6
2026-12-31T11:00,-4.2,59,74.0,81,10.9
2026-12-31T12:00,-4.2,100,196.0,81,12.4
2026-12-31T13:00,-4.2,100,186.0,80,12.3
2026-12-31T14:00,-4.3,100,140.0,81,5.2
2026-12-31T15:00,-4.6,100,73.0,82,5.9
2026-12-31T16:00,-4.6,100,42.0,84,4.7
2026-12-31T17:00,-4.3,100,3.0,89,5.3
2026-12-31T18:00,-4.4,100,0.0,90,4.4
2026-12-31T19:00,-4.2,100,0.0,91,4.5
2026-12-31T20:00,-3.6,100,0.0,92,7.9
2026-12-31T21:00,-4.2,100,0.0,90,5.0
2026-12-31T22:00,-3.9,100,0.0,88,5.0
2026-12-31T23:00,-4.3,100,0.0,89,2.0
