start,end,kind,mode,place,lat_from,lon_from,lat_to,lon_to
2026-01-01 00:00,2026-01-01 01:30,move,transit,"Home – ul. Chmielna 71, Warsaw -> Paul's flat, Prenzlauer Berg, Berlin",52.22960,21.00300,52.52765,13.39916
2026-01-01 01:30,2026-01-02 12:39,stay,place,"Paul's flat, Prenzlauer Berg, Berlin",52.52765,13.39916,52.52765,13.39916
2026-01-02 12:39,2026-01-02 13:00,move,transit,"Paul's flat, Prenzlauer Berg, Berlin -> Berlin Airport (BER)",52.52765,13.39916,52.56884,13.53146
2026-01-02 13:00,2026-01-02 14:15,stay,place,Berlin Airport (BER),52.56884,13.53146,52.56884,13.53146
2026-01-02 14:15,2026-01-02 15:35,move,flight,Berlin Airport (BER) -> Warsaw Airport (WAW),52.56884,13.53146,52.16570,20.96710
2026-01-02 15:35,2026-01-02 16:21,move,car,"Warsaw Airport (WAW) -> Home – ul. Chmielna 71, Warsaw",52.16570,20.96710,52.22960,21.00300
2026-01-02 16:21,2026-01-03 09:45,stay,home,"Home – ul. Chmielna 71, Warsaw",52.22960,21.00300,52.22960,21.00300
2026-01-03 09:45,2026-01-03 10:00,move,transit,"Home – ul. Chmielna 71, Warsaw -> Salon Fryzjerski, ul. Nowogrodzka 18",52.22960,21.00300,52.22770,21.01000
2026-01-03 10:00,2026-01-03 11:15,stay,place,"Salon Fryzjerski, ul. Nowogrodzka 18",52.22770,21.01000,52.22770,21.01000
2026-01-03 11:15,2026-01-03 11:26,move,transit,"Salon Fryzjerski, ul. Nowogrodzka 18 -> Home – ul. Chmielna 71, Warsaw",52.22770,21.01000,52.22960,21.00300
2026-01-03 11:26,2026-01-04 06:30,stay,home,"Home – ul. Chmielna 71, Warsaw",52.22960,21.00300,52.22960,21.00300
2026-01-04 06:30,2026-01-04 07:00,move,car,"Home – ul. Chmielna 71, Warsaw -> Warsaw Airport (WAW)",52.22960,21.00300,52.16570,20.96710
2026-01-04 07:00,2026-01-04 07:45,stay,place,Warsaw Airport (WAW),52.16570,20.96710,52.16570,20.96710
2026-01-04 07:45,2026-01-04 09:30,move,flight,Warsaw Airport (WAW) -> Stockholm Airport (ARN),52.16570,20.96710,59.30766,18.10594
2026-01-04 09:30,2026-01-04 09:47,move,transit,"Stockholm Airport (ARN) -> Scandic Continental, Vasagatan 22, Stockholm",59.30766,18.10594,59.33290,18.07024
2026-01-04 09:47,2026-01-04 13:14,stay,place,"Scandic Continental, Vasagatan 22, Stockholm",59.33290,18.07024,59.33290,18.07024
2026-01-04 13:14,2026-01-04 13:25,move,transit,"Scandic Continental, Vasagatan 22, Stockholm -> Nordvolt, Stockholm",59.33290,18.07024,59.32827,18.09043
2026-01-04 13:25,2026-01-04 17:05,stay,place,"Nordvolt, Stockholm",59.32827,18.09043,59.32827,18.09043
2026-01-04 17:05,2026-01-04 17:16,move,transit,"Nordvolt, Stockholm -> Scandic Continental, Vasagatan 22, Stockholm",59.32827,18.09043,59.33290,18.07024
2026-01-04 17:16,2026-01-05 09:44,stay,place,"Scandic Continental, Vasagatan 22, Stockholm",59.33290,18.07024,59.33290,18.07024
2026-01-05 09:44,2026-01-05 09:55,move,transit,"Scandic Continental, Vasagatan 22, Stockholm -> Nordvolt, Stockholm",59.33290,18.07024,59.32827,18.09043
2026-01-05 09:55,2026-01-05 16:35,stay,place,"Nordvolt, Stockholm",59.32827,18.09043,59.32827,18.09043
2026-01-05 16:35,2026-01-05 16:46,move,transit,"Nordvolt, Stockholm -> Scandic Continental, Vasagatan 22, Stockholm",59.32827,18.09043,59.33290,18.07024
2026-01-05 16:46,2026-01-06 08:34,stay,place,"Scandic Continental, Vasagatan 22, Stockholm",59.33290,18.07024,59.33290,18.07024
2026-01-06 08:34,2026-01-06 08:45,move,transit,"Scandic Continental, Vasagatan 22, Stockholm -> Nordvolt, Stockholm",59.33290,18.07024,59.32827,18.09043
2026-01-06 08:45,2026-01-06 12:30,stay,place,"Nordvolt, Stockholm",59.32827,18.09043,59.32827,18.09043
2026-01-06 12:30,2026-01-06 13:30,stay,place,"Nordvolt, Stockholm",59.32827,18.09043,59.32827,18.09043
2026-01-06 13:30,2026-01-06 13:45,move,transit,"Nordvolt, Stockholm -> Stockholm Airport (ARN)",59.32827,18.09043,59.30766,18.10594
2026-01-06 13:45,2026-01-06 15:00,stay,place,Stockholm Airport (ARN),59.30766,18.10594,59.30766,18.10594
2026-01-06 15:00,2026-01-06 16:45,move,flight,Stockholm Airport (ARN) -> Warsaw Airport (WAW),59.30766,18.10594,52.16570,20.96710
2026-01-06 16:45,2026-01-06 17:22,move,car,"Warsaw Airport (WAW) -> Home – ul. Chmielna 71, Warsaw",52.16570,20.96710,52.22960,21.00300
2026-01-06 17:22,2026-01-07 18:41,stay,home,"Home – ul. Chmielna 71, Warsaw",52.22960,21.00300,52.22960,21.00300
2026-01-07 18:41,2026-01-07 19:00,move,transit,"Home – ul. Chmielna 71, Warsaw -> Bouldering gym, ul. Puławska (Mokotów)",52.22960,21.00300,52.20290,21.02030
2026-01-07 19:00,2026-01-07 21:00,stay,place,"Bouldering gym, ul. Puławska (Mokotów)",52.20290,21.02030,52.20290,21.02030
2026-01-07 21:00,2026-01-07 21:19,move,transit,"Bouldering gym, ul. Puławska (Mokotów) -> Home – ul. Chmielna 71, Warsaw",52.20290,21.02030,52.22960,21.00300
2026-01-07 21:19,2026-01-08 07:24,stay,home,"Home – ul. Chmielna 71, Warsaw",52.22960,21.00300,52.22960,21.00300
2026-01-08 07:24,2026-01-08 07:35,move,transit,"Home – ul. Chmielna 71, Warsaw -> Warsaw Spire, pl. Europejski 1, Warsaw",52.22960,21.00300,52.23180,20.98460
2026-01-08 07:35,2026-01-08 18:12,stay,place,"Warsaw Spire, pl. Europejski 1, Warsaw",52.23180,20.98460,52.23180,20.98460
2026-01-08 18:12,2026-01-08 18:23,move,transit,"Warsaw Spire, pl. Europejski 1, Warsaw -> Home – ul. Chmielna 71, Warsaw",52.23180,20.98460,52.22960,21.00300
2026-01-08 18:23,2026-01-11 05:50,stay,home,"Home – ul. Chmielna 71, Warsaw",52.22960,21.00300,52.22960,21.00300
2026-01-11 05:50,2026-01-11 06:20,move,car,"Home – ul. Chmielna 71, Warsaw -> Warsaw Airport (WAW)",52.22960,21.00300,52.16570,20.96710
2026-01-11 06:20,2026-01-11 07:05,stay,place,Warsaw Airport (WAW),52.16570,20.96710,52.16570,20.96710
2026-01-11 07:05,2026-01-11 08:45,move,flight,Warsaw Airport (WAW) -> Hamburg Airport (HAM),52.16570,20.96710,53.61377,10.13510
2026-01-11 08:45,2026-01-11 09:08,move,transit,"Hamburg Airport (HAM) -> Superbude Hamburg St. Pauli, Hamburg",53.61377,10.13510,53.55817,9.98781
2026-01-11 09:08,2026-01-11 12:54,stay,place,"Superbude Hamburg St. Pauli, Hamburg",53.55817,9.98781,53.55817,9.98781
2026-01-11 12:54,2026-01-11 13:05,move,transit,"Superbude Hamburg St. Pauli, Hamburg -> Elbstrom, Hamburg",53.55817,9.98781,53.55099,9.97498
2026-01-11 13:05,2026-01-11 16:15,stay,place,"Elbstrom, Hamburg",53.55099,9.97498,53.55099,9.97498
2026-01-11 16:15,2026-01-11 16:26,move,transit,"Elbstrom, Hamburg -> Superbude Hamburg St. Pauli, Hamburg",53.55099,9.97498,53.55817,9.98781
2026-01-11 16:26,2026-01-12 08:34,stay,place,"Superbude Hamburg St. Pauli, Hamburg",53.55817,9.98781,53.55817,9.98781
2026-01-12 08:34,2026-01-12 08:45,move,transit,"Superbude Hamburg St. Pauli, Hamburg -> Elbstrom, Hamburg",53.55817,9.98781,53.55099,9.97498
2026-01-12 08:45,2026-01-12 15:25,stay,place,"Elbstrom, Hamburg",53.55099,9.97498,53.55099,9.97498
2026-01-12 15:25,2026-01-12 15:36,move,transit,"Elbstrom, Hamburg -> Superbude Hamburg St. Pauli, Hamburg",53.55099,9.97498,53.55817,9.98781
2026-01-12 15:36,2026-01-13 09:14,stay,place,"Superbude Hamburg St. Pauli, Hamburg",53.55817,9.98781,53.55817,9.98781
2026-01-13 09:14,2026-01-13 09:25,move,transit,"Superbude Hamburg St. Pauli, Hamburg -> Elbstrom, Hamburg",53.55817,9.98781,53.55099,9.97498
2026-01-13 09:25,2026-01-13 17:45,stay,place,"Elbstrom, Hamburg",53.55099,9.97498,53.55099,9.97498
2026-01-13 17:45,2026-01-13 17:56,move,transit,"Elbstrom, Hamburg -> Superbude Hamburg St. Pauli, Hamburg",53.55099,9.97498,53.55817,9.98781
2026-01-13 17:56,2026-01-14 08:49,stay,place,"Superbude Hamburg St. Pauli, Hamburg",53.55817,9.98781,53.55817,9.98781
2026-01-14 08:49,2026-01-14 09:00,move,transit,"Superbude Hamburg St. Pauli, Hamburg -> Elbstrom, Hamburg",53.55817,9.98781,53.55099,9.97498
2026-01-14 09:00,2026-01-14 11:35,stay,place,"Elbstrom, Hamburg",53.55099,9.97498,53.55099,9.97498
2026-01-14 11:35,2026-01-14 13:20,stay,place,"Elbstrom, Hamburg",53.55099,9.97498,53.55099,9.97498
2026-01-14 13:20,2026-01-14 13:45,move,transit,"Elbstrom, Hamburg -> Hamburg Airport (HAM)",53.55099,9.97498,53.61377,10.13510
2026-01-14 13:45,2026-01-14 15:00,stay,place,Hamburg Airport (HAM),53.61377,10.13510,53.61377,10.13510
2026-01-14 15:00,2026-01-14 16:40,move,flight,Hamburg Airport (HAM) -> Warsaw Airport (WAW),53.61377,10.13510,52.16570,20.96710
2026-01-14 16:40,2026-01-14 17:20,move,car,"Warsaw Airport (WAW) -> Home – ul. Chmielna 71, Warsaw",52.16570,20.96710,52.22960,21.00300
2026-01-14 17:20,2026-01-15 07:24,stay,home,"Home – ul. Chmielna 71, Warsaw",52.22960,21.00300,52.22960,21.00300
2026-01-15 07:24,2026-01-15 07:35,move,transit,"Home – ul. Chmielna 71, Warsaw -> Warsaw Spire, pl. Europejski 1, Warsaw",52.22960,21.00300,52.23180,20.98460
2026-01-15 07:35,2026-01-15 18:25,stay,place,"Warsaw Spire, pl. Europejski 1, Warsaw",52.23180,20.98460,52.23180,20.98460
2026-01-15 18:25,2026-01-15 18:36,move,transit,"Warsaw Spire, pl. Europejski 1, Warsaw -> Home – ul. Chmielna 71, Warsaw",52.23180,20.98460,52.22960,21.00300
2026-01-15 18:36,2026-01-15 19:13,stay,home,"Home – ul. Chmielna 71, Warsaw",52.22960,21.00300,52.22960,21.00300
2026-01-15 19:13,2026-01-15 19:30,move,transit,"Home – ul. Chmielna 71, Warsaw -> Pływalnia Inflancka",52.22960,21.00300,52.25700,20.99300
2026-01-15 19:30,2026-01-15 19:54,move,transit,"Pływalnia Inflancka -> Home – ul. Chmielna 71, Warsaw",52.25700,20.99300,52.22960,21.00300
2026-01-15 19:54,2026-01-16 19:13,stay,home,"Home – ul. Chmielna 71, Warsaw",52.22960,21.00300,52.22960,21.00300
2026-01-16 19:13,2026-01-16 19:30,move,transit,"Home – ul. Chmielna 71, Warsaw -> Filharmonia Narodowa, ul. Jasna 5",52.22960,21.00300,52.23860,21.01850
2026-01-16 19:30,2026-01-16 23:00,stay,place,"Filharmonia Narodowa, ul. Jasna 5",52.23860,21.01850,52.23860,21.01850
2026-01-16 23:00,2026-01-16 23:19,move,transit,"Filharmonia Narodowa, ul. Jasna 5 -> Home – ul. Chmielna 71, Warsaw",52.23860,21.01850,52.22960,21.00300
2026-01-16 23:19,2026-01-17 09:14,stay,home,"Home – ul. Chmielna 71, Warsaw",52.22960,21.00300,52.22960,21.00300
2026-01-17 09:14,2026-01-17 09:30,move,transit,"Home – ul. Chmielna 71, Warsaw -> Pole Mokotowskie",52.22960,21.00300,52.21160,20.99540
2026-01-17 09:30,2026-01-17 10:30,stay,place,Pole Mokotowskie,52.21160,20.99540,52.21160,20.99540
2026-01-17 10:30,2026-01-17 10:46,move,transit,"Pole Mokotowskie -> Home – ul. Chmielna 71, Warsaw",52.21160,20.99540,52.22960,21.00300
2026-01-17 10:46,2026-01-18 06:05,stay,home,"Home – ul. Chmielna 71, Warsaw",52.22960,21.00300,52.22960,21.00300
2026-01-18 06:05,2026-01-18 06:35,move,car,"Home – ul. Chmielna 71, Warsaw -> Warsaw Airport (WAW)",52.22960,21.00300,52.16570,20.96710
2026-01-18 06:35,2026-01-18 07:20,stay,place,Warsaw Airport (WAW),52.16570,20.96710,52.16570,20.96710
2026-01-18 07:20,2026-01-18 08:40,move,flight,Warsaw Airport (WAW) -> Berlin Airport (BER),52.16570,20.96710,52.56884,13.53146
2026-01-18 08:40,2026-01-18 09:03,move,transit,"Berlin Airport (BER) -> Hotel Amano, Auguststr. 43, Berlin",52.56884,13.53146,52.51050,13.39964
2026-01-18 09:03,2026-01-18 13:00,stay,place,"Hotel Amano, Auguststr. 43, Berlin",52.51050,13.39964,52.51050,13.39964
2026-01-18 13:00,2026-01-18 13:15,move,transit,"Hotel Amano, Auguststr. 43, Berlin -> Spreewerk Energie, Berlin",52.51050,13.39964,52.50965,13.43737
2026-01-18 13:15,2026-01-18 17:05,stay,place,"Spreewerk Energie, Berlin",52.50965,13.43737,52.50965,13.43737
2026-01-18 17:05,2026-01-18 17:20,move,transit,"Spreewerk Energie, Berlin -> Hotel Amano, Auguststr. 43, Berlin",52.50965,13.43737,52.51050,13.39964
2026-01-18 17:20,2026-01-19 08:40,stay,place,"Hotel Amano, Auguststr. 43, Berlin",52.51050,13.39964,52.51050,13.39964
2026-01-19 08:40,2026-01-19 08:55,move,transit,"Hotel Amano, Auguststr. 43, Berlin -> Spreewerk Energie, Berlin",52.51050,13.39964,52.50965,13.43737
2026-01-19 08:55,2026-01-19 16:45,stay,place,"Spreewerk Energie, Berlin",52.50965,13.43737,52.50965,13.43737
2026-01-19 16:45,2026-01-19 17:00,move,transit,"Spreewerk Energie, Berlin -> Hotel Amano, Auguststr. 43, Berlin",52.50965,13.43737,52.51050,13.39964
2026-01-19 17:00,2026-01-20 08:30,stay,place,"Hotel Amano, Auguststr. 43, Berlin",52.51050,13.39964,52.51050,13.39964
2026-01-20 08:30,2026-01-20 08:45,move,transit,"Hotel Amano, Auguststr. 43, Berlin -> Spreewerk Energie, Berlin",52.51050,13.39964,52.50965,13.43737
2026-01-20 08:45,2026-01-20 12:50,stay,place,"Spreewerk Energie, Berlin",52.50965,13.43737,52.50965,13.43737
2026-01-20 12:50,2026-01-20 13:45,stay,place,"Spreewerk Energie, Berlin",52.50965,13.43737,52.50965,13.43737
2026-01-20 13:45,2026-01-20 14:05,move,transit,"Spreewerk Energie, Berlin -> Berlin Airport (BER)",52.50965,13.43737,52.56884,13.53146
2026-01-20 14:05,2026-01-20 15:20,stay,place,Berlin Airport (BER),52.56884,13.53146,52.56884,13.53146
2026-01-20 15:20,2026-01-20 16:40,move,flight,Berlin Airport (BER) -> Warsaw Airport (WAW),52.56884,13.53146,52.16570,20.96710
2026-01-20 16:40,2026-01-20 17:25,move,car,"Warsaw Airport (WAW) -> Home – ul. Chmielna 71, Warsaw",52.16570,20.96710,52.22960,21.00300
2026-01-20 17:25,2026-01-21 07:50,stay,home,"Home – ul. Chmielna 71, Warsaw",52.22960,21.00300,52.22960,21.00300
2026-01-21 07:50,2026-01-21 08:01,move,transit,"Home – ul. Chmielna 71, Warsaw -> Warsaw Spire, pl. Europejski 1, Warsaw",52.22960,21.00300,52.23180,20.98460
2026-01-21 08:01,2026-01-21 18:19,stay,place,"Warsaw Spire, pl. Europejski 1, Warsaw",52.23180,20.98460,52.23180,20.98460
2026-01-21 18:19,2026-01-21 18:30,move,transit,"Warsaw Spire, pl. Europejski 1, Warsaw -> Home – ul. Chmielna 71, Warsaw",52.23180,20.98460,52.22960,21.00300
2026-01-21 18:30,2026-01-21 18:40,stay,home,"Home – ul. Chmielna 71, Warsaw",52.22960,21.00300,52.22960,21.00300
2026-01-21 18:40,2026-01-21 19:00,move,transit,"Home – ul. Chmielna 71, Warsaw -> Bouldering gym, ul. Puławska (Mokotów)",52.22960,21.00300,52.20290,21.02030
2026-01-21 19:00,2026-01-21 21:00,stay,place,"Bouldering gym, ul. Puławska (Mokotów)",52.20290,21.02030,52.20290,21.02030
2026-01-21 21:00,2026-01-21 21:21,move,transit,"Bouldering gym, ul. Puławska (Mokotów) -> Home – ul. Chmielna 71, Warsaw",52.20290,21.02030,52.22960,21.00300
2026-01-21 21:21,2026-01-22 07:50,stay,home,"Home – ul. Chmielna 71, Warsaw",52.22960,21.00300,52.22960,21.00300
2026-01-22 07:50,2026-01-22 08:01,move,transit,"Home – ul. Chmielna 71, Warsaw -> Warsaw Spire, pl. Europejski 1, Warsaw",52.22960,21.00300,52.23180,20.98460
2026-01-22 08:01,2026-01-22 17:13,stay,place,"Warsaw Spire, pl. Europejski 1, Warsaw",52.23180,20.98460,52.23180,20.98460
2026-01-22 17:13,2026-01-22 17:24,move,transit,"Warsaw Spire, pl. Europejski 1, Warsaw -> Home – ul. Chmielna 71, Warsaw",52.23180,20.98460,52.22960,21.00300
2026-01-22 17:24,2026-01-23 15:19,stay,home,"Home – ul. Chmielna 71, Warsaw",52.22960,21.00300,52.22960,21.00300
2026-01-23 15:19,2026-01-23 15:25,move,transit,"Home – ul. Chmielna 71, Warsaw -> Warsaw Central Station",52.22960,21.00300,52.22870,21.00330
2026-01-23 15:25,2026-01-23 15:55,stay,place,Warsaw Central Station,52.22870,21.00330,52.22870,21.00330
2026-01-23 15:55,2026-01-23 15:59,move,transit,"Warsaw Central Station -> Home – ul. Chmielna 71, Warsaw",52.22870,21.00330,52.22960,21.00300
2026-01-23 15:59,2026-01-24 19:10,stay,home,"Home – ul. Chmielna 71, Warsaw",52.22960,21.00300,52.22960,21.00300
2026-01-24 19:10,2026-01-24 19:30,move,transit,"Home – ul. Chmielna 71, Warsaw -> Nolita, ul. Wilcza 46",52.22960,21.00300,52.22350,21.01940
2026-01-24 19:30,2026-01-24 22:30,stay,place,"Nolita, ul. Wilcza 46",52.22350,21.01940,52.22350,21.01940
2026-01-24 22:30,2026-01-24 22:46,move,transit,"Nolita, ul. Wilcza 46 -> Home – ul. Chmielna 71, Warsaw",52.22350,21.01940,52.22960,21.00300
2026-01-24 22:46,2026-01-24 23:16,stay,home,"Home – ul. Chmielna 71, Warsaw",52.22960,21.00300,52.22960,21.00300
2026-01-24 23:16,2026-01-24 23:30,move,transit,"Home – ul. Chmielna 71, Warsaw -> Kino Muranów",52.22960,21.00300,52.24960,20.99890
2026-01-24 23:30,2026-01-24 23:47,move,transit,"Kino Muranów -> Home – ul. Chmielna 71, Warsaw",52.24960,20.99890,52.22960,21.00300
2026-01-24 23:47,2026-01-25 01:12,stay,home,"Home – ul. Chmielna 71, Warsaw",52.22960,21.00300,52.22960,21.00300
2026-01-25 01:12,2026-01-25 01:30,move,transit,"Home – ul. Chmielna 71, Warsaw -> Tomek's flat, Praga",52.22960,21.00300,52.25000,21.04500
2026-01-25 01:30,2026-01-25 01:53,move,transit,"Tomek's flat, Praga -> Home – ul. Chmielna 71, Warsaw",52.25000,21.04500,52.22960,21.00300
2026-01-25 01:53,2026-01-26 18:17,stay,home,"Home – ul. Chmielna 71, Warsaw",52.22960,21.00300,52.22960,21.00300
2026-01-26 18:17,2026-01-26 18:30,move,transit,"Home – ul. Chmielna 71, Warsaw -> Joga Studio, ul. Mokotowska 51",52.22960,21.00300,52.22260,21.01770
2026-01-26 18:30,2026-01-26 19:30,stay,place,"Joga Studio, ul. Mokotowska 51",52.22260,21.01770,52.22260,21.01770
2026-01-26 19:30,2026-01-26 19:44,move,transit,"Joga Studio, ul. Mokotowska 51 -> Home – ul. Chmielna 71, Warsaw",52.22260,21.01770,52.22960,21.00300
2026-01-26 19:44,2026-01-28 05:25,stay,home,"Home – ul. Chmielna 71, Warsaw",52.22960,21.00300,52.22960,21.00300
2026-01-28 05:25,2026-01-28 05:55,move,car,"Home – ul. Chmielna 71, Warsaw -> Warsaw Airport (WAW)",52.22960,21.00300,52.16570,20.96710
2026-01-28 05:55,2026-01-28 06:40,stay,place,Warsaw Airport (WAW),52.16570,20.96710,52.16570,20.96710
2026-01-28 06:40,2026-01-28 08:25,move,flight,Warsaw Airport (WAW) -> Stockholm Airport (ARN),52.16570,20.96710,59.30766,18.10594
2026-01-28 08:25,2026-01-28 08:42,move,transit,"Stockholm Airport (ARN) -> Scandic Continental, Vasagatan 22, Stockholm",59.30766,18.10594,59.33290,18.07024
2026-01-28 08:42,2026-01-28 13:29,stay,place,"Scandic Continental, Vasagatan 22, Stockholm",59.33290,18.07024,59.33290,18.07024
2026-01-28 13:29,2026-01-28 13:40,move,transit,"Scandic Continental, Vasagatan 22, Stockholm -> Nordvolt, Stockholm",59.33290,18.07024,59.32827,18.09043
2026-01-28 13:40,2026-01-28 17:30,stay,place,"Nordvolt, Stockholm",59.32827,18.09043,59.32827,18.09043
2026-01-28 17:30,2026-01-28 17:41,move,transit,"Nordvolt, Stockholm -> Scandic Continental, Vasagatan 22, Stockholm",59.32827,18.09043,59.33290,18.07024
2026-01-28 17:41,2026-01-29 08:59,stay,place,"Scandic Continental, Vasagatan 22, Stockholm",59.33290,18.07024,59.33290,18.07024
2026-01-29 08:59,2026-01-29 09:10,move,transit,"Scandic Continental, Vasagatan 22, Stockholm -> Nordvolt, Stockholm",59.33290,18.07024,59.32827,18.09043
2026-01-29 09:10,2026-01-29 16:45,stay,place,"Nordvolt, Stockholm",59.32827,18.09043,59.32827,18.09043
2026-01-29 16:45,2026-01-29 16:56,move,transit,"Nordvolt, Stockholm -> Scandic Continental, Vasagatan 22, Stockholm",59.32827,18.09043,59.33290,18.07024
2026-01-29 16:56,2026-01-29 19:15,stay,place,"Scandic Continental, Vasagatan 22, Stockholm",59.33290,18.07024,59.33290,18.07024
2026-01-29 19:15,2026-01-29 19:30,move,transit,"Scandic Continental, Vasagatan 22, Stockholm -> Restaurant, Stockholm",59.33290,18.07024,59.31142,18.07516
2026-01-29 19:30,2026-01-29 22:11,stay,place,"Restaurant, Stockholm",59.31142,18.07516,59.31142,18.07516
2026-01-29 22:11,2026-01-29 22:26,move,transit,"Restaurant, Stockholm -> Scandic Continental, Vasagatan 22, Stockholm",59.31142,18.07516,59.33290,18.07024
2026-01-29 22:26,2026-01-30 08:39,stay,place,"Scandic Continental, Vasagatan 22, Stockholm",59.33290,18.07024,59.33290,18.07024
2026-01-30 08:39,2026-01-30 08:50,move,transit,"Scandic Continental, Vasagatan 22, Stockholm -> Nordvolt, Stockholm",59.33290,18.07024,59.32827,18.09043
2026-01-30 08:50,2026-01-30 13:10,stay,place,"Nordvolt, Stockholm",59.32827,18.09043,59.32827,18.09043
2026-01-30 13:10,2026-01-30 14:10,stay,place,"Nordvolt, Stockholm",59.32827,18.09043,59.32827,18.09043
2026-01-30 14:10,2026-01-30 14:25,move,transit,"Nordvolt, Stockholm -> Stockholm Airport (ARN)",59.32827,18.09043,59.30766,18.10594
2026-01-30 14:25,2026-01-30 15:40,stay,place,Stockholm Airport (ARN),59.30766,18.10594,59.30766,18.10594
2026-01-30 15:40,2026-01-30 17:25,move,flight,Stockholm Airport (ARN) -> Warsaw Airport (WAW),59.30766,18.10594,52.16570,20.96710
2026-01-30 17:25,2026-01-30 18:04,move,car,"Warsaw Airport (WAW) -> Home – ul. Chmielna 71, Warsaw",52.16570,20.96710,52.22960,21.00300
2026-01-30 18:04,2026-02-02 05:25,stay,home,"Home – ul. Chmielna 71, Warsaw",52.22960,21.00300,52.22960,21.00300
2026-02-02 05:25,2026-02-02 05:55,move,car,"Home – ul. Chmielna 71, Warsaw -> Warsaw Airport (WAW)",52.22960,21.00300,52.16570,20.96710
2026-02-02 05:55,2026-02-02 06:40,stay,place,Warsaw Airport (WAW),52.16570,20.96710,52.16570,20.96710
2026-02-02 06:40,2026-02-02 08:00,move,flight,Warsaw Airport (WAW) -> Prague Airport (PRG),52.16570,20.96710,50.07409,14.54986
2026-02-02 08:00,2026-02-02 08:21,move,transit,"Prague Airport (PRG) -> Hotel Josef, Rybná 20, Prague",50.07409,14.54986,50.08803,14.41269
2026-02-02 08:21,2026-02-02 13:33,stay,place,"Hotel Josef, Rybná 20, Prague",50.08803,14.41269,50.08803,14.41269
2026-02-02 13:33,2026-02-02 13:45,move,transit,"Hotel Josef, Rybná 20, Prague -> Vltava Energo, Prague",50.08803,14.41269,50.07854,14.42956
2026-02-02 13:45,2026-02-02 16:55,stay,place,"Vltava Energo, Prague",50.07854,14.42956,50.07854,14.42956
2026-02-02 16:55,2026-02-02 17:07,move,transit,"Vltava Energo, Prague -> Hotel Josef, Rybná 20, Prague",50.07854,14.42956,50.08803,14.41269
2026-02-02 17:07,2026-02-03 09:08,stay,place,"Hotel Josef, Rybná 20, Prague",50.08803,14.41269,50.08803,14.41269
2026-02-03 09:08,2026-02-03 09:20,move,transit,"Hotel Josef, Rybná 20, Prague -> Vltava Energo, Prague",50.08803,14.41269,50.07854,14.42956
2026-02-03 09:20,2026-02-03 18:05,stay,place,"Vltava Energo, Prague",50.07854,14.42956,50.07854,14.42956
2026-02-03 18:05,2026-02-03 18:47,stay,place,"Vltava Energo, Prague",50.07854,14.42956,50.07854,14.42956
2026-02-03 18:47,2026-02-03 19:00,move,transit,"Vltava Energo, Prague -> Restaurant, Prague",50.07854,14.42956,50.09473,14.43861
2026-02-03 19:00,2026-02-03 20:15,stay,place,"Restaurant, Prague",50.09473,14.43861,50.09473,14.43861
2026-02-03 20:15,2026-02-03 20:28,move,transit,"Restaurant, Prague -> Hotel Josef, Rybná 20, Prague",50.09473,14.43861,50.08803,14.41269
2026-02-03 20:28,2026-02-04 08:53,stay,place,"Hotel Josef, Rybná 20, Prague",50.08803,14.41269,50.08803,14.41269
2026-02-04 08:53,2026-02-04 09:05,move,transit,"Hotel Josef, Rybná 20, Prague -> Vltava Energo, Prague",50.08803,14.41269,50.07854,14.42956
2026-02-04 09:05,2026-02-04 16:50,stay,place,"Vltava Energo, Prague",50.07854,14.42956,50.07854,14.42956
2026-02-04 16:50,2026-02-04 18:47,stay,place,"Vltava Energo, Prague",50.07854,14.42956,50.07854,14.42956
2026-02-04 18:47,2026-02-04 19:00,move,transit,"Vltava Energo, Prague -> Restaurant, Prague",50.07854,14.42956,50.09473,14.43861
2026-02-04 19:00,2026-02-04 21:21,stay,place,"Restaurant, Prague",50.09473,14.43861,50.09473,14.43861
2026-02-04 21:21,2026-02-04 21:34,move,transit,"Restaurant, Prague -> Hotel Josef, Rybná 20, Prague",50.09473,14.43861,50.08803,14.41269
2026-02-04 21:34,2026-02-05 08:33,stay,place,"Hotel Josef, Rybná 20, Prague",50.08803,14.41269,50.08803,14.41269
2026-02-05 08:33,2026-02-05 08:45,move,transit,"Hotel Josef, Rybná 20, Prague -> Vltava Energo, Prague",50.08803,14.41269,50.07854,14.42956
2026-02-05 08:45,2026-02-05 11:40,stay,place,"Vltava Energo, Prague",50.07854,14.42956,50.07854,14.42956
2026-02-05 11:40,2026-02-05 13:26,stay,place,"Vltava Energo, Prague",50.07854,14.42956,50.07854,14.42956
2026-02-05 13:26,2026-02-05 13:45,move,transit,"Vltava Energo, Prague -> Prague Airport (PRG)",50.07854,14.42956,50.07409,14.54986
2026-02-05 13:45,2026-02-05 15:00,stay,place,Prague Airport (PRG),50.07409,14.54986,50.07409,14.54986
2026-02-05 15:00,2026-02-05 16:20,move,flight,Prague Airport (PRG) -> Warsaw Airport (WAW),50.07409,14.54986,52.16570,20.96710
2026-02-05 16:20,2026-02-05 17:03,move,car,"Warsaw Airport (WAW) -> Home – ul. Chmielna 71, Warsaw",52.16570,20.96710,52.22960,21.00300
2026-02-05 17:03,2026-02-07 09:08,stay,home,"Home – ul. Chmielna 71, Warsaw",52.22960,21.00300,52.22960,21.00300
2026-02-07 09:08,2026-02-07 09:30,move,transit,"Home – ul. Chmielna 71, Warsaw -> Pole Mokotowskie",52.22960,21.00300,52.21160,20.99540
2026-02-07 09:30,2026-02-07 10:30,stay,place,Pole Mokotowskie,52.21160,20.99540,52.21160,20.99540
2026-02-07 10:30,2026-02-07 10:46,move,transit,"Pole Mokotowskie -> Home – ul. Chmielna 71, Warsaw",52.21160,20.99540,52.22960,21.00300
2026-02-07 10:46,2026-02-07 11:00,move,transit,"Home – ul. Chmielna 71, Warsaw -> Hala Koszyki, ul. Koszykowa 63",52.22960,21.00300,52.22660,21.01920
2026-02-07 11:00,2026-02-07 13:00,stay,place,"Hala Koszyki, ul. Koszykowa 63",52.22660,21.01920,52.22660,21.01920
2026-02-07 13:00,2026-02-07 13:12,move,transit,"Hala Koszyki, ul. Koszykowa 63 -> Home – ul. Chmielna 71, Warsaw",52.22660,21.01920,52.22960,21.00300
2026-02-07 13:12,2026-02-09 05:25,stay,home,"Home – ul. Chmielna 71, Warsaw",52.22960,21.00300,52.22960,21.00300
2026-02-09 05:25,2026-02-09 05:55,move,car,"Home – ul. Chmielna 71, Warsaw -> Warsaw Airport (WAW)",52.22960,21.00300,52.16570,20.96710
2026-02-09 05:55,2026-02-09 06:40,stay,place,Warsaw Airport (WAW),52.16570,20.96710,52.16570,20.96710
2026-02-09 06:40,2026-02-09 08:35,move,flight,Warsaw Airport (WAW) -> Essen Airport (DUS),52.16570,20.96710,51.55941,7.03083
2026-02-09 08:35,2026-02-09 08:59,move,transit,"Essen Airport (DUS) -> Mintrops Stadt Hotel Margarethenhöhe, Essen",51.55941,7.03083,51.45142,7.00365
2026-02-09 08:59,2026-02-10 08:46,stay,place,"Mintrops Stadt Hotel Margarethenhöhe, Essen",51.45142,7.00365,51.45142,7.00365
2026-02-10 08:46,2026-02-10 09:00,move,transit,"Mintrops Stadt Hotel Margarethenhöhe, Essen -> Messe Essen",51.45142,7.00365,51.46409,6.98231
2026-02-10 09:00,2026-02-10 18:00,stay,place,Messe Essen,51.46409,6.98231,51.46409,6.98231
2026-02-10 18:00,2026-02-10 18:14,move,transit,"Messe Essen -> Mintrops Stadt Hotel Margarethenhöhe, Essen",51.46409,6.98231,51.45142,7.00365
2026-02-10 18:14,2026-02-11 08:47,stay,place,"Mintrops Stadt Hotel Margarethenhöhe, Essen",51.45142,7.00365,51.45142,7.00365
2026-02-11 08:47,2026-02-11 09:00,move,transit,"Mintrops Stadt Hotel Margarethenhöhe, Essen -> Messe Essen, Hall 3",51.45142,7.00365,51.46329,7.01914
2026-02-11 09:00,2026-02-11 18:00,stay,place,"Messe Essen, Hall 3",51.46329,7.01914,51.46329,7.01914
2026-02-11 18:00,2026-02-11 18:13,move,transit,"Messe Essen, Hall 3 -> Mintrops Stadt Hotel Margarethenhöhe, Essen",51.46329,7.01914,51.45142,7.00365
2026-02-11 18:13,2026-02-12 08:46,stay,place,"Mintrops Stadt Hotel Margarethenhöhe, Essen",51.45142,7.00365,51.45142,7.00365
2026-02-12 08:46,2026-02-12 09:00,move,transit,"Mintrops Stadt Hotel Margarethenhöhe, Essen -> Messe Essen",51.45142,7.00365,51.46409,6.98231
2026-02-12 09:00,2026-02-12 14:00,stay,place,Messe Essen,51.46409,6.98231,51.46409,6.98231
2026-02-12 14:00,2026-02-12 14:52,stay,place,Messe Essen,51.46409,6.98231,51.46409,6.98231
2026-02-12 14:52,2026-02-12 15:15,move,transit,Messe Essen -> Essen Airport (DUS),51.46409,6.98231,51.55941,7.03083
2026-02-12 15:15,2026-02-12 16:30,stay,place,Essen Airport (DUS),51.55941,7.03083,51.55941,7.03083
2026-02-12 16:30,2026-02-12 18:25,move,flight,Essen Airport (DUS) -> Warsaw Airport (WAW),51.55941,7.03083,52.16570,20.96710
2026-02-12 18:25,2026-02-12 18:58,move,car,"Warsaw Airport (WAW) -> Home – ul. Chmielna 71, Warsaw",52.16570,20.96710,52.22960,21.00300
2026-02-12 18:58,2026-02-13 19:12,stay,home,"Home – ul. Chmielna 71, Warsaw",52.22960,21.00300,52.22960,21.00300
2026-02-13 19:12,2026-02-13 19:30,move,transit,"Home – ul. Chmielna 71, Warsaw -> Muzeum Narodowe, Al. Jerozolimskie 3",52.22960,21.00300,52.23180,21.02470
2026-02-13 19:30,2026-02-13 23:00,stay,place,"Muzeum Narodowe, Al. Jerozolimskie 3",52.23180,21.02470,52.23180,21.02470
2026-02-13 23:00,2026-02-13 23:20,move,transit,"Muzeum Narodowe, Al. Jerozolimskie 3 -> Home – ul. Chmielna 71, Warsaw",52.23180,21.02470,52.22960,21.00300
2026-02-13 23:20,2026-02-15 06:05,stay,home,"Home – ul. Chmielna 71, Warsaw",52.22960,21.00300,52.22960,21.00300
2026-02-15 06:05,2026-02-15 06:35,move,car,"Home – ul. Chmielna 71, Warsaw -> Warsaw Airport (WAW)",52.22960,21.00300,52.16570,20.96710
2026-02-15 06:35,2026-02-15 07:20,stay,place,Warsaw Airport (WAW),52.16570,20.96710,52.16570,20.96710
2026-02-15 07:20,2026-02-15 09:30,move,flight,Warsaw Airport (WAW) -> Milan Airport (MXP),52.16570,20.96710,45.44476,9.31975
2026-02-15 09:30,2026-02-15 09:52,move,transit,"Milan Airport (MXP) -> Hotel Berna, Via Napo Torriani 18, Milan",45.44476,9.31975,45.45895,9.18897
2026-02-15 09:52,2026-02-15 13:27,stay,place,"Hotel Berna, Via Napo Torriani 18, Milan",45.45895,9.18897,45.45895,9.18897
2026-02-15 13:27,2026-02-15 13:30,move,transit,"Hotel Berna, Via Napo Torriani 18, Milan -> Rete Verde, Milan",45.45895,9.18897,45.45717,9.19136
2026-02-15 13:30,2026-02-15 16:40,stay,place,"Rete Verde, Milan",45.45717,9.19136,45.45717,9.19136
2026-02-15 16:40,2026-02-15 16:43,move,transit,"Rete Verde, Milan -> Hotel Berna, Via Napo Torriani 18, Milan",45.45717,9.19136,45.45895,9.18897
2026-02-15 16:43,2026-02-16 09:07,stay,place,"Hotel Berna, Via Napo Torriani 18, Milan",45.45895,9.18897,45.45895,9.18897
2026-02-16 09:07,2026-02-16 09:10,move,transit,"Hotel Berna, Via Napo Torriani 18, Milan -> Rete Verde, Milan",45.45895,9.18897,45.45717,9.19136
2026-02-16 09:10,2026-02-16 16:00,stay,place,"Rete Verde, Milan",45.45717,9.19136,45.45717,9.19136
2026-02-16 16:00,2026-02-16 16:03,move,transit,"Rete Verde, Milan -> Hotel Berna, Via Napo Torriani 18, Milan",45.45717,9.19136,45.45895,9.18897
2026-02-16 16:03,2026-02-16 18:49,stay,place,"Hotel Berna, Via Napo Torriani 18, Milan",45.45895,9.18897,45.45895,9.18897
2026-02-16 18:49,2026-02-16 19:00,move,transit,"Hotel Berna, Via Napo Torriani 18, Milan -> Restaurant, Milan",45.45895,9.18897,45.46169,9.17682
2026-02-16 19:00,2026-02-16 21:02,stay,place,"Restaurant, Milan",45.46169,9.17682,45.46169,9.17682
2026-02-16 21:02,2026-02-16 21:13,move,transit,"Restaurant, Milan -> Hotel Berna, Via Napo Torriani 18, Milan",45.46169,9.17682,45.45895,9.18897
2026-02-16 21:13,2026-02-17 08:42,stay,place,"Hotel Berna, Via Napo Torriani 18, Milan",45.45895,9.18897,45.45895,9.18897
2026-02-17 08:42,2026-02-17 08:45,move,transit,"Hotel Berna, Via Napo Torriani 18, Milan -> Rete Verde, Milan",45.45895,9.18897,45.45717,9.19136
2026-02-17 08:45,2026-02-17 12:50,stay,place,"Rete Verde, Milan",45.45717,9.19136,45.45717,9.19136
2026-02-17 12:50,2026-02-17 13:44,stay,place,"Rete Verde, Milan",45.45717,9.19136,45.45717,9.19136
2026-02-17 13:44,2026-02-17 14:05,move,transit,"Rete Verde, Milan -> Milan Airport (MXP)",45.45717,9.19136,45.44476,9.31975
2026-02-17 14:05,2026-02-17 15:20,stay,place,Milan Airport (MXP),45.44476,9.31975,45.44476,9.31975
2026-02-17 15:20,2026-02-17 17:30,move,flight,Milan Airport (MXP) -> Warsaw Airport (WAW),45.44476,9.31975,52.16570,20.96710
2026-02-17 17:30,2026-02-17 18:03,move,car,"Warsaw Airport (WAW) -> Home – ul. Chmielna 71, Warsaw",52.16570,20.96710,52.22960,21.00300
2026-02-17 18:03,2026-02-19 07:31,stay,home,"Home – ul. Chmielna 71, Warsaw",52.22960,21.00300,52.22960,21.00300
2026-02-19 07:31,2026-02-19 07:42,move,transit,"Home – ul. Chmielna 71, Warsaw -> Warsaw Spire, pl. Europejski 1, Warsaw",52.22960,21.00300,52.23180,20.98460
2026-02-19 07:42,2026-02-19 18:09,stay,place,"Warsaw Spire, pl. Europejski 1, Warsaw",52.23180,20.98460,52.23180,20.98460
2026-02-19 18:09,2026-02-19 18:20,move,transit,"Warsaw Spire, pl. Europejski 1, Warsaw -> Home – ul. Chmielna 71, Warsaw",52.23180,20.98460,52.22960,21.00300
2026-02-19 18:20,2026-02-19 18:30,move,transit,"Home – ul. Chmielna 71, Warsaw -> Pływalnia Inflancka",52.22960,21.00300,52.25700,20.99300
2026-02-19 18:30,2026-02-19 19:30,stay,place,Pływalnia Inflancka,52.25700,20.99300,52.25700,20.99300
2026-02-19 19:30,2026-02-19 19:54,move,transit,"Pływalnia Inflancka -> Home – ul. Chmielna 71, Warsaw",52.25700,20.99300,52.22960,21.00300
2026-02-19 19:54,2026-02-21 05:50,stay,home,"Home – ul. Chmielna 71, Warsaw",52.22960,21.00300,52.22960,21.00300
2026-02-21 05:50,2026-02-21 06:20,move,car,"Home – ul. Chmielna 71, Warsaw -> Warsaw Airport (WAW)",52.22960,21.00300,52.16570,20.96710
2026-02-21 06:20,2026-02-21 07:05,stay,place,Warsaw Airport (WAW),52.16570,20.96710,52.16570,20.96710
2026-02-21 07:05,2026-02-21 08:55,move,flight,Warsaw Airport (WAW) -> Mayrhofen Airport (MUC),52.16570,20.96710,47.17207,11.75025
2026-02-21 08:55,2026-02-21 09:15,move,transit,"Mayrhofen Airport (MUC) -> Chalet, Mayrhofen",47.17207,11.75025,47.15786,11.87186
2026-02-21 09:15,2026-02-22 09:16,stay,place,"Chalet, Mayrhofen",47.15786,11.87186,47.15786,11.87186
2026-02-22 09:16,2026-02-22 09:30,move,transit,"Chalet, Mayrhofen -> Mayrhofen",47.15786,11.87186,47.16560,11.84408
2026-02-22 09:30,2026-02-22 16:00,stay,place,Mayrhofen,47.16560,11.84408,47.16560,11.84408
2026-02-22 16:00,2026-02-22 16:14,move,transit,"Mayrhofen -> Chalet, Mayrhofen",47.16560,11.84408,47.15786,11.87186
2026-02-22 16:14,2026-02-23 09:16,stay,place,"Chalet, Mayrhofen",47.15786,11.87186,47.15786,11.87186
2026-02-23 09:16,2026-02-23 09:30,move,transit,"Chalet, Mayrhofen -> Mayrhofen",47.15786,11.87186,47.16560,11.84408
2026-02-23 09:30,2026-02-23 16:00,stay,place,Mayrhofen,47.16560,11.84408,47.16560,11.84408
2026-02-23 16:00,2026-02-23 16:14,move,transit,"Mayrhofen -> Chalet, Mayrhofen",47.16560,11.84408,47.15786,11.87186
2026-02-23 16:14,2026-02-24 09:16,stay,place,"Chalet, Mayrhofen",47.15786,11.87186,47.15786,11.87186
2026-02-24 09:16,2026-02-24 09:30,move,transit,"Chalet, Mayrhofen -> Mayrhofen",47.15786,11.87186,47.16560,11.84408
2026-02-24 09:30,2026-02-24 16:00,stay,place,Mayrhofen,47.16560,11.84408,47.16560,11.84408
2026-02-24 16:00,2026-02-24 16:14,move,transit,"Mayrhofen -> Chalet, Mayrhofen",47.16560,11.84408,47.15786,11.87186
2026-02-24 16:14,2026-02-25 09:16,stay,place,"Chalet, Mayrhofen",47.15786,11.87186,47.15786,11.87186
2026-02-25 09:16,2026-02-25 09:30,move,transit,"Chalet, Mayrhofen -> Mayrhofen",47.15786,11.87186,47.16560,11.84408
2026-02-25 09:30,2026-02-25 16:00,stay,place,Mayrhofen,47.16560,11.84408,47.16560,11.84408
2026-02-25 16:00,2026-02-25 16:14,move,transit,"Mayrhofen -> Chalet, Mayrhofen",47.16560,11.84408,47.15786,11.87186
2026-02-25 16:14,2026-02-26 09:16,stay,place,"Chalet, Mayrhofen",47.15786,11.87186,47.15786,11.87186
2026-02-26 09:16,2026-02-26 09:30,move,transit,"Chalet, Mayrhofen -> Mayrhofen",47.15786,11.87186,47.16560,11.84408
2026-02-26 09:30,2026-02-26 16:00,stay,place,Mayrhofen,47.16560,11.84408,47.16560,11.84408
2026-02-26 16:00,2026-02-26 16:14,move,transit,"Mayrhofen -> Chalet, Mayrhofen",47.16560,11.84408,47.15786,11.87186
2026-02-26 16:14,2026-02-27 09:16,stay,place,"Chalet, Mayrhofen",47.15786,11.87186,47.15786,11.87186
2026-02-27 09:16,2026-02-27 09:30,move,transit,"Chalet, Mayrhofen -> Mayrhofen",47.15786,11.87186,47.16560,11.84408
2026-02-27 09:30,2026-02-27 16:00,stay,place,Mayrhofen,47.16560,11.84408,47.16560,11.84408
2026-02-27 16:00,2026-02-27 16:14,move,transit,"Mayrhofen -> Chalet, Mayrhofen",47.16560,11.84408,47.15786,11.87186
2026-02-27 16:14,2026-02-28 12:40,stay,place,"Chalet, Mayrhofen",47.15786,11.87186,47.15786,11.87186
2026-02-28 12:40,2026-02-28 13:00,move,transit,"Chalet, Mayrhofen -> Mayrhofen Airport (MUC)",47.15786,11.87186,47.17207,11.75025
2026-02-28 13:00,2026-02-28 14:15,stay,place,Mayrhofen Airport (MUC),47.17207,11.75025,47.17207,11.75025
2026-02-28 14:15,2026-02-28 16:05,move,flight,Mayrhofen Airport (MUC) -> Warsaw Airport (WAW),47.17207,11.75025,52.16570,20.96710
2026-02-28 16:05,2026-02-28 16:41,move,car,"Warsaw Airport (WAW) -> Home – ul. Chmielna 71, Warsaw",52.16570,20.96710,52.22960,21.00300
2026-02-28 16:41,2026-03-02 05:25,stay,home,"Home – ul. Chmielna 71, Warsaw",52.22960,21.00300,52.22960,21.00300
2026-03-02 05:25,2026-03-02 05:55,move,car,"Home – ul. Chmielna 71, Warsaw -> Warsaw Airport (WAW)",52.22960,21.00300,52.16570,20.96710
2026-03-02 05:55,2026-03-02 06:40,stay,place,Warsaw Airport (WAW),52.16570,20.96710,52.16570,20.96710
2026-03-02 06:40,2026-03-02 08:45,move,flight,Warsaw Airport (WAW) -> Amsterdam Airport (AMS),52.16570,20.96710,52.31909,5.04263
2026-03-02 08:45,2026-03-02 09:11,move,transit,"Amsterdam Airport (AMS) -> Hotel V Nesplein, Amsterdam",52.31909,5.04263,52.38348,4.88019
2026-03-02 09:11,2026-03-02 13:27,stay,place,"Hotel V Nesplein, Amsterdam",52.38348,4.88019,52.38348,4.88019
2026-03-02 13:27,2026-03-02 13:40,move,transit,"Hotel V Nesplein, Amsterdam -> Polderstroom, Amsterdam",52.38348,4.88019,52.37746,4.90261
2026-03-02 13:40,2026-03-02 17:10,stay,place,"Polderstroom, Amsterdam",52.37746,4.90261,52.37746,4.90261
2026-03-02 17:10,2026-03-02 17:23,move,transit,"Polderstroom, Amsterdam -> Hotel V Nesplein, Amsterdam",52.37746,4.90261,52.38348,4.88019
2026-03-02 17:23,2026-03-03 09:12,stay,place,"Hotel V Nesplein, Amsterdam",52.38348,4.88019,52.38348,4.88019
2026-03-03 09:12,2026-03-03 09:25,move,transit,"Hotel V Nesplein, Amsterdam -> Polderstroom, Amsterdam",52.38348,4.88019,52.37746,4.90261
2026-03-03 09:25,2026-03-03 16:00,stay,place,"Polderstroom, Amsterdam",52.37746,4.90261,52.37746,4.90261
2026-03-03 16:00,2026-03-03 16:13,move,transit,"Polderstroom, Amsterdam -> Hotel V Nesplein, Amsterdam",52.37746,4.90261,52.38348,4.88019
2026-03-03 16:13,2026-03-04 09:07,stay,place,"Hotel V Nesplein, Amsterdam",52.38348,4.88019,52.38348,4.88019
2026-03-04 09:07,2026-03-04 09:20,move,transit,"Hotel V Nesplein, Amsterdam -> Polderstroom, Amsterdam",52.38348,4.88019,52.37746,4.90261
2026-03-04 09:20,2026-03-04 13:15,stay,place,"Polderstroom, Amsterdam",52.37746,4.90261,52.37746,4.90261
2026-03-04 13:15,2026-03-04 14:07,stay,place,"Polderstroom, Amsterdam",52.37746,4.90261,52.37746,4.90261
2026-03-04 14:07,2026-03-04 14:30,move,transit,"Polderstroom, Amsterdam -> Amsterdam Airport (AMS)",52.37746,4.90261,52.31909,5.04263
2026-03-04 14:30,2026-03-04 15:45,stay,place,Amsterdam Airport (AMS),52.31909,5.04263,52.31909,5.04263
2026-03-04 15:45,2026-03-04 17:50,move,flight,Amsterdam Airport (AMS) -> Warsaw Airport (WAW),52.31909,5.04263,52.16570,20.96710
2026-03-04 17:50,2026-03-04 18:20,move,car,"Warsaw Airport (WAW) -> Home – ul. Chmielna 71, Warsaw",52.16570,20.96710,52.22960,21.00300
2026-03-04 18:20,2026-03-05 08:09,stay,home,"Home – ul. Chmielna 71, Warsaw",52.22960,21.00300,52.22960,21.00300
2026-03-05 08:09,2026-03-05 08:20,move,transit,"Home – ul. Chmielna 71, Warsaw -> Warsaw Spire, pl. Europejski 1, Warsaw",52.22960,21.00300,52.23180,20.98460
2026-03-05 08:20,2026-03-05 18:21,stay,place,"Warsaw Spire, pl. Europejski 1, Warsaw",52.23180,20.98460,52.23180,20.98460
2026-03-05 18:21,2026-03-05 18:32,move,transit,"Warsaw Spire, pl. Europejski 1, Warsaw -> Home – ul. Chmielna 71, Warsaw",52.23180,20.98460,52.22960,21.00300
2026-03-05 18:32,2026-03-05 18:44,stay,home,"Home – ul. Chmielna 71, Warsaw",52.22960,21.00300,52.22960,21.00300
2026-03-05 18:44,2026-03-05 19:00,move,transit,"Home – ul. Chmielna 71, Warsaw -> Browar Warszawski",52.22960,21.00300,52.23170,20.99160
2026-03-05 19:00,2026-03-05 22:00,stay,place,Browar Warszawski,52.23170,20.99160,52.23170,20.99160
2026-03-05 22:00,2026-03-05 22:12,move,transit,"Browar Warszawski -> Home – ul. Chmielna 71, Warsaw",52.23170,20.99160,52.22960,21.00300
2026-03-05 22:12,2026-03-06 18:48,stay,home,"Home – ul. Chmielna 71, Warsaw",52.22960,21.00300,52.22960,21.00300
2026-03-06 18:48,2026-03-06 19:20,move,transit,"Home – ul. Chmielna 71, Warsaw -> Warsaw Airport (WAW)",52.22960,21.00300,52.16570,20.96710
2026-03-06 19:20,2026-03-06 20:50,stay,place,Warsaw Airport (WAW),52.16570,20.96710,52.16570,20.96710
2026-03-06 20:50,2026-03-06 21:22,move,transit,"Warsaw Airport (WAW) -> Home – ul. Chmielna 71, Warsaw",52.16570,20.96710,52.22960,21.00300
2026-03-06 21:22,2026-03-07 11:15,stay,home,"Home – ul. Chmielna 71, Warsaw",52.22960,21.00300,52.22960,21.00300
2026-03-07 11:15,2026-03-07 11:30,move,transit,"Home – ul. Chmielna 71, Warsaw -> Charlotte, pl. Zbawiciela",52.22960,21.00300,52.22000,21.01820
2026-03-07 11:30,2026-03-07 14:00,stay,place,"Charlotte, pl. Zbawiciela",52.22000,21.01820,52.22000,21.01820
2026-03-07 14:00,2026-03-07 14:12,move,transit,"Charlotte, pl. Zbawiciela -> Home – ul. Chmielna 71, Warsaw",52.22000,21.01820,52.22960,21.00300
2026-03-07 14:12,2026-03-07 18:45,stay,home,"Home – ul. Chmielna 71, Warsaw",52.22960,21.00300,52.22960,21.00300
2026-03-07 18:45,2026-03-07 19:00,move,transit,"Home – ul. Chmielna 71, Warsaw -> Nolita, ul. Wilcza 46",52.22960,21.00300,52.22350,21.01940
2026-03-07 19:00,2026-03-07 22:00,stay,place,"Nolita, ul. Wilcza 46",52.22350,21.01940,52.22350,21.01940
2026-03-07 22:00,2026-03-07 22:13,move,transit,"Nolita, ul. Wilcza 46 -> Home – ul. Chmielna 71, Warsaw",52.22350,21.01940,52.22960,21.00300
2026-03-07 22:13,2026-03-08 13:55,stay,home,"Home – ul. Chmielna 71, Warsaw",52.22960,21.00300,52.22960,21.00300
2026-03-08 13:55,2026-03-08 14:30,move,transit,"Home – ul. Chmielna 71, Warsaw -> Warsaw Airport (WAW)",52.22960,21.00300,52.16570,20.96710
2026-03-08 14:30,2026-03-08 15:00,stay,place,Warsaw Airport (WAW),52.16570,20.96710,52.16570,20.96710
2026-03-08 15:00,2026-03-08 15:29,move,transit,"Warsaw Airport (WAW) -> Home – ul. Chmielna 71, Warsaw",52.16570,20.96710,52.22960,21.00300
2026-03-08 15:29,2026-03-10 07:51,stay,home,"Home – ul. Chmielna 71, Warsaw",52.22960,21.00300,52.22960,21.00300
2026-03-10 07:51,2026-03-10 08:02,move,transit,"Home – ul. Chmielna 71, Warsaw -> Warsaw Spire, pl. Europejski 1, Warsaw",52.22960,21.00300,52.23180,20.98460
2026-03-10 08:02,2026-03-10 17:49,stay,place,"Warsaw Spire, pl. Europejski 1, Warsaw",52.23180,20.98460,52.23180,20.98460
2026-03-10 17:49,2026-03-10 18:00,move,transit,"Warsaw Spire, pl. Europejski 1, Warsaw -> Home – ul. Chmielna 71, Warsaw",52.23180,20.98460,52.22960,21.00300
2026-03-10 18:00,2026-03-10 18:46,stay,home,"Home – ul. Chmielna 71, Warsaw",52.22960,21.00300,52.22960,21.00300
2026-03-10 18:46,2026-03-10 19:00,move,transit,"Home – ul. Chmielna 71, Warsaw -> Browar Warszawski",52.22960,21.00300,52.23170,20.99160
2026-03-10 19:00,2026-03-10 22:00,stay,place,Browar Warszawski,52.23170,20.99160,52.23170,20.99160
2026-03-10 22:00,2026-03-10 22:10,move,transit,"Browar Warszawski -> Home – ul. Chmielna 71, Warsaw",52.23170,20.99160,52.22960,21.00300
2026-03-10 22:10,2026-03-11 09:25,stay,home,"Home – ul. Chmielna 71, Warsaw",52.22960,21.00300,52.22960,21.00300
2026-03-11 09:25,2026-03-11 09:55,move,car,"Home – ul. Chmielna 71, Warsaw -> Warsaw Airport (WAW)",52.22960,21.00300,52.16570,20.96710
2026-03-11 09:55,2026-03-11 10:40,stay,place,Warsaw Airport (WAW),52.16570,20.96710,52.16570,20.96710
2026-03-11 10:40,2026-03-11 12:35,move,flight,Warsaw Airport (WAW) -> Essen Airport (DUS),52.16570,20.96710,51.55941,7.03083
2026-03-11 12:35,2026-03-11 14:00,stay,place,Essen Airport (DUS),51.55941,7.03083,51.55941,7.03083
2026-03-11 14:00,2026-03-11 14:25,move,transit,"Essen Airport (DUS) -> Ruhrwatt, Essen",51.55941,7.03083,51.44729,7.00125
2026-03-11 14:25,2026-03-11 18:20,stay,place,"Ruhrwatt, Essen",51.44729,7.00125,51.44729,7.00125
2026-03-11 18:20,2026-03-11 18:29,move,transit,"Ruhrwatt, Essen -> Mintrops Stadt Hotel Margarethenhöhe, Essen",51.44729,7.00125,51.45142,7.00365
2026-03-11 18:29,2026-03-12 09:16,stay,place,"Mintrops Stadt Hotel Margarethenhöhe, Essen",51.45142,7.00365,51.45142,7.00365
2026-03-12 09:16,2026-03-12 09:25,move,transit,"Mintrops Stadt Hotel Margarethenhöhe, Essen -> Ruhrwatt, Essen",51.45142,7.00365,51.44729,7.00125
2026-03-12 09:25,2026-03-12 12:50,stay,place,"Ruhrwatt, Essen",51.44729,7.00125,51.44729,7.00125
2026-03-12 12:50,2026-03-12 13:40,stay,place,"Ruhrwatt, Essen",51.44729,7.00125,51.44729,7.00125
2026-03-12 13:40,2026-03-12 14:05,move,transit,"Ruhrwatt, Essen -> Essen Airport (DUS)",51.44729,7.00125,51.55941,7.03083
2026-03-12 14:05,2026-03-12 15:20,stay,place,Essen Airport (DUS),51.55941,7.03083,51.55941,7.03083
2026-03-12 15:20,2026-03-12 17:15,move,flight,Essen Airport (DUS) -> Warsaw Airport (WAW),51.55941,7.03083,52.16570,20.96710
2026-03-12 17:15,2026-03-12 18:03,move,car,"Warsaw Airport (WAW) -> Home – ul. Chmielna 71, Warsaw",52.16570,20.96710,52.22960,21.00300
2026-03-12 18:03,2026-03-13 19:13,stay,home,"Home – ul. Chmielna 71, Warsaw",52.22960,21.00300,52.22960,21.00300
2026-03-13 19:13,2026-03-13 19:30,move,transit,"Home – ul. Chmielna 71, Warsaw -> Filharmonia Narodowa, ul. Jasna 5",52.22960,21.00300,52.23860,21.01850
2026-03-13 19:30,2026-03-13 23:00,stay,place,"Filharmonia Narodowa, ul. Jasna 5",52.23860,21.01850,52.23860,21.01850
2026-03-13 23:00,2026-03-13 23:16,move,transit,"Filharmonia Narodowa, ul. Jasna 5 -> Home – ul. Chmielna 71, Warsaw",52.23860,21.01850,52.22960,21.00300
2026-03-13 23:16,2026-03-15 11:12,stay,home,"Home – ul. Chmielna 71, Warsaw",52.22960,21.00300,52.22960,21.00300
2026-03-15 11:12,2026-03-15 11:30,move,transit,"Home – ul. Chmielna 71, Warsaw -> Hala Koszyki, ul. Koszykowa 63",52.22960,21.00300,52.22660,21.01920
2026-03-15 11:30,2026-03-15 14:00,stay,place,"Hala Koszyki, ul. Koszykowa 63",52.22660,21.01920,52.22660,21.01920
2026-03-15 14:00,2026-03-15 14:11,move,transit,"Hala Koszyki, ul. Koszykowa 63 -> Home – ul. Chmielna 71, Warsaw",52.22660,21.01920,52.22960,21.00300
2026-03-15 14:11,2026-03-16 05:50,stay,home,"Home – ul. Chmielna 71, Warsaw",52.22960,21.00300,52.22960,21.00300
2026-03-16 05:50,2026-03-16 06:20,move,car,"Home – ul. Chmielna 71, Warsaw -> Warsaw Airport (WAW)",52.22960,21.00300,52.16570,20.96710
2026-03-16 06:20,2026-03-16 07:05,stay,place,Warsaw Airport (WAW),52.16570,20.96710,52.16570,20.96710
2026-03-16 07:05,2026-03-16 08:25,move,flight,Warsaw Airport (WAW) -> Prague Airport (PRG),52.16570,20.96710,50.07409,14.54986
2026-03-16 08:25,2026-03-16 08:46,move,transit,"Prague Airport (PRG) -> Hotel Josef, Rybná 20, Prague",50.07409,14.54986,50.08803,14.41269
2026-03-16 08:46,2026-03-16 13:38,stay,place,"Hotel Josef, Rybná 20, Prague",50.08803,14.41269,50.08803,14.41269
2026-03-16 13:38,2026-03-16 13:50,move,transit,"Hotel Josef, Rybná 20, Prague -> Vltava Energo, Prague",50.08803,14.41269,50.07854,14.42956
2026-03-16 13:50,2026-03-16 16:55,stay,place,"Vltava Energo, Prague",50.07854,14.42956,50.07854,14.42956
2026-03-16 16:55,2026-03-16 17:07,move,transit,"Vltava Energo, Prague -> Hotel Josef, Rybná 20, Prague",50.07854,14.42956,50.08803,14.41269
2026-03-16 17:07,2026-03-17 08:33,stay,place,"Hotel Josef, Rybná 20, Prague",50.08803,14.41269,50.08803,14.41269
2026-03-17 08:33,2026-03-17 08:45,move,transit,"Hotel Josef, Rybná 20, Prague -> Vltava Energo, Prague",50.08803,14.41269,50.07854,14.42956
2026-03-17 08:45,2026-03-17 15:45,stay,place,"Vltava Energo, Prague",50.07854,14.42956,50.07854,14.42956
2026-03-17 15:45,2026-03-17 15:57,move,transit,"Vltava Energo, Prague -> Hotel Josef, Rybná 20, Prague",50.07854,14.42956,50.08803,14.41269
2026-03-17 15:57,2026-03-18 09:03,stay,place,"Hotel Josef, Rybná 20, Prague",50.08803,14.41269,50.08803,14.41269
2026-03-18 09:03,2026-03-18 09:15,move,transit,"Hotel Josef, Rybná 20, Prague -> Vltava Energo, Prague",50.08803,14.41269,50.07854,14.42956
2026-03-18 09:15,2026-03-18 15:50,stay,place,"Vltava Energo, Prague",50.07854,14.42956,50.07854,14.42956
2026-03-18 15:50,2026-03-18 16:02,move,transit,"Vltava Energo, Prague -> Hotel Josef, Rybná 20, Prague",50.07854,14.42956,50.08803,14.41269
2026-03-18 16:02,2026-03-19 08:33,stay,place,"Hotel Josef, Rybná 20, Prague",50.08803,14.41269,50.08803,14.41269
2026-03-19 08:33,2026-03-19 08:45,move,transit,"Hotel Josef, Rybná 20, Prague -> Vltava Energo, Prague",50.08803,14.41269,50.07854,14.42956
2026-03-19 08:45,2026-03-19 12:45,stay,place,"Vltava Energo, Prague",50.07854,14.42956,50.07854,14.42956
2026-03-19 12:45,2026-03-19 13:41,stay,place,"Vltava Energo, Prague",50.07854,14.42956,50.07854,14.42956
2026-03-19 13:41,2026-03-19 14:00,move,transit,"Vltava Energo, Prague -> Prague Airport (PRG)",50.07854,14.42956,50.07409,14.54986
2026-03-19 14:00,2026-03-19 15:15,stay,place,Prague Airport (PRG),50.07409,14.54986,50.07409,14.54986
2026-03-19 15:15,2026-03-19 16:35,move,flight,Prague Airport (PRG) -> Warsaw Airport (WAW),50.07409,14.54986,52.16570,20.96710
2026-03-19 16:35,2026-03-19 17:05,move,car,"Warsaw Airport (WAW) -> Home – ul. Chmielna 71, Warsaw",52.16570,20.96710,52.22960,21.00300
2026-03-19 17:05,2026-03-20 19:07,stay,home,"Home – ul. Chmielna 71, Warsaw",52.22960,21.00300,52.22960,21.00300
2026-03-20 19:07,2026-03-20 19:30,move,transit,"Home – ul. Chmielna 71, Warsaw -> Klub Hydrozagadka, ul. 11 Listopada 22",52.22960,21.00300,52.25100,21.05000
2026-03-20 19:30,2026-03-20 23:00,stay,place,"Klub Hydrozagadka, ul. 11 Listopada 22",52.25100,21.05000,52.25100,21.05000
2026-03-20 23:00,2026-03-20 23:27,move,transit,"Klub Hydrozagadka, ul. 11 Listopada 22 -> Home – ul. Chmielna 71, Warsaw",52.25100,21.05000,52.22960,21.00300
2026-03-20 23:27,2026-03-21 09:51,stay,home,"Home – ul. Chmielna 71, Warsaw",52.22960,21.00300,52.22960,21.00300
2026-03-21 09:51,2026-03-21 10:00,move,transit,"Home – ul. Chmielna 71, Warsaw -> Salon Fryzjerski, ul. Nowogrodzka 18",52.22960,21.00300,52.22770,21.01000
2026-03-21 10:00,2026-03-21 11:15,stay,place,"Salon Fryzjerski, ul. Nowogrodzka 18",52.22770,21.01000,52.22770,21.01000
2026-03-21 11:15,2026-03-21 11:32,move,transit,"Salon Fryzjerski, ul. Nowogrodzka 18 -> Home – ul. Chmielna 71, Warsaw",52.22770,21.01000,52.22960,21.00300
2026-03-21 11:32,2026-03-22 06:05,stay,home,"Home – ul. Chmielna 71, Warsaw",52.22960,21.00300,52.22960,21.00300
2026-03-22 06:05,2026-03-22 06:35,move,car,"Home – ul. Chmielna 71, Warsaw -> Warsaw Airport (WAW)",52.22960,21.00300,52.16570,20.96710
2026-03-22 06:35,2026-03-22 07:20,stay,place,Warsaw Airport (WAW),52.16570,20.96710,52.16570,20.96710
2026-03-22 07:20,2026-03-22 09:45,move,flight,Warsaw Airport (WAW) -> Paris Airport (CDG),52.16570,20.96710,48.85421,2.36706
2026-03-22 09:45,2026-03-22 09:55,move,transit,"Paris Airport (CDG) -> Hôtel Le Pigalle, Paris",48.85421,2.36706,48.85993,2.36834
2026-03-22 09:55,2026-03-22 13:49,stay,place,"Hôtel Le Pigalle, Paris",48.85993,2.36834,48.85993,2.36834
2026-03-22 13:49,2026-03-22 14:05,move,transit,"Hôtel Le Pigalle, Paris -> Lumière Réseau, Paris",48.85993,2.36834,48.83913,2.34230
2026-03-22 14:05,2026-03-22 18:00,stay,place,"Lumière Réseau, Paris",48.83913,2.34230,48.83913,2.34230
2026-03-22 18:00,2026-03-22 18:16,move,transit,"Lumière Réseau, Paris -> Hôtel Le Pigalle, Paris",48.83913,2.34230,48.85993,2.36834
2026-03-22 18:16,2026-03-23 09:04,stay,place,"Hôtel Le Pigalle, Paris",48.85993,2.36834,48.85993,2.36834
2026-03-23 09:04,2026-03-23 09:20,move,transit,"Hôtel Le Pigalle, Paris -> Lumière Réseau, Paris",48.85993,2.36834,48.83913,2.34230
2026-03-23 09:20,2026-03-23 16:30,stay,place,"Lumière Réseau, Paris",48.83913,2.34230,48.83913,2.34230
2026-03-23 16:30,2026-03-23 16:46,move,transit,"Lumière Réseau, Paris -> Hôtel Le Pigalle, Paris",48.83913,2.34230,48.85993,2.36834
2026-03-23 16:46,2026-03-24 08:34,stay,place,"Hôtel Le Pigalle, Paris",48.85993,2.36834,48.85993,2.36834
2026-03-24 08:34,2026-03-24 08:50,move,transit,"Hôtel Le Pigalle, Paris -> Lumière Réseau, Paris",48.85993,2.36834,48.83913,2.34230
2026-03-24 08:50,2026-03-24 12:35,stay,place,"Lumière Réseau, Paris",48.83913,2.34230,48.83913,2.34230
2026-03-24 12:35,2026-03-24 13:35,stay,place,"Lumière Réseau, Paris",48.83913,2.34230,48.83913,2.34230
2026-03-24 13:35,2026-03-24 13:50,move,transit,"Lumière Réseau, Paris -> Paris Airport (CDG)",48.83913,2.34230,48.85421,2.36706
2026-03-24 13:50,2026-03-24 15:05,stay,place,Paris Airport (CDG),48.85421,2.36706,48.85421,2.36706
2026-03-24 15:05,2026-03-24 17:30,move,flight,Paris Airport (CDG) -> Warsaw Airport (WAW),48.85421,2.36706,52.16570,20.96710
2026-03-24 17:30,2026-03-24 18:08,move,car,"Warsaw Airport (WAW) -> Home – ul. Chmielna 71, Warsaw",52.16570,20.96710,52.22960,21.00300
2026-03-24 18:08,2026-03-25 07:47,stay,home,"Home – ul. Chmielna 71, Warsaw",52.22960,21.00300,52.22960,21.00300
2026-03-25 07:47,2026-03-25 07:58,move,transit,"Home – ul. Chmielna 71, Warsaw -> Warsaw Spire, pl. Europejski 1, Warsaw",52.22960,21.00300,52.23180,20.98460
2026-03-25 07:58,2026-03-25 17:14,stay,place,"Warsaw Spire, pl. Europejski 1, Warsaw",52.23180,20.98460,52.23180,20.98460
2026-03-25 17:14,2026-03-25 17:25,move,transit,"Warsaw Spire, pl. Europejski 1, Warsaw -> Home – ul. Chmielna 71, Warsaw",52.23180,20.98460,52.22960,21.00300
2026-03-25 17:25,2026-03-26 07:44,stay,home,"Home – ul. Chmielna 71, Warsaw",52.22960,21.00300,52.22960,21.00300
2026-03-26 07:44,2026-03-26 07:55,move,transit,"Home – ul. Chmielna 71, Warsaw -> Warsaw Spire, pl. Europejski 1, Warsaw",52.22960,21.00300,52.23180,20.98460
2026-03-26 07:55,2026-03-26 17:02,stay,place,"Warsaw Spire, pl. Europejski 1, Warsaw",52.23180,20.98460,52.23180,20.98460
2026-03-26 17:02,2026-03-26 17:13,move,transit,"Warsaw Spire, pl. Europejski 1, Warsaw -> Home – ul. Chmielna 71, Warsaw",52.23180,20.98460,52.22960,21.00300
2026-03-26 17:13,2026-03-26 18:47,stay,home,"Home – ul. Chmielna 71, Warsaw",52.22960,21.00300,52.22960,21.00300
2026-03-26 18:47,2026-03-26 19:00,move,transit,"Home – ul. Chmielna 71, Warsaw -> Nolita, ul. Wilcza 46",52.22960,21.00300,52.22350,21.01940
2026-03-26 19:00,2026-03-26 22:00,stay,place,"Nolita, ul. Wilcza 46",52.22350,21.01940,52.22350,21.01940
2026-03-26 22:00,2026-03-26 22:13,move,transit,"Nolita, ul. Wilcza 46 -> Home – ul. Chmielna 71, Warsaw",52.22350,21.01940,52.22960,21.00300
2026-03-26 22:13,2026-03-27 14:55,stay,home,"Home – ul. Chmielna 71, Warsaw",52.22960,21.00300,52.22960,21.00300
2026-03-27 14:55,2026-03-27 15:25,move,car,"Home – ul. Chmielna 71, Warsaw -> Warsaw Airport (WAW)",52.22960,21.00300,52.16570,20.96710
2026-03-27 15:25,2026-03-27 16:10,stay,place,Warsaw Airport (WAW),52.16570,20.96710,52.16570,20.96710
2026-03-27 16:10,2026-03-27 17:35,move,flight,Warsaw Airport (WAW) -> Berlin Airport (BER),52.16570,20.96710,52.56884,13.53146
2026-03-27 17:35,2026-03-27 17:56,move,transit,"Berlin Airport (BER) -> Paul's flat, Prenzlauer Berg, Berlin",52.56884,13.53146,52.52765,13.39916
2026-03-27 17:56,2026-03-28 10:43,stay,place,"Paul's flat, Prenzlauer Berg, Berlin",52.52765,13.39916,52.52765,13.39916
2026-03-28 10:43,2026-03-28 11:00,move,transit,"Paul's flat, Prenzlauer Berg, Berlin -> Berliner Philharmonie",52.52765,13.39916,52.50007,13.42024
2026-03-28 11:00,2026-03-28 14:00,stay,place,Berliner Philharmonie,52.50007,13.42024,52.50007,13.42024
2026-03-28 14:00,2026-03-28 14:17,move,transit,"Berliner Philharmonie -> Paul's flat, Prenzlauer Berg, Berlin",52.50007,13.42024,52.52765,13.39916
2026-03-28 14:17,2026-03-29 13:49,stay,place,"Paul's flat, Prenzlauer Berg, Berlin",52.52765,13.39916,52.52765,13.39916
2026-03-29 13:49,2026-03-29 14:00,move,transit,"Paul's flat, Prenzlauer Berg, Berlin -> Tempelhofer Feld, Berlin",52.52765,13.39916,52.51830,13.39519
2026-03-29 14:00,2026-03-29 17:00,stay,place,"Tempelhofer Feld, Berlin",52.51830,13.39519,52.51830,13.39519
2026-03-29 17:00,2026-03-29 17:11,move,transit,"Tempelhofer Feld, Berlin -> Paul's flat, Prenzlauer Berg, Berlin",52.51830,13.39519,52.52765,13.39916
2026-03-29 17:11,2026-03-30 16:54,stay,place,"Paul's flat, Prenzlauer Berg, Berlin",52.52765,13.39916,52.52765,13.39916
2026-03-30 16:54,2026-03-30 17:15,move,transit,"Paul's flat, Prenzlauer Berg, Berlin -> Berlin Airport (BER)",52.52765,13.39916,52.56884,13.53146
2026-03-30 17:15,2026-03-30 18:30,stay,place,Berlin Airport (BER),52.56884,13.53146,52.56884,13.53146
2026-03-30 18:30,2026-03-30 19:50,move,flight,Berlin Airport (BER) -> Warsaw Airport (WAW),52.56884,13.53146,52.16570,20.96710
2026-03-30 19:50,2026-03-30 20:33,move,car,"Warsaw Airport (WAW) -> Home – ul. Chmielna 71, Warsaw",52.16570,20.96710,52.22960,21.00300
2026-03-30 20:33,2026-03-31 07:30,stay,home,"Home – ul. Chmielna 71, Warsaw",52.22960,21.00300,52.22960,21.00300
2026-03-31 07:30,2026-03-31 07:41,move,transit,"Home – ul. Chmielna 71, Warsaw -> Warsaw Spire, pl. Europejski 1, Warsaw",52.22960,21.00300,52.23180,20.98460
2026-03-31 07:41,2026-03-31 16:50,stay,place,"Warsaw Spire, pl. Europejski 1, Warsaw",52.23180,20.98460,52.23180,20.98460
2026-03-31 16:50,2026-03-31 17:01,move,transit,"Warsaw Spire, pl. Europejski 1, Warsaw -> Home – ul. Chmielna 71, Warsaw",52.23180,20.98460,52.22960,21.00300
2026-03-31 17:01,2026-04-01 07:43,stay,home,"Home – ul. Chmielna 71, Warsaw",52.22960,21.00300,52.22960,21.00300
2026-04-01 07:43,2026-04-01 07:54,move,transit,"Home – ul. Chmielna 71, Warsaw -> Warsaw Spire, pl. Europejski 1, Warsaw",52.22960,21.00300,52.23180,20.98460
2026-04-01 07:54,2026-04-01 17:22,stay,place,"Warsaw Spire, pl. Europejski 1, Warsaw",52.23180,20.98460,52.23180,20.98460
2026-04-01 17:22,2026-04-01 17:33,move,transit,"Warsaw Spire, pl. Europejski 1, Warsaw -> Home – ul. Chmielna 71, Warsaw",52.23180,20.98460,52.22960,21.00300
2026-04-01 17:33,2026-04-01 18:40,stay,home,"Home – ul. Chmielna 71, Warsaw",52.22960,21.00300,52.22960,21.00300
2026-04-01 18:40,2026-04-01 19:00,move,transit,"Home – ul. Chmielna 71, Warsaw -> Bouldering gym, ul. Puławska (Mokotów)",52.22960,21.00300,52.20290,21.02030
2026-04-01 19:00,2026-04-01 21:00,stay,place,"Bouldering gym, ul. Puławska (Mokotów)",52.20290,21.02030,52.20290,21.02030
2026-04-01 21:00,2026-04-01 21:21,move,transit,"Bouldering gym, ul. Puławska (Mokotów) -> Home – ul. Chmielna 71, Warsaw",52.20290,21.02030,52.22960,21.00300
2026-04-01 21:21,2026-04-02 08:10,stay,home,"Home – ul. Chmielna 71, Warsaw",52.22960,21.00300,52.22960,21.00300
2026-04-02 08:10,2026-04-02 08:21,move,transit,"Home – ul. Chmielna 71, Warsaw -> Warsaw Spire, pl. Europejski 1, Warsaw",52.22960,21.00300,52.23180,20.98460
2026-04-02 08:21,2026-04-02 16:52,stay,place,"Warsaw Spire, pl. Europejski 1, Warsaw",52.23180,20.98460,52.23180,20.98460
2026-04-02 16:52,2026-04-02 17:03,move,transit,"Warsaw Spire, pl. Europejski 1, Warsaw -> Home – ul. Chmielna 71, Warsaw",52.23180,20.98460,52.22960,21.00300
2026-04-02 17:03,2026-04-03 08:02,stay,home,"Home – ul. Chmielna 71, Warsaw",52.22960,21.00300,52.22960,21.00300
2026-04-03 08:02,2026-04-03 08:13,move,transit,"Home – ul. Chmielna 71, Warsaw -> Warsaw Spire, pl. Europejski 1, Warsaw",52.22960,21.00300,52.23180,20.98460
2026-04-03 08:13,2026-04-03 17:41,stay,place,"Warsaw Spire, pl. Europejski 1, Warsaw",52.23180,20.98460,52.23180,20.98460
2026-04-03 17:41,2026-04-03 17:52,move,transit,"Warsaw Spire, pl. Europejski 1, Warsaw -> Home – ul. Chmielna 71, Warsaw",52.23180,20.98460,52.22960,21.00300
2026-04-03 17:52,2026-04-04 07:17,stay,home,"Home – ul. Chmielna 71, Warsaw",52.22960,21.00300,52.22960,21.00300
2026-04-04 07:17,2026-04-04 07:20,move,car,"Home – ul. Chmielna 71, Warsaw -> Warsaw Central Station",52.22960,21.00300,52.22870,21.00330
2026-04-04 07:20,2026-04-04 07:30,stay,place,Warsaw Central Station,52.22870,21.00330,52.22870,21.00330
2026-04-04 07:30,2026-04-04 09:05,move,train,Warsaw Central Station -> Łódź main station,52.22870,21.00330,51.76085,19.45791
2026-04-04 09:05,2026-04-04 09:18,move,transit,"Łódź main station -> Mum & Dad's, Łódź",51.76085,19.45791,51.77883,19.45656
2026-04-04 09:18,2026-04-05 12:00,stay,place,"Mum & Dad's, Łódź",51.77883,19.45656,51.77883,19.45656
2026-04-05 12:00,2026-04-05 17:00,stay,place,"Mum & Dad's, Łódź",51.77883,19.45656,51.77883,19.45656
2026-04-05 17:00,2026-04-06 16:47,stay,place,"Mum & Dad's, Łódź",51.77883,19.45656,51.77883,19.45656
2026-04-06 16:47,2026-04-06 17:00,move,transit,"Mum & Dad's, Łódź -> Łódź main station",51.77883,19.45656,51.76085,19.45791
2026-04-06 17:00,2026-04-06 17:10,stay,place,Łódź main station,51.76085,19.45791,51.76085,19.45791
2026-04-06 17:10,2026-04-06 18:45,move,train,Łódź main station -> Warsaw Central Station,51.76085,19.45791,52.22870,21.00330
2026-04-06 18:45,2026-04-06 19:03,move,walk,"Warsaw Central Station -> Home – ul. Chmielna 71, Warsaw",52.22870,21.00330,52.22960,21.00300
2026-04-06 19:03,2026-04-07 07:33,stay,home,"Home – ul. Chmielna 71, Warsaw",52.22960,21.00300,52.22960,21.00300
2026-04-07 07:33,2026-04-07 07:44,move,transit,"Home – ul. Chmielna 71, Warsaw -> Warsaw Spire, pl. Europejski 1, Warsaw",52.22960,21.00300,52.23180,20.98460
2026-04-07 07:44,2026-04-07 17:57,stay,place,"Warsaw Spire, pl. Europejski 1, Warsaw",52.23180,20.98460,52.23180,20.98460
2026-04-07 17:57,2026-04-07 18:08,move,transit,"Warsaw Spire, pl. Europejski 1, Warsaw -> Home – ul. Chmielna 71, Warsaw",52.23180,20.98460,52.22960,21.00300
2026-04-07 18:08,2026-04-08 09:52,stay,home,"Home – ul. Chmielna 71, Warsaw",52.22960,21.00300,52.22960,21.00300
2026-04-08 09:52,2026-04-08 09:55,move,car,"Home – ul. Chmielna 71, Warsaw -> Warsaw Central Station",52.22960,21.00300,52.22870,21.00330
2026-04-08 09:55,2026-04-08 10:05,stay,place,Warsaw Central Station,52.22870,21.00330,52.22870,21.00330
2026-04-08 10:05,2026-04-08 13:20,move,train,Warsaw Central Station -> Katowice main station,52.22870,21.00330,50.26696,19.03143
2026-04-08 13:20,2026-04-08 14:58,stay,place,Katowice main station,50.26696,19.03143,50.26696,19.03143
2026-04-08 14:58,2026-04-08 15:10,move,transit,"Katowice main station -> Silesia Smart Grid, Katowice",50.26696,19.03143,50.27177,19.01489
2026-04-08 15:10,2026-04-08 17:50,stay,place,"Silesia Smart Grid, Katowice",50.27177,19.01489,50.27177,19.01489
2026-04-08 17:50,2026-04-08 18:00,move,transit,"Silesia Smart Grid, Katowice -> Hotel Diament Plaza, Katowice",50.27177,19.01489,50.26543,19.01910
2026-04-08 18:00,2026-04-09 08:35,stay,place,"Hotel Diament Plaza, Katowice",50.26543,19.01910,50.26543,19.01910
2026-04-09 08:35,2026-04-09 08:45,move,transit,"Hotel Diament Plaza, Katowice -> Silesia Smart Grid, Katowice",50.26543,19.01910,50.27177,19.01489
2026-04-09 08:45,2026-04-09 16:15,stay,place,"Silesia Smart Grid, Katowice",50.27177,19.01489,50.27177,19.01489
2026-04-09 16:15,2026-04-09 16:25,move,transit,"Silesia Smart Grid, Katowice -> Hotel Diament Plaza, Katowice",50.27177,19.01489,50.26543,19.01910
2026-04-09 16:25,2026-04-09 18:47,stay,place,"Hotel Diament Plaza, Katowice",50.26543,19.01910,50.26543,19.01910
2026-04-09 18:47,2026-04-09 19:00,move,transit,"Hotel Diament Plaza, Katowice -> Restaurant, Katowice",50.26543,19.01910,50.26860,19.04232
2026-04-09 19:00,2026-04-09 20:59,stay,place,"Restaurant, Katowice",50.26860,19.04232,50.26860,19.04232
2026-04-09 20:59,2026-04-09 21:12,move,transit,"Restaurant, Katowice -> Hotel Diament Plaza, Katowice",50.26860,19.04232,50.26543,19.01910
2026-04-09 21:12,2026-04-10 08:35,stay,place,"Hotel Diament Plaza, Katowice",50.26543,19.01910,50.26543,19.01910
2026-04-10 08:35,2026-04-10 08:45,move,transit,"Hotel Diament Plaza, Katowice -> Silesia Smart Grid, Katowice",50.26543,19.01910,50.27177,19.01489
2026-04-10 08:45,2026-04-10 12:25,stay,place,"Silesia Smart Grid, Katowice",50.27177,19.01489,50.27177,19.01489
2026-04-10 12:25,2026-04-10 12:35,move,transit,"Silesia Smart Grid, Katowice -> Hotel Diament Plaza, Katowice",50.27177,19.01489,50.26543,19.01910
2026-04-10 12:35,2026-04-10 16:10,stay,place,"Hotel Diament Plaza, Katowice",50.26543,19.01910,50.26543,19.01910
2026-04-10 16:10,2026-04-10 16:20,move,transit,"Hotel Diament Plaza, Katowice -> Katowice main station",50.26543,19.01910,50.26696,19.03143
2026-04-10 16:20,2026-04-10 16:30,stay,place,Katowice main station,50.26696,19.03143,50.26696,19.03143
2026-04-10 16:30,2026-04-10 19:45,move,train,Katowice main station -> Warsaw Central Station,50.26696,19.03143,52.22870,21.00330
2026-04-10 19:45,2026-04-10 20:04,move,walk,"Warsaw Central Station -> Home – ul. Chmielna 71, Warsaw",52.22870,21.00330,52.22960,21.00300
2026-04-10 20:04,2026-04-11 09:10,stay,home,"Home – ul. Chmielna 71, Warsaw",52.22960,21.00300,52.22960,21.00300
2026-04-11 09:10,2026-04-11 09:30,move,transit,"Home – ul. Chmielna 71, Warsaw -> Pole Mokotowskie",52.22960,21.00300,52.21160,20.99540
2026-04-11 09:30,2026-04-11 10:30,stay,place,Pole Mokotowskie,52.21160,20.99540,52.21160,20.99540
2026-04-11 10:30,2026-04-11 10:50,move,transit,"Pole Mokotowskie -> Home – ul. Chmielna 71, Warsaw",52.21160,20.99540,52.22960,21.00300
2026-04-11 10:50,2026-04-13 09:52,stay,home,"Home – ul. Chmielna 71, Warsaw",52.22960,21.00300,52.22960,21.00300
2026-04-13 09:52,2026-04-13 09:55,move,car,"Home – ul. Chmielna 71, Warsaw -> Warsaw Central Station",52.22960,21.00300,52.22870,21.00330
2026-04-13 09:55,2026-04-13 10:05,stay,place,Warsaw Central Station,52.22870,21.00330,52.22870,21.00330
2026-04-13 10:05,2026-04-13 13:35,move,train,Warsaw Central Station -> Poznań main station,52.22870,21.00330,52.40957,16.92547
2026-04-13 13:35,2026-04-13 15:13,stay,place,Poznań main station,52.40957,16.92547,52.40957,16.92547
2026-04-13 15:13,2026-04-13 15:25,move,transit,"Poznań main station -> Warta Energia, Poznań",52.40957,16.92547,52.41074,16.90130
2026-04-13 15:25,2026-04-13 18:35,stay,place,"Warta Energia, Poznań",52.41074,16.90130,52.41074,16.90130
2026-04-13 18:35,2026-04-13 18:44,move,transit,"Warta Energia, Poznań -> Hotel Brovaria, Stary Rynek, Poznań",52.41074,16.90130,52.41529,16.90444
2026-04-13 18:44,2026-04-14 09:01,stay,place,"Hotel Brovaria, Stary Rynek, Poznań",52.41529,16.90444,52.41529,16.90444
2026-04-14 09:01,2026-04-14 09:10,move,transit,"Hotel Brovaria, Stary Rynek, Poznań -> Warta Energia, Poznań",52.41529,16.90444,52.41074,16.90130
2026-04-14 09:10,2026-04-14 18:05,stay,place,"Warta Energia, Poznań",52.41074,16.90130,52.41074,16.90130
2026-04-14 18:05,2026-04-14 18:14,move,transit,"Warta Energia, Poznań -> Hotel Brovaria, Stary Rynek, Poznań",52.41074,16.90130,52.41529,16.90444
2026-04-14 18:14,2026-04-15 08:51,stay,place,"Hotel Brovaria, Stary Rynek, Poznań",52.41529,16.90444,52.41529,16.90444
2026-04-15 08:51,2026-04-15 09:00,move,transit,"Hotel Brovaria, Stary Rynek, Poznań -> Warta Energia, Poznań",52.41529,16.90444,52.41074,16.90130
2026-04-15 09:00,2026-04-15 11:10,stay,place,"Warta Energia, Poznań",52.41074,16.90130,52.41074,16.90130
2026-04-15 11:10,2026-04-15 11:19,move,transit,"Warta Energia, Poznań -> Hotel Brovaria, Stary Rynek, Poznań",52.41074,16.90130,52.41529,16.90444
2026-04-15 11:19,2026-04-15 16:08,stay,place,"Hotel Brovaria, Stary Rynek, Poznań",52.41529,16.90444,52.41529,16.90444
2026-04-15 16:08,2026-04-15 16:20,move,transit,"Hotel Brovaria, Stary Rynek, Poznań -> Poznań main station",52.41529,16.90444,52.40957,16.92547
2026-04-15 16:20,2026-04-15 16:30,stay,place,Poznań main station,52.40957,16.92547,52.40957,16.92547
2026-04-15 16:30,2026-04-15 20:00,move,train,Poznań main station -> Warsaw Central Station,52.40957,16.92547,52.22870,21.00330
2026-04-15 20:00,2026-04-15 20:17,move,walk,"Warsaw Central Station -> Home – ul. Chmielna 71, Warsaw",52.22870,21.00330,52.22960,21.00300
2026-04-15 20:17,2026-04-16 08:01,stay,home,"Home – ul. Chmielna 71, Warsaw",52.22960,21.00300,52.22960,21.00300
2026-04-16 08:01,2026-04-16 08:12,move,transit,"Home – ul. Chmielna 71, Warsaw -> Warsaw Spire, pl. Europejski 1, Warsaw",52.22960,21.00300,52.23180,20.98460
2026-04-16 08:12,2026-04-16 17:51,stay,place,"Warsaw Spire, pl. Europejski 1, Warsaw",52.23180,20.98460,52.23180,20.98460
2026-04-16 17:51,2026-04-16 18:02,move,transit,"Warsaw Spire, pl. Europejski 1, Warsaw -> Home – ul. Chmielna 71, Warsaw",52.23180,20.98460,52.22960,21.00300
2026-04-16 18:02,2026-04-16 18:08,stay,home,"Home – ul. Chmielna 71, Warsaw",52.22960,21.00300,52.22960,21.00300
2026-04-16 18:08,2026-04-16 18:30,move,transit,"Home – ul. Chmielna 71, Warsaw -> Pływalnia Inflancka",52.22960,21.00300,52.25700,20.99300
2026-04-16 18:30,2026-04-16 19:30,stay,place,Pływalnia Inflancka,52.25700,20.99300,52.25700,20.99300
2026-04-16 19:30,2026-04-16 19:54,move,transit,"Pływalnia Inflancka -> Home – ul. Chmielna 71, Warsaw",52.25700,20.99300,52.22960,21.00300
2026-04-16 19:54,2026-04-17 14:55,stay,home,"Home – ul. Chmielna 71, Warsaw",52.22960,21.00300,52.22960,21.00300
2026-04-17 14:55,2026-04-17 15:25,move,car,"Home – ul. Chmielna 71, Warsaw -> Warsaw Airport (WAW)",52.22960,21.00300,52.16570,20.96710
2026-04-17 15:25,2026-04-17 16:10,stay,place,Warsaw Airport (WAW),52.16570,20.96710,52.16570,20.96710
2026-04-17 16:10,2026-04-17 17:35,move,flight,Warsaw Airport (WAW) -> Berlin Airport (BER),52.16570,20.96710,52.56884,13.53146
2026-04-17 17:35,2026-04-17 17:56,move,transit,"Berlin Airport (BER) -> Paul's flat, Prenzlauer Berg, Berlin",52.56884,13.53146,52.52765,13.39916
2026-04-17 17:56,2026-04-18 19:13,stay,place,"Paul's flat, Prenzlauer Berg, Berlin",52.52765,13.39916,52.52765,13.39916
2026-04-18 19:13,2026-04-18 19:30,move,transit,"Paul's flat, Prenzlauer Berg, Berlin -> Neukölln, Berlin",52.52765,13.39916,52.49949,13.41505
2026-04-18 19:30,2026-04-18 23:00,stay,place,"Neukölln, Berlin",52.49949,13.41505,52.49949,13.41505
2026-04-18 23:00,2026-04-18 23:17,move,transit,"Neukölln, Berlin -> Paul's flat, Prenzlauer Berg, Berlin",52.49949,13.41505,52.52765,13.39916
2026-04-18 23:17,2026-04-19 13:49,stay,place,"Paul's flat, Prenzlauer Berg, Berlin",52.52765,13.39916,52.52765,13.39916
2026-04-19 13:49,2026-04-19 14:00,move,transit,"Paul's flat, Prenzlauer Berg, Berlin -> Tempelhofer Feld, Berlin",52.52765,13.39916,52.51830,13.39519
2026-04-19 14:00,2026-04-19 17:00,stay,place,"Tempelhofer Feld, Berlin",52.51830,13.39519,52.51830,13.39519
2026-04-19 17:00,2026-04-19 17:11,move,transit,"Tempelhofer Feld, Berlin -> Paul's flat, Prenzlauer Berg, Berlin",52.51830,13.39519,52.52765,13.39916
2026-04-19 17:11,2026-04-20 18:09,stay,place,"Paul's flat, Prenzlauer Berg, Berlin",52.52765,13.39916,52.52765,13.39916
2026-04-20 18:09,2026-04-20 18:30,move,transit,"Paul's flat, Prenzlauer Berg, Berlin -> Berlin Airport (BER)",52.52765,13.39916,52.56884,13.53146
2026-04-20 18:30,2026-04-20 19:45,stay,place,Berlin Airport (BER),52.56884,13.53146,52.56884,13.53146
2026-04-20 19:45,2026-04-20 21:05,move,flight,Berlin Airport (BER) -> Warsaw Airport (WAW),52.56884,13.53146,52.16570,20.96710
2026-04-20 21:05,2026-04-20 21:48,move,car,"Warsaw Airport (WAW) -> Home – ul. Chmielna 71, Warsaw",52.16570,20.96710,52.22960,21.00300
2026-04-20 21:48,2026-04-21 07:43,stay,home,"Home – ul. Chmielna 71, Warsaw",52.22960,21.00300,52.22960,21.00300
2026-04-21 07:43,2026-04-21 07:54,move,transit,"Home – ul. Chmielna 71, Warsaw -> Warsaw Spire, pl. Europejski 1, Warsaw",52.22960,21.00300,52.23180,20.98460
2026-04-21 07:54,2026-04-21 17:58,stay,place,"Warsaw Spire, pl. Europejski 1, Warsaw",52.23180,20.98460,52.23180,20.98460
2026-04-21 17:58,2026-04-21 18:09,move,transit,"Warsaw Spire, pl. Europejski 1, Warsaw -> Home – ul. Chmielna 71, Warsaw",52.23180,20.98460,52.22960,21.00300
2026-04-21 18:09,2026-04-21 19:13,stay,home,"Home – ul. Chmielna 71, Warsaw",52.22960,21.00300,52.22960,21.00300
2026-04-21 19:13,2026-04-21 19:30,move,transit,"Home – ul. Chmielna 71, Warsaw -> Padel Club Wola",52.22960,21.00300,52.23800,20.97000
2026-04-21 19:30,2026-04-21 21:00,stay,place,Padel Club Wola,52.23800,20.97000,52.23800,20.97000
2026-04-21 21:00,2026-04-21 21:21,move,transit,"Padel Club Wola -> Home – ul. Chmielna 71, Warsaw",52.23800,20.97000,52.22960,21.00300
2026-04-21 21:21,2026-04-22 07:54,stay,home,"Home – ul. Chmielna 71, Warsaw",52.22960,21.00300,52.22960,21.00300
2026-04-22 07:54,2026-04-22 08:05,move,transit,"Home – ul. Chmielna 71, Warsaw -> Warsaw Spire, pl. Europejski 1, Warsaw",52.22960,21.00300,52.23180,20.98460
2026-04-22 08:05,2026-04-22 17:26,stay,place,"Warsaw Spire, pl. Europejski 1, Warsaw",52.23180,20.98460,52.23180,20.98460
2026-04-22 17:26,2026-04-22 17:37,move,transit,"Warsaw Spire, pl. Europejski 1, Warsaw -> Home – ul. Chmielna 71, Warsaw",52.23180,20.98460,52.22960,21.00300
2026-04-22 17:37,2026-04-23 07:54,stay,home,"Home – ul. Chmielna 71, Warsaw",52.22960,21.00300,52.22960,21.00300
2026-04-23 07:54,2026-04-23 08:05,move,transit,"Home – ul. Chmielna 71, Warsaw -> Warsaw Spire, pl. Europejski 1, Warsaw",52.22960,21.00300,52.23180,20.98460
2026-04-23 08:05,2026-04-23 18:00,stay,place,"Warsaw Spire, pl. Europejski 1, Warsaw",52.23180,20.98460,52.23180,20.98460
2026-04-23 18:00,2026-04-23 18:11,move,transit,"Warsaw Spire, pl. Europejski 1, Warsaw -> Home – ul. Chmielna 71, Warsaw",52.23180,20.98460,52.22960,21.00300
2026-04-23 18:11,2026-04-25 08:30,stay,home,"Home – ul. Chmielna 71, Warsaw",52.22960,21.00300,52.22960,21.00300
2026-04-25 08:30,2026-04-25 12:30,move,car,"Home – ul. Chmielna 71, Warsaw -> Giżycko, Poland",52.22960,21.00300,54.01915,21.78486
2026-04-25 12:30,2026-04-25 12:41,move,transit,"Giżycko, Poland -> Guesthouse, Giżycko",54.01915,21.78486,54.02150,21.76898
2026-04-25 12:41,2026-04-26 11:17,stay,place,"Guesthouse, Giżycko",54.02150,21.76898,54.02150,21.76898
2026-04-26 11:17,2026-04-26 11:30,move,transit,"Guesthouse, Giżycko -> Giżycko",54.02150,21.76898,54.03589,21.75323
2026-04-26 11:30,2026-04-26 15:30,stay,place,Giżycko,54.03589,21.75323,54.03589,21.75323
2026-04-26 15:30,2026-04-26 15:43,move,transit,"Giżycko -> Guesthouse, Giżycko",54.03589,21.75323,54.02150,21.76898
2026-04-26 15:43,2026-04-27 10:17,stay,place,"Guesthouse, Giżycko",54.02150,21.76898,54.02150,21.76898
2026-04-27 10:17,2026-04-27 10:30,move,transit,"Guesthouse, Giżycko -> Giżycko",54.02150,21.76898,54.03589,21.75323
2026-04-27 10:30,2026-04-27 13:30,stay,place,Giżycko,54.03589,21.75323,54.03589,21.75323
2026-04-27 13:30,2026-04-27 13:44,stay,place,Giżycko,54.03589,21.75323,54.03589,21.75323
2026-04-27 13:44,2026-04-27 14:00,move,transit,"Giżycko -> Giżycko, Poland",54.03589,21.75323,54.01915,21.78486
2026-04-27 14:00,2026-04-27 18:00,move,car,"Giżycko, Poland -> Home – ul. Chmielna 71, Warsaw",54.01915,21.78486,52.22960,21.00300
2026-04-27 18:00,2026-04-29 07:57,stay,home,"Home – ul. Chmielna 71, Warsaw",52.22960,21.00300,52.22960,21.00300
2026-04-29 07:57,2026-04-29 08:08,move,transit,"Home – ul. Chmielna 71, Warsaw -> Warsaw Spire, pl. Europejski 1, Warsaw",52.22960,21.00300,52.23180,20.98460
2026-04-29 08:08,2026-04-29 17:31,stay,place,"Warsaw Spire, pl. Europejski 1, Warsaw",52.23180,20.98460,52.23180,20.98460
2026-04-29 17:31,2026-04-29 17:42,move,transit,"Warsaw Spire, pl. Europejski 1, Warsaw -> Home – ul. Chmielna 71, Warsaw",52.23180,20.98460,52.22960,21.00300
2026-04-29 17:42,2026-04-29 18:39,stay,home,"Home – ul. Chmielna 71, Warsaw",52.22960,21.00300,52.22960,21.00300
2026-04-29 18:39,2026-04-29 19:00,move,transit,"Home – ul. Chmielna 71, Warsaw -> Bouldering gym, ul. Puławska (Mokotów)",52.22960,21.00300,52.20290,21.02030
2026-04-29 19:00,2026-04-29 21:00,stay,place,"Bouldering gym, ul. Puławska (Mokotów)",52.20290,21.02030,52.20290,21.02030
2026-04-29 21:00,2026-04-29 21:18,move,transit,"Bouldering gym, ul. Puławska (Mokotów) -> Home – ul. Chmielna 71, Warsaw",52.20290,21.02030,52.22960,21.00300
2026-04-29 21:18,2026-04-30 08:21,stay,home,"Home – ul. Chmielna 71, Warsaw",52.22960,21.00300,52.22960,21.00300
2026-04-30 08:21,2026-04-30 08:32,move,transit,"Home – ul. Chmielna 71, Warsaw -> Warsaw Spire, pl. Europejski 1, Warsaw",52.22960,21.00300,52.23180,20.98460
2026-04-30 08:32,2026-04-30 17:47,stay,place,"Warsaw Spire, pl. Europejski 1, Warsaw",52.23180,20.98460,52.23180,20.98460
2026-04-30 17:47,2026-04-30 17:58,move,transit,"Warsaw Spire, pl. Europejski 1, Warsaw -> Home – ul. Chmielna 71, Warsaw",52.23180,20.98460,52.22960,21.00300
2026-04-30 17:58,2026-05-01 18:32,stay,home,"Home – ul. Chmielna 71, Warsaw",52.22960,21.00300,52.22960,21.00300
2026-05-01 18:32,2026-05-01 19:00,move,transit,"Home – ul. Chmielna 71, Warsaw -> Warsaw Airport (WAW)",52.22960,21.00300,52.16570,20.96710
2026-05-01 19:00,2026-05-01 20:30,stay,place,Warsaw Airport (WAW),52.16570,20.96710,52.16570,20.96710
2026-05-01 20:30,2026-05-01 21:00,move,transit,"Warsaw Airport (WAW) -> Home – ul. Chmielna 71, Warsaw",52.16570,20.96710,52.22960,21.00300
2026-05-01 21:00,2026-05-02 09:44,stay,home,"Home – ul. Chmielna 71, Warsaw",52.22960,21.00300,52.22960,21.00300
2026-05-02 09:44,2026-05-02 10:00,move,transit,"Home – ul. Chmielna 71, Warsaw -> Łazienki Park",52.22960,21.00300,52.21530,21.03500
2026-05-02 10:00,2026-05-02 12:30,stay,place,Łazienki Park,52.21530,21.03500,52.21530,21.03500
2026-05-02 12:30,2026-05-02 12:47,move,transit,"Łazienki Park -> Home – ul. Chmielna 71, Warsaw",52.21530,21.03500,52.22960,21.00300
2026-05-02 12:47,2026-05-02 19:44,stay,home,"Home – ul. Chmielna 71, Warsaw",52.22960,21.00300,52.22960,21.00300
2026-05-02 19:44,2026-05-02 20:00,move,transit,"Home – ul. Chmielna 71, Warsaw -> Nolita, ul. Wilcza 46",52.22960,21.00300,52.22350,21.01940
2026-05-02 20:00,2026-05-02 23:00,stay,place,"Nolita, ul. Wilcza 46",52.22350,21.01940,52.22350,21.01940
2026-05-02 23:00,2026-05-02 23:18,move,transit,"Nolita, ul. Wilcza 46 -> Home – ul. Chmielna 71, Warsaw",52.22350,21.01940,52.22960,21.00300
2026-05-02 23:18,2026-05-04 18:19,stay,home,"Home – ul. Chmielna 71, Warsaw",52.22960,21.00300,52.22960,21.00300
2026-05-04 18:19,2026-05-04 18:30,move,transit,"Home – ul. Chmielna 71, Warsaw -> Joga Studio, ul. Mokotowska 51",52.22960,21.00300,52.22260,21.01770
2026-05-04 18:30,2026-05-04 19:30,stay,place,"Joga Studio, ul. Mokotowska 51",52.22260,21.01770,52.22260,21.01770
2026-05-04 19:30,2026-05-04 19:42,move,transit,"Joga Studio, ul. Mokotowska 51 -> Home – ul. Chmielna 71, Warsaw",52.22260,21.01770,52.22960,21.00300
2026-05-04 19:42,2026-05-05 09:25,stay,home,"Home – ul. Chmielna 71, Warsaw",52.22960,21.00300,52.22960,21.00300
2026-05-05 09:25,2026-05-05 09:55,move,car,"Home – ul. Chmielna 71, Warsaw -> Warsaw Airport (WAW)",52.22960,21.00300,52.16570,20.96710
2026-05-05 09:55,2026-05-05 10:40,stay,place,Warsaw Airport (WAW),52.16570,20.96710,52.16570,20.96710
2026-05-05 10:40,2026-05-05 12:35,move,flight,Warsaw Airport (WAW) -> Essen Airport (DUS),52.16570,20.96710,51.55941,7.03083
2026-05-05 12:35,2026-05-05 14:00,stay,place,Essen Airport (DUS),51.55941,7.03083,51.55941,7.03083
2026-05-05 14:00,2026-05-05 14:25,move,transit,"Essen Airport (DUS) -> Ruhrwatt, Essen",51.55941,7.03083,51.44729,7.00125
2026-05-05 14:25,2026-05-05 18:05,stay,place,"Ruhrwatt, Essen",51.44729,7.00125,51.44729,7.00125
2026-05-05 18:05,2026-05-05 18:14,move,transit,"Ruhrwatt, Essen -> Mintrops Stadt Hotel Margarethenhöhe, Essen",51.44729,7.00125,51.45142,7.00365
2026-05-05 18:14,2026-05-06 08:51,stay,place,"Mintrops Stadt Hotel Margarethenhöhe, Essen",51.45142,7.00365,51.45142,7.00365
2026-05-06 08:51,2026-05-06 09:00,move,transit,"Mintrops Stadt Hotel Margarethenhöhe, Essen -> Ruhrwatt, Essen",51.45142,7.00365,51.44729,7.00125
2026-05-06 09:00,2026-05-06 11:55,stay,place,"Ruhrwatt, Essen",51.44729,7.00125,51.44729,7.00125
2026-05-06 11:55,2026-05-06 13:20,stay,place,"Ruhrwatt, Essen",51.44729,7.00125,51.44729,7.00125
2026-05-06 13:20,2026-05-06 13:45,move,transit,"Ruhrwatt, Essen -> Essen Airport (DUS)",51.44729,7.00125,51.55941,7.03083
2026-05-06 13:45,2026-05-06 15:00,stay,place,Essen Airport (DUS),51.55941,7.03083,51.55941,7.03083
2026-05-06 15:00,2026-05-06 16:55,move,flight,Essen Airport (DUS) -> Warsaw Airport (WAW),51.55941,7.03083,52.16570,20.96710
2026-05-06 16:55,2026-05-06 17:38,move,car,"Warsaw Airport (WAW) -> Home – ul. Chmielna 71, Warsaw",52.16570,20.96710,52.22960,21.00300
2026-05-06 17:38,2026-05-06 18:43,stay,home,"Home – ul. Chmielna 71, Warsaw",52.22960,21.00300,52.22960,21.00300
2026-05-06 18:43,2026-05-06 19:00,move,transit,"Home – ul. Chmielna 71, Warsaw -> Bouldering gym, ul. Puławska (Mokotów)",52.22960,21.00300,52.20290,21.02030
2026-05-06 19:00,2026-05-06 21:00,stay,place,"Bouldering gym, ul. Puławska (Mokotów)",52.20290,21.02030,52.20290,21.02030
2026-05-06 21:00,2026-05-06 21:17,move,transit,"Bouldering gym, ul. Puławska (Mokotów) -> Home – ul. Chmielna 71, Warsaw",52.20290,21.02030,52.22960,21.00300
2026-05-06 21:17,2026-05-07 07:59,stay,home,"Home – ul. Chmielna 71, Warsaw",52.22960,21.00300,52.22960,21.00300
2026-05-07 07:59,2026-05-07 08:10,move,transit,"Home – ul. Chmielna 71, Warsaw -> Warsaw Spire, pl. Europejski 1, Warsaw",52.22960,21.00300,52.23180,20.98460
2026-05-07 08:10,2026-05-07 17:26,stay,place,"Warsaw Spire, pl. Europejski 1, Warsaw",52.23180,20.98460,52.23180,20.98460
2026-05-07 17:26,2026-05-07 17:37,move,transit,"Warsaw Spire, pl. Europejski 1, Warsaw -> Home – ul. Chmielna 71, Warsaw",52.23180,20.98460,52.22960,21.00300
2026-05-07 17:37,2026-05-07 18:10,stay,home,"Home – ul. Chmielna 71, Warsaw",52.22960,21.00300,52.22960,21.00300
2026-05-07 18:10,2026-05-07 18:30,move,transit,"Home – ul. Chmielna 71, Warsaw -> Vistula bike path",52.22960,21.00300,52.22000,21.04000
2026-05-07 18:30,2026-05-07 20:30,stay,place,Vistula bike path,52.22000,21.04000,52.22000,21.04000
2026-05-07 20:30,2026-05-07 20:49,move,transit,"Vistula bike path -> Home – ul. Chmielna 71, Warsaw",52.22000,21.04000,52.22960,21.00300
2026-05-07 20:49,2026-05-08 19:12,stay,home,"Home – ul. Chmielna 71, Warsaw",52.22960,21.00300,52.22960,21.00300
2026-05-08 19:12,2026-05-08 19:30,move,transit,"Home – ul. Chmielna 71, Warsaw -> Filharmonia Narodowa, ul. Jasna 5",52.22960,21.00300,52.23860,21.01850
2026-05-08 19:30,2026-05-08 23:00,stay,place,"Filharmonia Narodowa, ul. Jasna 5",52.23860,21.01850,52.23860,21.01850
2026-05-08 23:00,2026-05-08 23:16,move,transit,"Filharmonia Narodowa, ul. Jasna 5 -> Home – ul. Chmielna 71, Warsaw",52.23860,21.01850,52.22960,21.00300
2026-05-08 23:16,2026-05-09 09:48,stay,home,"Home – ul. Chmielna 71, Warsaw",52.22960,21.00300,52.22960,21.00300
2026-05-09 09:48,2026-05-09 10:00,move,transit,"Home – ul. Chmielna 71, Warsaw -> Salon Fryzjerski, ul. Nowogrodzka 18",52.22960,21.00300,52.22770,21.01000
2026-05-09 10:00,2026-05-09 11:15,stay,place,"Salon Fryzjerski, ul. Nowogrodzka 18",52.22770,21.01000,52.22770,21.01000
2026-05-09 11:15,2026-05-09 11:28,move,transit,"Salon Fryzjerski, ul. Nowogrodzka 18 -> Home – ul. Chmielna 71, Warsaw",52.22770,21.01000,52.22960,21.00300
2026-05-09 11:28,2026-05-12 07:44,stay,home,"Home – ul. Chmielna 71, Warsaw",52.22960,21.00300,52.22960,21.00300
2026-05-12 07:44,2026-05-12 07:55,move,transit,"Home – ul. Chmielna 71, Warsaw -> Warsaw Spire, pl. Europejski 1, Warsaw",52.22960,21.00300,52.23180,20.98460
2026-05-12 07:55,2026-05-12 17:50,stay,place,"Warsaw Spire, pl. Europejski 1, Warsaw",52.23180,20.98460,52.23180,20.98460
2026-05-12 17:50,2026-05-12 18:01,move,transit,"Warsaw Spire, pl. Europejski 1, Warsaw -> Home – ul. Chmielna 71, Warsaw",52.23180,20.98460,52.22960,21.00300
2026-05-12 18:01,2026-05-13 07:53,stay,home,"Home – ul. Chmielna 71, Warsaw",52.22960,21.00300,52.22960,21.00300
2026-05-13 07:53,2026-05-13 08:04,move,transit,"Home – ul. Chmielna 71, Warsaw -> Warsaw Spire, pl. Europejski 1, Warsaw",52.22960,21.00300,52.23180,20.98460
2026-05-13 08:04,2026-05-13 18:06,stay,place,"Warsaw Spire, pl. Europejski 1, Warsaw",52.23180,20.98460,52.23180,20.98460
2026-05-13 18:06,2026-05-13 18:17,move,transit,"Warsaw Spire, pl. Europejski 1, Warsaw -> Home – ul. Chmielna 71, Warsaw",52.23180,20.98460,52.22960,21.00300
2026-05-13 18:17,2026-05-13 18:40,stay,home,"Home – ul. Chmielna 71, Warsaw",52.22960,21.00300,52.22960,21.00300
2026-05-13 18:40,2026-05-13 19:00,move,transit,"Home – ul. Chmielna 71, Warsaw -> Bouldering gym, ul. Puławska (Mokotów)",52.22960,21.00300,52.20290,21.02030
2026-05-13 19:00,2026-05-13 21:00,stay,place,"Bouldering gym, ul. Puławska (Mokotów)",52.20290,21.02030,52.20290,21.02030
2026-05-13 21:00,2026-05-13 21:21,move,transit,"Bouldering gym, ul. Puławska (Mokotów) -> Home – ul. Chmielna 71, Warsaw",52.20290,21.02030,52.22960,21.00300
2026-05-13 21:21,2026-05-14 08:07,stay,home,"Home – ul. Chmielna 71, Warsaw",52.22960,21.00300,52.22960,21.00300
2026-05-14 08:07,2026-05-14 08:18,move,transit,"Home – ul. Chmielna 71, Warsaw -> Warsaw Spire, pl. Europejski 1, Warsaw",52.22960,21.00300,52.23180,20.98460
2026-05-14 08:18,2026-05-14 17:38,stay,place,"Warsaw Spire, pl. Europejski 1, Warsaw",52.23180,20.98460,52.23180,20.98460
2026-05-14 17:38,2026-05-14 17:49,move,transit,"Warsaw Spire, pl. Europejski 1, Warsaw -> Home – ul. Chmielna 71, Warsaw",52.23180,20.98460,52.22960,21.00300
2026-05-14 17:49,2026-05-15 14:55,stay,home,"Home – ul. Chmielna 71, Warsaw",52.22960,21.00300,52.22960,21.00300
2026-05-15 14:55,2026-05-15 15:25,move,car,"Home – ul. Chmielna 71, Warsaw -> Warsaw Airport (WAW)",52.22960,21.00300,52.16570,20.96710
2026-05-15 15:25,2026-05-15 16:10,stay,place,Warsaw Airport (WAW),52.16570,20.96710,52.16570,20.96710
2026-05-15 16:10,2026-05-15 17:35,move,flight,Warsaw Airport (WAW) -> Berlin Airport (BER),52.16570,20.96710,52.56884,13.53146
2026-05-15 17:35,2026-05-15 17:56,move,transit,"Berlin Airport (BER) -> Paul's flat, Prenzlauer Berg, Berlin",52.56884,13.53146,52.52765,13.39916
2026-05-15 17:56,2026-05-16 10:49,stay,place,"Paul's flat, Prenzlauer Berg, Berlin",52.52765,13.39916,52.52765,13.39916
2026-05-16 10:49,2026-05-16 11:00,move,transit,"Paul's flat, Prenzlauer Berg, Berlin -> Museumsinsel, Berlin",52.52765,13.39916,52.52180,13.41317
2026-05-16 11:00,2026-05-16 15:00,stay,place,"Museumsinsel, Berlin",52.52180,13.41317,52.52180,13.41317
2026-05-16 15:00,2026-05-16 15:11,move,transit,"Museumsinsel, Berlin -> Paul's flat, Prenzlauer Berg, Berlin",52.52180,13.41317,52.52765,13.39916
2026-05-16 15:11,2026-05-17 18:09,stay,place,"Paul's flat, Prenzlauer Berg, Berlin",52.52765,13.39916,52.52765,13.39916
2026-05-17 18:09,2026-05-17 18:30,move,transit,"Paul's flat, Prenzlauer Berg, Berlin -> Berlin Airport (BER)",52.52765,13.39916,52.56884,13.53146
2026-05-17 18:30,2026-05-17 19:45,stay,place,Berlin Airport (BER),52.56884,13.53146,52.56884,13.53146
2026-05-17 19:45,2026-05-17 21:05,move,flight,Berlin Airport (BER) -> Warsaw Airport (WAW),52.56884,13.53146,52.16570,20.96710
2026-05-17 21:05,2026-05-17 21:47,move,car,"Warsaw Airport (WAW) -> Home – ul. Chmielna 71, Warsaw",52.16570,20.96710,52.22960,21.00300
2026-05-17 21:47,2026-05-18 18:13,stay,home,"Home – ul. Chmielna 71, Warsaw",52.22960,21.00300,52.22960,21.00300
2026-05-18 18:13,2026-05-18 18:30,move,transit,"Home – ul. Chmielna 71, Warsaw -> Joga Studio, ul. Mokotowska 51",52.22960,21.00300,52.22260,21.01770
2026-05-18 18:30,2026-05-18 19:30,stay,place,"Joga Studio, ul. Mokotowska 51",52.22260,21.01770,52.22260,21.01770
2026-05-18 19:30,2026-05-18 19:45,move,transit,"Joga Studio, ul. Mokotowska 51 -> Home – ul. Chmielna 71, Warsaw",52.22260,21.01770,52.22960,21.00300
2026-05-18 19:45,2026-05-19 07:17,stay,home,"Home – ul. Chmielna 71, Warsaw",52.22960,21.00300,52.22960,21.00300
2026-05-19 07:17,2026-05-19 07:20,move,car,"Home – ul. Chmielna 71, Warsaw -> Warsaw Central Station",52.22960,21.00300,52.22870,21.00330
2026-05-19 07:20,2026-05-19 07:30,stay,place,Warsaw Central Station,52.22870,21.00330,52.22870,21.00330
2026-05-19 07:30,2026-05-19 11:00,move,train,Warsaw Central Station -> Poznań main station,52.22870,21.00330,52.40957,16.92547
2026-05-19 11:00,2026-05-19 11:12,move,transit,"Poznań main station -> Hotel Brovaria, Stary Rynek, Poznań",52.40957,16.92547,52.41529,16.90444
2026-05-19 11:12,2026-05-19 13:31,stay,place,"Hotel Brovaria, Stary Rynek, Poznań",52.41529,16.90444,52.41529,16.90444
2026-05-19 13:31,2026-05-19 13:40,move,transit,"Hotel Brovaria, Stary Rynek, Poznań -> Warta Energia, Poznań",52.41529,16.90444,52.41074,16.90130
2026-05-19 13:40,2026-05-19 18:10,stay,place,"Warta Energia, Poznań",52.41074,16.90130,52.41074,16.90130
2026-05-19 18:10,2026-05-19 18:19,move,transit,"Warta Energia, Poznań -> Hotel Brovaria, Stary Rynek, Poznań",52.41074,16.90130,52.41529,16.90444
2026-05-19 18:19,2026-05-20 08:41,stay,place,"Hotel Brovaria, Stary Rynek, Poznań",52.41529,16.90444,52.41529,16.90444
2026-05-20 08:41,2026-05-20 08:50,move,transit,"Hotel Brovaria, Stary Rynek, Poznań -> Warta Energia, Poznań",52.41529,16.90444,52.41074,16.90130
2026-05-20 08:50,2026-05-20 15:50,stay,place,"Warta Energia, Poznań",52.41074,16.90130,52.41074,16.90130
2026-05-20 15:50,2026-05-20 15:59,move,transit,"Warta Energia, Poznań -> Hotel Brovaria, Stary Rynek, Poznań",52.41074,16.90130,52.41529,16.90444
2026-05-20 15:59,2026-05-20 19:18,stay,place,"Hotel Brovaria, Stary Rynek, Poznań",52.41529,16.90444,52.41529,16.90444
2026-05-20 19:18,2026-05-20 19:30,move,transit,"Hotel Brovaria, Stary Rynek, Poznań -> Restaurant, Poznań",52.41529,16.90444,52.40940,16.92277
2026-05-20 19:30,2026-05-20 21:30,stay,place,"Restaurant, Poznań",52.40940,16.92277,52.40940,16.92277
2026-05-20 21:30,2026-05-20 21:42,move,transit,"Restaurant, Poznań -> Hotel Brovaria, Stary Rynek, Poznań",52.40940,16.92277,52.41529,16.90444
2026-05-20 21:42,2026-05-21 09:01,stay,place,"Hotel Brovaria, Stary Rynek, Poznań",52.41529,16.90444,52.41529,16.90444
2026-05-21 09:01,2026-05-21 09:10,move,transit,"Hotel Brovaria, Stary Rynek, Poznań -> Warta Energia, Poznań",52.41529,16.90444,52.41074,16.90130
2026-05-21 09:10,2026-05-21 17:20,stay,place,"Warta Energia, Poznań",52.41074,16.90130,52.41074,16.90130
2026-05-21 17:20,2026-05-21 17:29,move,transit,"Warta Energia, Poznań -> Hotel Brovaria, Stary Rynek, Poznań",52.41074,16.90130,52.41529,16.90444
2026-05-21 17:29,2026-05-22 08:51,stay,place,"Hotel Brovaria, Stary Rynek, Poznań",52.41529,16.90444,52.41529,16.90444
2026-05-22 08:51,2026-05-22 09:00,move,transit,"Hotel Brovaria, Stary Rynek, Poznań -> Warta Energia, Poznań",52.41529,16.90444,52.41074,16.90130
2026-05-22 09:00,2026-05-22 13:05,stay,place,"Warta Energia, Poznań",52.41074,16.90130,52.41074,16.90130
2026-05-22 13:05,2026-05-22 13:14,move,transit,"Warta Energia, Poznań -> Hotel Brovaria, Stary Rynek, Poznań",52.41074,16.90130,52.41529,16.90444
2026-05-22 13:14,2026-05-22 16:08,stay,place,"Hotel Brovaria, Stary Rynek, Poznań",52.41529,16.90444,52.41529,16.90444
2026-05-22 16:08,2026-05-22 16:20,move,transit,"Hotel Brovaria, Stary Rynek, Poznań -> Poznań main station",52.41529,16.90444,52.40957,16.92547
2026-05-22 16:20,2026-05-22 16:30,stay,place,Poznań main station,52.40957,16.92547,52.40957,16.92547
2026-05-22 16:30,2026-05-22 20:00,move,train,Poznań main station -> Warsaw Central Station,52.40957,16.92547,52.22870,21.00330
2026-05-22 20:00,2026-05-22 20:19,move,walk,"Warsaw Central Station -> Home – ul. Chmielna 71, Warsaw",52.22870,21.00330,52.22960,21.00300
2026-05-22 20:19,2026-05-23 09:10,stay,home,"Home – ul. Chmielna 71, Warsaw",52.22960,21.00300,52.22960,21.00300
2026-05-23 09:10,2026-05-23 09:30,move,transit,"Home – ul. Chmielna 71, Warsaw -> Pole Mokotowskie",52.22960,21.00300,52.21160,20.99540
2026-05-23 09:30,2026-05-23 10:30,stay,place,Pole Mokotowskie,52.21160,20.99540,52.21160,20.99540
2026-05-23 10:30,2026-05-23 10:46,move,transit,"Pole Mokotowskie -> Home – ul. Chmielna 71, Warsaw",52.21160,20.99540,52.22960,21.00300
2026-05-23 10:46,2026-05-23 11:00,move,transit,"Home – ul. Chmielna 71, Warsaw -> Hala Koszyki, ul. Koszykowa 63",52.22960,21.00300,52.22660,21.01920
2026-05-23 11:00,2026-05-23 13:00,stay,place,"Hala Koszyki, ul. Koszykowa 63",52.22660,21.01920,52.22660,21.01920
2026-05-23 13:00,2026-05-23 13:12,move,transit,"Hala Koszyki, ul. Koszykowa 63 -> Home – ul. Chmielna 71, Warsaw",52.22660,21.01920,52.22960,21.00300
2026-05-23 13:12,2026-05-25 06:05,stay,home,"Home – ul. Chmielna 71, Warsaw",52.22960,21.00300,52.22960,21.00300
2026-05-25 06:05,2026-05-25 06:35,move,car,"Home – ul. Chmielna 71, Warsaw -> Warsaw Airport (WAW)",52.22960,21.00300,52.16570,20.96710
2026-05-25 06:35,2026-05-25 07:20,stay,place,Warsaw Airport (WAW),52.16570,20.96710,52.16570,20.96710
2026-05-25 07:20,2026-05-25 09:30,move,flight,Warsaw Airport (WAW) -> Brussels Airport (BRU),52.16570,20.96710,50.91145,4.36202
2026-05-25 09:30,2026-05-25 09:59,move,transit,"Brussels Airport (BRU) -> Thon Hotel EU, Rue de la Loi 75, Brussels",50.91145,4.36202,50.84135,4.37241
2026-05-25 09:59,2026-05-25 13:46,stay,place,"Thon Hotel EU, Rue de la Loi 75, Brussels",50.84135,4.37241,50.84135,4.37241
2026-05-25 13:46,2026-05-25 13:55,move,transit,"Thon Hotel EU, Rue de la Loi 75, Brussels -> Flexa Brussels office, Brussels",50.84135,4.37241,50.84084,4.37795
2026-05-25 13:55,2026-05-25 18:05,stay,place,"Flexa Brussels office, Brussels",50.84084,4.37795,50.84084,4.37795
2026-05-25 18:05,2026-05-25 18:14,move,transit,"Flexa Brussels office, Brussels -> Thon Hotel EU, Rue de la Loi 75, Brussels",50.84084,4.37795,50.84135,4.37241
2026-05-25 18:14,2026-05-26 08:36,stay,place,"Thon Hotel EU, Rue de la Loi 75, Brussels",50.84135,4.37241,50.84135,4.37241
2026-05-26 08:36,2026-05-26 08:45,move,transit,"Thon Hotel EU, Rue de la Loi 75, Brussels -> Flexa Brussels office, Brussels",50.84135,4.37241,50.84084,4.37795
2026-05-26 08:45,2026-05-26 15:40,stay,place,"Flexa Brussels office, Brussels",50.84084,4.37795,50.84084,4.37795
2026-05-26 15:40,2026-05-26 15:49,move,transit,"Flexa Brussels office, Brussels -> Thon Hotel EU, Rue de la Loi 75, Brussels",50.84084,4.37795,50.84135,4.37241
2026-05-26 15:49,2026-05-27 08:36,stay,place,"Thon Hotel EU, Rue de la Loi 75, Brussels",50.84135,4.37241,50.84135,4.37241
2026-05-27 08:36,2026-05-27 08:45,move,transit,"Thon Hotel EU, Rue de la Loi 75, Brussels -> Flexa Brussels office, Brussels",50.84135,4.37241,50.84084,4.37795
2026-05-27 08:45,2026-05-27 17:10,stay,place,"Flexa Brussels office, Brussels",50.84084,4.37795,50.84084,4.37795
2026-05-27 17:10,2026-05-27 17:19,move,transit,"Flexa Brussels office, Brussels -> Thon Hotel EU, Rue de la Loi 75, Brussels",50.84084,4.37795,50.84135,4.37241
2026-05-27 17:19,2026-05-28 09:16,stay,place,"Thon Hotel EU, Rue de la Loi 75, Brussels",50.84135,4.37241,50.84135,4.37241
2026-05-28 09:16,2026-05-28 09:25,move,transit,"Thon Hotel EU, Rue de la Loi 75, Brussels -> Flexa Brussels office, Brussels",50.84135,4.37241,50.84084,4.37795
2026-05-28 09:25,2026-05-28 12:20,stay,place,"Flexa Brussels office, Brussels",50.84084,4.37795,50.84084,4.37795
2026-05-28 12:20,2026-05-28 13:15,stay,place,"Flexa Brussels office, Brussels",50.84084,4.37795,50.84084,4.37795
2026-05-28 13:15,2026-05-28 13:45,move,transit,"Flexa Brussels office, Brussels -> Brussels Airport (BRU)",50.84084,4.37795,50.91145,4.36202
2026-05-28 13:45,2026-05-28 15:00,stay,place,Brussels Airport (BRU),50.91145,4.36202,50.91145,4.36202
2026-05-28 15:00,2026-05-28 17:10,move,flight,Brussels Airport (BRU) -> Warsaw Airport (WAW),50.91145,4.36202,52.16570,20.96710
2026-05-28 17:10,2026-05-28 17:51,move,car,"Warsaw Airport (WAW) -> Home – ul. Chmielna 71, Warsaw",52.16570,20.96710,52.22960,21.00300
2026-05-28 17:51,2026-05-29 19:18,stay,home,"Home – ul. Chmielna 71, Warsaw",52.22960,21.00300,52.22960,21.00300
2026-05-29 19:18,2026-05-29 19:30,move,transit,"Home – ul. Chmielna 71, Warsaw -> Muzeum Narodowe, Al. Jerozolimskie 3",52.22960,21.00300,52.23180,21.02470
2026-05-29 19:30,2026-05-29 23:00,stay,place,"Muzeum Narodowe, Al. Jerozolimskie 3",52.23180,21.02470,52.23180,21.02470
2026-05-29 23:00,2026-05-29 23:13,move,transit,"Muzeum Narodowe, Al. Jerozolimskie 3 -> Home – ul. Chmielna 71, Warsaw",52.23180,21.02470,52.22960,21.00300
2026-05-29 23:13,2026-05-30 09:09,stay,home,"Home – ul. Chmielna 71, Warsaw",52.22960,21.00300,52.22960,21.00300
2026-05-30 09:09,2026-05-30 09:30,move,transit,"Home – ul. Chmielna 71, Warsaw -> Pole Mokotowskie",52.22960,21.00300,52.21160,20.99540
2026-05-30 09:30,2026-05-30 10:30,stay,place,Pole Mokotowskie,52.21160,20.99540,52.21160,20.99540
2026-05-30 10:30,2026-05-30 10:52,move,transit,"Pole Mokotowskie -> Home – ul. Chmielna 71, Warsaw",52.21160,20.99540,52.22960,21.00300
2026-05-30 10:52,2026-06-01 06:52,stay,home,"Home – ul. Chmielna 71, Warsaw",52.22960,21.00300,52.22960,21.00300
2026-06-01 06:52,2026-06-01 06:55,move,car,"Home – ul. Chmielna 71, Warsaw -> Warsaw Central Station",52.22960,21.00300,52.22870,21.00330
2026-06-01 06:55,2026-06-01 07:05,stay,place,Warsaw Central Station,52.22870,21.00330,52.22870,21.00330
2026-06-01 07:05,2026-06-01 10:35,move,train,Warsaw Central Station -> Poznań main station,52.22870,21.00330,52.40957,16.92547
2026-06-01 10:35,2026-06-01 10:47,move,transit,"Poznań main station -> Hotel Brovaria, Stary Rynek, Poznań",52.40957,16.92547,52.41529,16.90444
2026-06-01 10:47,2026-06-01 13:16,stay,place,"Hotel Brovaria, Stary Rynek, Poznań",52.41529,16.90444,52.41529,16.90444
2026-06-01 13:16,2026-06-01 13:25,move,transit,"Hotel Brovaria, Stary Rynek, Poznań -> Warta Energia, Poznań",52.41529,16.90444,52.41074,16.90130
2026-06-01 13:25,2026-06-01 16:25,stay,place,"Warta Energia, Poznań",52.41074,16.90130,52.41074,16.90130
2026-06-01 16:25,2026-06-01 16:34,move,transit,"Warta Energia, Poznań -> Hotel Brovaria, Stary Rynek, Poznań",52.41074,16.90130,52.41529,16.90444
2026-06-01 16:34,2026-06-02 08:41,stay,place,"Hotel Brovaria, Stary Rynek, Poznań",52.41529,16.90444,52.41529,16.90444
2026-06-02 08:41,2026-06-02 08:50,move,transit,"Hotel Brovaria, Stary Rynek, Poznań -> Warta Energia, Poznań",52.41529,16.90444,52.41074,16.90130
2026-06-02 08:50,2026-06-02 14:50,stay,place,"Warta Energia, Poznań",52.41074,16.90130,52.41074,16.90130
2026-06-02 14:50,2026-06-02 14:59,move,transit,"Warta Energia, Poznań -> Hotel Brovaria, Stary Rynek, Poznań",52.41074,16.90130,52.41529,16.90444
2026-06-02 14:59,2026-06-03 08:46,stay,place,"Hotel Brovaria, Stary Rynek, Poznań",52.41529,16.90444,52.41529,16.90444
2026-06-03 08:46,2026-06-03 08:55,move,transit,"Hotel Brovaria, Stary Rynek, Poznań -> Warta Energia, Poznań",52.41529,16.90444,52.41074,16.90130
2026-06-03 08:55,2026-06-03 11:45,stay,place,"Warta Energia, Poznań",52.41074,16.90130,52.41074,16.90130
2026-06-03 11:45,2026-06-03 11:54,move,transit,"Warta Energia, Poznań -> Hotel Brovaria, Stary Rynek, Poznań",52.41074,16.90130,52.41529,16.90444
2026-06-03 11:54,2026-06-03 16:08,stay,place,"Hotel Brovaria, Stary Rynek, Poznań",52.41529,16.90444,52.41529,16.90444
2026-06-03 16:08,2026-06-03 16:20,move,transit,"Hotel Brovaria, Stary Rynek, Poznań -> Poznań main station",52.41529,16.90444,52.40957,16.92547
2026-06-03 16:20,2026-06-03 16:30,stay,place,Poznań main station,52.40957,16.92547,52.40957,16.92547
2026-06-03 16:30,2026-06-03 20:00,move,train,Poznań main station -> Warsaw Central Station,52.40957,16.92547,52.22870,21.00330
2026-06-03 20:00,2026-06-03 20:16,move,walk,"Warsaw Central Station -> Home – ul. Chmielna 71, Warsaw",52.22870,21.00330,52.22960,21.00300
2026-06-03 20:16,2026-06-04 18:46,stay,home,"Home – ul. Chmielna 71, Warsaw",52.22960,21.00300,52.22960,21.00300
2026-06-04 18:46,2026-06-04 19:00,move,transit,"Home – ul. Chmielna 71, Warsaw -> Hala Gwardii",52.22960,21.00300,52.24470,21.00090
2026-06-04 19:00,2026-06-04 22:00,stay,place,Hala Gwardii,52.24470,21.00090,52.24470,21.00090
2026-06-04 22:00,2026-06-04 22:14,move,transit,"Hala Gwardii -> Home – ul. Chmielna 71, Warsaw",52.24470,21.00090,52.22960,21.00300
2026-06-04 22:14,2026-06-05 15:22,stay,home,"Home – ul. Chmielna 71, Warsaw",52.22960,21.00300,52.22960,21.00300
2026-06-05 15:22,2026-06-05 15:25,move,transit,"Home – ul. Chmielna 71, Warsaw -> Warsaw Central Station",52.22960,21.00300,52.22870,21.00330
2026-06-05 15:25,2026-06-05 15:55,stay,place,Warsaw Central Station,52.22870,21.00330,52.22870,21.00330
2026-06-05 15:55,2026-06-05 15:59,move,transit,"Warsaw Central Station -> Home – ul. Chmielna 71, Warsaw",52.22870,21.00330,52.22960,21.00300
2026-06-05 15:59,2026-06-06 11:46,stay,home,"Home – ul. Chmielna 71, Warsaw",52.22960,21.00300,52.22960,21.00300
2026-06-06 11:46,2026-06-06 12:00,move,transit,"Home – ul. Chmielna 71, Warsaw -> Charlotte, pl. Zbawiciela",52.22960,21.00300,52.22000,21.01820
2026-06-06 12:00,2026-06-06 14:30,stay,place,"Charlotte, pl. Zbawiciela",52.22000,21.01820,52.22000,21.01820
2026-06-06 14:30,2026-06-06 14:48,move,transit,"Charlotte, pl. Zbawiciela -> Home – ul. Chmielna 71, Warsaw",52.22000,21.01820,52.22960,21.00300
2026-06-06 14:48,2026-06-06 19:41,stay,home,"Home – ul. Chmielna 71, Warsaw",52.22960,21.00300,52.22960,21.00300
2026-06-06 19:41,2026-06-06 20:00,move,transit,"Home – ul. Chmielna 71, Warsaw -> Kino Muranów",52.22960,21.00300,52.24960,20.99890
2026-06-06 20:00,2026-06-06 23:00,stay,place,Kino Muranów,52.24960,20.99890,52.24960,20.99890
2026-06-06 23:00,2026-06-06 23:14,move,transit,"Kino Muranów -> Home – ul. Chmielna 71, Warsaw",52.24960,20.99890,52.22960,21.00300
2026-06-06 23:14,2026-06-07 14:24,stay,home,"Home – ul. Chmielna 71, Warsaw",52.22960,21.00300,52.22960,21.00300
2026-06-07 14:24,2026-06-07 14:30,move,transit,"Home – ul. Chmielna 71, Warsaw -> Warsaw Central Station",52.22960,21.00300,52.22870,21.00330
2026-06-07 14:30,2026-06-07 15:00,stay,place,Warsaw Central Station,52.22870,21.00330,52.22870,21.00330
2026-06-07 15:00,2026-06-07 15:07,move,transit,"Warsaw Central Station -> Home – ul. Chmielna 71, Warsaw",52.22870,21.00330,52.22960,21.00300
2026-06-07 15:07,2026-06-09 09:52,stay,home,"Home – ul. Chmielna 71, Warsaw",52.22960,21.00300,52.22960,21.00300
2026-06-09 09:52,2026-06-09 09:55,move,car,"Home – ul. Chmielna 71, Warsaw -> Warsaw Central Station",52.22960,21.00300,52.22870,21.00330
2026-06-09 09:55,2026-06-09 10:05,stay,place,Warsaw Central Station,52.22870,21.00330,52.22870,21.00330
2026-06-09 10:05,2026-06-09 13:15,move,train,Warsaw Central Station -> Kraków main station,52.22870,21.00330,50.06224,19.94400
2026-06-09 13:15,2026-06-09 13:26,move,transit,"Kraków main station -> Stay, Kraków",50.06224,19.94400,50.06607,19.92815
2026-06-09 13:26,2026-06-09 16:59,stay,place,"Stay, Kraków",50.06607,19.92815,50.06607,19.92815
2026-06-09 16:59,2026-06-09 17:10,move,transit,"Stay, Kraków -> Kraków main station",50.06607,19.92815,50.06224,19.94400
2026-06-09 17:10,2026-06-09 17:20,stay,place,Kraków main station,50.06224,19.94400,50.06224,19.94400
2026-06-09 17:20,2026-06-09 20:30,move,train,Kraków main station -> Warsaw Central Station,50.06224,19.94400,52.22870,21.00330
2026-06-09 20:30,2026-06-09 20:58,move,walk,"Warsaw Central Station -> Home – ul. Chmielna 71, Warsaw",52.22870,21.00330,52.22960,21.00300
2026-06-09 20:58,2026-06-11 07:54,stay,home,"Home – ul. Chmielna 71, Warsaw",52.22960,21.00300,52.22960,21.00300
2026-06-11 07:54,2026-06-11 08:05,move,transit,"Home – ul. Chmielna 71, Warsaw -> Warsaw Spire, pl. Europejski 1, Warsaw",52.22960,21.00300,52.23180,20.98460
2026-06-11 08:05,2026-06-11 18:07,stay,place,"Warsaw Spire, pl. Europejski 1, Warsaw",52.23180,20.98460,52.23180,20.98460
2026-06-11 18:07,2026-06-11 18:18,move,transit,"Warsaw Spire, pl. Europejski 1, Warsaw -> Home – ul. Chmielna 71, Warsaw",52.23180,20.98460,52.22960,21.00300
2026-06-11 18:18,2026-06-11 18:57,stay,home,"Home – ul. Chmielna 71, Warsaw",52.22960,21.00300,52.22960,21.00300
2026-06-11 18:57,2026-06-11 19:00,move,transit,"Home – ul. Chmielna 71, Warsaw -> Pardon, To Tu, pl. Grzybowski",52.22960,21.00300,52.23170,21.00460
2026-06-11 19:00,2026-06-11 22:00,stay,place,"Pardon, To Tu, pl. Grzybowski",52.23170,21.00460,52.23170,21.00460
2026-06-11 22:00,2026-06-11 22:09,move,transit,"Pardon, To Tu, pl. Grzybowski -> Home – ul. Chmielna 71, Warsaw",52.23170,21.00460,52.22960,21.00300
2026-06-11 22:09,2026-06-12 07:53,stay,home,"Home – ul. Chmielna 71, Warsaw",52.22960,21.00300,52.22960,21.00300
2026-06-12 07:53,2026-06-12 08:04,move,transit,"Home – ul. Chmielna 71, Warsaw -> Warsaw Spire, pl. Europejski 1, Warsaw",52.22960,21.00300,52.23180,20.98460
2026-06-12 08:04,2026-06-12 17:43,stay,place,"Warsaw Spire, pl. Europejski 1, Warsaw",52.23180,20.98460,52.23180,20.98460
2026-06-12 17:43,2026-06-12 17:54,move,transit,"Warsaw Spire, pl. Europejski 1, Warsaw -> Home – ul. Chmielna 71, Warsaw",52.23180,20.98460,52.22960,21.00300
2026-06-12 17:54,2026-06-13 14:45,stay,home,"Home – ul. Chmielna 71, Warsaw",52.22960,21.00300,52.22960,21.00300
2026-06-13 14:45,2026-06-13 15:00,move,transit,"Home – ul. Chmielna 71, Warsaw -> Plaża Poniatówka",52.22960,21.00300,52.23400,21.04000
2026-06-13 15:00,2026-06-13 22:00,stay,place,Plaża Poniatówka,52.23400,21.04000,52.23400,21.04000
2026-06-13 22:00,2026-06-13 22:17,move,transit,"Plaża Poniatówka -> Home – ul. Chmielna 71, Warsaw",52.23400,21.04000,52.22960,21.00300
2026-06-13 22:17,2026-06-14 05:25,stay,home,"Home – ul. Chmielna 71, Warsaw",52.22960,21.00300,52.22960,21.00300
2026-06-14 05:25,2026-06-14 05:55,move,car,"Home – ul. Chmielna 71, Warsaw -> Warsaw Airport (WAW)",52.22960,21.00300,52.16570,20.96710
2026-06-14 05:55,2026-06-14 06:40,stay,place,Warsaw Airport (WAW),52.16570,20.96710,52.16570,20.96710
2026-06-14 06:40,2026-06-14 09:05,move,flight,Warsaw Airport (WAW) -> Paris Airport (CDG),52.16570,20.96710,48.85421,2.36706
2026-06-14 09:05,2026-06-14 09:15,move,transit,"Paris Airport (CDG) -> Hôtel Le Pigalle, Paris",48.85421,2.36706,48.85993,2.36834
2026-06-14 09:15,2026-06-14 13:04,stay,place,"Hôtel Le Pigalle, Paris",48.85993,2.36834,48.85993,2.36834
2026-06-14 13:04,2026-06-14 13:20,move,transit,"Hôtel Le Pigalle, Paris -> Lumière Réseau, Paris",48.85993,2.36834,48.83913,2.34230
2026-06-14 13:20,2026-06-14 16:10,stay,place,"Lumière Réseau, Paris",48.83913,2.34230,48.83913,2.34230
2026-06-14 16:10,2026-06-14 16:26,move,transit,"Lumière Réseau, Paris -> Hôtel Le Pigalle, Paris",48.83913,2.34230,48.85993,2.36834
2026-06-14 16:26,2026-06-15 08:29,stay,place,"Hôtel Le Pigalle, Paris",48.85993,2.36834,48.85993,2.36834
2026-06-15 08:29,2026-06-15 08:45,move,transit,"Hôtel Le Pigalle, Paris -> Lumière Réseau, Paris",48.85993,2.36834,48.83913,2.34230
2026-06-15 08:45,2026-06-15 15:55,stay,place,"Lumière Réseau, Paris",48.83913,2.34230,48.83913,2.34230
2026-06-15 15:55,2026-06-15 16:11,move,transit,"Lumière Réseau, Paris -> Hôtel Le Pigalle, Paris",48.83913,2.34230,48.85993,2.36834
2026-06-15 16:11,2026-06-16 08:29,stay,place,"Hôtel Le Pigalle, Paris",48.85993,2.36834,48.85993,2.36834
2026-06-16 08:29,2026-06-16 08:45,move,transit,"Hôtel Le Pigalle, Paris -> Lumière Réseau, Paris",48.85993,2.36834,48.83913,2.34230
2026-06-16 08:45,2026-06-16 13:10,stay,place,"Lumière Réseau, Paris",48.83913,2.34230,48.83913,2.34230
2026-06-16 13:10,2026-06-16 14:10,stay,place,"Lumière Réseau, Paris",48.83913,2.34230,48.83913,2.34230
2026-06-16 14:10,2026-06-16 14:25,move,transit,"Lumière Réseau, Paris -> Paris Airport (CDG)",48.83913,2.34230,48.85421,2.36706
2026-06-16 14:25,2026-06-16 15:40,stay,place,Paris Airport (CDG),48.85421,2.36706,48.85421,2.36706
2026-06-16 15:40,2026-06-16 18:05,move,flight,Paris Airport (CDG) -> Warsaw Airport (WAW),48.85421,2.36706,52.16570,20.96710
2026-06-16 18:05,2026-06-16 18:53,move,car,"Warsaw Airport (WAW) -> Home – ul. Chmielna 71, Warsaw",52.16570,20.96710,52.22960,21.00300
2026-06-16 18:53,2026-06-17 18:38,stay,home,"Home – ul. Chmielna 71, Warsaw",52.22960,21.00300,52.22960,21.00300
2026-06-17 18:38,2026-06-17 19:00,move,transit,"Home – ul. Chmielna 71, Warsaw -> Bouldering gym, ul. Puławska (Mokotów)",52.22960,21.00300,52.20290,21.02030
2026-06-17 19:00,2026-06-17 21:00,stay,place,"Bouldering gym, ul. Puławska (Mokotów)",52.20290,21.02030,52.20290,21.02030
2026-06-17 21:00,2026-06-17 21:19,move,transit,"Bouldering gym, ul. Puławska (Mokotów) -> Home – ul. Chmielna 71, Warsaw",52.20290,21.02030,52.22960,21.00300
2026-06-17 21:19,2026-06-18 09:52,stay,home,"Home – ul. Chmielna 71, Warsaw",52.22960,21.00300,52.22960,21.00300
2026-06-18 09:52,2026-06-18 09:55,move,car,"Home – ul. Chmielna 71, Warsaw -> Warsaw Central Station",52.22960,21.00300,52.22870,21.00330
2026-06-18 09:55,2026-06-18 10:05,stay,place,Warsaw Central Station,52.22870,21.00330,52.22870,21.00330
2026-06-18 10:05,2026-06-18 16:25,move,train,Warsaw Central Station -> Berlin main station,52.22870,21.00330,52.52176,13.40915
2026-06-18 16:25,2026-06-18 16:36,move,transit,"Berlin main station -> Paul's flat, Prenzlauer Berg, Berlin",52.52176,13.40915,52.52765,13.39916
2026-06-18 16:36,2026-06-20 10:47,stay,place,"Paul's flat, Prenzlauer Berg, Berlin",52.52765,13.39916,52.52765,13.39916
2026-06-20 10:47,2026-06-20 11:00,move,transit,"Paul's flat, Prenzlauer Berg, Berlin -> Schlachtensee, Berlin",52.52765,13.39916,52.51301,13.39457
2026-06-20 11:00,2026-06-20 16:00,stay,place,"Schlachtensee, Berlin",52.51301,13.39457,52.51301,13.39457
2026-06-20 16:00,2026-06-20 16:13,move,transit,"Schlachtensee, Berlin -> Paul's flat, Prenzlauer Berg, Berlin",52.51301,13.39457,52.52765,13.39916
2026-06-20 16:13,2026-06-20 19:19,stay,place,"Paul's flat, Prenzlauer Berg, Berlin",52.52765,13.39916,52.52765,13.39916
2026-06-20 19:19,2026-06-20 19:30,move,transit,"Paul's flat, Prenzlauer Berg, Berlin -> Mauerpark, Berlin",52.52765,13.39916,52.51962,13.41115
2026-06-20 19:30,2026-06-20 22:30,stay,place,"Mauerpark, Berlin",52.51962,13.41115,52.51962,13.41115
2026-06-20 22:30,2026-06-20 22:41,move,transit,"Mauerpark, Berlin -> Paul's flat, Prenzlauer Berg, Berlin",52.51962,13.41115,52.52765,13.39916
2026-06-20 22:41,2026-06-21 15:44,stay,place,"Paul's flat, Prenzlauer Berg, Berlin",52.52765,13.39916,52.52765,13.39916
2026-06-21 15:44,2026-06-21 15:55,move,transit,"Paul's flat, Prenzlauer Berg, Berlin -> Berlin main station",52.52765,13.39916,52.52176,13.40915
2026-06-21 15:55,2026-06-21 16:05,stay,place,Berlin main station,52.52176,13.40915,52.52176,13.40915
2026-06-21 16:05,2026-06-21 22:25,move,train,Berlin main station -> Warsaw Central Station,52.52176,13.40915,52.22870,21.00330
2026-06-21 22:25,2026-06-21 22:48,move,walk,"Warsaw Central Station -> Home – ul. Chmielna 71, Warsaw",52.22870,21.00330,52.22960,21.00300
2026-06-21 22:48,2026-06-22 06:05,stay,home,"Home – ul. Chmielna 71, Warsaw",52.22960,21.00300,52.22960,21.00300
2026-06-22 06:05,2026-06-22 06:35,move,car,"Home – ul. Chmielna 71, Warsaw -> Warsaw Airport (WAW)",52.22960,21.00300,52.16570,20.96710
2026-06-22 06:35,2026-06-22 07:20,stay,place,Warsaw Airport (WAW),52.16570,20.96710,52.16570,20.96710
2026-06-22 07:20,2026-06-22 09:05,move,flight,Warsaw Airport (WAW) -> Munich Airport (MUC),52.16570,20.96710,48.18851,11.69302
2026-06-22 09:05,2026-06-22 09:30,move,transit,"Munich Airport (MUC) -> Motel One München-Sendlinger Tor, Munich",48.18851,11.69302,48.11717,11.56186
2026-06-22 09:30,2026-06-23 07:30,stay,place,"Motel One München-Sendlinger Tor, Munich",48.11717,11.56186,48.11717,11.56186
2026-06-23 07:30,2026-06-23 09:00,move,transit,"Motel One München-Sendlinger Tor, Munich -> Messe München",48.11717,11.56186,52.22876,20.96261
2026-06-23 09:00,2026-06-23 17:30,stay,place,Messe München,52.22876,20.96261,52.22876,20.96261
2026-06-23 17:30,2026-06-23 19:00,move,transit,"Messe München -> Motel One München-Sendlinger Tor, Munich",52.22876,20.96261,48.11717,11.56186
2026-06-23 19:00,2026-06-24 07:30,stay,place,"Motel One München-Sendlinger Tor, Munich",48.11717,11.56186,48.11717,11.56186
2026-06-24 07:30,2026-06-24 09:00,move,transit,"Motel One München-Sendlinger Tor, Munich -> Messe München",48.11717,11.56186,52.22876,20.96261
2026-06-24 09:00,2026-06-24 17:30,stay,place,Messe München,52.22876,20.96261,52.22876,20.96261
2026-06-24 17:30,2026-06-24 19:00,move,transit,"Messe München -> Motel One München-Sendlinger Tor, Munich",52.22876,20.96261,48.11717,11.56186
2026-06-24 19:00,2026-06-25 07:30,stay,place,"Motel One München-Sendlinger Tor, Munich",48.11717,11.56186,48.11717,11.56186
2026-06-25 07:30,2026-06-25 09:00,move,transit,"Motel One München-Sendlinger Tor, Munich -> Messe München",48.11717,11.56186,52.22876,20.96261
2026-06-25 09:00,2026-06-25 13:00,stay,place,Messe München,52.22876,20.96261,52.22876,20.96261
2026-06-25 13:00,2026-06-25 14:15,move,transit,Messe München -> Munich Airport (MUC),52.22876,20.96261,48.18851,11.69302
2026-06-25 14:15,2026-06-25 15:30,stay,place,Munich Airport (MUC),48.18851,11.69302,48.18851,11.69302
2026-06-25 15:30,2026-06-25 17:15,move,flight,Munich Airport (MUC) -> Warsaw Airport (WAW),48.18851,11.69302,52.16570,20.96710
2026-06-25 17:15,2026-06-25 17:53,move,car,"Warsaw Airport (WAW) -> Home – ul. Chmielna 71, Warsaw",52.16570,20.96710,52.22960,21.00300
2026-06-25 17:53,2026-06-26 07:57,stay,home,"Home – ul. Chmielna 71, Warsaw",52.22960,21.00300,52.22960,21.00300
2026-06-26 07:57,2026-06-26 08:08,move,transit,"Home – ul. Chmielna 71, Warsaw -> Warsaw Spire, pl. Europejski 1, Warsaw",52.22960,21.00300,52.23180,20.98460
2026-06-26 08:08,2026-06-26 17:37,stay,place,"Warsaw Spire, pl. Europejski 1, Warsaw",52.23180,20.98460,52.23180,20.98460
2026-06-26 17:37,2026-06-26 17:48,move,transit,"Warsaw Spire, pl. Europejski 1, Warsaw -> Home – ul. Chmielna 71, Warsaw",52.23180,20.98460,52.22960,21.00300
2026-06-26 17:48,2026-06-27 10:45,stay,home,"Home – ul. Chmielna 71, Warsaw",52.22960,21.00300,52.22960,21.00300
2026-06-27 10:45,2026-06-27 11:00,move,transit,"Home – ul. Chmielna 71, Warsaw -> Hala Koszyki, ul. Koszykowa 63",52.22960,21.00300,52.22660,21.01920
2026-06-27 11:00,2026-06-27 13:00,stay,place,"Hala Koszyki, ul. Koszykowa 63",52.22660,21.01920,52.22660,21.01920
2026-06-27 13:00,2026-06-27 13:14,move,transit,"Hala Koszyki, ul. Koszykowa 63 -> Home – ul. Chmielna 71, Warsaw",52.22660,21.01920,52.22960,21.00300
2026-06-27 13:14,2026-06-27 15:39,stay,home,"Home – ul. Chmielna 71, Warsaw",52.22960,21.00300,52.22960,21.00300
2026-06-27 15:39,2026-06-27 16:00,move,transit,"Home – ul. Chmielna 71, Warsaw -> Park Szczęśliwicki",52.22960,21.00300,52.21100,20.96000
2026-06-27 16:00,2026-06-27 17:30,stay,place,Park Szczęśliwicki,52.21100,20.96000,52.21100,20.96000
2026-06-27 17:30,2026-06-27 17:50,move,transit,"Park Szczęśliwicki -> Home – ul. Chmielna 71, Warsaw",52.21100,20.96000,52.22960,21.00300
2026-06-27 17:50,2026-06-28 05:25,stay,home,"Home – ul. Chmielna 71, Warsaw",52.22960,21.00300,52.22960,21.00300
2026-06-28 05:25,2026-06-28 05:55,move,car,"Home – ul. Chmielna 71, Warsaw -> Warsaw Airport (WAW)",52.22960,21.00300,52.16570,20.96710
2026-06-28 05:55,2026-06-28 06:40,stay,place,Warsaw Airport (WAW),52.16570,20.96710,52.16570,20.96710
2026-06-28 06:40,2026-06-28 08:00,move,flight,Warsaw Airport (WAW) -> Prague Airport (PRG),52.16570,20.96710,50.07409,14.54986
2026-06-28 08:00,2026-06-28 08:21,move,transit,"Prague Airport (PRG) -> Hotel Josef, Rybná 20, Prague",50.07409,14.54986,50.08803,14.41269
2026-06-28 08:21,2026-06-28 13:48,stay,place,"Hotel Josef, Rybná 20, Prague",50.08803,14.41269,50.08803,14.41269
2026-06-28 13:48,2026-06-28 14:00,move,transit,"Hotel Josef, Rybná 20, Prague -> Vltava Energo, Prague",50.08803,14.41269,50.07854,14.42956
2026-06-28 14:00,2026-06-28 17:25,stay,place,"Vltava Energo, Prague",50.07854,14.42956,50.07854,14.42956
2026-06-28 17:25,2026-06-28 17:37,move,transit,"Vltava Energo, Prague -> Hotel Josef, Rybná 20, Prague",50.07854,14.42956,50.08803,14.41269
2026-06-28 17:37,2026-06-29 09:13,stay,place,"Hotel Josef, Rybná 20, Prague",50.08803,14.41269,50.08803,14.41269
2026-06-29 09:13,2026-06-29 09:25,move,transit,"Hotel Josef, Rybná 20, Prague -> Vltava Energo, Prague",50.08803,14.41269,50.07854,14.42956
2026-06-29 09:25,2026-06-29 16:55,stay,place,"Vltava Energo, Prague",50.07854,14.42956,50.07854,14.42956
2026-06-29 16:55,2026-06-29 17:07,move,transit,"Vltava Energo, Prague -> Hotel Josef, Rybná 20, Prague",50.07854,14.42956,50.08803,14.41269
2026-06-29 17:07,2026-06-30 09:03,stay,place,"Hotel Josef, Rybná 20, Prague",50.08803,14.41269,50.08803,14.41269
2026-06-30 09:03,2026-06-30 09:15,move,transit,"Hotel Josef, Rybná 20, Prague -> Vltava Energo, Prague",50.08803,14.41269,50.07854,14.42956
2026-06-30 09:15,2026-06-30 12:35,stay,place,"Vltava Energo, Prague",50.07854,14.42956,50.07854,14.42956
2026-06-30 12:35,2026-06-30 13:31,stay,place,"Vltava Energo, Prague",50.07854,14.42956,50.07854,14.42956
2026-06-30 13:31,2026-06-30 13:50,move,transit,"Vltava Energo, Prague -> Prague Airport (PRG)",50.07854,14.42956,50.07409,14.54986
2026-06-30 13:50,2026-06-30 15:05,stay,place,Prague Airport (PRG),50.07409,14.54986,50.07409,14.54986
2026-06-30 15:05,2026-06-30 16:25,move,flight,Prague Airport (PRG) -> Warsaw Airport (WAW),50.07409,14.54986,52.16570,20.96710
2026-06-30 16:25,2026-06-30 16:59,move,car,"Warsaw Airport (WAW) -> Home – ul. Chmielna 71, Warsaw",52.16570,20.96710,52.22960,21.00300
2026-06-30 16:59,2026-07-01 18:37,stay,home,"Home – ul. Chmielna 71, Warsaw",52.22960,21.00300,52.22960,21.00300
2026-07-01 18:37,2026-07-01 19:00,move,transit,"Home – ul. Chmielna 71, Warsaw -> Bouldering gym, ul. Puławska (Mokotów)",52.22960,21.00300,52.20290,21.02030
2026-07-01 19:00,2026-07-01 21:00,stay,place,"Bouldering gym, ul. Puławska (Mokotów)",52.20290,21.02030,52.20290,21.02030
2026-07-01 21:00,2026-07-01 21:18,move,transit,"Bouldering gym, ul. Puławska (Mokotów) -> Home – ul. Chmielna 71, Warsaw",52.20290,21.02030,52.22960,21.00300
2026-07-01 21:18,2026-07-02 08:00,stay,home,"Home – ul. Chmielna 71, Warsaw",52.22960,21.00300,52.22960,21.00300
2026-07-02 08:00,2026-07-02 08:11,move,transit,"Home – ul. Chmielna 71, Warsaw -> Warsaw Spire, pl. Europejski 1, Warsaw",52.22960,21.00300,52.23180,20.98460
2026-07-02 08:11,2026-07-02 17:40,stay,place,"Warsaw Spire, pl. Europejski 1, Warsaw",52.23180,20.98460,52.23180,20.98460
2026-07-02 17:40,2026-07-02 17:51,move,transit,"Warsaw Spire, pl. Europejski 1, Warsaw -> Home – ul. Chmielna 71, Warsaw",52.23180,20.98460,52.22960,21.00300
2026-07-02 17:51,2026-07-03 15:22,stay,home,"Home – ul. Chmielna 71, Warsaw",52.22960,21.00300,52.22960,21.00300
2026-07-03 15:22,2026-07-03 15:25,move,transit,"Home – ul. Chmielna 71, Warsaw -> Warsaw Central Station",52.22960,21.00300,52.22870,21.00330
2026-07-03 15:25,2026-07-03 15:55,stay,place,Warsaw Central Station,52.22870,21.00330,52.22870,21.00330
2026-07-03 15:55,2026-07-03 16:03,move,transit,"Warsaw Central Station -> Home – ul. Chmielna 71, Warsaw",52.22870,21.00330,52.22960,21.00300
2026-07-03 16:03,2026-07-04 19:16,stay,home,"Home – ul. Chmielna 71, Warsaw",52.22960,21.00300,52.22960,21.00300
2026-07-04 19:16,2026-07-04 19:30,move,transit,"Home – ul. Chmielna 71, Warsaw -> Nolita, ul. Wilcza 46",52.22960,21.00300,52.22350,21.01940
2026-07-04 19:30,2026-07-04 22:30,stay,place,"Nolita, ul. Wilcza 46",52.22350,21.01940,52.22350,21.01940
2026-07-04 22:30,2026-07-04 22:43,move,transit,"Nolita, ul. Wilcza 46 -> Home – ul. Chmielna 71, Warsaw",52.22350,21.01940,52.22960,21.00300
2026-07-04 22:43,2026-07-06 07:48,stay,home,"Home – ul. Chmielna 71, Warsaw",52.22960,21.00300,52.22960,21.00300
2026-07-06 07:48,2026-07-06 07:59,move,transit,"Home – ul. Chmielna 71, Warsaw -> Warsaw Spire, pl. Europejski 1, Warsaw",52.22960,21.00300,52.23180,20.98460
2026-07-06 07:59,2026-07-06 17:49,stay,place,"Warsaw Spire, pl. Europejski 1, Warsaw",52.23180,20.98460,52.23180,20.98460
2026-07-06 17:49,2026-07-06 18:00,move,transit,"Warsaw Spire, pl. Europejski 1, Warsaw -> Home – ul. Chmielna 71, Warsaw",52.23180,20.98460,52.22960,21.00300
2026-07-06 18:00,2026-07-07 05:25,stay,home,"Home – ul. Chmielna 71, Warsaw",52.22960,21.00300,52.22960,21.00300
2026-07-07 05:25,2026-07-07 05:55,move,car,"Home – ul. Chmielna 71, Warsaw -> Warsaw Airport (WAW)",52.22960,21.00300,52.16570,20.96710
2026-07-07 05:55,2026-07-07 06:40,stay,place,Warsaw Airport (WAW),52.16570,20.96710,52.16570,20.96710
2026-07-07 06:40,2026-07-07 08:00,move,flight,Warsaw Airport (WAW) -> Berlin Airport (BER),52.16570,20.96710,52.56884,13.53146
2026-07-07 08:00,2026-07-07 08:23,move,transit,"Berlin Airport (BER) -> Hotel Amano, Auguststr. 43, Berlin",52.56884,13.53146,52.51050,13.39964
2026-07-07 08:23,2026-07-07 13:25,stay,place,"Hotel Amano, Auguststr. 43, Berlin",52.51050,13.39964,52.51050,13.39964
2026-07-07 13:25,2026-07-07 13:40,move,transit,"Hotel Amano, Auguststr. 43, Berlin -> Spreewerk Energie, Berlin",52.51050,13.39964,52.50965,13.43737
2026-07-07 13:40,2026-07-07 17:20,stay,place,"Spreewerk Energie, Berlin",52.50965,13.43737,52.50965,13.43737
2026-07-07 17:20,2026-07-07 17:35,move,transit,"Spreewerk Energie, Berlin -> Hotel Amano, Auguststr. 43, Berlin",52.50965,13.43737,52.51050,13.39964
2026-07-07 17:35,2026-07-08 09:15,stay,place,"Hotel Amano, Auguststr. 43, Berlin",52.51050,13.39964,52.51050,13.39964
2026-07-08 09:15,2026-07-08 09:30,move,transit,"Hotel Amano, Auguststr. 43, Berlin -> Spreewerk Energie, Berlin",52.51050,13.39964,52.50965,13.43737
2026-07-08 09:30,2026-07-08 18:00,stay,place,"Spreewerk Energie, Berlin",52.50965,13.43737,52.50965,13.43737
2026-07-08 18:00,2026-07-08 18:15,move,transit,"Spreewerk Energie, Berlin -> Hotel Amano, Auguststr. 43, Berlin",52.50965,13.43737,52.51050,13.39964
2026-07-08 18:15,2026-07-09 08:55,stay,place,"Hotel Amano, Auguststr. 43, Berlin",52.51050,13.39964,52.51050,13.39964
2026-07-09 08:55,2026-07-09 09:10,move,transit,"Hotel Amano, Auguststr. 43, Berlin -> Spreewerk Energie, Berlin",52.51050,13.39964,52.50965,13.43737
2026-07-09 09:10,2026-07-09 17:50,stay,place,"Spreewerk Energie, Berlin",52.50965,13.43737,52.50965,13.43737
2026-07-09 17:50,2026-07-09 18:05,move,transit,"Spreewerk Energie, Berlin -> Hotel Amano, Auguststr. 43, Berlin",52.50965,13.43737,52.51050,13.39964
2026-07-09 18:05,2026-07-10 08:30,stay,place,"Hotel Amano, Auguststr. 43, Berlin",52.51050,13.39964,52.51050,13.39964
2026-07-10 08:30,2026-07-10 08:45,move,transit,"Hotel Amano, Auguststr. 43, Berlin -> Spreewerk Energie, Berlin",52.51050,13.39964,52.50965,13.43737
2026-07-10 08:45,2026-07-10 11:35,stay,place,"Spreewerk Energie, Berlin",52.50965,13.43737,52.50965,13.43737
2026-07-10 11:35,2026-07-10 13:25,stay,place,"Spreewerk Energie, Berlin",52.50965,13.43737,52.50965,13.43737
2026-07-10 13:25,2026-07-10 13:45,move,transit,"Spreewerk Energie, Berlin -> Berlin Airport (BER)",52.50965,13.43737,52.56884,13.53146
2026-07-10 13:45,2026-07-10 15:00,stay,place,Berlin Airport (BER),52.56884,13.53146,52.56884,13.53146
2026-07-10 15:00,2026-07-10 16:20,move,flight,Berlin Airport (BER) -> Warsaw Airport (WAW),52.56884,13.53146,52.16570,20.96710
2026-07-10 16:20,2026-07-10 17:05,move,car,"Warsaw Airport (WAW) -> Home – ul. Chmielna 71, Warsaw",52.16570,20.96710,52.22960,21.00300
2026-07-10 17:05,2026-07-11 09:13,stay,home,"Home – ul. Chmielna 71, Warsaw",52.22960,21.00300,52.22960,21.00300
2026-07-11 09:13,2026-07-11 09:30,move,transit,"Home – ul. Chmielna 71, Warsaw -> Pole Mokotowskie",52.22960,21.00300,52.21160,20.99540
2026-07-11 09:30,2026-07-11 10:30,stay,place,Pole Mokotowskie,52.21160,20.99540,52.21160,20.99540
2026-07-11 10:30,2026-07-11 10:47,move,transit,"Pole Mokotowskie -> Home – ul. Chmielna 71, Warsaw",52.21160,20.99540,52.22960,21.00300
2026-07-11 10:47,2026-07-12 11:18,stay,home,"Home – ul. Chmielna 71, Warsaw",52.22960,21.00300,52.22960,21.00300
2026-07-12 11:18,2026-07-12 11:30,move,transit,"Home – ul. Chmielna 71, Warsaw -> Charlotte, pl. Zbawiciela",52.22960,21.00300,52.22000,21.01820
2026-07-12 11:30,2026-07-12 14:00,stay,place,"Charlotte, pl. Zbawiciela",52.22000,21.01820,52.22000,21.01820
2026-07-12 14:00,2026-07-12 14:15,move,transit,"Charlotte, pl. Zbawiciela -> Home – ul. Chmielna 71, Warsaw",52.22000,21.01820,52.22960,21.00300
2026-07-12 14:15,2026-07-14 05:25,stay,home,"Home – ul. Chmielna 71, Warsaw",52.22960,21.00300,52.22960,21.00300
2026-07-14 05:25,2026-07-14 05:55,move,car,"Home – ul. Chmielna 71, Warsaw -> Warsaw Airport (WAW)",52.22960,21.00300,52.16570,20.96710
2026-07-14 05:55,2026-07-14 06:40,stay,place,Warsaw Airport (WAW),52.16570,20.96710,52.16570,20.96710
2026-07-14 06:40,2026-07-14 08:20,move,flight,Warsaw Airport (WAW) -> Hamburg Airport (HAM),52.16570,20.96710,53.61377,10.13510
2026-07-14 08:20,2026-07-14 08:43,move,transit,"Hamburg Airport (HAM) -> Superbude Hamburg St. Pauli, Hamburg",53.61377,10.13510,53.55817,9.98781
2026-07-14 08:43,2026-07-14 13:24,stay,place,"Superbude Hamburg St. Pauli, Hamburg",53.55817,9.98781,53.55817,9.98781
2026-07-14 13:24,2026-07-14 13:35,move,transit,"Superbude Hamburg St. Pauli, Hamburg -> Elbstrom, Hamburg",53.55817,9.98781,53.55099,9.97498
2026-07-14 13:35,2026-07-14 17:05,stay,place,"Elbstrom, Hamburg",53.55099,9.97498,53.55099,9.97498
2026-07-14 17:05,2026-07-14 17:16,move,transit,"Elbstrom, Hamburg -> Superbude Hamburg St. Pauli, Hamburg",53.55099,9.97498,53.55817,9.98781
2026-07-14 17:16,2026-07-15 08:44,stay,place,"Superbude Hamburg St. Pauli, Hamburg",53.55817,9.98781,53.55817,9.98781
2026-07-15 08:44,2026-07-15 08:55,move,transit,"Superbude Hamburg St. Pauli, Hamburg -> Elbstrom, Hamburg",53.55817,9.98781,53.55099,9.97498
2026-07-15 08:55,2026-07-15 13:25,stay,place,"Elbstrom, Hamburg",53.55099,9.97498,53.55099,9.97498
2026-07-15 13:25,2026-07-15 14:15,stay,place,"Elbstrom, Hamburg",53.55099,9.97498,53.55099,9.97498
2026-07-15 14:15,2026-07-15 14:40,move,transit,"Elbstrom, Hamburg -> Hamburg Airport (HAM)",53.55099,9.97498,53.61377,10.13510
2026-07-15 14:40,2026-07-15 15:55,stay,place,Hamburg Airport (HAM),53.61377,10.13510,53.61377,10.13510
2026-07-15 15:55,2026-07-15 17:35,move,flight,Hamburg Airport (HAM) -> Warsaw Airport (WAW),53.61377,10.13510,52.16570,20.96710
2026-07-15 17:35,2026-07-15 18:10,move,car,"Warsaw Airport (WAW) -> Home – ul. Chmielna 71, Warsaw",52.16570,20.96710,52.22960,21.00300
2026-07-15 18:10,2026-07-16 07:40,stay,home,"Home – ul. Chmielna 71, Warsaw",52.22960,21.00300,52.22960,21.00300
2026-07-16 07:40,2026-07-16 07:51,move,transit,"Home – ul. Chmielna 71, Warsaw -> Warsaw Spire, pl. Europejski 1, Warsaw",52.22960,21.00300,52.23180,20.98460
2026-07-16 07:51,2026-07-16 17:26,stay,place,"Warsaw Spire, pl. Europejski 1, Warsaw",52.23180,20.98460,52.23180,20.98460
2026-07-16 17:26,2026-07-16 17:37,move,transit,"Warsaw Spire, pl. Europejski 1, Warsaw -> Home – ul. Chmielna 71, Warsaw",52.23180,20.98460,52.22960,21.00300
2026-07-16 17:37,2026-07-18 09:50,stay,home,"Home – ul. Chmielna 71, Warsaw",52.22960,21.00300,52.22960,21.00300
2026-07-18 09:50,2026-07-18 10:00,move,transit,"Home – ul. Chmielna 71, Warsaw -> Salon Fryzjerski, ul. Nowogrodzka 18",52.22960,21.00300,52.22770,21.01000
2026-07-18 10:00,2026-07-18 11:15,stay,place,"Salon Fryzjerski, ul. Nowogrodzka 18",52.22770,21.01000,52.22770,21.01000
2026-07-18 11:15,2026-07-18 11:25,move,transit,"Salon Fryzjerski, ul. Nowogrodzka 18 -> Home – ul. Chmielna 71, Warsaw",52.22770,21.01000,52.22960,21.00300
2026-07-18 11:25,2026-07-20 05:25,stay,home,"Home – ul. Chmielna 71, Warsaw",52.22960,21.00300,52.22960,21.00300
2026-07-20 05:25,2026-07-20 05:55,move,car,"Home – ul. Chmielna 71, Warsaw -> Warsaw Airport (WAW)",52.22960,21.00300,52.16570,20.96710
2026-07-20 05:55,2026-07-20 06:40,stay,place,Warsaw Airport (WAW),52.16570,20.96710,52.16570,20.96710
2026-07-20 06:40,2026-07-20 08:25,move,flight,Warsaw Airport (WAW) -> Stockholm Airport (ARN),52.16570,20.96710,59.30766,18.10594
2026-07-20 08:25,2026-07-20 08:42,move,transit,"Stockholm Airport (ARN) -> Scandic Continental, Vasagatan 22, Stockholm",59.30766,18.10594,59.33290,18.07024
2026-07-20 08:42,2026-07-20 13:49,stay,place,"Scandic Continental, Vasagatan 22, Stockholm",59.33290,18.07024,59.33290,18.07024
2026-07-20 13:49,2026-07-20 14:00,move,transit,"Scandic Continental, Vasagatan 22, Stockholm -> Nordvolt, Stockholm",59.33290,18.07024,59.32827,18.09043
2026-07-20 14:00,2026-07-20 17:25,stay,place,"Nordvolt, Stockholm",59.32827,18.09043,59.32827,18.09043
2026-07-20 17:25,2026-07-20 17:36,move,transit,"Nordvolt, Stockholm -> Scandic Continental, Vasagatan 22, Stockholm",59.32827,18.09043,59.33290,18.07024
2026-07-20 17:36,2026-07-21 08:49,stay,place,"Scandic Continental, Vasagatan 22, Stockholm",59.33290,18.07024,59.33290,18.07024
2026-07-21 08:49,2026-07-21 09:00,move,transit,"Scandic Continental, Vasagatan 22, Stockholm -> Nordvolt, Stockholm",59.33290,18.07024,59.32827,18.09043
2026-07-21 09:00,2026-07-21 15:45,stay,place,"Nordvolt, Stockholm",59.32827,18.09043,59.32827,18.09043
2026-07-21 15:45,2026-07-21 15:56,move,transit,"Nordvolt, Stockholm -> Scandic Continental, Vasagatan 22, Stockholm",59.32827,18.09043,59.33290,18.07024
2026-07-21 15:56,2026-07-22 08:54,stay,place,"Scandic Continental, Vasagatan 22, Stockholm",59.33290,18.07024,59.33290,18.07024
2026-07-22 08:54,2026-07-22 09:05,move,transit,"Scandic Continental, Vasagatan 22, Stockholm -> Nordvolt, Stockholm",59.33290,18.07024,59.32827,18.09043
2026-07-22 09:05,2026-07-22 13:15,stay,place,"Nordvolt, Stockholm",59.32827,18.09043,59.32827,18.09043
2026-07-22 13:15,2026-07-22 14:15,stay,place,"Nordvolt, Stockholm",59.32827,18.09043,59.32827,18.09043
2026-07-22 14:15,2026-07-22 14:30,move,transit,"Nordvolt, Stockholm -> Stockholm Airport (ARN)",59.32827,18.09043,59.30766,18.10594
2026-07-22 14:30,2026-07-22 15:45,stay,place,Stockholm Airport (ARN),59.30766,18.10594,59.30766,18.10594
2026-07-22 15:45,2026-07-22 17:30,move,flight,Stockholm Airport (ARN) -> Warsaw Airport (WAW),59.30766,18.10594,52.16570,20.96710
2026-07-22 17:30,2026-07-22 18:19,move,car,"Warsaw Airport (WAW) -> Home – ul. Chmielna 71, Warsaw",52.16570,20.96710,52.22960,21.00300
2026-07-22 18:19,2026-07-23 07:45,stay,home,"Home – ul. Chmielna 71, Warsaw",52.22960,21.00300,52.22960,21.00300
2026-07-23 07:45,2026-07-23 07:56,move,transit,"Home – ul. Chmielna 71, Warsaw -> Warsaw Spire, pl. Europejski 1, Warsaw",52.22960,21.00300,52.23180,20.98460
2026-07-23 07:56,2026-07-23 17:49,stay,place,"Warsaw Spire, pl. Europejski 1, Warsaw",52.23180,20.98460,52.23180,20.98460
2026-07-23 17:49,2026-07-23 18:00,move,transit,"Warsaw Spire, pl. Europejski 1, Warsaw -> Home – ul. Chmielna 71, Warsaw",52.23180,20.98460,52.22960,21.00300
2026-07-23 18:00,2026-07-23 18:08,stay,home,"Home – ul. Chmielna 71, Warsaw",52.22960,21.00300,52.22960,21.00300
2026-07-23 18:08,2026-07-23 18:30,move,transit,"Home – ul. Chmielna 71, Warsaw -> Vistula bike path",52.22960,21.00300,52.22000,21.04000
2026-07-23 18:30,2026-07-23 20:30,stay,place,Vistula bike path,52.22000,21.04000,52.22000,21.04000
2026-07-23 20:30,2026-07-23 20:46,move,transit,"Vistula bike path -> Home – ul. Chmielna 71, Warsaw",52.22000,21.04000,52.22960,21.00300
2026-07-23 20:46,2026-07-24 12:52,stay,home,"Home – ul. Chmielna 71, Warsaw",52.22960,21.00300,52.22960,21.00300
2026-07-24 12:52,2026-07-24 12:55,move,car,"Home – ul. Chmielna 71, Warsaw -> Warsaw Central Station",52.22960,21.00300,52.22870,21.00330
2026-07-24 12:55,2026-07-24 13:05,stay,place,Warsaw Central Station,52.22870,21.00330,52.22870,21.00330
2026-07-24 13:05,2026-07-24 19:25,move,train,Warsaw Central Station -> Berlin main station,52.22870,21.00330,52.52176,13.40915
2026-07-24 19:25,2026-07-24 19:36,move,transit,"Berlin main station -> Paul's flat, Prenzlauer Berg, Berlin",52.52176,13.40915,52.52765,13.39916
2026-07-24 19:36,2026-07-25 13:43,stay,place,"Paul's flat, Prenzlauer Berg, Berlin",52.52765,13.39916,52.52765,13.39916
2026-07-25 13:43,2026-07-25 14:00,move,transit,"Paul's flat, Prenzlauer Berg, Berlin -> Neukölln, Berlin",52.52765,13.39916,52.49949,13.41505
2026-07-25 14:00,2026-07-25 17:30,stay,place,"Neukölln, Berlin",52.49949,13.41505,52.49949,13.41505
2026-07-25 17:30,2026-07-25 17:47,move,transit,"Neukölln, Berlin -> Paul's flat, Prenzlauer Berg, Berlin",52.49949,13.41505,52.52765,13.39916
2026-07-25 17:47,2026-07-26 16:49,stay,place,"Paul's flat, Prenzlauer Berg, Berlin",52.52765,13.39916,52.52765,13.39916
2026-07-26 16:49,2026-07-26 17:00,move,transit,"Paul's flat, Prenzlauer Berg, Berlin -> Berlin main station",52.52765,13.39916,52.52176,13.40915
2026-07-26 17:00,2026-07-26 17:10,stay,place,Berlin main station,52.52176,13.40915,52.52176,13.40915
2026-07-26 17:10,2026-07-26 23:30,move,train,Berlin main station -> Warsaw Central Station,52.52176,13.40915,52.22870,21.00330
2026-07-26 23:30,2026-07-26 23:48,move,walk,"Warsaw Central Station -> Home – ul. Chmielna 71, Warsaw",52.22870,21.00330,52.22960,21.00300
2026-07-26 23:48,2026-07-28 14:55,stay,home,"Home – ul. Chmielna 71, Warsaw",52.22960,21.00300,52.22960,21.00300
2026-07-28 14:55,2026-07-28 15:25,move,car,"Home – ul. Chmielna 71, Warsaw -> Warsaw Airport (WAW)",52.22960,21.00300,52.16570,20.96710
2026-07-28 15:25,2026-07-28 16:10,stay,place,Warsaw Airport (WAW),52.16570,20.96710,52.16570,20.96710
2026-07-28 16:10,2026-07-28 18:20,move,flight,Warsaw Airport (WAW) -> Brussels Airport (BRU),52.16570,20.96710,50.91145,4.36202
2026-07-28 18:20,2026-07-28 18:49,move,transit,"Brussels Airport (BRU) -> Thon Hotel EU, Rue de la Loi 75, Brussels",50.91145,4.36202,50.84135,4.37241
2026-07-28 18:49,2026-07-29 08:41,stay,place,"Thon Hotel EU, Rue de la Loi 75, Brussels",50.84135,4.37241,50.84135,4.37241
2026-07-29 08:41,2026-07-29 08:50,move,transit,"Thon Hotel EU, Rue de la Loi 75, Brussels -> Flexa Brussels office, Brussels",50.84135,4.37241,50.84084,4.37795
2026-07-29 08:50,2026-07-29 16:10,stay,place,"Flexa Brussels office, Brussels",50.84084,4.37795,50.84084,4.37795
2026-07-29 16:10,2026-07-29 16:19,move,transit,"Flexa Brussels office, Brussels -> Thon Hotel EU, Rue de la Loi 75, Brussels",50.84084,4.37795,50.84135,4.37241
2026-07-29 16:19,2026-07-29 18:49,stay,place,"Thon Hotel EU, Rue de la Loi 75, Brussels",50.84135,4.37241,50.84135,4.37241
2026-07-29 18:49,2026-07-29 19:00,move,transit,"Thon Hotel EU, Rue de la Loi 75, Brussels -> Restaurant, Brussels",50.84135,4.37241,50.84068,4.35657
2026-07-29 19:00,2026-07-29 20:39,stay,place,"Restaurant, Brussels",50.84068,4.35657,50.84068,4.35657
2026-07-29 20:39,2026-07-29 20:50,move,transit,"Restaurant, Brussels -> Thon Hotel EU, Rue de la Loi 75, Brussels",50.84068,4.35657,50.84135,4.37241
2026-07-29 20:50,2026-07-30 09:21,stay,place,"Thon Hotel EU, Rue de la Loi 75, Brussels",50.84135,4.37241,50.84135,4.37241
2026-07-30 09:21,2026-07-30 09:30,move,transit,"Thon Hotel EU, Rue de la Loi 75, Brussels -> Flexa Brussels office, Brussels",50.84135,4.37241,50.84084,4.37795
2026-07-30 09:30,2026-07-30 13:45,stay,place,"Flexa Brussels office, Brussels",50.84084,4.37795,50.84084,4.37795
2026-07-30 13:45,2026-07-30 14:30,stay,place,"Flexa Brussels office, Brussels",50.84084,4.37795,50.84084,4.37795
2026-07-30 14:30,2026-07-30 15:00,move,transit,"Flexa Brussels office, Brussels -> Brussels Airport (BRU)",50.84084,4.37795,50.91145,4.36202
2026-07-30 15:00,2026-07-30 16:15,stay,place,Brussels Airport (BRU),50.91145,4.36202,50.91145,4.36202
2026-07-30 16:15,2026-07-30 18:25,move,flight,Brussels Airport (BRU) -> Warsaw Airport (WAW),50.91145,4.36202,52.16570,20.96710
2026-07-30 18:25,2026-07-30 19:11,move,car,"Warsaw Airport (WAW) -> Home – ul. Chmielna 71, Warsaw",52.16570,20.96710,52.22960,21.00300
2026-07-30 19:11,2026-07-31 19:17,stay,home,"Home – ul. Chmielna 71, Warsaw",52.22960,21.00300,52.22960,21.00300
2026-07-31 19:17,2026-07-31 19:30,move,transit,"Home – ul. Chmielna 71, Warsaw -> Muzeum Narodowe, Al. Jerozolimskie 3",52.22960,21.00300,52.23180,21.02470
2026-07-31 19:30,2026-07-31 23:00,stay,place,"Muzeum Narodowe, Al. Jerozolimskie 3",52.23180,21.02470,52.23180,21.02470
2026-07-31 23:00,2026-07-31 23:17,move,transit,"Muzeum Narodowe, Al. Jerozolimskie 3 -> Home – ul. Chmielna 71, Warsaw",52.23180,21.02470,52.22960,21.00300
2026-07-31 23:17,2026-08-01 09:10,stay,home,"Home – ul. Chmielna 71, Warsaw",52.22960,21.00300,52.22960,21.00300
2026-08-01 09:10,2026-08-01 09:30,move,transit,"Home – ul. Chmielna 71, Warsaw -> Pole Mokotowskie",52.22960,21.00300,52.21160,20.99540
2026-08-01 09:30,2026-08-01 10:30,stay,place,Pole Mokotowskie,52.21160,20.99540,52.21160,20.99540
2026-08-01 10:30,2026-08-01 10:47,move,transit,"Pole Mokotowskie -> Home – ul. Chmielna 71, Warsaw",52.21160,20.99540,52.22960,21.00300
2026-08-01 10:47,2026-08-01 16:32,stay,home,"Home – ul. Chmielna 71, Warsaw",52.22960,21.00300,52.22960,21.00300
2026-08-01 16:32,2026-08-01 16:45,move,transit,"Home – ul. Chmielna 71, Warsaw -> Rondo Dmowskiego",52.22960,21.00300,52.23000,21.01810
2026-08-01 16:45,2026-08-01 18:30,stay,place,Rondo Dmowskiego,52.23000,21.01810,52.23000,21.01810
2026-08-01 18:30,2026-08-01 18:42,move,transit,"Rondo Dmowskiego -> Home – ul. Chmielna 71, Warsaw",52.23000,21.01810,52.22960,21.00300
2026-08-01 18:42,2026-08-03 09:52,stay,home,"Home – ul. Chmielna 71, Warsaw",52.22960,21.00300,52.22960,21.00300
2026-08-03 09:52,2026-08-03 09:55,move,car,"Home – ul. Chmielna 71, Warsaw -> Warsaw Central Station",52.22960,21.00300,52.22870,21.00330
2026-08-03 09:55,2026-08-03 10:05,stay,place,Warsaw Central Station,52.22870,21.00330,52.22870,21.00330
2026-08-03 10:05,2026-08-03 13:15,move,train,Warsaw Central Station -> Kraków main station,52.22870,21.00330,50.06224,19.94400
2026-08-03 13:15,2026-08-03 14:51,stay,place,Kraków main station,50.06224,19.94400,50.06224,19.94400
2026-08-03 14:51,2026-08-03 15:05,move,transit,"Kraków main station -> KrakGrid, Kraków",50.06224,19.94400,50.07246,19.92022
2026-08-03 15:05,2026-08-03 19:00,stay,place,"KrakGrid, Kraków",50.07246,19.92022,50.07246,19.92022
2026-08-03 19:00,2026-08-03 19:09,move,transit,"KrakGrid, Kraków -> Puro Kraków Kazimierz, Kraków",50.07246,19.92022,50.07570,19.92145
2026-08-03 19:09,2026-08-04 08:41,stay,place,"Puro Kraków Kazimierz, Kraków",50.07570,19.92145,50.07570,19.92145
2026-08-04 08:41,2026-08-04 08:50,move,transit,"Puro Kraków Kazimierz, Kraków -> KrakGrid, Kraków",50.07570,19.92145,50.07246,19.92022
2026-08-04 08:50,2026-08-04 12:45,stay,place,"KrakGrid, Kraków",50.07246,19.92022,50.07246,19.92022
2026-08-04 12:45,2026-08-04 12:54,move,transit,"KrakGrid, Kraków -> Puro Kraków Kazimierz, Kraków",50.07246,19.92022,50.07570,19.92145
2026-08-04 12:54,2026-08-04 16:06,stay,place,"Puro Kraków Kazimierz, Kraków",50.07570,19.92145,50.07570,19.92145
2026-08-04 16:06,2026-08-04 16:20,move,transit,"Puro Kraków Kazimierz, Kraków -> Kraków main station",50.07570,19.92145,50.06224,19.94400
2026-08-04 16:20,2026-08-04 16:30,stay,place,Kraków main station,50.06224,19.94400,50.06224,19.94400
2026-08-04 16:30,2026-08-04 19:40,move,train,Kraków main station -> Warsaw Central Station,50.06224,19.94400,52.22870,21.00330
2026-08-04 19:40,2026-08-04 20:03,move,walk,"Warsaw Central Station -> Home – ul. Chmielna 71, Warsaw",52.22870,21.00330,52.22960,21.00300
2026-08-04 20:03,2026-08-05 18:40,stay,home,"Home – ul. Chmielna 71, Warsaw",52.22960,21.00300,52.22960,21.00300
2026-08-05 18:40,2026-08-05 19:00,move,transit,"Home – ul. Chmielna 71, Warsaw -> Bouldering gym, ul. Puławska (Mokotów)",52.22960,21.00300,52.20290,21.02030
2026-08-05 19:00,2026-08-05 21:00,stay,place,"Bouldering gym, ul. Puławska (Mokotów)",52.20290,21.02030,52.20290,21.02030
2026-08-05 21:00,2026-08-05 21:20,move,transit,"Bouldering gym, ul. Puławska (Mokotów) -> Home – ul. Chmielna 71, Warsaw",52.20290,21.02030,52.22960,21.00300
2026-08-05 21:20,2026-08-06 08:05,stay,home,"Home – ul. Chmielna 71, Warsaw",52.22960,21.00300,52.22960,21.00300
2026-08-06 08:05,2026-08-06 08:16,move,transit,"Home – ul. Chmielna 71, Warsaw -> Warsaw Spire, pl. Europejski 1, Warsaw",52.22960,21.00300,52.23180,20.98460
2026-08-06 08:16,2026-08-06 17:31,stay,place,"Warsaw Spire, pl. Europejski 1, Warsaw",52.23180,20.98460,52.23180,20.98460
2026-08-06 17:31,2026-08-06 17:42,move,transit,"Warsaw Spire, pl. Europejski 1, Warsaw -> Home – ul. Chmielna 71, Warsaw",52.23180,20.98460,52.22960,21.00300
2026-08-06 17:42,2026-08-07 17:57,stay,home,"Home – ul. Chmielna 71, Warsaw",52.22960,21.00300,52.22960,21.00300
2026-08-07 17:57,2026-08-07 18:30,move,transit,"Home – ul. Chmielna 71, Warsaw -> Warsaw Airport (WAW)",52.22960,21.00300,52.16570,20.96710
2026-08-07 18:30,2026-08-07 20:00,stay,place,Warsaw Airport (WAW),52.16570,20.96710,52.16570,20.96710
2026-08-07 20:00,2026-08-07 20:33,move,transit,"Warsaw Airport (WAW) -> Home – ul. Chmielna 71, Warsaw",52.16570,20.96710,52.22960,21.00300
2026-08-07 20:33,2026-08-08 09:13,stay,home,"Home – ul. Chmielna 71, Warsaw",52.22960,21.00300,52.22960,21.00300
2026-08-08 09:13,2026-08-08 09:30,move,transit,"Home – ul. Chmielna 71, Warsaw -> Pole Mokotowskie",52.22960,21.00300,52.21160,20.99540
2026-08-08 09:30,2026-08-08 10:30,stay,place,Pole Mokotowskie,52.21160,20.99540,52.21160,20.99540
2026-08-08 10:30,2026-08-08 10:47,move,transit,"Pole Mokotowskie -> Home – ul. Chmielna 71, Warsaw",52.21160,20.99540,52.22960,21.00300
2026-08-08 10:47,2026-08-09 15:26,stay,home,"Home – ul. Chmielna 71, Warsaw",52.22960,21.00300,52.22960,21.00300
2026-08-09 15:26,2026-08-09 16:00,move,transit,"Home – ul. Chmielna 71, Warsaw -> Warsaw Airport (WAW)",52.22960,21.00300,52.16570,20.96710
2026-08-09 16:00,2026-08-09 16:30,stay,place,Warsaw Airport (WAW),52.16570,20.96710,52.16570,20.96710
2026-08-09 16:30,2026-08-09 17:03,move,transit,"Warsaw Airport (WAW) -> Home – ul. Chmielna 71, Warsaw",52.16570,20.96710,52.22960,21.00300
2026-08-09 17:03,2026-08-10 07:54,stay,home,"Home – ul. Chmielna 71, Warsaw",52.22960,21.00300,52.22960,21.00300
2026-08-10 07:54,2026-08-10 08:05,move,transit,"Home – ul. Chmielna 71, Warsaw -> Warsaw Spire, pl. Europejski 1, Warsaw",52.22960,21.00300,52.23180,20.98460
2026-08-10 08:05,2026-08-10 17:58,stay,place,"Warsaw Spire, pl. Europejski 1, Warsaw",52.23180,20.98460,52.23180,20.98460
2026-08-10 17:58,2026-08-10 18:09,move,transit,"Warsaw Spire, pl. Europejski 1, Warsaw -> Home – ul. Chmielna 71, Warsaw",52.23180,20.98460,52.22960,21.00300
2026-08-10 18:09,2026-08-10 18:12,stay,home,"Home – ul. Chmielna 71, Warsaw",52.22960,21.00300,52.22960,21.00300
2026-08-10 18:12,2026-08-10 18:30,move,transit,"Home – ul. Chmielna 71, Warsaw -> Joga Studio, ul. Mokotowska 51",52.22960,21.00300,52.22260,21.01770
2026-08-10 18:30,2026-08-10 19:30,stay,place,"Joga Studio, ul. Mokotowska 51",52.22260,21.01770,52.22260,21.01770
2026-08-10 19:30,2026-08-10 19:41,move,transit,"Joga Studio, ul. Mokotowska 51 -> Home – ul. Chmielna 71, Warsaw",52.22260,21.01770,52.22960,21.00300
2026-08-10 19:41,2026-08-11 07:59,stay,home,"Home – ul. Chmielna 71, Warsaw",52.22960,21.00300,52.22960,21.00300
2026-08-11 07:59,2026-08-11 08:10,move,transit,"Home – ul. Chmielna 71, Warsaw -> Warsaw Spire, pl. Europejski 1, Warsaw",52.22960,21.00300,52.23180,20.98460
2026-08-11 08:10,2026-08-11 17:31,stay,place,"Warsaw Spire, pl. Europejski 1, Warsaw",52.23180,20.98460,52.23180,20.98460
2026-08-11 17:31,2026-08-11 17:42,move,transit,"Warsaw Spire, pl. Europejski 1, Warsaw -> Home – ul. Chmielna 71, Warsaw",52.23180,20.98460,52.22960,21.00300
2026-08-11 17:42,2026-08-11 18:45,stay,home,"Home – ul. Chmielna 71, Warsaw",52.22960,21.00300,52.22960,21.00300
2026-08-11 18:45,2026-08-11 19:00,move,transit,"Home – ul. Chmielna 71, Warsaw -> Hala Koszyki, ul. Koszykowa 63",52.22960,21.00300,52.22660,21.01920
2026-08-11 19:00,2026-08-11 22:00,stay,place,"Hala Koszyki, ul. Koszykowa 63",52.22660,21.01920,52.22660,21.01920
2026-08-11 22:00,2026-08-11 22:16,move,transit,"Hala Koszyki, ul. Koszykowa 63 -> Home – ul. Chmielna 71, Warsaw",52.22660,21.01920,52.22960,21.00300
2026-08-11 22:16,2026-08-12 06:02,stay,home,"Home – ul. Chmielna 71, Warsaw",52.22960,21.00300,52.22960,21.00300
2026-08-12 06:02,2026-08-12 06:05,move,car,"Home – ul. Chmielna 71, Warsaw -> Warsaw Central Station",52.22960,21.00300,52.22870,21.00330
2026-08-12 06:05,2026-08-12 06:15,stay,place,Warsaw Central Station,52.22870,21.00330,52.22870,21.00330
2026-08-12 06:15,2026-08-12 10:00,move,train,Warsaw Central Station -> Wrocław main station,52.22870,21.00330,51.10305,17.04126
2026-08-12 10:00,2026-08-12 10:13,move,transit,"Wrocław main station -> Hotel Focus Wrocław, Wrocław",51.10305,17.04126,51.10980,17.06706
2026-08-12 10:13,2026-08-12 12:52,stay,place,"Hotel Focus Wrocław, Wrocław",51.10980,17.06706,51.10980,17.06706
2026-08-12 12:52,2026-08-12 13:10,move,transit,"Hotel Focus Wrocław, Wrocław -> OdraGrid, Wrocław",51.10980,17.06706,51.12101,17.01828
2026-08-12 13:10,2026-08-12 16:35,stay,place,"OdraGrid, Wrocław",51.12101,17.01828,51.12101,17.01828
2026-08-12 16:35,2026-08-12 16:53,move,transit,"OdraGrid, Wrocław -> Hotel Focus Wrocław, Wrocław",51.12101,17.01828,51.10980,17.06706
2026-08-12 16:53,2026-08-13 08:27,stay,place,"Hotel Focus Wrocław, Wrocław",51.10980,17.06706,51.10980,17.06706
2026-08-13 08:27,2026-08-13 08:45,move,transit,"Hotel Focus Wrocław, Wrocław -> OdraGrid, Wrocław",51.10980,17.06706,51.12101,17.01828
2026-08-13 08:45,2026-08-13 13:10,stay,place,"OdraGrid, Wrocław",51.12101,17.01828,51.12101,17.01828
2026-08-13 13:10,2026-08-13 13:28,move,transit,"OdraGrid, Wrocław -> Hotel Focus Wrocław, Wrocław",51.12101,17.01828,51.10980,17.06706
2026-08-13 13:28,2026-08-13 16:07,stay,place,"Hotel Focus Wrocław, Wrocław",51.10980,17.06706,51.10980,17.06706
2026-08-13 16:07,2026-08-13 16:20,move,transit,"Hotel Focus Wrocław, Wrocław -> Wrocław main station",51.10980,17.06706,51.10305,17.04126
2026-08-13 16:20,2026-08-13 16:30,stay,place,Wrocław main station,51.10305,17.04126,51.10305,17.04126
2026-08-13 16:30,2026-08-13 20:15,move,train,Wrocław main station -> Warsaw Central Station,51.10305,17.04126,52.22870,21.00330
2026-08-13 20:15,2026-08-13 20:37,move,walk,"Warsaw Central Station -> Home – ul. Chmielna 71, Warsaw",52.22870,21.00330,52.22960,21.00300
2026-08-13 20:37,2026-08-14 19:08,stay,home,"Home – ul. Chmielna 71, Warsaw",52.22960,21.00300,52.22960,21.00300
2026-08-14 19:08,2026-08-14 19:30,move,transit,"Home – ul. Chmielna 71, Warsaw -> Klub Hydrozagadka, ul. 11 Listopada 22",52.22960,21.00300,52.25100,21.05000
2026-08-14 19:30,2026-08-14 23:00,stay,place,"Klub Hydrozagadka, ul. 11 Listopada 22",52.25100,21.05000,52.25100,21.05000
2026-08-14 23:00,2026-08-14 23:22,move,transit,"Klub Hydrozagadka, ul. 11 Listopada 22 -> Home – ul. Chmielna 71, Warsaw",52.25100,21.05000,52.22960,21.00300
2026-08-14 23:22,2026-08-15 09:16,stay,home,"Home – ul. Chmielna 71, Warsaw",52.22960,21.00300,52.22960,21.00300
2026-08-15 09:16,2026-08-15 09:30,move,transit,"Home – ul. Chmielna 71, Warsaw -> Pole Mokotowskie",52.22960,21.00300,52.21160,20.99540
2026-08-15 09:30,2026-08-15 10:30,stay,place,Pole Mokotowskie,52.21160,20.99540,52.21160,20.99540
2026-08-15 10:30,2026-08-15 10:47,move,transit,"Pole Mokotowskie -> Home – ul. Chmielna 71, Warsaw",52.21160,20.99540,52.22960,21.00300
2026-08-15 10:47,2026-08-15 15:35,stay,home,"Home – ul. Chmielna 71, Warsaw",52.22960,21.00300,52.22960,21.00300
2026-08-15 15:35,2026-08-15 16:00,move,transit,"Home – ul. Chmielna 71, Warsaw -> Jeziorko Czerniakowskie",52.22960,21.00300,52.19600,21.06000
2026-08-15 16:00,2026-08-15 17:30,stay,place,Jeziorko Czerniakowskie,52.19600,21.06000,52.19600,21.06000
2026-08-15 17:30,2026-08-15 17:53,move,transit,"Jeziorko Czerniakowskie -> Home – ul. Chmielna 71, Warsaw",52.19600,21.06000,52.22960,21.00300
2026-08-15 17:53,2026-08-17 06:52,stay,home,"Home – ul. Chmielna 71, Warsaw",52.22960,21.00300,52.22960,21.00300
2026-08-17 06:52,2026-08-17 06:55,move,car,"Home – ul. Chmielna 71, Warsaw -> Warsaw Central Station",52.22960,21.00300,52.22870,21.00330
2026-08-17 06:55,2026-08-17 07:05,stay,place,Warsaw Central Station,52.22870,21.00330,52.22870,21.00330
2026-08-17 07:05,2026-08-17 12:40,move,train,Warsaw Central Station -> Szczecin main station,52.22870,21.00330,53.42996,14.55251
2026-08-17 12:40,2026-08-17 14:20,stay,place,Szczecin main station,53.42996,14.55251,53.42996,14.55251
2026-08-17 14:20,2026-08-17 14:30,move,transit,"Szczecin main station -> Baltic Wind Partners, Szczecin",53.42996,14.55251,53.42830,14.54070
2026-08-17 14:30,2026-08-17 17:25,stay,place,"Baltic Wind Partners, Szczecin",53.42830,14.54070,53.42830,14.54070
2026-08-17 17:25,2026-08-17 17:36,move,transit,"Baltic Wind Partners, Szczecin -> Radisson Blu Szczecin, Szczecin",53.42830,14.54070,53.42434,14.52483
2026-08-17 17:36,2026-08-18 08:49,stay,place,"Radisson Blu Szczecin, Szczecin",53.42434,14.52483,53.42434,14.52483
2026-08-18 08:49,2026-08-18 09:00,move,transit,"Radisson Blu Szczecin, Szczecin -> Baltic Wind Partners, Szczecin",53.42434,14.52483,53.42830,14.54070
2026-08-18 09:00,2026-08-18 15:45,stay,place,"Baltic Wind Partners, Szczecin",53.42830,14.54070,53.42830,14.54070
2026-08-18 15:45,2026-08-18 15:56,move,transit,"Baltic Wind Partners, Szczecin -> Radisson Blu Szczecin, Szczecin",53.42830,14.54070,53.42434,14.52483
2026-08-18 15:56,2026-08-18 19:13,stay,place,"Radisson Blu Szczecin, Szczecin",53.42434,14.52483,53.42434,14.52483
2026-08-18 19:13,2026-08-18 19:30,move,transit,"Radisson Blu Szczecin, Szczecin -> Restaurant, Szczecin",53.42434,14.52483,53.41223,14.56987
2026-08-18 19:30,2026-08-18 21:35,stay,place,"Restaurant, Szczecin",53.41223,14.56987,53.41223,14.56987
2026-08-18 21:35,2026-08-18 21:52,move,transit,"Restaurant, Szczecin -> Radisson Blu Szczecin, Szczecin",53.41223,14.56987,53.42434,14.52483
2026-08-18 21:52,2026-08-19 09:14,stay,place,"Radisson Blu Szczecin, Szczecin",53.42434,14.52483,53.42434,14.52483
2026-08-19 09:14,2026-08-19 09:25,move,transit,"Radisson Blu Szczecin, Szczecin -> Baltic Wind Partners, Szczecin",53.42434,14.52483,53.42830,14.54070
2026-08-19 09:25,2026-08-19 16:30,stay,place,"Baltic Wind Partners, Szczecin",53.42830,14.54070,53.42830,14.54070
2026-08-19 16:30,2026-08-19 16:41,move,transit,"Baltic Wind Partners, Szczecin -> Radisson Blu Szczecin, Szczecin",53.42830,14.54070,53.42434,14.52483
2026-08-19 16:41,2026-08-20 08:44,stay,place,"Radisson Blu Szczecin, Szczecin",53.42434,14.52483,53.42434,14.52483
2026-08-20 08:44,2026-08-20 08:55,move,transit,"Radisson Blu Szczecin, Szczecin -> Baltic Wind Partners, Szczecin",53.42434,14.52483,53.42830,14.54070
2026-08-20 08:55,2026-08-20 12:55,stay,place,"Baltic Wind Partners, Szczecin",53.42830,14.54070,53.42830,14.54070
2026-08-20 12:55,2026-08-20 13:06,move,transit,"Baltic Wind Partners, Szczecin -> Radisson Blu Szczecin, Szczecin",53.42830,14.54070,53.42434,14.52483
2026-08-20 13:06,2026-08-20 16:07,stay,place,"Radisson Blu Szczecin, Szczecin",53.42434,14.52483,53.42434,14.52483
2026-08-20 16:07,2026-08-20 16:20,move,transit,"Radisson Blu Szczecin, Szczecin -> Szczecin main station",53.42434,14.52483,53.42996,14.55251
2026-08-20 16:20,2026-08-20 16:30,stay,place,Szczecin main station,53.42996,14.55251,53.42996,14.55251
2026-08-20 16:30,2026-08-20 22:05,move,train,Szczecin main station -> Warsaw Central Station,53.42996,14.55251,52.22870,21.00330
2026-08-20 22:05,2026-08-20 22:20,move,walk,"Warsaw Central Station -> Home – ul. Chmielna 71, Warsaw",52.22870,21.00330,52.22960,21.00300
2026-08-20 22:20,2026-08-22 05:25,stay,home,"Home – ul. Chmielna 71, Warsaw",52.22960,21.00300,52.22960,21.00300
2026-08-22 05:25,2026-08-22 05:55,move,car,"Home – ul. Chmielna 71, Warsaw -> Warsaw Airport (WAW)",52.22960,21.00300,52.16570,20.96710
2026-08-22 05:55,2026-08-22 06:40,stay,place,Warsaw Airport (WAW),52.16570,20.96710,52.16570,20.96710
2026-08-22 06:40,2026-08-22 10:40,move,flight,Warsaw Airport (WAW) -> Porto Airport (OPO),52.16570,20.96710,41.17573,-8.60854
2026-08-22 10:40,2026-08-22 10:58,move,transit,"Porto Airport (OPO) -> Apartment near the old town, Porto",41.17573,-8.60854,41.14555,-8.62776
2026-08-22 10:58,2026-08-23 10:13,stay,place,"Apartment near the old town, Porto",41.14555,-8.62776,41.14555,-8.62776
2026-08-23 10:13,2026-08-23 10:30,move,transit,"Apartment near the old town, Porto -> Porto",41.14555,-8.62776,41.17010,-8.60724
2026-08-23 10:30,2026-08-23 17:00,stay,place,Porto,41.17010,-8.60724,41.17010,-8.60724
2026-08-23 17:00,2026-08-23 17:17,move,transit,"Porto -> Apartment near the old town, Porto",41.17010,-8.60724,41.14555,-8.62776
2026-08-23 17:17,2026-08-24 10:13,stay,place,"Apartment near the old town, Porto",41.14555,-8.62776,41.14555,-8.62776
2026-08-24 10:13,2026-08-24 10:30,move,transit,"Apartment near the old town, Porto -> Porto",41.14555,-8.62776,41.17010,-8.60724
2026-08-24 10:30,2026-08-24 17:00,stay,place,Porto,41.17010,-8.60724,41.17010,-8.60724
2026-08-24 17:00,2026-08-24 17:17,move,transit,"Porto -> Apartment near the old town, Porto",41.17010,-8.60724,41.14555,-8.62776
2026-08-24 17:17,2026-08-25 10:13,stay,place,"Apartment near the old town, Porto",41.14555,-8.62776,41.14555,-8.62776
2026-08-25 10:13,2026-08-25 10:30,move,transit,"Apartment near the old town, Porto -> Porto",41.14555,-8.62776,41.17010,-8.60724
2026-08-25 10:30,2026-08-25 17:00,stay,place,Porto,41.17010,-8.60724,41.17010,-8.60724
2026-08-25 17:00,2026-08-25 17:17,move,transit,"Porto -> Apartment near the old town, Porto",41.17010,-8.60724,41.14555,-8.62776
2026-08-25 17:17,2026-08-26 10:13,stay,place,"Apartment near the old town, Porto",41.14555,-8.62776,41.14555,-8.62776
2026-08-26 10:13,2026-08-26 10:30,move,transit,"Apartment near the old town, Porto -> Porto",41.14555,-8.62776,41.17010,-8.60724
2026-08-26 10:30,2026-08-26 17:00,stay,place,Porto,41.17010,-8.60724,41.17010,-8.60724
2026-08-26 17:00,2026-08-26 17:17,move,transit,"Porto -> Apartment near the old town, Porto",41.17010,-8.60724,41.14555,-8.62776
2026-08-26 17:17,2026-08-27 10:13,stay,place,"Apartment near the old town, Porto",41.14555,-8.62776,41.14555,-8.62776
2026-08-27 10:13,2026-08-27 10:30,move,transit,"Apartment near the old town, Porto -> Porto",41.14555,-8.62776,41.17010,-8.60724
2026-08-27 10:30,2026-08-27 17:00,stay,place,Porto,41.17010,-8.60724,41.17010,-8.60724
2026-08-27 17:00,2026-08-27 17:17,move,transit,"Porto -> Apartment near the old town, Porto",41.17010,-8.60724,41.14555,-8.62776
2026-08-27 17:17,2026-08-28 10:13,stay,place,"Apartment near the old town, Porto",41.14555,-8.62776,41.14555,-8.62776
2026-08-28 10:13,2026-08-28 10:30,move,transit,"Apartment near the old town, Porto -> Porto",41.14555,-8.62776,41.17010,-8.60724
2026-08-28 10:30,2026-08-28 17:00,stay,place,Porto,41.17010,-8.60724,41.17010,-8.60724
2026-08-28 17:00,2026-08-28 17:17,move,transit,"Porto -> Apartment near the old town, Porto",41.17010,-8.60724,41.14555,-8.62776
2026-08-28 17:17,2026-08-29 18:12,stay,place,"Apartment near the old town, Porto",41.14555,-8.62776,41.14555,-8.62776
2026-08-29 18:12,2026-08-29 18:30,move,transit,"Apartment near the old town, Porto -> Porto Airport (OPO)",41.14555,-8.62776,41.17573,-8.60854
2026-08-29 18:30,2026-08-29 19:45,stay,place,Porto Airport (OPO),41.17573,-8.60854,41.17573,-8.60854
2026-08-29 19:45,2026-08-29 23:45,move,flight,Porto Airport (OPO) -> Warsaw Airport (WAW),41.17573,-8.60854,52.16570,20.96710
2026-08-29 23:45,2026-08-30 00:28,move,car,"Warsaw Airport (WAW) -> Home – ul. Chmielna 71, Warsaw",52.16570,20.96710,52.22960,21.00300
2026-08-30 00:28,2026-08-31 05:50,stay,home,"Home – ul. Chmielna 71, Warsaw",52.22960,21.00300,52.22960,21.00300
2026-08-31 05:50,2026-08-31 06:20,move,car,"Home – ul. Chmielna 71, Warsaw -> Warsaw Airport (WAW)",52.22960,21.00300,52.16570,20.96710
2026-08-31 06:20,2026-08-31 07:05,stay,place,Warsaw Airport (WAW),52.16570,20.96710,52.16570,20.96710
2026-08-31 07:05,2026-08-31 09:40,move,flight,Warsaw Airport (WAW) -> London Airport (LHR),52.16570,20.96710,51.56334,-0.08759
2026-08-31 09:40,2026-08-31 09:59,move,transit,"London Airport (LHR) -> The Hoxton, Shoreditch, London",51.56334,-0.08759,51.48880,-0.11279
2026-08-31 09:59,2026-08-31 12:42,stay,place,"The Hoxton, Shoreditch, London",51.48880,-0.11279,51.48880,-0.11279
2026-08-31 12:42,2026-08-31 13:00,move,transit,"The Hoxton, Shoreditch, London -> GridMint, London",51.48880,-0.11279,51.51924,-0.13049
2026-08-31 13:00,2026-08-31 15:55,stay,place,"GridMint, London",51.51924,-0.13049,51.51924,-0.13049
2026-08-31 15:55,2026-08-31 16:13,move,transit,"GridMint, London -> The Hoxton, Shoreditch, London",51.51924,-0.13049,51.48880,-0.11279
2026-08-31 16:13,2026-09-01 08:42,stay,place,"The Hoxton, Shoreditch, London",51.48880,-0.11279,51.48880,-0.11279
2026-09-01 08:42,2026-09-01 09:00,move,transit,"The Hoxton, Shoreditch, London -> GridMint, London",51.48880,-0.11279,51.51924,-0.13049
2026-09-01 09:00,2026-09-01 12:10,stay,place,"GridMint, London",51.51924,-0.13049,51.51924,-0.13049
2026-09-01 12:10,2026-09-01 13:21,stay,place,"GridMint, London",51.51924,-0.13049,51.51924,-0.13049
2026-09-01 13:21,2026-09-01 13:45,move,transit,"GridMint, London -> London Airport (LHR)",51.51924,-0.13049,51.56334,-0.08759
2026-09-01 13:45,2026-09-01 15:00,stay,place,London Airport (LHR),51.56334,-0.08759,51.56334,-0.08759
2026-09-01 15:00,2026-09-01 17:35,move,flight,London Airport (LHR) -> Warsaw Airport (WAW),51.56334,-0.08759,52.16570,20.96710
2026-09-01 17:35,2026-09-01 18:24,move,car,"Warsaw Airport (WAW) -> Home – ul. Chmielna 71, Warsaw",52.16570,20.96710,52.22960,21.00300
2026-09-01 18:24,2026-09-02 18:35,stay,home,"Home – ul. Chmielna 71, Warsaw",52.22960,21.00300,52.22960,21.00300
2026-09-02 18:35,2026-09-02 19:00,move,transit,"Home – ul. Chmielna 71, Warsaw -> Bouldering gym, ul. Puławska (Mokotów)",52.22960,21.00300,52.20290,21.02030
2026-09-02 19:00,2026-09-02 21:00,stay,place,"Bouldering gym, ul. Puławska (Mokotów)",52.20290,21.02030,52.20290,21.02030
2026-09-02 21:00,2026-09-02 21:23,move,transit,"Bouldering gym, ul. Puławska (Mokotów) -> Home – ul. Chmielna 71, Warsaw",52.20290,21.02030,52.22960,21.00300
2026-09-02 21:23,2026-09-03 07:47,stay,home,"Home – ul. Chmielna 71, Warsaw",52.22960,21.00300,52.22960,21.00300
2026-09-03 07:47,2026-09-03 07:58,move,transit,"Home – ul. Chmielna 71, Warsaw -> Warsaw Spire, pl. Europejski 1, Warsaw",52.22960,21.00300,52.23180,20.98460
2026-09-03 07:58,2026-09-03 17:25,stay,place,"Warsaw Spire, pl. Europejski 1, Warsaw",52.23180,20.98460,52.23180,20.98460
2026-09-03 17:25,2026-09-03 17:36,move,transit,"Warsaw Spire, pl. Europejski 1, Warsaw -> Home – ul. Chmielna 71, Warsaw",52.23180,20.98460,52.22960,21.00300
2026-09-03 17:36,2026-09-04 19:11,stay,home,"Home – ul. Chmielna 71, Warsaw",52.22960,21.00300,52.22960,21.00300
2026-09-04 19:11,2026-09-04 19:30,move,transit,"Home – ul. Chmielna 71, Warsaw -> Kino Muranów",52.22960,21.00300,52.24960,20.99890
2026-09-04 19:30,2026-09-04 23:00,stay,place,Kino Muranów,52.24960,20.99890,52.24960,20.99890
2026-09-04 23:00,2026-09-04 23:16,move,transit,"Kino Muranów -> Home – ul. Chmielna 71, Warsaw",52.24960,20.99890,52.22960,21.00300
2026-09-04 23:16,2026-09-05 09:10,stay,home,"Home – ul. Chmielna 71, Warsaw",52.22960,21.00300,52.22960,21.00300
2026-09-05 09:10,2026-09-05 09:30,move,transit,"Home – ul. Chmielna 71, Warsaw -> Pole Mokotowskie",52.22960,21.00300,52.21160,20.99540
2026-09-05 09:30,2026-09-05 10:30,stay,place,Pole Mokotowskie,52.21160,20.99540,52.21160,20.99540
2026-09-05 10:30,2026-09-05 10:51,move,transit,"Pole Mokotowskie -> Home – ul. Chmielna 71, Warsaw",52.21160,20.99540,52.22960,21.00300
2026-09-05 10:51,2026-09-05 11:00,move,transit,"Home – ul. Chmielna 71, Warsaw -> Hala Koszyki, ul. Koszykowa 63",52.22960,21.00300,52.22660,21.01920
2026-09-05 11:00,2026-09-05 13:00,stay,place,"Hala Koszyki, ul. Koszykowa 63",52.22660,21.01920,52.22660,21.01920
2026-09-05 13:00,2026-09-05 13:15,move,transit,"Hala Koszyki, ul. Koszykowa 63 -> Home – ul. Chmielna 71, Warsaw",52.22660,21.01920,52.22960,21.00300
2026-09-05 13:15,2026-09-05 15:43,stay,home,"Home – ul. Chmielna 71, Warsaw",52.22960,21.00300,52.22960,21.00300
2026-09-05 15:43,2026-09-05 16:00,move,transit,"Home – ul. Chmielna 71, Warsaw -> Plaża Poniatówka",52.22960,21.00300,52.23400,21.04000
2026-09-05 16:00,2026-09-05 17:30,stay,place,Plaża Poniatówka,52.23400,21.04000,52.23400,21.04000
2026-09-05 17:30,2026-09-05 17:50,move,transit,"Plaża Poniatówka -> Home – ul. Chmielna 71, Warsaw",52.23400,21.04000,52.22960,21.00300
2026-09-05 17:50,2026-09-08 08:00,stay,home,"Home – ul. Chmielna 71, Warsaw",52.22960,21.00300,52.22960,21.00300
2026-09-08 08:00,2026-09-08 08:11,move,transit,"Home – ul. Chmielna 71, Warsaw -> Warsaw Spire, pl. Europejski 1, Warsaw",52.22960,21.00300,52.23180,20.98460
2026-09-08 08:11,2026-09-08 17:27,stay,place,"Warsaw Spire, pl. Europejski 1, Warsaw",52.23180,20.98460,52.23180,20.98460
2026-09-08 17:27,2026-09-08 17:38,move,transit,"Warsaw Spire, pl. Europejski 1, Warsaw -> Home – ul. Chmielna 71, Warsaw",52.23180,20.98460,52.22960,21.00300
2026-09-08 17:38,2026-09-09 18:42,stay,home,"Home – ul. Chmielna 71, Warsaw",52.22960,21.00300,52.22960,21.00300
2026-09-09 18:42,2026-09-09 19:00,move,transit,"Home – ul. Chmielna 71, Warsaw -> Bouldering gym, ul. Puławska (Mokotów)",52.22960,21.00300,52.20290,21.02030
2026-09-09 19:00,2026-09-09 21:00,stay,place,"Bouldering gym, ul. Puławska (Mokotów)",52.20290,21.02030,52.20290,21.02030
2026-09-09 21:00,2026-09-09 21:20,move,transit,"Bouldering gym, ul. Puławska (Mokotów) -> Home – ul. Chmielna 71, Warsaw",52.20290,21.02030,52.22960,21.00300
2026-09-09 21:20,2026-09-10 18:00,stay,home,"Home – ul. Chmielna 71, Warsaw",52.22960,21.00300,52.22960,21.00300
2026-09-10 18:00,2026-09-10 18:30,move,car,"Home – ul. Chmielna 71, Warsaw -> Warsaw Airport (WAW)",52.22960,21.00300,52.16570,20.96710
2026-09-10 18:30,2026-09-10 19:15,stay,place,Warsaw Airport (WAW),52.16570,20.96710,52.16570,20.96710
2026-09-10 19:15,2026-09-10 20:40,move,flight,Warsaw Airport (WAW) -> Berlin Airport (BER),52.16570,20.96710,52.56884,13.53146
2026-09-10 20:40,2026-09-10 21:01,move,transit,"Berlin Airport (BER) -> Paul's flat, Prenzlauer Berg, Berlin",52.56884,13.53146,52.52765,13.39916
2026-09-10 21:01,2026-09-12 10:49,stay,place,"Paul's flat, Prenzlauer Berg, Berlin",52.52765,13.39916,52.52765,13.39916
2026-09-12 10:49,2026-09-12 11:00,move,transit,"Paul's flat, Prenzlauer Berg, Berlin -> Museumsinsel, Berlin",52.52765,13.39916,52.52180,13.41317
2026-09-12 11:00,2026-09-12 15:00,stay,place,"Museumsinsel, Berlin",52.52180,13.41317,52.52180,13.41317
2026-09-12 15:00,2026-09-12 15:11,move,transit,"Museumsinsel, Berlin -> Paul's flat, Prenzlauer Berg, Berlin",52.52180,13.41317,52.52765,13.39916
2026-09-12 15:11,2026-09-13 12:39,stay,place,"Paul's flat, Prenzlauer Berg, Berlin",52.52765,13.39916,52.52765,13.39916
2026-09-13 12:39,2026-09-13 13:00,move,transit,"Paul's flat, Prenzlauer Berg, Berlin -> Berlin Airport (BER)",52.52765,13.39916,52.56884,13.53146
2026-09-13 13:00,2026-09-13 14:15,stay,place,Berlin Airport (BER),52.56884,13.53146,52.56884,13.53146
2026-09-13 14:15,2026-09-13 15:35,move,flight,Berlin Airport (BER) -> Warsaw Airport (WAW),52.56884,13.53146,52.16570,20.96710
2026-09-13 15:35,2026-09-13 16:17,move,car,"Warsaw Airport (WAW) -> Home – ul. Chmielna 71, Warsaw",52.16570,20.96710,52.22960,21.00300
2026-09-13 16:17,2026-09-14 07:43,stay,home,"Home – ul. Chmielna 71, Warsaw",52.22960,21.00300,52.22960,21.00300
2026-09-14 07:43,2026-09-14 08:00,move,transit,"Home – ul. Chmielna 71, Warsaw -> Dental clinic, ul. Hoża 42",52.22960,21.00300,52.22240,21.01530
2026-09-14 08:00,2026-09-14 08:45,stay,place,"Dental clinic, ul. Hoża 42",52.22240,21.01530,52.22240,21.01530
2026-09-14 08:45,2026-09-14 08:58,move,transit,"Dental clinic, ul. Hoża 42 -> Home – ul. Chmielna 71, Warsaw",52.22240,21.01530,52.22960,21.00300
2026-09-14 08:58,2026-09-14 18:03,stay,home,"Home – ul. Chmielna 71, Warsaw",52.22960,21.00300,52.22960,21.00300
2026-09-14 18:03,2026-09-14 18:14,move,transit,"Home – ul. Chmielna 71, Warsaw -> Warsaw Spire, pl. Europejski 1, Warsaw",52.22960,21.00300,52.23180,20.98460
2026-09-14 18:14,2026-09-14 18:25,move,transit,"Warsaw Spire, pl. Europejski 1, Warsaw -> Home – ul. Chmielna 71, Warsaw",52.23180,20.98460,52.22960,21.00300
2026-09-14 18:25,2026-09-15 06:05,stay,home,"Home – ul. Chmielna 71, Warsaw",52.22960,21.00300,52.22960,21.00300
2026-09-15 06:05,2026-09-15 06:35,move,car,"Home – ul. Chmielna 71, Warsaw -> Warsaw Airport (WAW)",52.22960,21.00300,52.16570,20.96710
2026-09-15 06:35,2026-09-15 07:20,stay,place,Warsaw Airport (WAW),52.16570,20.96710,52.16570,20.96710
2026-09-15 07:20,2026-09-15 11:00,move,flight,Warsaw Airport (WAW) -> Madrid Airport (MAD),52.16570,20.96710,40.40364,-3.76877
2026-09-15 11:00,2026-09-15 12:43,stay,place,Madrid Airport (MAD),40.40364,-3.76877,40.40364,-3.76877
2026-09-15 12:43,2026-09-15 13:10,move,transit,"Madrid Airport (MAD) -> Solaria Ibérica, Madrid",40.40364,-3.76877,40.40906,-3.68524
2026-09-15 13:10,2026-09-15 16:05,stay,place,"Solaria Ibérica, Madrid",40.40906,-3.68524,40.40906,-3.68524
2026-09-15 16:05,2026-09-15 16:14,move,transit,"Solaria Ibérica, Madrid -> Hotel Regina, Alcalá 19, Madrid",40.40906,-3.68524,40.41303,-3.68572
2026-09-15 16:14,2026-09-16 09:06,stay,place,"Hotel Regina, Alcalá 19, Madrid",40.41303,-3.68572,40.41303,-3.68572
2026-09-16 09:06,2026-09-16 09:15,move,transit,"Hotel Regina, Alcalá 19, Madrid -> Solaria Ibérica, Madrid",40.41303,-3.68572,40.40906,-3.68524
2026-09-16 09:15,2026-09-16 16:45,stay,place,"Solaria Ibérica, Madrid",40.40906,-3.68524,40.40906,-3.68524
2026-09-16 16:45,2026-09-16 16:54,move,transit,"Solaria Ibérica, Madrid -> Hotel Regina, Alcalá 19, Madrid",40.40906,-3.68524,40.41303,-3.68572
2026-09-16 16:54,2026-09-17 08:56,stay,place,"Hotel Regina, Alcalá 19, Madrid",40.41303,-3.68572,40.41303,-3.68572
2026-09-17 08:56,2026-09-17 09:05,move,transit,"Hotel Regina, Alcalá 19, Madrid -> Solaria Ibérica, Madrid",40.41303,-3.68572,40.40906,-3.68524
2026-09-17 09:05,2026-09-17 15:25,stay,place,"Solaria Ibérica, Madrid",40.40906,-3.68524,40.40906,-3.68524
2026-09-17 15:25,2026-09-17 15:34,move,transit,"Solaria Ibérica, Madrid -> Hotel Regina, Alcalá 19, Madrid",40.40906,-3.68524,40.41303,-3.68572
2026-09-17 15:34,2026-09-17 19:19,stay,place,"Hotel Regina, Alcalá 19, Madrid",40.41303,-3.68572,40.41303,-3.68572
2026-09-17 19:19,2026-09-17 19:30,move,transit,"Hotel Regina, Alcalá 19, Madrid -> Restaurant, Madrid",40.41303,-3.68572,40.41727,-3.69516
2026-09-17 19:30,2026-09-17 21:09,stay,place,"Restaurant, Madrid",40.41727,-3.69516,40.41727,-3.69516
2026-09-17 21:09,2026-09-17 21:20,move,transit,"Restaurant, Madrid -> Hotel Regina, Alcalá 19, Madrid",40.41727,-3.69516,40.41303,-3.68572
2026-09-17 21:20,2026-09-18 09:01,stay,place,"Hotel Regina, Alcalá 19, Madrid",40.41303,-3.68572,40.41303,-3.68572
2026-09-18 09:01,2026-09-18 09:10,move,transit,"Hotel Regina, Alcalá 19, Madrid -> Solaria Ibérica, Madrid",40.41303,-3.68572,40.40906,-3.68524
2026-09-18 09:10,2026-09-18 11:40,stay,place,"Solaria Ibérica, Madrid",40.40906,-3.68524,40.40906,-3.68524
2026-09-18 11:40,2026-09-18 13:18,stay,place,"Solaria Ibérica, Madrid",40.40906,-3.68524,40.40906,-3.68524
2026-09-18 13:18,2026-09-18 13:45,move,transit,"Solaria Ibérica, Madrid -> Madrid Airport (MAD)",40.40906,-3.68524,40.40364,-3.76877
2026-09-18 13:45,2026-09-18 15:00,stay,place,Madrid Airport (MAD),40.40364,-3.76877,40.40364,-3.76877
2026-09-18 15:00,2026-09-18 18:40,move,flight,Madrid Airport (MAD) -> Warsaw Airport (WAW),40.40364,-3.76877,52.16570,20.96710
2026-09-18 18:40,2026-09-18 19:36,move,car,"Warsaw Airport (WAW) -> Home – ul. Chmielna 71, Warsaw",52.16570,20.96710,52.22960,21.00300
2026-09-18 19:36,2026-09-19 09:06,stay,home,"Home – ul. Chmielna 71, Warsaw",52.22960,21.00300,52.22960,21.00300
2026-09-19 09:06,2026-09-19 09:30,move,transit,"Home – ul. Chmielna 71, Warsaw -> Pole Mokotowskie",52.22960,21.00300,52.21160,20.99540
2026-09-19 09:30,2026-09-19 10:30,stay,place,Pole Mokotowskie,52.21160,20.99540,52.21160,20.99540
2026-09-19 10:30,2026-09-19 10:45,move,transit,"Pole Mokotowskie -> Home – ul. Chmielna 71, Warsaw",52.21160,20.99540,52.22960,21.00300
2026-09-19 10:45,2026-09-20 09:49,stay,home,"Home – ul. Chmielna 71, Warsaw",52.22960,21.00300,52.22960,21.00300
2026-09-20 09:49,2026-09-20 10:00,move,transit,"Home – ul. Chmielna 71, Warsaw -> Nowy Świat",52.22960,21.00300,52.23200,21.01900
2026-09-20 10:00,2026-09-20 12:30,stay,place,Nowy Świat,52.23200,21.01900,52.23200,21.01900
2026-09-20 12:30,2026-09-20 12:41,move,transit,"Nowy Świat -> Home – ul. Chmielna 71, Warsaw",52.23200,21.01900,52.22960,21.00300
2026-09-20 12:41,2026-09-21 08:11,stay,home,"Home – ul. Chmielna 71, Warsaw",52.22960,21.00300,52.22960,21.00300
2026-09-21 08:11,2026-09-21 08:22,move,transit,"Home – ul. Chmielna 71, Warsaw -> Warsaw Spire, pl. Europejski 1, Warsaw",52.22960,21.00300,52.23180,20.98460
2026-09-21 08:22,2026-09-21 17:22,stay,place,"Warsaw Spire, pl. Europejski 1, Warsaw",52.23180,20.98460,52.23180,20.98460
2026-09-21 17:22,2026-09-21 17:33,move,transit,"Warsaw Spire, pl. Europejski 1, Warsaw -> Home – ul. Chmielna 71, Warsaw",52.23180,20.98460,52.22960,21.00300
2026-09-21 17:33,2026-09-21 18:14,stay,home,"Home – ul. Chmielna 71, Warsaw",52.22960,21.00300,52.22960,21.00300
2026-09-21 18:14,2026-09-21 18:30,move,transit,"Home – ul. Chmielna 71, Warsaw -> Joga Studio, ul. Mokotowska 51",52.22960,21.00300,52.22260,21.01770
2026-09-21 18:30,2026-09-21 19:30,stay,place,"Joga Studio, ul. Mokotowska 51",52.22260,21.01770,52.22260,21.01770
2026-09-21 19:30,2026-09-21 19:47,move,transit,"Joga Studio, ul. Mokotowska 51 -> Home – ul. Chmielna 71, Warsaw",52.22260,21.01770,52.22960,21.00300
2026-09-21 19:47,2026-09-22 07:55,stay,home,"Home – ul. Chmielna 71, Warsaw",52.22960,21.00300,52.22960,21.00300
2026-09-22 07:55,2026-09-22 08:06,move,transit,"Home – ul. Chmielna 71, Warsaw -> Warsaw Spire, pl. Europejski 1, Warsaw",52.22960,21.00300,52.23180,20.98460
2026-09-22 08:06,2026-09-22 17:57,stay,place,"Warsaw Spire, pl. Europejski 1, Warsaw",52.23180,20.98460,52.23180,20.98460
2026-09-22 17:57,2026-09-22 18:08,move,transit,"Warsaw Spire, pl. Europejski 1, Warsaw -> Home – ul. Chmielna 71, Warsaw",52.23180,20.98460,52.22960,21.00300
2026-09-22 18:08,2026-09-22 18:46,stay,home,"Home – ul. Chmielna 71, Warsaw",52.22960,21.00300,52.22960,21.00300
2026-09-22 18:46,2026-09-22 19:00,move,transit,"Home – ul. Chmielna 71, Warsaw -> Nolita, ul. Wilcza 46",52.22960,21.00300,52.22350,21.01940
2026-09-22 19:00,2026-09-22 22:00,stay,place,"Nolita, ul. Wilcza 46",52.22350,21.01940,52.22350,21.01940
2026-09-22 22:00,2026-09-22 22:22,move,transit,"Nolita, ul. Wilcza 46 -> Home – ul. Chmielna 71, Warsaw",52.22350,21.01940,52.22960,21.00300
2026-09-22 22:22,2026-09-23 07:34,stay,home,"Home – ul. Chmielna 71, Warsaw",52.22960,21.00300,52.22960,21.00300
2026-09-23 07:34,2026-09-23 07:45,move,transit,"Home – ul. Chmielna 71, Warsaw -> Warsaw Spire, pl. Europejski 1, Warsaw",52.22960,21.00300,52.23180,20.98460
2026-09-23 07:45,2026-09-23 17:45,stay,place,"Warsaw Spire, pl. Europejski 1, Warsaw",52.23180,20.98460,52.23180,20.98460
2026-09-23 17:45,2026-09-23 17:56,move,transit,"Warsaw Spire, pl. Europejski 1, Warsaw -> Home – ul. Chmielna 71, Warsaw",52.23180,20.98460,52.22960,21.00300
2026-09-23 17:56,2026-09-24 08:09,stay,home,"Home – ul. Chmielna 71, Warsaw",52.22960,21.00300,52.22960,21.00300
2026-09-24 08:09,2026-09-24 08:20,move,transit,"Home – ul. Chmielna 71, Warsaw -> Warsaw Spire, pl. Europejski 1, Warsaw",52.22960,21.00300,52.23180,20.98460
2026-09-24 08:20,2026-09-24 17:22,stay,place,"Warsaw Spire, pl. Europejski 1, Warsaw",52.23180,20.98460,52.23180,20.98460
2026-09-24 17:22,2026-09-24 17:33,move,transit,"Warsaw Spire, pl. Europejski 1, Warsaw -> Home – ul. Chmielna 71, Warsaw",52.23180,20.98460,52.22960,21.00300
2026-09-24 17:33,2026-09-24 18:08,stay,home,"Home – ul. Chmielna 71, Warsaw",52.22960,21.00300,52.22960,21.00300
2026-09-24 18:08,2026-09-24 18:30,move,transit,"Home – ul. Chmielna 71, Warsaw -> Pływalnia Inflancka",52.22960,21.00300,52.25700,20.99300
2026-09-24 18:30,2026-09-24 19:30,stay,place,Pływalnia Inflancka,52.25700,20.99300,52.25700,20.99300
2026-09-24 19:30,2026-09-24 19:47,move,transit,"Pływalnia Inflancka -> Home – ul. Chmielna 71, Warsaw",52.25700,20.99300,52.22960,21.00300
2026-09-24 19:47,2026-09-25 18:29,stay,home,"Home – ul. Chmielna 71, Warsaw",52.22960,21.00300,52.22960,21.00300
2026-09-25 18:29,2026-09-25 19:00,move,transit,"Home – ul. Chmielna 71, Warsaw -> Warsaw Airport (WAW)",52.22960,21.00300,52.16570,20.96710
2026-09-25 19:00,2026-09-25 20:30,stay,place,Warsaw Airport (WAW),52.16570,20.96710,52.16570,20.96710
2026-09-25 20:30,2026-09-25 21:00,move,transit,"Warsaw Airport (WAW) -> Home – ul. Chmielna 71, Warsaw",52.16570,20.96710,52.22960,21.00300
2026-09-25 21:00,2026-09-26 09:47,stay,home,"Home – ul. Chmielna 71, Warsaw",52.22960,21.00300,52.22960,21.00300
2026-09-26 09:47,2026-09-26 10:00,move,transit,"Home – ul. Chmielna 71, Warsaw -> Salon Fryzjerski, ul. Nowogrodzka 18",52.22960,21.00300,52.22770,21.01000
2026-09-26 10:00,2026-09-26 11:15,stay,place,"Salon Fryzjerski, ul. Nowogrodzka 18",52.22770,21.01000,52.22770,21.01000
2026-09-26 11:15,2026-09-26 11:30,move,transit,"Salon Fryzjerski, ul. Nowogrodzka 18 -> Home – ul. Chmielna 71, Warsaw",52.22770,21.01000,52.22960,21.00300
2026-09-26 11:30,2026-09-26 11:48,stay,home,"Home – ul. Chmielna 71, Warsaw",52.22960,21.00300,52.22960,21.00300
2026-09-26 11:48,2026-09-26 12:00,move,transit,"Home – ul. Chmielna 71, Warsaw -> Charlotte, pl. Zbawiciela",52.22960,21.00300,52.22000,21.01820
2026-09-26 12:00,2026-09-26 14:30,stay,place,"Charlotte, pl. Zbawiciela",52.22000,21.01820,52.22000,21.01820
2026-09-26 14:30,2026-09-26 14:46,move,transit,"Charlotte, pl. Zbawiciela -> Home – ul. Chmielna 71, Warsaw",52.22000,21.01820,52.22960,21.00300
2026-09-26 14:46,2026-09-28 18:10,stay,home,"Home – ul. Chmielna 71, Warsaw",52.22960,21.00300,52.22960,21.00300
2026-09-28 18:10,2026-09-28 18:30,move,transit,"Home – ul. Chmielna 71, Warsaw -> Joga Studio, ul. Mokotowska 51",52.22960,21.00300,52.22260,21.01770
2026-09-28 18:30,2026-09-28 19:30,stay,place,"Joga Studio, ul. Mokotowska 51",52.22260,21.01770,52.22260,21.01770
2026-09-28 19:30,2026-09-28 19:42,move,transit,"Joga Studio, ul. Mokotowska 51 -> Home – ul. Chmielna 71, Warsaw",52.22260,21.01770,52.22960,21.00300
2026-09-28 19:42,2026-09-29 14:55,stay,home,"Home – ul. Chmielna 71, Warsaw",52.22960,21.00300,52.22960,21.00300
2026-09-29 14:55,2026-09-29 15:25,move,car,"Home – ul. Chmielna 71, Warsaw -> Warsaw Airport (WAW)",52.22960,21.00300,52.16570,20.96710
2026-09-29 15:25,2026-09-29 16:10,stay,place,Warsaw Airport (WAW),52.16570,20.96710,52.16570,20.96710
2026-09-29 16:10,2026-09-29 18:15,move,flight,Warsaw Airport (WAW) -> Oslo Airport (OSL),52.16570,20.96710,59.88398,10.68819
2026-09-29 18:15,2026-09-29 18:34,move,transit,"Oslo Airport (OSL) -> Citybox Oslo, Prinsens gate 8, Oslo",59.88398,10.68819,59.90766,10.74578
2026-09-29 18:34,2026-09-30 08:37,stay,place,"Citybox Oslo, Prinsens gate 8, Oslo",59.90766,10.74578,59.90766,10.74578
2026-09-30 08:37,2026-09-30 08:50,move,transit,"Citybox Oslo, Prinsens gate 8, Oslo -> Fjordkraft Lab, Oslo",59.90766,10.74578,59.90713,10.71143
2026-09-30 08:50,2026-09-30 17:10,stay,place,"Fjordkraft Lab, Oslo",59.90713,10.71143,59.90713,10.71143
2026-09-30 17:10,2026-09-30 17:23,move,transit,"Fjordkraft Lab, Oslo -> Citybox Oslo, Prinsens gate 8, Oslo",59.90713,10.71143,59.90766,10.74578
2026-09-30 17:23,2026-10-01 08:42,stay,place,"Citybox Oslo, Prinsens gate 8, Oslo",59.90766,10.74578,59.90766,10.74578
2026-10-01 08:42,2026-10-01 08:55,move,transit,"Citybox Oslo, Prinsens gate 8, Oslo -> Fjordkraft Lab, Oslo",59.90766,10.74578,59.90713,10.71143
2026-10-01 08:55,2026-10-01 15:10,stay,place,"Fjordkraft Lab, Oslo",59.90713,10.71143,59.90713,10.71143
2026-10-01 15:10,2026-10-01 15:23,move,transit,"Fjordkraft Lab, Oslo -> Citybox Oslo, Prinsens gate 8, Oslo",59.90713,10.71143,59.90766,10.74578
2026-10-01 15:23,2026-10-02 08:32,stay,place,"Citybox Oslo, Prinsens gate 8, Oslo",59.90766,10.74578,59.90766,10.74578
2026-10-02 08:32,2026-10-02 08:45,move,transit,"Citybox Oslo, Prinsens gate 8, Oslo -> Fjordkraft Lab, Oslo",59.90766,10.74578,59.90713,10.71143
2026-10-02 08:45,2026-10-02 12:25,stay,place,"Fjordkraft Lab, Oslo",59.90713,10.71143,59.90713,10.71143
2026-10-02 12:25,2026-10-02 13:29,stay,place,"Fjordkraft Lab, Oslo",59.90713,10.71143,59.90713,10.71143
2026-10-02 13:29,2026-10-02 13:45,move,transit,"Fjordkraft Lab, Oslo -> Oslo Airport (OSL)",59.90713,10.71143,59.88398,10.68819
2026-10-02 13:45,2026-10-02 15:00,stay,place,Oslo Airport (OSL),59.88398,10.68819,59.88398,10.68819
2026-10-02 15:00,2026-10-02 17:05,move,flight,Oslo Airport (OSL) -> Warsaw Airport (WAW),59.88398,10.68819,52.16570,20.96710
2026-10-02 17:05,2026-10-02 17:50,move,car,"Warsaw Airport (WAW) -> Home – ul. Chmielna 71, Warsaw",52.16570,20.96710,52.22960,21.00300
2026-10-02 17:50,2026-10-02 19:27,stay,home,"Home – ul. Chmielna 71, Warsaw",52.22960,21.00300,52.22960,21.00300
2026-10-02 19:27,2026-10-02 19:30,move,transit,"Home – ul. Chmielna 71, Warsaw -> Pardon, To Tu, pl. Grzybowski",52.22960,21.00300,52.23170,21.00460
2026-10-02 19:30,2026-10-02 23:00,stay,place,"Pardon, To Tu, pl. Grzybowski",52.23170,21.00460,52.23170,21.00460
2026-10-02 23:00,2026-10-02 23:03,move,transit,"Pardon, To Tu, pl. Grzybowski -> Home – ul. Chmielna 71, Warsaw",52.23170,21.00460,52.22960,21.00300
2026-10-02 23:03,2026-10-03 09:10,stay,home,"Home – ul. Chmielna 71, Warsaw",52.22960,21.00300,52.22960,21.00300
2026-10-03 09:10,2026-10-03 09:30,move,transit,"Home – ul. Chmielna 71, Warsaw -> Pole Mokotowskie",52.22960,21.00300,52.21160,20.99540
2026-10-03 09:30,2026-10-03 10:30,stay,place,Pole Mokotowskie,52.21160,20.99540,52.21160,20.99540
2026-10-03 10:30,2026-10-03 10:45,move,transit,"Pole Mokotowskie -> Home – ul. Chmielna 71, Warsaw",52.21160,20.99540,52.22960,21.00300
2026-10-03 10:45,2026-10-05 14:55,stay,home,"Home – ul. Chmielna 71, Warsaw",52.22960,21.00300,52.22960,21.00300
2026-10-05 14:55,2026-10-05 15:25,move,car,"Home – ul. Chmielna 71, Warsaw -> Warsaw Airport (WAW)",52.22960,21.00300,52.16570,20.96710
2026-10-05 15:25,2026-10-05 16:10,stay,place,Warsaw Airport (WAW),52.16570,20.96710,52.16570,20.96710
2026-10-05 16:10,2026-10-05 18:00,move,flight,Warsaw Airport (WAW) -> Helsinki Airport (HEL),52.16570,20.96710,60.20004,24.73939
2026-10-05 18:00,2026-10-05 18:21,move,transit,"Helsinki Airport (HEL) -> Hotel Kämp, Pohjoisesplanadi 29, Helsinki",60.20004,24.73939,60.16702,24.89814
2026-10-05 18:21,2026-10-06 08:30,stay,place,"Hotel Kämp, Pohjoisesplanadi 29, Helsinki",60.16702,24.89814,60.16702,24.89814
2026-10-06 08:30,2026-10-06 08:50,move,transit,"Hotel Kämp, Pohjoisesplanadi 29, Helsinki -> Suomi Sähkö, Helsinki",60.16702,24.89814,60.17801,24.97481
2026-10-06 08:50,2026-10-06 12:45,stay,place,"Suomi Sähkö, Helsinki",60.17801,24.97481,60.17801,24.97481
2026-10-06 12:45,2026-10-06 13:34,stay,place,"Suomi Sähkö, Helsinki",60.17801,24.97481,60.17801,24.97481
2026-10-06 13:34,2026-10-06 14:00,move,transit,"Suomi Sähkö, Helsinki -> Helsinki Airport (HEL)",60.17801,24.97481,60.20004,24.73939
2026-10-06 14:00,2026-10-06 15:15,stay,place,Helsinki Airport (HEL),60.20004,24.73939,60.20004,24.73939
2026-10-06 15:15,2026-10-06 17:05,move,flight,Helsinki Airport (HEL) -> Warsaw Airport (WAW),60.20004,24.73939,52.16570,20.96710
2026-10-06 17:05,2026-10-06 17:41,move,car,"Warsaw Airport (WAW) -> Home – ul. Chmielna 71, Warsaw",52.16570,20.96710,52.22960,21.00300
2026-10-06 17:41,2026-10-07 18:35,stay,home,"Home – ul. Chmielna 71, Warsaw",52.22960,21.00300,52.22960,21.00300
2026-10-07 18:35,2026-10-07 19:00,move,transit,"Home – ul. Chmielna 71, Warsaw -> Bouldering gym, ul. Puławska (Mokotów)",52.22960,21.00300,52.20290,21.02030
2026-10-07 19:00,2026-10-07 21:00,stay,place,"Bouldering gym, ul. Puławska (Mokotów)",52.20290,21.02030,52.20290,21.02030
2026-10-07 21:00,2026-10-07 21:20,move,transit,"Bouldering gym, ul. Puławska (Mokotów) -> Home – ul. Chmielna 71, Warsaw",52.20290,21.02030,52.22960,21.00300
2026-10-07 21:20,2026-10-13 18:46,stay,home,"Home – ul. Chmielna 71, Warsaw",52.22960,21.00300,52.22960,21.00300
2026-10-13 18:46,2026-10-13 19:00,move,transit,"Home – ul. Chmielna 71, Warsaw -> Browar Warszawski",52.22960,21.00300,52.23170,20.99160
2026-10-13 19:00,2026-10-13 22:00,stay,place,Browar Warszawski,52.23170,20.99160,52.23170,20.99160
2026-10-13 22:00,2026-10-13 22:14,move,transit,"Browar Warszawski -> Home – ul. Chmielna 71, Warsaw",52.23170,20.99160,52.22960,21.00300
2026-10-13 22:14,2026-10-14 07:54,stay,home,"Home – ul. Chmielna 71, Warsaw",52.22960,21.00300,52.22960,21.00300
2026-10-14 07:54,2026-10-14 08:05,move,transit,"Home – ul. Chmielna 71, Warsaw -> Warsaw Spire, pl. Europejski 1, Warsaw",52.22960,21.00300,52.23180,20.98460
2026-10-14 08:05,2026-10-14 18:19,stay,place,"Warsaw Spire, pl. Europejski 1, Warsaw",52.23180,20.98460,52.23180,20.98460
2026-10-14 18:19,2026-10-14 18:30,move,transit,"Warsaw Spire, pl. Europejski 1, Warsaw -> Home – ul. Chmielna 71, Warsaw",52.23180,20.98460,52.22960,21.00300
2026-10-14 18:30,2026-10-14 18:37,stay,home,"Home – ul. Chmielna 71, Warsaw",52.22960,21.00300,52.22960,21.00300
2026-10-14 18:37,2026-10-14 19:00,move,transit,"Home – ul. Chmielna 71, Warsaw -> Bouldering gym, ul. Puławska (Mokotów)",52.22960,21.00300,52.20290,21.02030
2026-10-14 19:00,2026-10-14 21:00,stay,place,"Bouldering gym, ul. Puławska (Mokotów)",52.20290,21.02030,52.20290,21.02030
2026-10-14 21:00,2026-10-14 21:19,move,transit,"Bouldering gym, ul. Puławska (Mokotów) -> Home – ul. Chmielna 71, Warsaw",52.20290,21.02030,52.22960,21.00300
2026-10-14 21:19,2026-10-15 07:33,stay,home,"Home – ul. Chmielna 71, Warsaw",52.22960,21.00300,52.22960,21.00300
2026-10-15 07:33,2026-10-15 07:44,move,transit,"Home – ul. Chmielna 71, Warsaw -> Warsaw Spire, pl. Europejski 1, Warsaw",52.22960,21.00300,52.23180,20.98460
2026-10-15 07:44,2026-10-15 18:12,stay,place,"Warsaw Spire, pl. Europejski 1, Warsaw",52.23180,20.98460,52.23180,20.98460
2026-10-15 18:12,2026-10-15 18:23,move,transit,"Warsaw Spire, pl. Europejski 1, Warsaw -> Home – ul. Chmielna 71, Warsaw",52.23180,20.98460,52.22960,21.00300
2026-10-15 18:23,2026-10-15 18:30,move,transit,"Home – ul. Chmielna 71, Warsaw -> Pływalnia Inflancka",52.22960,21.00300,52.25700,20.99300
2026-10-15 18:30,2026-10-15 19:30,stay,place,Pływalnia Inflancka,52.25700,20.99300,52.25700,20.99300
2026-10-15 19:30,2026-10-15 19:48,move,transit,"Pływalnia Inflancka -> Home – ul. Chmielna 71, Warsaw",52.25700,20.99300,52.22960,21.00300
2026-10-15 19:48,2026-10-16 18:45,stay,home,"Home – ul. Chmielna 71, Warsaw",52.22960,21.00300,52.22960,21.00300
2026-10-16 18:45,2026-10-16 19:20,move,transit,"Home – ul. Chmielna 71, Warsaw -> Warsaw Airport (WAW)",52.22960,21.00300,52.16570,20.96710
2026-10-16 19:20,2026-10-16 20:50,stay,place,Warsaw Airport (WAW),52.16570,20.96710,52.16570,20.96710
2026-10-16 20:50,2026-10-16 21:21,move,transit,"Warsaw Airport (WAW) -> Home – ul. Chmielna 71, Warsaw",52.16570,20.96710,52.22960,21.00300
2026-10-16 21:21,2026-10-17 09:13,stay,home,"Home – ul. Chmielna 71, Warsaw",52.22960,21.00300,52.22960,21.00300
2026-10-17 09:13,2026-10-17 09:30,move,transit,"Home – ul. Chmielna 71, Warsaw -> Pole Mokotowskie",52.22960,21.00300,52.21160,20.99540
2026-10-17 09:30,2026-10-17 10:30,stay,place,Pole Mokotowskie,52.21160,20.99540,52.21160,20.99540
2026-10-17 10:30,2026-10-17 10:46,move,transit,"Pole Mokotowskie -> Home – ul. Chmielna 71, Warsaw",52.21160,20.99540,52.22960,21.00300
2026-10-17 10:46,2026-10-17 19:44,stay,home,"Home – ul. Chmielna 71, Warsaw",52.22960,21.00300,52.22960,21.00300
2026-10-17 19:44,2026-10-17 20:00,move,transit,"Home – ul. Chmielna 71, Warsaw -> Kino Muranów",52.22960,21.00300,52.24960,20.99890
2026-10-17 20:00,2026-10-17 23:00,stay,place,Kino Muranów,52.24960,20.99890,52.24960,20.99890
2026-10-17 23:00,2026-10-17 23:14,move,transit,"Kino Muranów -> Home – ul. Chmielna 71, Warsaw",52.24960,20.99890,52.22960,21.00300
2026-10-17 23:14,2026-10-18 11:55,stay,home,"Home – ul. Chmielna 71, Warsaw",52.22960,21.00300,52.22960,21.00300
2026-10-18 11:55,2026-10-18 12:25,move,transit,"Home – ul. Chmielna 71, Warsaw -> Warsaw Airport (WAW)",52.22960,21.00300,52.16570,20.96710
2026-10-18 12:25,2026-10-18 12:55,stay,place,Warsaw Airport (WAW),52.16570,20.96710,52.16570,20.96710
2026-10-18 12:55,2026-10-18 13:27,move,transit,"Warsaw Airport (WAW) -> Home – ul. Chmielna 71, Warsaw",52.16570,20.96710,52.22960,21.00300
2026-10-18 13:27,2026-10-19 07:51,stay,home,"Home – ul. Chmielna 71, Warsaw",52.22960,21.00300,52.22960,21.00300
2026-10-19 07:51,2026-10-19 08:02,move,transit,"Home – ul. Chmielna 71, Warsaw -> Warsaw Spire, pl. Europejski 1, Warsaw",52.22960,21.00300,52.23180,20.98460
2026-10-19 08:02,2026-10-19 17:42,stay,place,"Warsaw Spire, pl. Europejski 1, Warsaw",52.23180,20.98460,52.23180,20.98460
2026-10-19 17:42,2026-10-19 17:53,move,transit,"Warsaw Spire, pl. Europejski 1, Warsaw -> Home – ul. Chmielna 71, Warsaw",52.23180,20.98460,52.22960,21.00300
2026-10-19 17:53,2026-10-19 18:06,stay,home,"Home – ul. Chmielna 71, Warsaw",52.22960,21.00300,52.22960,21.00300
2026-10-19 18:06,2026-10-19 18:30,move,transit,"Home – ul. Chmielna 71, Warsaw -> Physio clinic, ul. Mokotowska 49",52.22960,21.00300,52.22320,21.01820
2026-10-19 18:30,2026-10-19 19:15,stay,place,"Physio clinic, ul. Mokotowska 49",52.22320,21.01820,52.22320,21.01820
2026-10-19 19:15,2026-10-19 19:26,move,transit,"Physio clinic, ul. Mokotowska 49 -> Home – ul. Chmielna 71, Warsaw",52.22320,21.01820,52.22960,21.00300
2026-10-19 19:26,2026-10-20 14:55,stay,home,"Home – ul. Chmielna 71, Warsaw",52.22960,21.00300,52.22960,21.00300
2026-10-20 14:55,2026-10-20 15:25,move,car,"Home – ul. Chmielna 71, Warsaw -> Warsaw Airport (WAW)",52.22960,21.00300,52.16570,20.96710
2026-10-20 15:25,2026-10-20 16:10,stay,place,Warsaw Airport (WAW),52.16570,20.96710,52.16570,20.96710
2026-10-20 16:10,2026-10-20 18:20,move,flight,Warsaw Airport (WAW) -> Brussels Airport (BRU),52.16570,20.96710,50.91145,4.36202
2026-10-20 18:20,2026-10-20 18:49,move,transit,"Brussels Airport (BRU) -> Thon Hotel EU, Rue de la Loi 75, Brussels",50.91145,4.36202,50.84135,4.37241
2026-10-20 18:49,2026-10-21 08:36,stay,place,"Thon Hotel EU, Rue de la Loi 75, Brussels",50.84135,4.37241,50.84135,4.37241
2026-10-21 08:36,2026-10-21 08:45,move,transit,"Thon Hotel EU, Rue de la Loi 75, Brussels -> Flexa Brussels office, Brussels",50.84135,4.37241,50.84084,4.37795
2026-10-21 08:45,2026-10-21 15:55,stay,place,"Flexa Brussels office, Brussels",50.84084,4.37795,50.84084,4.37795
2026-10-21 15:55,2026-10-21 16:04,move,transit,"Flexa Brussels office, Brussels -> Thon Hotel EU, Rue de la Loi 75, Brussels",50.84084,4.37795,50.84135,4.37241
2026-10-21 16:04,2026-10-22 08:36,stay,place,"Thon Hotel EU, Rue de la Loi 75, Brussels",50.84135,4.37241,50.84135,4.37241
2026-10-22 08:36,2026-10-22 08:45,move,transit,"Thon Hotel EU, Rue de la Loi 75, Brussels -> Flexa Brussels office, Brussels",50.84135,4.37241,50.84084,4.37795
2026-10-22 08:45,2026-10-22 15:45,stay,place,"Flexa Brussels office, Brussels",50.84084,4.37795,50.84084,4.37795
2026-10-22 15:45,2026-10-22 15:54,move,transit,"Flexa Brussels office, Brussels -> Thon Hotel EU, Rue de la Loi 75, Brussels",50.84084,4.37795,50.84135,4.37241
2026-10-22 15:54,2026-10-23 08:41,stay,place,"Thon Hotel EU, Rue de la Loi 75, Brussels",50.84135,4.37241,50.84135,4.37241
2026-10-23 08:41,2026-10-23 08:50,move,transit,"Thon Hotel EU, Rue de la Loi 75, Brussels -> Flexa Brussels office, Brussels",50.84135,4.37241,50.84084,4.37795
2026-10-23 08:50,2026-10-23 11:30,stay,place,"Flexa Brussels office, Brussels",50.84084,4.37795,50.84084,4.37795
2026-10-23 11:30,2026-10-23 13:15,stay,place,"Flexa Brussels office, Brussels",50.84084,4.37795,50.84084,4.37795
2026-10-23 13:15,2026-10-23 13:45,move,transit,"Flexa Brussels office, Brussels -> Brussels Airport (BRU)",50.84084,4.37795,50.91145,4.36202
2026-10-23 13:45,2026-10-23 15:00,stay,place,Brussels Airport (BRU),50.91145,4.36202,50.91145,4.36202
2026-10-23 15:00,2026-10-23 17:10,move,flight,Brussels Airport (BRU) -> Warsaw Airport (WAW),50.91145,4.36202,52.16570,20.96710
2026-10-23 17:10,2026-10-23 17:59,move,car,"Warsaw Airport (WAW) -> Home – ul. Chmielna 71, Warsaw",52.16570,20.96710,52.22960,21.00300
2026-10-23 17:59,2026-10-24 09:10,stay,home,"Home – ul. Chmielna 71, Warsaw",52.22960,21.00300,52.22960,21.00300
2026-10-24 09:10,2026-10-24 09:30,move,transit,"Home – ul. Chmielna 71, Warsaw -> Pole Mokotowskie",52.22960,21.00300,52.21160,20.99540
2026-10-24 09:30,2026-10-24 10:30,stay,place,Pole Mokotowskie,52.21160,20.99540,52.21160,20.99540
2026-10-24 10:30,2026-10-24 10:52,move,transit,"Pole Mokotowskie -> Home – ul. Chmielna 71, Warsaw",52.21160,20.99540,52.22960,21.00300
2026-10-24 10:52,2026-10-25 06:30,stay,home,"Home – ul. Chmielna 71, Warsaw",52.22960,21.00300,52.22960,21.00300
2026-10-25 06:30,2026-10-25 07:00,move,car,"Home – ul. Chmielna 71, Warsaw -> Warsaw Airport (WAW)",52.22960,21.00300,52.16570,20.96710
2026-10-25 07:00,2026-10-25 07:45,stay,place,Warsaw Airport (WAW),52.16570,20.96710,52.16570,20.96710
2026-10-25 07:45,2026-10-25 11:25,move,flight,Warsaw Airport (WAW) -> Madrid Airport (MAD),52.16570,20.96710,40.40364,-3.76877
2026-10-25 11:25,2026-10-25 11:52,move,transit,"Madrid Airport (MAD) -> Hotel Regina, Alcalá 19, Madrid",40.40364,-3.76877,40.41303,-3.68572
2026-10-25 11:52,2026-10-25 14:11,stay,place,"Hotel Regina, Alcalá 19, Madrid",40.41303,-3.68572,40.41303,-3.68572
2026-10-25 14:11,2026-10-25 14:20,move,transit,"Hotel Regina, Alcalá 19, Madrid -> Solaria Ibérica, Madrid",40.41303,-3.68572,40.40906,-3.68524
2026-10-25 14:20,2026-10-25 18:00,stay,place,"Solaria Ibérica, Madrid",40.40906,-3.68524,40.40906,-3.68524
2026-10-25 18:00,2026-10-25 18:09,move,transit,"Solaria Ibérica, Madrid -> Hotel Regina, Alcalá 19, Madrid",40.40906,-3.68524,40.41303,-3.68572
2026-10-25 18:09,2026-10-26 08:46,stay,place,"Hotel Regina, Alcalá 19, Madrid",40.41303,-3.68572,40.41303,-3.68572
2026-10-26 08:46,2026-10-26 08:55,move,transit,"Hotel Regina, Alcalá 19, Madrid -> Solaria Ibérica, Madrid",40.41303,-3.68572,40.40906,-3.68524
2026-10-26 08:55,2026-10-26 14:05,stay,place,"Solaria Ibérica, Madrid",40.40906,-3.68524,40.40906,-3.68524
2026-10-26 14:05,2026-10-26 14:14,move,transit,"Solaria Ibérica, Madrid -> Hotel Regina, Alcalá 19, Madrid",40.40906,-3.68524,40.41303,-3.68572
2026-10-26 14:14,2026-10-26 18:49,stay,place,"Hotel Regina, Alcalá 19, Madrid",40.41303,-3.68572,40.41303,-3.68572
2026-10-26 18:49,2026-10-26 19:00,move,transit,"Hotel Regina, Alcalá 19, Madrid -> Restaurant, Madrid",40.41303,-3.68572,40.41727,-3.69516
2026-10-26 19:00,2026-10-26 20:33,stay,place,"Restaurant, Madrid",40.41727,-3.69516,40.41727,-3.69516
2026-10-26 20:33,2026-10-26 20:44,move,transit,"Restaurant, Madrid -> Hotel Regina, Alcalá 19, Madrid",40.41727,-3.69516,40.41303,-3.68572
2026-10-26 20:44,2026-10-27 09:06,stay,place,"Hotel Regina, Alcalá 19, Madrid",40.41303,-3.68572,40.41303,-3.68572
2026-10-27 09:06,2026-10-27 09:15,move,transit,"Hotel Regina, Alcalá 19, Madrid -> Solaria Ibérica, Madrid",40.41303,-3.68572,40.40906,-3.68524
2026-10-27 09:15,2026-10-27 18:15,stay,place,"Solaria Ibérica, Madrid",40.40906,-3.68524,40.40906,-3.68524
2026-10-27 18:15,2026-10-27 18:24,move,transit,"Solaria Ibérica, Madrid -> Hotel Regina, Alcalá 19, Madrid",40.40906,-3.68524,40.41303,-3.68572
2026-10-27 18:24,2026-10-28 08:41,stay,place,"Hotel Regina, Alcalá 19, Madrid",40.41303,-3.68572,40.41303,-3.68572
2026-10-28 08:41,2026-10-28 08:50,move,transit,"Hotel Regina, Alcalá 19, Madrid -> Solaria Ibérica, Madrid",40.41303,-3.68572,40.40906,-3.68524
2026-10-28 08:50,2026-10-28 12:35,stay,place,"Solaria Ibérica, Madrid",40.40906,-3.68524,40.40906,-3.68524
2026-10-28 12:35,2026-10-28 13:23,stay,place,"Solaria Ibérica, Madrid",40.40906,-3.68524,40.40906,-3.68524
2026-10-28 13:23,2026-10-28 13:50,move,transit,"Solaria Ibérica, Madrid -> Madrid Airport (MAD)",40.40906,-3.68524,40.40364,-3.76877
2026-10-28 13:50,2026-10-28 15:05,stay,place,Madrid Airport (MAD),40.40364,-3.76877,40.40364,-3.76877
2026-10-28 15:05,2026-10-28 18:45,move,flight,Madrid Airport (MAD) -> Warsaw Airport (WAW),40.40364,-3.76877,52.16570,20.96710
2026-10-28 18:45,2026-10-28 19:22,move,car,"Warsaw Airport (WAW) -> Home – ul. Chmielna 71, Warsaw",52.16570,20.96710,52.22960,21.00300
2026-10-28 19:22,2026-10-29 07:59,stay,home,"Home – ul. Chmielna 71, Warsaw",52.22960,21.00300,52.22960,21.00300
2026-10-29 07:59,2026-10-29 08:10,move,transit,"Home – ul. Chmielna 71, Warsaw -> Warsaw Spire, pl. Europejski 1, Warsaw",52.22960,21.00300,52.23180,20.98460
2026-10-29 08:10,2026-10-29 18:15,stay,place,"Warsaw Spire, pl. Europejski 1, Warsaw",52.23180,20.98460,52.23180,20.98460
2026-10-29 18:15,2026-10-29 18:26,move,transit,"Warsaw Spire, pl. Europejski 1, Warsaw -> Home – ul. Chmielna 71, Warsaw",52.23180,20.98460,52.22960,21.00300
2026-10-29 18:26,2026-10-30 19:25,stay,home,"Home – ul. Chmielna 71, Warsaw",52.22960,21.00300,52.22960,21.00300
2026-10-30 19:25,2026-10-30 19:30,move,transit,"Home – ul. Chmielna 71, Warsaw -> Pardon, To Tu, pl. Grzybowski",52.22960,21.00300,52.23170,21.00460
2026-10-30 19:30,2026-10-30 23:00,stay,place,"Pardon, To Tu, pl. Grzybowski",52.23170,21.00460,52.23170,21.00460
2026-10-30 23:00,2026-10-30 23:04,move,transit,"Pardon, To Tu, pl. Grzybowski -> Home – ul. Chmielna 71, Warsaw",52.23170,21.00460,52.22960,21.00300
2026-10-30 23:04,2026-10-31 12:52,stay,home,"Home – ul. Chmielna 71, Warsaw",52.22960,21.00300,52.22960,21.00300
2026-10-31 12:52,2026-10-31 12:55,move,car,"Home – ul. Chmielna 71, Warsaw -> Warsaw Central Station",52.22960,21.00300,52.22870,21.00330
2026-10-31 12:55,2026-10-31 13:05,stay,place,Warsaw Central Station,52.22870,21.00330,52.22870,21.00330
2026-10-31 13:05,2026-10-31 14:40,move,train,Warsaw Central Station -> Łódź main station,52.22870,21.00330,51.76085,19.45791
2026-10-31 14:40,2026-10-31 14:53,move,transit,"Łódź main station -> Mum & Dad's, Łódź",51.76085,19.45791,51.77883,19.45656
2026-10-31 14:53,2026-11-01 09:41,stay,place,"Mum & Dad's, Łódź",51.77883,19.45656,51.77883,19.45656
2026-11-01 09:41,2026-11-01 10:00,move,transit,"Mum & Dad's, Łódź -> Stary Cmentarz, Łódź",51.77883,19.45656,51.74772,19.42763
2026-11-01 10:00,2026-11-01 14:00,stay,place,"Stary Cmentarz, Łódź",51.74772,19.42763,51.74772,19.42763
2026-11-01 14:00,2026-11-01 14:19,move,transit,"Stary Cmentarz, Łódź -> Mum & Dad's, Łódź",51.74772,19.42763,51.77883,19.45656
2026-11-01 14:19,2026-11-02 19:32,stay,place,"Mum & Dad's, Łódź",51.77883,19.45656,51.77883,19.45656
2026-11-02 19:32,2026-11-02 19:45,move,transit,"Mum & Dad's, Łódź -> Łódź main station",51.77883,19.45656,51.76085,19.45791
2026-11-02 19:45,2026-11-02 19:55,stay,place,Łódź main station,51.76085,19.45791,51.76085,19.45791
2026-11-02 19:55,2026-11-02 21:30,move,train,Łódź main station -> Warsaw Central Station,51.76085,19.45791,52.22870,21.00330
2026-11-02 21:30,2026-11-02 21:54,move,walk,"Warsaw Central Station -> Home – ul. Chmielna 71, Warsaw",52.22870,21.00330,52.22960,21.00300
2026-11-02 21:54,2026-11-04 07:51,stay,home,"Home – ul. Chmielna 71, Warsaw",52.22960,21.00300,52.22960,21.00300
2026-11-04 07:51,2026-11-04 08:02,move,transit,"Home – ul. Chmielna 71, Warsaw -> Warsaw Spire, pl. Europejski 1, Warsaw",52.22960,21.00300,52.23180,20.98460
2026-11-04 08:02,2026-11-04 17:37,stay,place,"Warsaw Spire, pl. Europejski 1, Warsaw",52.23180,20.98460,52.23180,20.98460
2026-11-04 17:37,2026-11-04 17:48,move,transit,"Warsaw Spire, pl. Europejski 1, Warsaw -> Home – ul. Chmielna 71, Warsaw",52.23180,20.98460,52.22960,21.00300
2026-11-04 17:48,2026-11-05 07:37,stay,home,"Home – ul. Chmielna 71, Warsaw",52.22960,21.00300,52.22960,21.00300
2026-11-05 07:37,2026-11-05 07:48,move,transit,"Home – ul. Chmielna 71, Warsaw -> Warsaw Spire, pl. Europejski 1, Warsaw",52.22960,21.00300,52.23180,20.98460
2026-11-05 07:48,2026-11-05 16:57,stay,place,"Warsaw Spire, pl. Europejski 1, Warsaw",52.23180,20.98460,52.23180,20.98460
2026-11-05 16:57,2026-11-05 17:08,move,transit,"Warsaw Spire, pl. Europejski 1, Warsaw -> Home – ul. Chmielna 71, Warsaw",52.23180,20.98460,52.22960,21.00300
2026-11-05 17:08,2026-11-06 19:23,stay,home,"Home – ul. Chmielna 71, Warsaw",52.22960,21.00300,52.22960,21.00300
2026-11-06 19:23,2026-11-06 19:30,move,transit,"Home – ul. Chmielna 71, Warsaw -> Pardon, To Tu, pl. Grzybowski",52.22960,21.00300,52.23170,21.00460
2026-11-06 19:30,2026-11-06 23:00,stay,place,"Pardon, To Tu, pl. Grzybowski",52.23170,21.00460,52.23170,21.00460
2026-11-06 23:00,2026-11-06 23:05,move,transit,"Pardon, To Tu, pl. Grzybowski -> Home – ul. Chmielna 71, Warsaw",52.23170,21.00460,52.22960,21.00300
2026-11-06 23:05,2026-11-09 09:25,stay,home,"Home – ul. Chmielna 71, Warsaw",52.22960,21.00300,52.22960,21.00300
2026-11-09 09:25,2026-11-09 09:55,move,car,"Home – ul. Chmielna 71, Warsaw -> Warsaw Airport (WAW)",52.22960,21.00300,52.16570,20.96710
2026-11-09 09:55,2026-11-09 10:40,stay,place,Warsaw Airport (WAW),52.16570,20.96710,52.16570,20.96710
2026-11-09 10:40,2026-11-09 12:05,move,flight,Warsaw Airport (WAW) -> Budapest Airport (BUD),52.16570,20.96710,47.41467,18.94000
2026-11-09 12:05,2026-11-09 13:32,stay,place,Budapest Airport (BUD),47.41467,18.94000,47.41467,18.94000
2026-11-09 13:32,2026-11-09 13:55,move,transit,"Budapest Airport (BUD) -> Duna Flex, Budapest",47.41467,18.94000,47.50067,19.01918
2026-11-09 13:55,2026-11-09 17:30,stay,place,"Duna Flex, Budapest",47.50067,19.01918,47.50067,19.01918
2026-11-09 17:30,2026-11-09 17:40,move,transit,"Duna Flex, Budapest -> Hotel Moments, Andrássy út 8, Budapest",47.50067,19.01918,47.50247,19.02848
2026-11-09 17:40,2026-11-10 09:00,stay,place,"Hotel Moments, Andrássy út 8, Budapest",47.50247,19.02848,47.50247,19.02848
2026-11-10 09:00,2026-11-10 09:10,move,transit,"Hotel Moments, Andrássy út 8, Budapest -> Duna Flex, Budapest",47.50247,19.02848,47.50067,19.01918
2026-11-10 09:10,2026-11-10 17:00,stay,place,"Duna Flex, Budapest",47.50067,19.01918,47.50067,19.01918
2026-11-10 17:00,2026-11-10 17:10,move,transit,"Duna Flex, Budapest -> Hotel Moments, Andrássy út 8, Budapest",47.50067,19.01918,47.50247,19.02848
2026-11-10 17:10,2026-11-11 08:45,stay,place,"Hotel Moments, Andrássy út 8, Budapest",47.50247,19.02848,47.50247,19.02848
2026-11-11 08:45,2026-11-11 08:55,move,transit,"Hotel Moments, Andrássy út 8, Budapest -> Duna Flex, Budapest",47.50247,19.02848,47.50067,19.01918
2026-11-11 08:55,2026-11-11 16:40,stay,place,"Duna Flex, Budapest",47.50067,19.01918,47.50067,19.01918
2026-11-11 16:40,2026-11-11 18:45,stay,place,"Duna Flex, Budapest",47.50067,19.01918,47.50067,19.01918
2026-11-11 18:45,2026-11-11 19:00,move,transit,"Duna Flex, Budapest -> Restaurant, Budapest",47.50067,19.01918,47.50215,19.05110
2026-11-11 19:00,2026-11-11 21:19,stay,place,"Restaurant, Budapest",47.50215,19.05110,47.50215,19.05110
2026-11-11 21:19,2026-11-11 21:32,move,transit,"Restaurant, Budapest -> Hotel Moments, Andrássy út 8, Budapest",47.50215,19.05110,47.50247,19.02848
2026-11-11 21:32,2026-11-12 08:55,stay,place,"Hotel Moments, Andrássy út 8, Budapest",47.50247,19.02848,47.50247,19.02848
2026-11-12 08:55,2026-11-12 09:05,move,transit,"Hotel Moments, Andrássy út 8, Budapest -> Duna Flex, Budapest",47.50247,19.02848,47.50067,19.01918
2026-11-12 09:05,2026-11-12 13:15,stay,place,"Duna Flex, Budapest",47.50067,19.01918,47.50067,19.01918
2026-11-12 13:15,2026-11-12 14:07,stay,place,"Duna Flex, Budapest",47.50067,19.01918,47.50067,19.01918
2026-11-12 14:07,2026-11-12 14:30,move,transit,"Duna Flex, Budapest -> Budapest Airport (BUD)",47.50067,19.01918,47.41467,18.94000
2026-11-12 14:30,2026-11-12 15:45,stay,place,Budapest Airport (BUD),47.41467,18.94000,47.41467,18.94000
2026-11-12 15:45,2026-11-12 17:10,move,flight,Budapest Airport (BUD) -> Warsaw Airport (WAW),47.41467,18.94000,52.16570,20.96710
2026-11-12 17:10,2026-11-12 17:54,move,car,"Warsaw Airport (WAW) -> Home – ul. Chmielna 71, Warsaw",52.16570,20.96710,52.22960,21.00300
2026-11-12 17:54,2026-11-12 18:13,stay,home,"Home – ul. Chmielna 71, Warsaw",52.22960,21.00300,52.22960,21.00300
2026-11-12 18:13,2026-11-12 18:30,move,transit,"Home – ul. Chmielna 71, Warsaw -> Pływalnia Inflancka",52.22960,21.00300,52.25700,20.99300
2026-11-12 18:30,2026-11-12 19:30,stay,place,Pływalnia Inflancka,52.25700,20.99300,52.25700,20.99300
2026-11-12 19:30,2026-11-12 19:47,move,transit,"Pływalnia Inflancka -> Home – ul. Chmielna 71, Warsaw",52.25700,20.99300,52.22960,21.00300
2026-11-12 19:47,2026-11-13 07:42,stay,home,"Home – ul. Chmielna 71, Warsaw",52.22960,21.00300,52.22960,21.00300
2026-11-13 07:42,2026-11-13 07:53,move,transit,"Home – ul. Chmielna 71, Warsaw -> Warsaw Spire, pl. Europejski 1, Warsaw",52.22960,21.00300,52.23180,20.98460
2026-11-13 07:53,2026-11-13 17:56,stay,place,"Warsaw Spire, pl. Europejski 1, Warsaw",52.23180,20.98460,52.23180,20.98460
2026-11-13 17:56,2026-11-13 18:07,move,transit,"Warsaw Spire, pl. Europejski 1, Warsaw -> Home – ul. Chmielna 71, Warsaw",52.23180,20.98460,52.22960,21.00300
2026-11-13 18:07,2026-11-13 19:16,stay,home,"Home – ul. Chmielna 71, Warsaw",52.22960,21.00300,52.22960,21.00300
2026-11-13 19:16,2026-11-13 19:30,move,transit,"Home – ul. Chmielna 71, Warsaw -> Muzeum Narodowe, Al. Jerozolimskie 3",52.22960,21.00300,52.23180,21.02470
2026-11-13 19:30,2026-11-13 23:00,stay,place,"Muzeum Narodowe, Al. Jerozolimskie 3",52.23180,21.02470,52.23180,21.02470
2026-11-13 23:00,2026-11-13 23:12,move,transit,"Muzeum Narodowe, Al. Jerozolimskie 3 -> Home – ul. Chmielna 71, Warsaw",52.23180,21.02470,52.22960,21.00300
2026-11-13 23:12,2026-11-14 09:48,stay,home,"Home – ul. Chmielna 71, Warsaw",52.22960,21.00300,52.22960,21.00300
2026-11-14 09:48,2026-11-14 10:00,move,transit,"Home – ul. Chmielna 71, Warsaw -> Salon Fryzjerski, ul. Nowogrodzka 18",52.22960,21.00300,52.22770,21.01000
2026-11-14 10:00,2026-11-14 11:15,stay,place,"Salon Fryzjerski, ul. Nowogrodzka 18",52.22770,21.01000,52.22770,21.01000
2026-11-14 11:15,2026-11-14 11:26,move,transit,"Salon Fryzjerski, ul. Nowogrodzka 18 -> Home – ul. Chmielna 71, Warsaw",52.22770,21.01000,52.22960,21.00300
2026-11-14 11:26,2026-11-15 11:16,stay,home,"Home – ul. Chmielna 71, Warsaw",52.22960,21.00300,52.22960,21.00300
2026-11-15 11:16,2026-11-15 11:30,move,transit,"Home – ul. Chmielna 71, Warsaw -> Charlotte, pl. Zbawiciela",52.22960,21.00300,52.22000,21.01820
2026-11-15 11:30,2026-11-15 14:00,stay,place,"Charlotte, pl. Zbawiciela",52.22000,21.01820,52.22000,21.01820
2026-11-15 14:00,2026-11-15 14:18,move,transit,"Charlotte, pl. Zbawiciela -> Home – ul. Chmielna 71, Warsaw",52.22000,21.01820,52.22960,21.00300
2026-11-15 14:18,2026-11-16 06:05,stay,home,"Home – ul. Chmielna 71, Warsaw",52.22960,21.00300,52.22960,21.00300
2026-11-16 06:05,2026-11-16 06:35,move,car,"Home – ul. Chmielna 71, Warsaw -> Warsaw Airport (WAW)",52.22960,21.00300,52.16570,20.96710
2026-11-16 06:35,2026-11-16 07:20,stay,place,Warsaw Airport (WAW),52.16570,20.96710,52.16570,20.96710
2026-11-16 07:20,2026-11-16 09:05,move,flight,Warsaw Airport (WAW) -> Munich Airport (MUC),52.16570,20.96710,48.18851,11.69302
2026-11-16 09:05,2026-11-16 09:30,move,transit,"Munich Airport (MUC) -> Motel One München-Sendlinger Tor, Munich",48.18851,11.69302,48.11717,11.56186
2026-11-16 09:30,2026-11-16 13:10,stay,place,"Motel One München-Sendlinger Tor, Munich",48.11717,11.56186,48.11717,11.56186
2026-11-16 13:10,2026-11-16 13:30,move,transit,"Motel One München-Sendlinger Tor, Munich -> Isarwatt, Munich",48.11717,11.56186,48.15477,11.57077
2026-11-16 13:30,2026-11-16 18:00,stay,place,"Isarwatt, Munich",48.15477,11.57077,48.15477,11.57077
2026-11-16 18:00,2026-11-16 18:20,move,transit,"Isarwatt, Munich -> Motel One München-Sendlinger Tor, Munich",48.15477,11.57077,48.11717,11.56186
2026-11-16 18:20,2026-11-17 08:40,stay,place,"Motel One München-Sendlinger Tor, Munich",48.11717,11.56186,48.11717,11.56186
2026-11-17 08:40,2026-11-17 09:00,move,transit,"Motel One München-Sendlinger Tor, Munich -> Isarwatt, Munich",48.11717,11.56186,48.15477,11.57077
2026-11-17 09:00,2026-11-17 17:20,stay,place,"Isarwatt, Munich",48.15477,11.57077,48.15477,11.57077
2026-11-17 17:20,2026-11-17 17:40,move,transit,"Isarwatt, Munich -> Motel One München-Sendlinger Tor, Munich",48.15477,11.57077,48.11717,11.56186
2026-11-17 17:40,2026-11-18 08:25,stay,place,"Motel One München-Sendlinger Tor, Munich",48.11717,11.56186,48.11717,11.56186
2026-11-18 08:25,2026-11-18 08:45,move,transit,"Motel One München-Sendlinger Tor, Munich -> Isarwatt, Munich",48.11717,11.56186,48.15477,11.57077
2026-11-18 08:45,2026-11-18 12:25,stay,place,"Isarwatt, Munich",48.15477,11.57077,48.15477,11.57077
2026-11-18 12:25,2026-11-18 13:24,stay,place,"Isarwatt, Munich",48.15477,11.57077,48.15477,11.57077
2026-11-18 13:24,2026-11-18 13:45,move,transit,"Isarwatt, Munich -> Munich Airport (MUC)",48.15477,11.57077,48.18851,11.69302
2026-11-18 13:45,2026-11-18 15:00,stay,place,Munich Airport (MUC),48.18851,11.69302,48.18851,11.69302
2026-11-18 15:00,2026-11-18 16:45,move,flight,Munich Airport (MUC) -> Warsaw Airport (WAW),48.18851,11.69302,52.16570,20.96710
2026-11-18 16:45,2026-11-18 17:43,move,car,"Warsaw Airport (WAW) -> Home – ul. Chmielna 71, Warsaw",52.16570,20.96710,52.22960,21.00300
2026-11-18 17:43,2026-11-18 18:43,stay,home,"Home – ul. Chmielna 71, Warsaw",52.22960,21.00300,52.22960,21.00300
2026-11-18 18:43,2026-11-18 19:00,move,transit,"Home – ul. Chmielna 71, Warsaw -> Bouldering gym, ul. Puławska (Mokotów)",52.22960,21.00300,52.20290,21.02030
2026-11-18 19:00,2026-11-18 21:00,stay,place,"Bouldering gym, ul. Puławska (Mokotów)",52.20290,21.02030,52.20290,21.02030
2026-11-18 21:00,2026-11-18 21:17,move,transit,"Bouldering gym, ul. Puławska (Mokotów) -> Home – ul. Chmielna 71, Warsaw",52.20290,21.02030,52.22960,21.00300
2026-11-18 21:17,2026-11-19 07:51,stay,home,"Home – ul. Chmielna 71, Warsaw",52.22960,21.00300,52.22960,21.00300
2026-11-19 07:51,2026-11-19 08:02,move,transit,"Home – ul. Chmielna 71, Warsaw -> Warsaw Spire, pl. Europejski 1, Warsaw",52.22960,21.00300,52.23180,20.98460
2026-11-19 08:02,2026-11-19 17:27,stay,place,"Warsaw Spire, pl. Europejski 1, Warsaw",52.23180,20.98460,52.23180,20.98460
2026-11-19 17:27,2026-11-19 17:38,move,transit,"Warsaw Spire, pl. Europejski 1, Warsaw -> Home – ul. Chmielna 71, Warsaw",52.23180,20.98460,52.22960,21.00300
2026-11-19 17:38,2026-11-19 18:11,stay,home,"Home – ul. Chmielna 71, Warsaw",52.22960,21.00300,52.22960,21.00300
2026-11-19 18:11,2026-11-19 18:30,move,transit,"Home – ul. Chmielna 71, Warsaw -> Pływalnia Inflancka",52.22960,21.00300,52.25700,20.99300
2026-11-19 18:30,2026-11-19 19:30,stay,place,Pływalnia Inflancka,52.25700,20.99300,52.25700,20.99300
2026-11-19 19:30,2026-11-19 19:53,move,transit,"Pływalnia Inflancka -> Home – ul. Chmielna 71, Warsaw",52.25700,20.99300,52.22960,21.00300
2026-11-19 19:53,2026-11-20 14:55,stay,home,"Home – ul. Chmielna 71, Warsaw",52.22960,21.00300,52.22960,21.00300
2026-11-20 14:55,2026-11-20 15:25,move,car,"Home – ul. Chmielna 71, Warsaw -> Warsaw Airport (WAW)",52.22960,21.00300,52.16570,20.96710
2026-11-20 15:25,2026-11-20 16:10,stay,place,Warsaw Airport (WAW),52.16570,20.96710,52.16570,20.96710
2026-11-20 16:10,2026-11-20 17:35,move,flight,Warsaw Airport (WAW) -> Berlin Airport (BER),52.16570,20.96710,52.56884,13.53146
2026-11-20 17:35,2026-11-20 17:56,move,transit,"Berlin Airport (BER) -> Paul's flat, Prenzlauer Berg, Berlin",52.56884,13.53146,52.52765,13.39916
2026-11-20 17:56,2026-11-21 13:46,stay,place,"Paul's flat, Prenzlauer Berg, Berlin",52.52765,13.39916,52.52765,13.39916
2026-11-21 13:46,2026-11-21 14:00,move,transit,"Paul's flat, Prenzlauer Berg, Berlin -> Café Einstein, Berlin",52.52765,13.39916,52.51027,13.41599
2026-11-21 14:00,2026-11-21 16:30,stay,place,"Café Einstein, Berlin",52.51027,13.41599,52.51027,13.41599
2026-11-21 16:30,2026-11-21 16:44,move,transit,"Café Einstein, Berlin -> Paul's flat, Prenzlauer Berg, Berlin",52.51027,13.41599,52.52765,13.39916
2026-11-21 16:44,2026-11-21 19:19,stay,place,"Paul's flat, Prenzlauer Berg, Berlin",52.52765,13.39916,52.52765,13.39916
2026-11-21 19:19,2026-11-21 19:30,move,transit,"Paul's flat, Prenzlauer Berg, Berlin -> Tempelhofer Feld, Berlin",52.52765,13.39916,52.51830,13.39519
2026-11-21 19:30,2026-11-21 22:30,stay,place,"Tempelhofer Feld, Berlin",52.51830,13.39519,52.51830,13.39519
2026-11-21 22:30,2026-11-21 22:41,move,transit,"Tempelhofer Feld, Berlin -> Paul's flat, Prenzlauer Berg, Berlin",52.51830,13.39519,52.52765,13.39916
2026-11-21 22:41,2026-11-22 16:54,stay,place,"Paul's flat, Prenzlauer Berg, Berlin",52.52765,13.39916,52.52765,13.39916
2026-11-22 16:54,2026-11-22 17:15,move,transit,"Paul's flat, Prenzlauer Berg, Berlin -> Berlin Airport (BER)",52.52765,13.39916,52.56884,13.53146
2026-11-22 17:15,2026-11-22 18:30,stay,place,Berlin Airport (BER),52.56884,13.53146,52.56884,13.53146
2026-11-22 18:30,2026-11-22 19:50,move,flight,Berlin Airport (BER) -> Warsaw Airport (WAW),52.56884,13.53146,52.16570,20.96710
2026-11-22 19:50,2026-11-22 20:42,move,car,"Warsaw Airport (WAW) -> Home – ul. Chmielna 71, Warsaw",52.16570,20.96710,52.22960,21.00300
2026-11-22 20:42,2026-11-23 07:51,stay,home,"Home – ul. Chmielna 71, Warsaw",52.22960,21.00300,52.22960,21.00300
2026-11-23 07:51,2026-11-23 08:02,move,transit,"Home – ul. Chmielna 71, Warsaw -> Warsaw Spire, pl. Europejski 1, Warsaw",52.22960,21.00300,52.23180,20.98460
2026-11-23 08:02,2026-11-23 17:59,stay,place,"Warsaw Spire, pl. Europejski 1, Warsaw",52.23180,20.98460,52.23180,20.98460
2026-11-23 17:59,2026-11-23 18:10,move,transit,"Warsaw Spire, pl. Europejski 1, Warsaw -> Home – ul. Chmielna 71, Warsaw",52.23180,20.98460,52.22960,21.00300
2026-11-23 18:10,2026-11-23 18:19,stay,home,"Home – ul. Chmielna 71, Warsaw",52.22960,21.00300,52.22960,21.00300
2026-11-23 18:19,2026-11-23 18:30,move,transit,"Home – ul. Chmielna 71, Warsaw -> Joga Studio, ul. Mokotowska 51",52.22960,21.00300,52.22260,21.01770
2026-11-23 18:30,2026-11-23 19:30,stay,place,"Joga Studio, ul. Mokotowska 51",52.22260,21.01770,52.22260,21.01770
2026-11-23 19:30,2026-11-23 19:45,move,transit,"Joga Studio, ul. Mokotowska 51 -> Home – ul. Chmielna 71, Warsaw",52.22260,21.01770,52.22960,21.00300
2026-11-23 19:45,2026-11-25 07:42,stay,home,"Home – ul. Chmielna 71, Warsaw",52.22960,21.00300,52.22960,21.00300
2026-11-25 07:42,2026-11-25 07:53,move,transit,"Home – ul. Chmielna 71, Warsaw -> Warsaw Spire, pl. Europejski 1, Warsaw",52.22960,21.00300,52.23180,20.98460
2026-11-25 07:53,2026-11-25 17:55,stay,place,"Warsaw Spire, pl. Europejski 1, Warsaw",52.23180,20.98460,52.23180,20.98460
2026-11-25 17:55,2026-11-25 18:06,move,transit,"Warsaw Spire, pl. Europejski 1, Warsaw -> Home – ul. Chmielna 71, Warsaw",52.23180,20.98460,52.22960,21.00300
2026-11-25 18:06,2026-11-25 18:41,stay,home,"Home – ul. Chmielna 71, Warsaw",52.22960,21.00300,52.22960,21.00300
2026-11-25 18:41,2026-11-25 19:00,move,transit,"Home – ul. Chmielna 71, Warsaw -> Bouldering gym, ul. Puławska (Mokotów)",52.22960,21.00300,52.20290,21.02030
2026-11-25 19:00,2026-11-25 21:00,stay,place,"Bouldering gym, ul. Puławska (Mokotów)",52.20290,21.02030,52.20290,21.02030
2026-11-25 21:00,2026-11-25 21:19,move,transit,"Bouldering gym, ul. Puławska (Mokotów) -> Home – ul. Chmielna 71, Warsaw",52.20290,21.02030,52.22960,21.00300
2026-11-25 21:19,2026-11-26 07:42,stay,home,"Home – ul. Chmielna 71, Warsaw",52.22960,21.00300,52.22960,21.00300
2026-11-26 07:42,2026-11-26 07:53,move,transit,"Home – ul. Chmielna 71, Warsaw -> Warsaw Spire, pl. Europejski 1, Warsaw",52.22960,21.00300,52.23180,20.98460
2026-11-26 07:53,2026-11-26 17:40,stay,place,"Warsaw Spire, pl. Europejski 1, Warsaw",52.23180,20.98460,52.23180,20.98460
2026-11-26 17:40,2026-11-26 17:51,move,transit,"Warsaw Spire, pl. Europejski 1, Warsaw -> Home – ul. Chmielna 71, Warsaw",52.23180,20.98460,52.22960,21.00300
2026-11-26 17:51,2026-11-27 06:30,stay,home,"Home – ul. Chmielna 71, Warsaw",52.22960,21.00300,52.22960,21.00300
2026-11-27 06:30,2026-11-27 07:00,move,car,"Home – ul. Chmielna 71, Warsaw -> Warsaw Airport (WAW)",52.22960,21.00300,52.16570,20.96710
2026-11-27 07:00,2026-11-27 07:45,stay,place,Warsaw Airport (WAW),52.16570,20.96710,52.16570,20.96710
2026-11-27 07:45,2026-11-27 11:25,move,flight,Warsaw Airport (WAW) -> Madrid Airport (MAD),52.16570,20.96710,40.40364,-3.76877
2026-11-27 11:25,2026-11-27 12:48,stay,place,Madrid Airport (MAD),40.40364,-3.76877,40.40364,-3.76877
2026-11-27 12:48,2026-11-27 13:15,move,transit,"Madrid Airport (MAD) -> Solaria Ibérica, Madrid",40.40364,-3.76877,40.40906,-3.68524
2026-11-27 13:15,2026-11-27 16:10,stay,place,"Solaria Ibérica, Madrid",40.40906,-3.68524,40.40906,-3.68524
2026-11-27 16:10,2026-11-27 16:19,move,transit,"Solaria Ibérica, Madrid -> Hotel Regina, Alcalá 19, Madrid",40.40906,-3.68524,40.41303,-3.68572
2026-11-27 16:19,2026-11-28 08:46,stay,place,"Hotel Regina, Alcalá 19, Madrid",40.41303,-3.68572,40.41303,-3.68572
2026-11-28 08:46,2026-11-28 08:55,move,transit,"Hotel Regina, Alcalá 19, Madrid -> Solaria Ibérica, Madrid",40.41303,-3.68572,40.40906,-3.68524
2026-11-28 08:55,2026-11-28 13:20,stay,place,"Solaria Ibérica, Madrid",40.40906,-3.68524,40.40906,-3.68524
2026-11-28 13:20,2026-11-28 14:08,stay,place,"Solaria Ibérica, Madrid",40.40906,-3.68524,40.40906,-3.68524
2026-11-28 14:08,2026-11-28 14:35,move,transit,"Solaria Ibérica, Madrid -> Madrid Airport (MAD)",40.40906,-3.68524,40.40364,-3.76877
2026-11-28 14:35,2026-11-28 15:50,stay,place,Madrid Airport (MAD),40.40364,-3.76877,40.40364,-3.76877
2026-11-28 15:50,2026-11-28 19:30,move,flight,Madrid Airport (MAD) -> Warsaw Airport (WAW),40.40364,-3.76877,52.16570,20.96710
2026-11-28 19:30,2026-11-28 20:00,move,car,"Warsaw Airport (WAW) -> Home – ul. Chmielna 71, Warsaw",52.16570,20.96710,52.22960,21.00300
2026-11-28 20:00,2026-11-30 06:05,stay,home,"Home – ul. Chmielna 71, Warsaw",52.22960,21.00300,52.22960,21.00300
2026-11-30 06:05,2026-11-30 06:35,move,car,"Home – ul. Chmielna 71, Warsaw -> Warsaw Airport (WAW)",52.22960,21.00300,52.16570,20.96710
2026-11-30 06:35,2026-11-30 07:20,stay,place,Warsaw Airport (WAW),52.16570,20.96710,52.16570,20.96710
2026-11-30 07:20,2026-11-30 08:45,move,flight,Warsaw Airport (WAW) -> Budapest Airport (BUD),52.16570,20.96710,47.41467,18.94000
2026-11-30 08:45,2026-11-30 09:09,move,transit,"Budapest Airport (BUD) -> Hotel Moments, Andrássy út 8, Budapest",47.41467,18.94000,47.50247,19.02848
2026-11-30 09:09,2026-11-30 13:50,stay,place,"Hotel Moments, Andrássy út 8, Budapest",47.50247,19.02848,47.50247,19.02848
2026-11-30 13:50,2026-11-30 14:00,move,transit,"Hotel Moments, Andrássy út 8, Budapest -> Duna Flex, Budapest",47.50247,19.02848,47.50067,19.01918
2026-11-30 14:00,2026-11-30 17:00,stay,place,"Duna Flex, Budapest",47.50067,19.01918,47.50067,19.01918
2026-11-30 17:00,2026-11-30 17:10,move,transit,"Duna Flex, Budapest -> Hotel Moments, Andrássy út 8, Budapest",47.50067,19.01918,47.50247,19.02848
2026-11-30 17:10,2026-12-01 09:15,stay,place,"Hotel Moments, Andrássy út 8, Budapest",47.50247,19.02848,47.50247,19.02848
2026-12-01 09:15,2026-12-01 09:25,move,transit,"Hotel Moments, Andrássy út 8, Budapest -> Duna Flex, Budapest",47.50247,19.02848,47.50067,19.01918
2026-12-01 09:25,2026-12-01 16:10,stay,place,"Duna Flex, Budapest",47.50067,19.01918,47.50067,19.01918
2026-12-01 16:10,2026-12-01 16:20,move,transit,"Duna Flex, Budapest -> Hotel Moments, Andrássy út 8, Budapest",47.50067,19.01918,47.50247,19.02848
2026-12-01 16:20,2026-12-02 08:55,stay,place,"Hotel Moments, Andrássy út 8, Budapest",47.50247,19.02848,47.50247,19.02848
2026-12-02 08:55,2026-12-02 09:05,move,transit,"Hotel Moments, Andrássy út 8, Budapest -> Duna Flex, Budapest",47.50247,19.02848,47.50067,19.01918
2026-12-02 09:05,2026-12-02 13:35,stay,place,"Duna Flex, Budapest",47.50067,19.01918,47.50067,19.01918
2026-12-02 13:35,2026-12-02 14:27,stay,place,"Duna Flex, Budapest",47.50067,19.01918,47.50067,19.01918
2026-12-02 14:27,2026-12-02 14:50,move,transit,"Duna Flex, Budapest -> Budapest Airport (BUD)",47.50067,19.01918,47.41467,18.94000
2026-12-02 14:50,2026-12-02 16:05,stay,place,Budapest Airport (BUD),47.41467,18.94000,47.41467,18.94000
2026-12-02 16:05,2026-12-02 17:30,move,flight,Budapest Airport (BUD) -> Warsaw Airport (WAW),47.41467,18.94000,52.16570,20.96710
2026-12-02 17:30,2026-12-02 18:17,move,car,"Warsaw Airport (WAW) -> Home – ul. Chmielna 71, Warsaw",52.16570,20.96710,52.22960,21.00300
2026-12-02 18:17,2026-12-03 08:02,stay,home,"Home – ul. Chmielna 71, Warsaw",52.22960,21.00300,52.22960,21.00300
2026-12-03 08:02,2026-12-03 08:13,move,transit,"Home – ul. Chmielna 71, Warsaw -> Warsaw Spire, pl. Europejski 1, Warsaw",52.22960,21.00300,52.23180,20.98460
2026-12-03 08:13,2026-12-03 17:27,stay,place,"Warsaw Spire, pl. Europejski 1, Warsaw",52.23180,20.98460,52.23180,20.98460
2026-12-03 17:27,2026-12-03 17:38,move,transit,"Warsaw Spire, pl. Europejski 1, Warsaw -> Home – ul. Chmielna 71, Warsaw",52.23180,20.98460,52.22960,21.00300
2026-12-03 17:38,2026-12-05 09:07,stay,home,"Home – ul. Chmielna 71, Warsaw",52.22960,21.00300,52.22960,21.00300
2026-12-05 09:07,2026-12-05 09:30,move,transit,"Home – ul. Chmielna 71, Warsaw -> Pole Mokotowskie",52.22960,21.00300,52.21160,20.99540
2026-12-05 09:30,2026-12-05 10:30,stay,place,Pole Mokotowskie,52.21160,20.99540,52.21160,20.99540
2026-12-05 10:30,2026-12-05 10:46,move,transit,"Pole Mokotowskie -> Home – ul. Chmielna 71, Warsaw",52.21160,20.99540,52.22960,21.00300
2026-12-05 10:46,2026-12-06 05:25,stay,home,"Home – ul. Chmielna 71, Warsaw",52.22960,21.00300,52.22960,21.00300
2026-12-06 05:25,2026-12-06 05:55,move,car,"Home – ul. Chmielna 71, Warsaw -> Warsaw Airport (WAW)",52.22960,21.00300,52.16570,20.96710
2026-12-06 05:55,2026-12-06 06:40,stay,place,Warsaw Airport (WAW),52.16570,20.96710,52.16570,20.96710
2026-12-06 06:40,2026-12-06 09:45,move,flight,Warsaw Airport (WAW) -> Dublin Airport (DUB),52.16570,20.96710,53.44391,-6.26654
2026-12-06 09:45,2026-12-06 10:07,move,transit,"Dublin Airport (DUB) -> The Address Dublin, Connolly, Dublin",53.44391,-6.26654,53.35212,-6.22968
2026-12-06 10:07,2026-12-06 13:34,stay,place,"The Address Dublin, Connolly, Dublin",53.35212,-6.22968,53.35212,-6.22968
2026-12-06 13:34,2026-12-06 13:50,move,transit,"The Address Dublin, Connolly, Dublin -> Liffey Power, Dublin",53.35212,-6.22968,53.35658,-6.27396
2026-12-06 13:50,2026-12-06 17:20,stay,place,"Liffey Power, Dublin",53.35658,-6.27396,53.35658,-6.27396
2026-12-06 17:20,2026-12-06 17:36,move,transit,"Liffey Power, Dublin -> The Address Dublin, Connolly, Dublin",53.35658,-6.27396,53.35212,-6.22968
2026-12-06 17:36,2026-12-07 08:39,stay,place,"The Address Dublin, Connolly, Dublin",53.35212,-6.22968,53.35212,-6.22968
2026-12-07 08:39,2026-12-07 08:55,move,transit,"The Address Dublin, Connolly, Dublin -> Liffey Power, Dublin",53.35212,-6.22968,53.35658,-6.27396
2026-12-07 08:55,2026-12-07 16:15,stay,place,"Liffey Power, Dublin",53.35658,-6.27396,53.35658,-6.27396
2026-12-07 16:15,2026-12-07 16:31,move,transit,"Liffey Power, Dublin -> The Address Dublin, Connolly, Dublin",53.35658,-6.27396,53.35212,-6.22968
2026-12-07 16:31,2026-12-08 08:29,stay,place,"The Address Dublin, Connolly, Dublin",53.35212,-6.22968,53.35212,-6.22968
2026-12-08 08:29,2026-12-08 08:45,move,transit,"The Address Dublin, Connolly, Dublin -> Liffey Power, Dublin",53.35212,-6.22968,53.35658,-6.27396
2026-12-08 08:45,2026-12-08 15:35,stay,place,"Liffey Power, Dublin",53.35658,-6.27396,53.35658,-6.27396
2026-12-08 15:35,2026-12-08 15:51,move,transit,"Liffey Power, Dublin -> The Address Dublin, Connolly, Dublin",53.35658,-6.27396,53.35212,-6.22968
2026-12-08 15:51,2026-12-09 08:54,stay,place,"The Address Dublin, Connolly, Dublin",53.35212,-6.22968,53.35212,-6.22968
2026-12-09 08:54,2026-12-09 09:10,move,transit,"The Address Dublin, Connolly, Dublin -> Liffey Power, Dublin",53.35212,-6.22968,53.35658,-6.27396
2026-12-09 09:10,2026-12-09 12:15,stay,place,"Liffey Power, Dublin",53.35658,-6.27396,53.35658,-6.27396
2026-12-09 12:15,2026-12-09 13:24,stay,place,"Liffey Power, Dublin",53.35658,-6.27396,53.35658,-6.27396
2026-12-09 13:24,2026-12-09 13:45,move,transit,"Liffey Power, Dublin -> Dublin Airport (DUB)",53.35658,-6.27396,53.44391,-6.26654
2026-12-09 13:45,2026-12-09 15:00,stay,place,Dublin Airport (DUB),53.44391,-6.26654,53.44391,-6.26654
2026-12-09 15:00,2026-12-09 18:05,move,flight,Dublin Airport (DUB) -> Warsaw Airport (WAW),53.44391,-6.26654,52.16570,20.96710
2026-12-09 18:05,2026-12-09 19:10,move,car,"Warsaw Airport (WAW) -> Home – ul. Chmielna 71, Warsaw",52.16570,20.96710,52.22960,21.00300
2026-12-09 19:10,2026-12-10 07:54,stay,home,"Home – ul. Chmielna 71, Warsaw",52.22960,21.00300,52.22960,21.00300
2026-12-10 07:54,2026-12-10 08:05,move,transit,"Home – ul. Chmielna 71, Warsaw -> Warsaw Spire, pl. Europejski 1, Warsaw",52.22960,21.00300,52.23180,20.98460
2026-12-10 08:05,2026-12-10 17:30,stay,place,"Warsaw Spire, pl. Europejski 1, Warsaw",52.23180,20.98460,52.23180,20.98460
2026-12-10 17:30,2026-12-10 17:41,move,transit,"Warsaw Spire, pl. Europejski 1, Warsaw -> Home – ul. Chmielna 71, Warsaw",52.23180,20.98460,52.22960,21.00300
2026-12-10 17:41,2026-12-11 18:28,stay,home,"Home – ul. Chmielna 71, Warsaw",52.22960,21.00300,52.22960,21.00300
2026-12-11 18:28,2026-12-11 19:00,move,transit,"Home – ul. Chmielna 71, Warsaw -> Warsaw Airport (WAW)",52.22960,21.00300,52.16570,20.96710
2026-12-11 19:00,2026-12-11 20:30,stay,place,Warsaw Airport (WAW),52.16570,20.96710,52.16570,20.96710
2026-12-11 20:30,2026-12-11 21:01,move,transit,"Warsaw Airport (WAW) -> Home – ul. Chmielna 71, Warsaw",52.16570,20.96710,52.22960,21.00300
2026-12-11 21:01,2026-12-12 18:46,stay,home,"Home – ul. Chmielna 71, Warsaw",52.22960,21.00300,52.22960,21.00300
2026-12-12 18:46,2026-12-12 19:00,move,transit,"Home – ul. Chmielna 71, Warsaw -> Nolita, ul. Wilcza 46",52.22960,21.00300,52.22350,21.01940
2026-12-12 19:00,2026-12-12 22:00,stay,place,"Nolita, ul. Wilcza 46",52.22350,21.01940,52.22350,21.01940
2026-12-12 22:00,2026-12-12 22:12,move,transit,"Nolita, ul. Wilcza 46 -> Home – ul. Chmielna 71, Warsaw",52.22350,21.01940,52.22960,21.00300
2026-12-12 22:12,2026-12-12 22:46,stay,home,"Home – ul. Chmielna 71, Warsaw",52.22960,21.00300,52.22960,21.00300
2026-12-12 22:46,2026-12-12 23:00,move,transit,"Home – ul. Chmielna 71, Warsaw -> Kino Muranów",52.22960,21.00300,52.24960,20.99890
2026-12-12 23:00,2026-12-12 23:20,move,transit,"Kino Muranów -> Home – ul. Chmielna 71, Warsaw",52.24960,20.99890,52.22960,21.00300
2026-12-12 23:20,2026-12-13 14:01,stay,home,"Home – ul. Chmielna 71, Warsaw",52.22960,21.00300,52.22960,21.00300
2026-12-13 14:01,2026-12-13 14:30,move,transit,"Home – ul. Chmielna 71, Warsaw -> Warsaw Airport (WAW)",52.22960,21.00300,52.16570,20.96710
2026-12-13 14:30,2026-12-13 15:00,stay,place,Warsaw Airport (WAW),52.16570,20.96710,52.16570,20.96710
2026-12-13 15:00,2026-12-13 15:30,move,transit,"Warsaw Airport (WAW) -> Home – ul. Chmielna 71, Warsaw",52.16570,20.96710,52.22960,21.00300
2026-12-13 15:30,2026-12-14 07:44,stay,home,"Home – ul. Chmielna 71, Warsaw",52.22960,21.00300,52.22960,21.00300
2026-12-14 07:44,2026-12-14 07:55,move,transit,"Home – ul. Chmielna 71, Warsaw -> Warsaw Spire, pl. Europejski 1, Warsaw",52.22960,21.00300,52.23180,20.98460
2026-12-14 07:55,2026-12-14 17:14,stay,place,"Warsaw Spire, pl. Europejski 1, Warsaw",52.23180,20.98460,52.23180,20.98460
2026-12-14 17:14,2026-12-14 17:25,move,transit,"Warsaw Spire, pl. Europejski 1, Warsaw -> Home – ul. Chmielna 71, Warsaw",52.23180,20.98460,52.22960,21.00300
2026-12-14 17:25,2026-12-14 18:14,stay,home,"Home – ul. Chmielna 71, Warsaw",52.22960,21.00300,52.22960,21.00300
2026-12-14 18:14,2026-12-14 18:30,move,transit,"Home – ul. Chmielna 71, Warsaw -> Joga Studio, ul. Mokotowska 51",52.22960,21.00300,52.22260,21.01770
2026-12-14 18:30,2026-12-14 19:30,stay,place,"Joga Studio, ul. Mokotowska 51",52.22260,21.01770,52.22260,21.01770
2026-12-14 19:30,2026-12-14 19:41,move,transit,"Joga Studio, ul. Mokotowska 51 -> Home – ul. Chmielna 71, Warsaw",52.22260,21.01770,52.22960,21.00300
2026-12-14 19:41,2026-12-15 08:06,stay,home,"Home – ul. Chmielna 71, Warsaw",52.22960,21.00300,52.22960,21.00300
2026-12-15 08:06,2026-12-15 08:17,move,transit,"Home – ul. Chmielna 71, Warsaw -> Warsaw Spire, pl. Europejski 1, Warsaw",52.22960,21.00300,52.23180,20.98460
2026-12-15 08:17,2026-12-15 17:33,stay,place,"Warsaw Spire, pl. Europejski 1, Warsaw",52.23180,20.98460,52.23180,20.98460
2026-12-15 17:33,2026-12-15 17:44,move,transit,"Warsaw Spire, pl. Europejski 1, Warsaw -> Home – ul. Chmielna 71, Warsaw",52.23180,20.98460,52.22960,21.00300
2026-12-15 17:44,2026-12-17 07:44,stay,home,"Home – ul. Chmielna 71, Warsaw",52.22960,21.00300,52.22960,21.00300
2026-12-17 07:44,2026-12-17 07:55,move,transit,"Home – ul. Chmielna 71, Warsaw -> Warsaw Spire, pl. Europejski 1, Warsaw",52.22960,21.00300,52.23180,20.98460
2026-12-17 07:55,2026-12-17 17:01,stay,place,"Warsaw Spire, pl. Europejski 1, Warsaw",52.23180,20.98460,52.23180,20.98460
2026-12-17 17:01,2026-12-17 17:12,move,transit,"Warsaw Spire, pl. Europejski 1, Warsaw -> Home – ul. Chmielna 71, Warsaw",52.23180,20.98460,52.22960,21.00300
2026-12-17 17:12,2026-12-18 19:27,stay,home,"Home – ul. Chmielna 71, Warsaw",52.22960,21.00300,52.22960,21.00300
2026-12-18 19:27,2026-12-18 19:30,move,transit,"Home – ul. Chmielna 71, Warsaw -> Pardon, To Tu, pl. Grzybowski",52.22960,21.00300,52.23170,21.00460
2026-12-18 19:30,2026-12-18 23:00,stay,place,"Pardon, To Tu, pl. Grzybowski",52.23170,21.00460,52.23170,21.00460
2026-12-18 23:00,2026-12-18 23:07,move,transit,"Pardon, To Tu, pl. Grzybowski -> Home – ul. Chmielna 71, Warsaw",52.23170,21.00460,52.22960,21.00300
2026-12-18 23:07,2026-12-21 18:16,stay,home,"Home – ul. Chmielna 71, Warsaw",52.22960,21.00300,52.22960,21.00300
2026-12-21 18:16,2026-12-21 18:30,move,transit,"Home – ul. Chmielna 71, Warsaw -> Joga Studio, ul. Mokotowska 51",52.22960,21.00300,52.22260,21.01770
2026-12-21 18:30,2026-12-21 19:30,stay,place,"Joga Studio, ul. Mokotowska 51",52.22260,21.01770,52.22260,21.01770
2026-12-21 19:30,2026-12-21 19:44,move,transit,"Joga Studio, ul. Mokotowska 51 -> Home – ul. Chmielna 71, Warsaw",52.22260,21.01770,52.22960,21.00300
2026-12-21 19:44,2026-12-22 07:52,stay,home,"Home – ul. Chmielna 71, Warsaw",52.22960,21.00300,52.22960,21.00300
2026-12-22 07:52,2026-12-22 08:03,move,transit,"Home – ul. Chmielna 71, Warsaw -> Warsaw Spire, pl. Europejski 1, Warsaw",52.22960,21.00300,52.23180,20.98460
2026-12-22 08:03,2026-12-22 17:46,stay,place,"Warsaw Spire, pl. Europejski 1, Warsaw",52.23180,20.98460,52.23180,20.98460
2026-12-22 17:46,2026-12-22 17:57,move,transit,"Warsaw Spire, pl. Europejski 1, Warsaw -> Home – ul. Chmielna 71, Warsaw",52.23180,20.98460,52.22960,21.00300
2026-12-22 17:57,2026-12-23 12:52,stay,home,"Home – ul. Chmielna 71, Warsaw",52.22960,21.00300,52.22960,21.00300
2026-12-23 12:52,2026-12-23 12:55,move,car,"Home – ul. Chmielna 71, Warsaw -> Warsaw Central Station",52.22960,21.00300,52.22870,21.00330
2026-12-23 12:55,2026-12-23 13:05,stay,place,Warsaw Central Station,52.22870,21.00330,52.22870,21.00330
2026-12-23 13:05,2026-12-23 14:40,move,train,Warsaw Central Station -> Łódź main station,52.22870,21.00330,51.76085,19.45791
2026-12-23 14:40,2026-12-23 14:53,move,transit,"Łódź main station -> Mum & Dad's, Łódź",51.76085,19.45791,51.77883,19.45656
2026-12-23 14:53,2026-12-24 17:00,stay,place,"Mum & Dad's, Łódź",51.77883,19.45656,51.77883,19.45656
2026-12-24 17:00,2026-12-24 23:00,stay,place,"Mum & Dad's, Łódź",51.77883,19.45656,51.77883,19.45656
2026-12-24 23:00,2026-12-25 12:48,stay,place,"Mum & Dad's, Łódź",51.77883,19.45656,51.77883,19.45656
2026-12-25 12:48,2026-12-25 13:00,move,transit,"Mum & Dad's, Łódź -> Łódź",51.77883,19.45656,51.76409,19.45680
2026-12-25 13:00,2026-12-25 18:00,stay,place,Łódź,51.76409,19.45680,51.76409,19.45680
2026-12-25 18:00,2026-12-25 18:12,move,transit,"Łódź -> Mum & Dad's, Łódź",51.76409,19.45680,51.77883,19.45656
2026-12-25 18:12,2026-12-27 15:42,stay,place,"Mum & Dad's, Łódź",51.77883,19.45656,51.77883,19.45656
2026-12-27 15:42,2026-12-27 15:55,move,transit,"Mum & Dad's, Łódź -> Łódź main station",51.77883,19.45656,51.76085,19.45791
2026-12-27 15:55,2026-12-27 16:05,stay,place,Łódź main station,51.76085,19.45791,51.76085,19.45791
2026-12-27 16:05,2026-12-27 17:40,move,train,Łódź main station -> Warsaw Central Station,51.76085,19.45791,52.22870,21.00330
2026-12-27 17:40,2026-12-27 18:01,move,walk,"Warsaw Central Station -> Home – ul. Chmielna 71, Warsaw",52.22870,21.00330,52.22960,21.00300
2026-12-27 18:01,2026-12-29 08:00,stay,home,"Home – ul. Chmielna 71, Warsaw",52.22960,21.00300,52.22960,21.00300
2026-12-29 08:00,2026-12-29 08:11,move,transit,"Home – ul. Chmielna 71, Warsaw -> Warsaw Spire, pl. Europejski 1, Warsaw",52.22960,21.00300,52.23180,20.98460
2026-12-29 08:11,2026-12-29 17:49,stay,place,"Warsaw Spire, pl. Europejski 1, Warsaw",52.23180,20.98460,52.23180,20.98460
2026-12-29 17:49,2026-12-29 18:00,move,transit,"Warsaw Spire, pl. Europejski 1, Warsaw -> Home – ul. Chmielna 71, Warsaw",52.23180,20.98460,52.22960,21.00300
2026-12-29 18:00,2026-12-29 18:43,stay,home,"Home – ul. Chmielna 71, Warsaw",52.22960,21.00300,52.22960,21.00300
2026-12-29 18:43,2026-12-29 19:00,move,transit,"Home – ul. Chmielna 71, Warsaw -> Nolita, ul. Wilcza 46",52.22960,21.00300,52.22350,21.01940
2026-12-29 19:00,2026-12-29 22:00,stay,place,"Nolita, ul. Wilcza 46",52.22350,21.01940,52.22350,21.01940
2026-12-29 22:00,2026-12-29 22:16,move,transit,"Nolita, ul. Wilcza 46 -> Home – ul. Chmielna 71, Warsaw",52.22350,21.01940,52.22960,21.00300
2026-12-29 22:16,2026-12-30 09:25,stay,home,"Home – ul. Chmielna 71, Warsaw",52.22960,21.00300,52.22960,21.00300
2026-12-30 09:25,2026-12-30 09:55,move,car,"Home – ul. Chmielna 71, Warsaw -> Warsaw Airport (WAW)",52.22960,21.00300,52.16570,20.96710
2026-12-30 09:55,2026-12-30 10:40,stay,place,Warsaw Airport (WAW),52.16570,20.96710,52.16570,20.96710
2026-12-30 10:40,2026-12-30 12:00,move,flight,Warsaw Airport (WAW) -> Berlin Airport (BER),52.16570,20.96710,52.56884,13.53146
2026-12-30 12:00,2026-12-30 12:21,move,transit,"Berlin Airport (BER) -> Paul's flat, Prenzlauer Berg, Berlin",52.56884,13.53146,52.52765,13.39916
2026-12-30 12:21,2026-12-31 19:47,stay,place,"Paul's flat, Prenzlauer Berg, Berlin",52.52765,13.39916,52.52765,13.39916
2026-12-31 19:47,2026-12-31 20:00,move,transit,"Paul's flat, Prenzlauer Berg, Berlin -> Friedrichshain, Berlin",52.52765,13.39916,52.51529,13.41519
2026-12-31 20:00,2027-01-01 00:00,stay,place,"Friedrichshain, Berlin",52.51529,13.41519,52.51529,13.41519
