timestamp,lat,lon,accuracy_m
2026-09-01T00:00:00+02:00,43.508262,16.440223,21
2026-09-01T00:15:00+02:00,43.508174,16.440475,32
2026-09-01T00:30:00+02:00,43.508079,16.440116,15
2026-09-01T00:45:00+02:00,43.508093,16.440597,16
2026-09-01T01:00:00+02:00,43.50792,16.440349,31
2026-09-01T01:15:00+02:00,43.508039,16.440346,17
2026-09-01T01:30:00+02:00,43.508128,16.440029,12
2026-09-01T01:45:00+02:00,43.50824,16.439852,17
2026-09-01T02:00:00+02:00,43.508395,16.440398,31
2026-09-01T02:15:00+02:00,43.508243,16.440196,15
2026-09-01T02:30:00+02:00,43.508086,16.440361,29
2026-09-01T02:45:00+02:00,43.508096,16.439773,25
2026-09-01T03:00:00+02:00,43.508206,16.440239,14
2026-09-01T03:15:00+02:00,43.508139,16.440241,22
2026-09-01T03:30:00+02:00,43.508081,16.440252,24
2026-09-01T04:00:00+02:00,43.507834,16.440164,25
2026-09-01T04:15:00+02:00,43.50818,16.439936,20
2026-09-01T04:30:00+02:00,43.508103,16.44027,21
2026-09-01T04:45:00+02:00,43.507985,16.439974,15
2026-09-01T05:00:00+02:00,43.508038,16.44004,18
2026-09-01T05:15:00+02:00,43.507903,16.440356,16
2026-09-01T05:30:00+02:00,43.508583,16.440135,34
2026-09-01T05:45:00+02:00,43.508121,16.440845,34
2026-09-01T06:00:00+02:00,43.508355,16.439739,26
2026-09-01T06:15:00+02:00,43.508331,16.439553,26
2026-09-01T06:30:00+02:00,43.508156,16.440519,24
2026-09-01T06:45:00+02:00,43.508094,16.4405,25
2026-09-01T07:00:00+02:00,43.508268,16.440407,31
2026-09-01T07:15:00+02:00,43.508107,16.440034,21
2026-09-01T07:30:00+02:00,43.50794,16.440859,24
2026-09-01T07:45:00+02:00,43.508326,16.440416,11
2026-09-01T08:00:00+02:00,43.508128,16.440336,10
2026-09-01T08:15:00+02:00,43.508293,16.440614,26
2026-09-01T08:30:00+02:00,43.508287,16.439814,34
2026-09-01T08:45:00+02:00,43.508231,16.44067,27
2026-09-01T09:00:00+02:00,43.508203,16.440713,22
2026-09-01T09:15:00+02:00,43.50808,16.440087,21
2026-09-01T09:30:00+02:00,43.507914,16.440062,13
2026-09-01T09:45:00+02:00,43.507756,16.440678,21
2026-09-01T12:45:00+02:00,52.166049,20.967324,22
2026-09-01T13:00:00+02:00,52.165537,20.967129,13
2026-09-01T13:15:00+02:00,52.165513,20.966968,27
2026-09-01T13:30:00+02:00,52.229712,21.002963,10
2026-09-01T13:45:00+02:00,52.22966,21.003176,8
2026-09-01T14:00:00+02:00,52.229648,21.002947,20
2026-09-01T14:15:00+02:00,52.229716,21.003305,18
2026-09-01T14:30:00+02:00,52.229361,21.003183,15
2026-09-01T14:45:00+02:00,52.229533,21.002848,15
2026-09-01T15:00:00+02:00,52.22919,21.002257,32
2026-09-01T15:15:00+02:00,52.229797,21.003601,32
2026-09-01T15:30:00+02:00,52.229462,21.002677,22
2026-09-01T15:45:00+02:00,52.229664,21.003226,15
2026-09-01T16:00:00+02:00,52.229477,21.002746,13
2026-09-01T16:15:00+02:00,52.229551,21.002601,29
2026-09-01T16:30:00+02:00,52.22946,21.00306,15
2026-09-01T16:45:00+02:00,52.229353,21.003259,28
2026-09-01T17:00:00+02:00,52.22942,21.003181,20
2026-09-01T17:15:00+02:00,52.229397,21.002791,18
2026-09-01T17:45:00+02:00,52.229353,21.003144,20
2026-09-01T18:00:00+02:00,52.229632,21.002988,29
2026-09-01T18:15:00+02:00,52.22946,21.003668,34
2026-09-01T18:30:00+02:00,52.229713,21.002432,19
2026-09-01T18:45:00+02:00,52.229461,21.003252,18
2026-09-01T19:00:00+02:00,52.22989,21.002761,19
2026-09-01T19:15:00+02:00,52.229666,21.003117,9
2026-09-01T19:30:00+02:00,52.229513,21.003155,10
2026-09-01T19:45:00+02:00,52.229314,21.002999,30
2026-09-01T20:00:00+02:00,52.2297,21.003117,11
2026-09-01T20:15:00+02:00,52.229572,21.002903,15
2026-09-01T20:30:00+02:00,52.229522,21.002911,11
2026-09-01T20:45:00+02:00,52.229461,21.003021,8
2026-09-01T21:00:00+02:00,52.229632,21.002536,30
2026-09-01T21:15:00+02:00,52.229908,21.002744,32
2026-09-01T21:30:00+02:00,52.229308,21.002854,32
2026-09-01T21:45:00+02:00,52.229231,21.003141,35
2026-09-01T22:00:00+02:00,52.229947,21.002547,26
2026-09-01T22:15:00+02:00,52.229769,21.002936,30
2026-09-01T22:30:00+02:00,52.229361,21.003341,30
2026-09-01T22:45:00+02:00,52.229783,21.002936,17
2026-09-01T23:00:00+02:00,52.228924,21.002828,25
2026-09-01T23:15:00+02:00,52.229353,21.00262,14
2026-09-01T23:30:00+02:00,52.229113,21.003124,33
2026-09-01T23:45:00+02:00,52.229574,21.002965,22
2026-09-02T00:00:00+02:00,52.229617,21.003082,24
2026-09-02T00:30:00+02:00,52.229182,21.002767,24
2026-09-02T00:45:00+02:00,52.229707,21.002943,22
2026-09-02T01:00:00+02:00,52.229608,21.003186,15
2026-09-02T01:15:00+02:00,52.229681,21.003378,31
2026-09-02T01:30:00+02:00,52.229366,21.003258,32
2026-09-02T01:45:00+02:00,52.229465,21.002758,17
2026-09-02T02:00:00+02:00,52.229953,21.00287,28
2026-09-02T02:15:00+02:00,52.229918,21.003062,22
2026-09-02T02:30:00+02:00,52.229823,21.00344,26
2026-09-02T02:45:00+02:00,52.229687,21.003162,16
2026-09-02T03:00:00+02:00,52.229612,21.003068,16
2026-09-02T03:15:00+02:00,52.229611,21.003564,24
2026-09-02T03:45:00+02:00,52.229666,21.002751,34
2026-09-02T04:00:00+02:00,52.229525,21.003258,16
2026-09-02T04:15:00+02:00,52.229151,21.003599,31
2026-09-02T04:30:00+02:00,52.228988,21.003136,33
2026-09-02T04:45:00+02:00,52.229587,21.00362,16
2026-09-02T05:00:00+02:00,52.229923,21.002729,19
2026-09-02T05:15:00+02:00,52.229487,21.002835,17
2026-09-02T05:30:00+02:00,52.229566,21.002638,22
2026-09-02T05:45:00+02:00,52.22963,21.003009,26
2026-09-02T06:00:00+02:00,52.230234,21.002857,25
2026-09-02T06:15:00+02:00,52.229569,21.002996,13
2026-09-02T06:30:00+02:00,52.229537,21.002833,33
2026-09-02T06:45:00+02:00,52.229362,21.002931,29
2026-09-02T07:00:00+02:00,52.229537,21.003214,21
2026-09-02T07:15:00+02:00,52.229723,21.002593,35
2026-09-02T07:30:00+02:00,52.229384,21.00323,34
2026-09-02T07:45:00+02:00,52.229602,21.003256,25
2026-09-02T08:00:00+02:00,52.230206,21.002658,32
2026-09-02T08:15:00+02:00,52.232734,20.984127,27
2026-09-02T08:30:00+02:00,52.232722,20.984329,13
2026-09-02T08:45:00+02:00,52.232685,20.984334,11
2026-09-02T09:00:00+02:00,52.232823,20.984183,10
2026-09-02T09:15:00+02:00,52.23284,20.98404,21
2026-09-02T09:30:00+02:00,52.232662,20.98451,16
2026-09-02T09:45:00+02:00,52.232943,20.984142,15
2026-09-02T10:00:00+02:00,52.232561,20.984352,21
2026-09-02T10:15:00+02:00,52.232688,20.984249,9
2026-09-02T10:30:00+02:00,52.232927,20.984391,28
2026-09-02T10:45:00+02:00,52.233017,20.985012,34
2026-09-02T11:00:00+02:00,52.232916,20.984342,19
2026-09-02T11:15:00+02:00,52.232986,20.984052,15
2026-09-02T11:30:00+02:00,52.232568,20.984439,27
2026-09-02T11:45:00+02:00,52.23241,20.983241,29
2026-09-02T12:00:00+02:00,52.232413,20.984187,33
2026-09-02T12:15:00+02:00,52.232922,20.984568,24
2026-09-02T12:30:00+02:00,52.233052,20.984196,32
2026-09-02T12:45:00+02:00,52.232735,20.98437,14
2026-09-02T13:00:00+02:00,52.23275,20.984221,13
2026-09-02T13:15:00+02:00,52.232796,20.98478,22
2026-09-02T13:30:00+02:00,52.2327,20.984427,28
2026-09-02T13:45:00+02:00,52.232673,20.984006,15
2026-09-02T14:00:00+02:00,52.23315,20.984526,32
2026-09-02T14:15:00+02:00,52.232962,20.984224,14
2026-09-02T14:45:00+02:00,52.232743,20.984557,24
2026-09-02T15:00:00+02:00,52.232779,20.984081,16
2026-09-02T15:15:00+02:00,52.232993,20.984798,24
2026-09-02T15:30:00+02:00,52.232888,20.984117,13
2026-09-02T15:45:00+02:00,52.233028,20.984667,34
2026-09-02T16:00:00+02:00,52.232795,20.98419,9
2026-09-02T16:15:00+02:00,52.232647,20.984207,23
2026-09-02T16:30:00+02:00,52.232929,20.984898,23
2026-09-02T16:45:00+02:00,52.232845,20.985127,31
2026-09-02T17:00:00+02:00,52.232851,20.984522,27
2026-09-02T17:15:00+02:00,52.232787,20.984245,26
2026-09-02T17:30:00+02:00,52.232907,20.984763,22
2026-09-02T17:45:00+02:00,52.232815,20.984425,32
2026-09-02T18:00:00+02:00,52.232481,20.984554,22
2026-09-02T18:15:00+02:00,52.232836,20.984289,16
2026-09-02T18:30:00+02:00,52.232737,20.984425,12
2026-09-02T18:45:00+02:00,52.194914,21.024091,8
2026-09-02T19:00:00+02:00,52.195085,21.024363,21
2026-09-02T19:15:00+02:00,52.195072,21.024209,20
2026-09-02T19:30:00+02:00,52.195053,21.023935,19
2026-09-02T19:45:00+02:00,52.195624,21.024727,27
2026-09-02T20:00:00+02:00,52.194893,21.02391,15
2026-09-02T20:15:00+02:00,52.195288,21.024331,32
2026-09-02T20:30:00+02:00,52.195044,21.024052,27
2026-09-02T20:45:00+02:00,52.19514,21.02388,31
2026-09-02T21:00:00+02:00,52.194942,21.024226,8
2026-09-02T21:15:00+02:00,52.194878,21.023622,26
2026-09-02T21:30:00+02:00,52.228993,21.003319,32
2026-09-02T21:45:00+02:00,52.229638,21.003016,18
2026-09-02T22:00:00+02:00,52.229612,21.003088,22
2026-09-02T22:15:00+02:00,52.22954,21.003214,16
2026-09-02T22:30:00+02:00,52.229775,21.003264,22
2026-09-02T22:45:00+02:00,52.229616,21.002731,29
2026-09-02T23:00:00+02:00,52.230168,21.003231,22
2026-09-02T23:15:00+02:00,52.229611,21.002846,12
2026-09-02T23:30:00+02:00,52.229724,21.003264,15
2026-09-02T23:45:00+02:00,52.22976,21.002957,19
2026-09-03T00:00:00+02:00,52.22966,21.003424,13
2026-09-03T00:15:00+02:00,52.229467,21.00321,10
2026-09-03T00:30:00+02:00,52.229619,21.002973,21
2026-09-03T00:45:00+02:00,52.229609,21.00251,15
2026-09-03T01:00:00+02:00,52.229691,21.003283,17
2026-09-03T01:15:00+02:00,52.229785,21.002748,28
2026-09-03T01:30:00+02:00,52.2297,21.002255,29
2026-09-03T01:45:00+02:00,52.229577,21.003038,17
2026-09-03T02:00:00+02:00,52.229789,21.002738,15
2026-09-03T02:15:00+02:00,52.229709,21.002879,25
2026-09-03T02:30:00+02:00,52.229701,21.003052,18
2026-09-03T02:45:00+02:00,52.22954,21.002895,12
2026-09-03T03:00:00+02:00,52.229538,21.003016,9
2026-09-03T03:15:00+02:00,52.229552,21.003036,8
2026-09-03T03:30:00+02:00,52.229355,21.002677,30
2026-09-03T03:45:00+02:00,52.229764,21.003265,22
2026-09-03T04:00:00+02:00,52.229515,21.003071,15
2026-09-03T04:15:00+02:00,52.22925,21.003352,25
2026-09-03T04:30:00+02:00,52.229487,21.002758,28
2026-09-03T04:45:00+02:00,52.229695,21.003317,27
2026-09-03T05:00:00+02:00,52.229614,21.002987,33
2026-09-03T05:15:00+02:00,52.229611,21.003083,19
2026-09-03T05:30:00+02:00,52.229361,21.003303,23
2026-09-03T05:45:00+02:00,52.229662,21.00312,14
2026-09-03T06:00:00+02:00,52.229648,21.002811,11
2026-09-03T06:15:00+02:00,52.229382,21.003638,27
2026-09-03T06:30:00+02:00,52.229731,21.002866,21
2026-09-03T06:45:00+02:00,52.229652,21.002989,8
2026-09-03T07:00:00+02:00,52.229599,21.002936,9
2026-09-03T07:15:00+02:00,52.228946,21.003726,30
2026-09-03T08:00:00+02:00,52.229533,21.003269,16
2026-09-03T08:15:00+02:00,52.229705,21.002926,28
2026-09-03T08:30:00+02:00,52.229734,21.003001,17
2026-09-03T08:45:00+02:00,52.229737,21.003392,27
2026-09-03T09:00:00+02:00,52.229497,21.003091,23
2026-09-03T09:15:00+02:00,52.230036,21.003175,28
2026-09-03T09:30:00+02:00,52.230025,21.003255,29
2026-09-03T09:45:00+02:00,52.229466,21.002687,29
2026-09-03T10:00:00+02:00,52.22959,21.003545,32
2026-09-03T10:15:00+02:00,52.229686,21.002779,22
2026-09-03T10:30:00+02:00,52.228921,21.002796,35
2026-09-03T10:45:00+02:00,52.229418,21.002724,24
2026-09-03T11:00:00+02:00,52.229562,21.003436,17
2026-09-03T11:15:00+02:00,52.229277,21.002861,26
2026-09-03T11:30:00+02:00,52.230359,21.002058,34
2026-09-03T11:45:00+02:00,52.22971,21.002738,22
2026-09-03T12:00:00+02:00,52.229367,21.00262,33
2026-09-03T12:15:00+02:00,52.229671,21.003004,10
2026-09-03T12:30:00+02:00,52.229681,21.002839,14
2026-09-03T12:45:00+02:00,52.229727,21.003945,33
2026-09-03T13:00:00+02:00,52.229529,21.002436,15
2026-09-03T13:15:00+02:00,52.229314,21.002678,29
2026-09-03T13:30:00+02:00,52.228958,21.003183,31
2026-09-03T13:45:00+02:00,52.229598,21.003219,15
2026-09-03T14:00:00+02:00,52.229612,21.003016,12
2026-09-03T14:15:00+02:00,52.229878,21.002484,28
2026-09-03T14:30:00+02:00,52.229491,21.00298,13
2026-09-03T14:45:00+02:00,52.229296,21.003387,28
2026-09-03T15:00:00+02:00,52.229667,21.00313,31
2026-09-03T15:15:00+02:00,52.229775,21.00326,18
2026-09-03T15:30:00+02:00,52.165845,20.967171,19
2026-09-03T15:45:00+02:00,52.166248,20.967124,35
2026-09-03T16:00:00+02:00,52.165743,20.96664,31
2026-09-03T16:15:00+02:00,52.166026,20.967167,35
2026-09-03T18:00:00+02:00,59.332751,18.064429,26
2026-09-03T18:15:00+02:00,59.332505,18.065082,15
2026-09-03T18:30:00+02:00,59.332738,18.064702,19
2026-09-03T18:45:00+02:00,59.332967,18.064903,35
2026-09-03T19:00:00+02:00,59.332232,18.065177,22
2026-09-03T19:15:00+02:00,59.332428,18.065749,14
2026-09-03T19:30:00+02:00,59.332579,18.06567,26
2026-09-03T19:45:00+02:00,59.332625,18.064823,9
2026-09-03T20:00:00+02:00,59.332574,18.064822,11
2026-09-03T20:15:00+02:00,59.332544,18.06485,12
2026-09-03T20:30:00+02:00,59.333152,18.06511,31
2026-09-03T20:45:00+02:00,59.332717,18.064614,23
2026-09-03T21:00:00+02:00,59.33263,18.064893,9
2026-09-03T21:15:00+02:00,59.332716,18.064927,11
2026-09-03T21:45:00+02:00,59.332732,18.064764,35
2026-09-03T22:00:00+02:00,59.332609,18.064605,11
2026-09-03T22:15:00+02:00,59.332537,18.065054,24
2026-09-03T22:30:00+02:00,59.332138,18.064951,29
2026-09-03T22:45:00+02:00,59.332597,18.064818,24
2026-09-03T23:00:00+02:00,59.332415,18.065183,14
2026-09-03T23:15:00+02:00,59.332799,18.065149,22
2026-09-03T23:30:00+02:00,59.332826,18.064757,15
2026-09-03T23:45:00+02:00,59.332767,18.06542,26
2026-09-04T00:00:00+02:00,59.332264,18.064837,28
2026-09-04T00:15:00+02:00,59.332665,18.065005,17
2026-09-04T00:30:00+02:00,59.332689,18.065184,27
2026-09-04T00:45:00+02:00,59.332453,18.064844,23
2026-09-04T01:00:00+02:00,59.332456,18.064792,11
2026-09-04T01:15:00+02:00,59.332796,18.06468,25
2026-09-04T01:30:00+02:00,59.332624,18.065095,12
2026-09-04T01:45:00+02:00,59.332585,18.064766,9
2026-09-04T02:00:00+02:00,59.332599,18.064995,16
2026-09-04T02:15:00+02:00,59.332551,18.065151,11
2026-09-04T02:30:00+02:00,59.332467,18.065048,15
2026-09-04T02:45:00+02:00,59.332462,18.064768,11
2026-09-04T03:00:00+02:00,59.332661,18.064975,15
2026-09-04T03:15:00+02:00,59.332232,18.065224,20
2026-09-04T03:30:00+02:00,59.332442,18.064817,17
2026-09-04T03:45:00+02:00,59.332735,18.065224,29
2026-09-04T04:00:00+02:00,59.3325,18.064929,9
2026-09-04T04:15:00+02:00,59.332491,18.064952,29
2026-09-04T04:30:00+02:00,59.333385,18.065504,34
2026-09-04T04:45:00+02:00,59.33271,18.065276,23
2026-09-04T05:00:00+02:00,59.332479,18.064925,28
2026-09-04T05:15:00+02:00,59.332531,18.06414,26
2026-09-04T05:30:00+02:00,59.332563,18.064653,14
2026-09-04T05:45:00+02:00,59.332553,18.064902,13
2026-09-04T06:00:00+02:00,59.332641,18.064959,15
2026-09-04T06:15:00+02:00,59.332792,18.064896,34
2026-09-04T06:30:00+02:00,59.332781,18.06515,33
2026-09-04T06:45:00+02:00,59.332521,18.065564,27
2026-09-04T07:00:00+02:00,59.333139,18.064236,34
2026-09-04T07:15:00+02:00,59.332562,18.065538,16
2026-09-04T07:30:00+02:00,59.332676,18.0649,31
2026-09-04T07:45:00+02:00,59.33252,18.064416,27
2026-09-04T08:00:00+02:00,59.332558,18.06541,18
2026-09-04T08:15:00+02:00,59.332529,18.065145,14
2026-09-04T08:30:00+02:00,59.332739,18.064874,34
2026-09-04T08:45:00+02:00,59.332749,18.064803,30
2026-09-04T09:15:00+02:00,59.332939,18.064661,31
2026-09-04T09:30:00+02:00,59.332717,18.064514,23
2026-09-04T09:45:00+02:00,59.332448,18.064278,35
2026-09-04T10:00:00+02:00,59.332701,18.065406,33
2026-09-04T10:15:00+02:00,59.332429,18.064807,23
2026-09-04T10:30:00+02:00,59.332577,18.064679,10
2026-09-04T10:45:00+02:00,59.332834,18.065069,23
2026-09-04T11:00:00+02:00,59.332505,18.064634,11
2026-09-04T11:15:00+02:00,59.332607,18.064771,13
2026-09-04T11:30:00+02:00,59.332579,18.064225,29
2026-09-04T11:45:00+02:00,59.332663,18.065161,15
2026-09-04T12:00:00+02:00,59.332276,18.064625,30
2026-09-04T12:15:00+02:00,59.332677,18.064937,9
2026-09-04T12:30:00+02:00,59.332809,18.064489,21
2026-09-04T12:45:00+02:00,59.332357,18.064797,25
2026-09-04T13:00:00+02:00,59.332468,18.065794,26
2026-09-04T13:15:00+02:00,59.332746,18.064851,13
2026-09-04T13:30:00+02:00,59.332649,18.064938,13
2026-09-04T13:45:00+02:00,59.332603,18.064962,24
2026-09-04T14:00:00+02:00,59.332849,18.065885,33
2026-09-04T14:15:00+02:00,59.33248,18.06474,25
2026-09-04T14:30:00+02:00,59.332004,18.065583,35
2026-09-04T14:45:00+02:00,59.332573,18.064838,9
2026-09-04T15:00:00+02:00,59.332464,18.064874,26
2026-09-04T15:15:00+02:00,59.332435,18.065155,23
2026-09-04T15:30:00+02:00,59.332195,18.064919,30
2026-09-04T15:45:00+02:00,59.332677,18.064787,24
2026-09-04T16:00:00+02:00,59.332768,18.065188,18
2026-09-04T16:15:00+02:00,59.332502,18.064906,12
2026-09-04T16:30:00+02:00,59.332415,18.06521,15
2026-09-04T16:45:00+02:00,59.332432,18.064916,17
2026-09-04T17:00:00+02:00,59.332666,18.064735,17
2026-09-04T17:15:00+02:00,59.332613,18.064944,10
2026-09-04T17:30:00+02:00,59.332719,18.064706,28
2026-09-04T17:45:00+02:00,59.33282,18.064868,34
2026-09-04T18:00:00+02:00,59.332545,18.065163,14
2026-09-04T18:15:00+02:00,59.332621,18.064995,12
2026-09-04T18:30:00+02:00,59.332677,18.064039,27
2026-09-04T18:45:00+02:00,59.332638,18.064428,14
2026-09-04T19:15:00+02:00,59.332756,18.064999,17
2026-09-04T19:30:00+02:00,59.33258,18.064841,9
2026-09-04T19:45:00+02:00,59.332729,18.064855,17
2026-09-04T20:00:00+02:00,59.332728,18.065171,33
2026-09-04T21:45:00+02:00,52.165519,20.966303,25
2026-09-04T22:00:00+02:00,52.165837,20.967108,15
2026-09-04T22:15:00+02:00,52.165561,20.966788,21
2026-09-04T22:30:00+02:00,52.2295,21.002782,29
2026-09-04T22:45:00+02:00,52.229388,21.003569,22
2026-09-04T23:00:00+02:00,52.229383,21.003256,15
2026-09-04T23:15:00+02:00,52.229593,21.003272,14
2026-09-04T23:30:00+02:00,52.2296,21.00294,27
2026-09-04T23:45:00+02:00,52.229173,21.003798,32
2026-09-05T00:00:00+02:00,52.230002,21.002601,26
2026-09-05T00:15:00+02:00,52.229631,21.003122,12
2026-09-05T00:30:00+02:00,52.229658,21.003054,13
2026-09-05T00:45:00+02:00,52.229701,21.003042,15
2026-09-05T01:00:00+02:00,52.229598,21.002883,12
2026-09-05T01:15:00+02:00,52.229618,21.00305,25
2026-09-05T01:30:00+02:00,52.229608,21.002948,17
2026-09-05T01:45:00+02:00,52.22964,21.003012,14
2026-09-05T02:00:00+02:00,52.229716,21.002185,21
2026-09-05T02:15:00+02:00,52.229552,21.002655,19
2026-09-05T02:30:00+02:00,52.229706,21.003295,19
2026-09-05T02:45:00+02:00,52.229644,21.00364,16
2026-09-05T03:00:00+02:00,52.23011,21.003454,33
2026-09-05T03:15:00+02:00,52.229715,21.00333,32
2026-09-05T03:30:00+02:00,52.229513,21.002807,11
2026-09-05T03:45:00+02:00,52.229971,21.001991,32
2026-09-05T04:00:00+02:00,52.229395,21.003006,25
2026-09-05T04:15:00+02:00,52.229727,21.003393,22
2026-09-05T04:30:00+02:00,52.229556,21.002926,9
2026-09-05T04:45:00+02:00,52.229927,21.003223,20
2026-09-05T05:00:00+02:00,52.229308,21.002916,28
2026-09-05T05:15:00+02:00,52.229568,21.002923,17
2026-09-05T05:30:00+02:00,52.229496,21.002986,11
2026-09-05T05:45:00+02:00,52.229661,21.003061,16
2026-09-05T06:00:00+02:00,52.229962,21.002378,30
2026-09-05T06:15:00+02:00,52.229532,21.003051,12
2026-09-05T06:30:00+02:00,52.229649,21.002899,12
2026-09-05T06:45:00+02:00,52.229458,21.002955,10
2026-09-05T07:00:00+02:00,52.22965,21.00357,24
2026-09-05T07:15:00+02:00,52.229622,21.003195,28
2026-09-05T07:30:00+02:00,52.229542,21.002685,11
2026-09-05T07:45:00+02:00,52.229599,21.00329,28
2026-09-05T08:00:00+02:00,52.230116,21.002631,28
2026-09-05T08:15:00+02:00,52.229502,21.002314,30
2026-09-05T08:30:00+02:00,52.22959,21.003283,9
2026-09-05T08:45:00+02:00,52.229632,21.003043,33
2026-09-05T09:00:00+02:00,52.2296,21.00283,17
2026-09-05T09:15:00+02:00,52.229272,21.002235,31
2026-09-05T09:30:00+02:00,52.21359,20.997797,24
2026-09-05T09:45:00+02:00,52.213211,20.998496,22
2026-09-05T10:00:00+02:00,52.213434,20.998418,11
2026-09-05T10:15:00+02:00,52.213326,20.99832,15
2026-09-05T10:30:00+02:00,52.229881,21.003315,28
2026-09-05T10:45:00+02:00,52.229619,21.002871,11
2026-09-05T11:00:00+02:00,52.229354,21.003419,22
2026-09-05T11:15:00+02:00,52.230141,21.003211,34
2026-09-05T11:30:00+02:00,52.229433,21.003205,18
2026-09-05T11:45:00+02:00,52.22983,21.002942,11
2026-09-05T12:00:00+02:00,52.229555,21.00266,14
2026-09-05T12:15:00+02:00,52.229486,21.003085,13
2026-09-05T12:30:00+02:00,52.229407,21.002764,28
2026-09-05T12:45:00+02:00,52.229548,21.002664,21
2026-09-05T13:00:00+02:00,52.229855,21.002989,19
2026-09-05T13:15:00+02:00,52.22955,21.00289,11
2026-09-05T13:45:00+02:00,52.230002,21.002869,25
2026-09-05T14:00:00+02:00,52.229819,21.003562,22
2026-09-05T14:15:00+02:00,52.229734,21.002598,25
2026-09-05T14:30:00+02:00,52.229615,21.003043,10
2026-09-05T14:45:00+02:00,52.229542,21.002511,18
2026-09-05T15:00:00+02:00,52.228789,21.003615,13
2026-09-05T15:15:00+02:00,52.229205,21.003829,30
2026-09-05T15:30:00+02:00,52.228849,21.003852,28
2026-09-05T15:45:00+02:00,52.228932,21.003212,28
2026-09-05T16:00:00+02:00,52.22891,21.002947,32
2026-09-05T16:15:00+02:00,52.228751,21.002792,25
2026-09-05T16:30:00+02:00,52.229822,21.002897,26
2026-09-05T16:45:00+02:00,52.229588,21.0035,19
2026-09-05T17:00:00+02:00,52.22966,21.003212,9
2026-09-05T17:15:00+02:00,52.229493,21.002915,12
2026-09-05T17:30:00+02:00,52.229332,21.003029,28
2026-09-05T17:45:00+02:00,52.22927,21.00259,26
2026-09-05T18:00:00+02:00,52.22989,21.00295,18
2026-09-05T18:15:00+02:00,52.229636,21.002735,30
2026-09-05T18:30:00+02:00,52.229855,21.003538,29
2026-09-05T18:45:00+02:00,52.229535,21.002962,10
2026-09-05T19:00:00+02:00,52.229885,21.003734,17
2026-09-05T19:15:00+02:00,52.230255,21.002598,32
2026-09-05T19:45:00+02:00,52.228921,21.003356,30
2026-09-05T20:00:00+02:00,52.22972,21.003009,17
2026-09-05T20:15:00+02:00,52.229554,21.002987,12
2026-09-05T20:30:00+02:00,52.22938,21.002418,24
2026-09-05T20:45:00+02:00,52.229663,21.002856,11
2026-09-05T21:00:00+02:00,52.229333,21.003076,27
2026-09-05T21:15:00+02:00,52.22958,21.002789,22
2026-09-05T21:30:00+02:00,52.229749,21.003013,9
2026-09-05T21:45:00+02:00,52.229599,21.00325,33
2026-09-05T22:00:00+02:00,52.229681,21.002513,22
2026-09-05T22:15:00+02:00,52.229408,21.002728,13
2026-09-05T22:30:00+02:00,52.229527,21.002798,11
2026-09-05T23:00:00+02:00,52.230075,21.00343,31
2026-09-05T23:15:00+02:00,52.229601,21.003136,32
2026-09-05T23:30:00+02:00,52.22955,21.002983,13
2026-09-05T23:45:00+02:00,52.229614,21.002861,20
2026-09-06T00:00:00+02:00,52.230192,21.002694,25
2026-09-06T00:15:00+02:00,52.229934,21.002681,22
2026-09-06T00:30:00+02:00,52.229616,21.003101,25
2026-09-06T00:45:00+02:00,52.229588,21.002994,14
2026-09-06T01:00:00+02:00,52.229534,21.003031,19
2026-09-06T01:15:00+02:00,52.229746,21.002782,31
2026-09-06T01:30:00+02:00,52.229653,21.002947,13
2026-09-06T01:45:00+02:00,52.229689,21.002029,34
2026-09-06T02:00:00+02:00,52.229413,21.002863,17
2026-09-06T02:15:00+02:00,52.229898,21.002691,19
2026-09-06T02:30:00+02:00,52.229635,21.002295,34
2026-09-06T02:45:00+02:00,52.228962,21.003279,33
2026-09-06T03:00:00+02:00,52.229498,21.002905,33
2026-09-06T03:30:00+02:00,52.229714,21.003098,14
2026-09-06T03:45:00+02:00,52.229635,21.002738,28
2026-09-06T04:00:00+02:00,52.229475,21.003114,28
2026-09-06T04:15:00+02:00,52.229569,21.003175,28
2026-09-06T04:30:00+02:00,52.229576,21.00287,10
2026-09-06T04:45:00+02:00,52.229658,21.002629,18
2026-09-06T05:00:00+02:00,52.229676,21.003134,11
2026-09-06T05:15:00+02:00,52.229482,21.002639,12
2026-09-06T05:30:00+02:00,52.22928,21.002905,17
2026-09-06T05:45:00+02:00,52.229379,21.003295,16
2026-09-06T06:00:00+02:00,52.229518,21.003209,14
2026-09-06T06:15:00+02:00,52.229576,21.003236,34
2026-09-06T06:30:00+02:00,52.229547,21.002966,12
2026-09-06T06:45:00+02:00,52.229673,21.002682,9
2026-09-06T07:00:00+02:00,52.229713,21.003309,25
2026-09-06T07:15:00+02:00,52.22975,21.002897,15
2026-09-06T07:30:00+02:00,52.229743,21.003643,16
2026-09-06T07:45:00+02:00,52.22977,21.003172,28
2026-09-06T08:00:00+02:00,52.229486,21.002502,21
2026-09-06T08:15:00+02:00,52.229681,21.003119,26
2026-09-06T08:30:00+02:00,52.229615,21.002465,19
2026-09-06T08:45:00+02:00,52.229386,21.00287,23
2026-09-06T09:00:00+02:00,52.229719,21.002746,24
2026-09-06T09:30:00+02:00,52.229794,21.003524,33
2026-09-06T09:45:00+02:00,52.2297,21.002578,32
2026-09-06T10:00:00+02:00,52.229446,21.003159,30
2026-09-06T10:15:00+02:00,52.229449,21.003078,22
2026-09-06T10:30:00+02:00,52.229671,21.002951,14
2026-09-06T10:45:00+02:00,52.229753,21.003019,30
2026-09-06T11:00:00+02:00,52.229767,21.0036,20
2026-09-06T11:15:00+02:00,52.219291,21.014921,34
2026-09-06T11:30:00+02:00,52.219193,21.014548,15
2026-09-06T11:45:00+02:00,52.219051,21.014316,21
2026-09-06T12:00:00+02:00,52.219134,21.014632,9
2026-09-06T12:15:00+02:00,52.219546,21.014455,25
2026-09-06T12:30:00+02:00,52.218652,21.014072,34
2026-09-06T12:45:00+02:00,52.219198,21.014625,20
2026-09-06T13:00:00+02:00,52.219308,21.014418,14
2026-09-06T13:15:00+02:00,52.219373,21.014716,12
2026-09-06T13:30:00+02:00,52.219131,21.014507,9
2026-09-06T13:45:00+02:00,52.219324,21.014329,28
2026-09-06T14:00:00+02:00,52.219248,21.014749,23
2026-09-06T14:15:00+02:00,52.219383,21.014586,11
2026-09-06T14:30:00+02:00,52.229718,21.002992,9
2026-09-06T14:45:00+02:00,52.228829,21.00325,34
2026-09-06T15:00:00+02:00,52.229294,21.002893,22
2026-09-06T15:15:00+02:00,52.229692,21.003295,10
2026-09-06T15:30:00+02:00,52.229959,21.003196,25
2026-09-06T15:45:00+02:00,52.229638,21.002754,9
2026-09-06T16:00:00+02:00,52.229874,21.002597,30
2026-09-06T16:15:00+02:00,52.229797,21.002626,32
2026-09-06T16:30:00+02:00,52.22991,21.002159,28
2026-09-06T16:45:00+02:00,52.229586,21.002857,20
2026-09-06T17:00:00+02:00,52.229655,21.002992,9
2026-09-06T17:15:00+02:00,52.229569,21.002558,25
2026-09-06T17:30:00+02:00,52.230148,21.003318,28
2026-09-06T17:45:00+02:00,52.229589,21.003012,13
2026-09-06T18:00:00+02:00,52.229653,21.003139,29
2026-09-06T18:15:00+02:00,52.229541,21.003087,16
2026-09-06T18:30:00+02:00,52.229559,21.002922,10
2026-09-06T18:45:00+02:00,52.229564,21.003465,24
2026-09-06T19:00:00+02:00,52.229895,21.003098,33
2026-09-06T19:15:00+02:00,52.229534,21.003135,16
2026-09-06T19:30:00+02:00,52.229515,21.002737,17
2026-09-06T19:45:00+02:00,52.229535,21.003021,27
2026-09-06T20:00:00+02:00,52.229568,21.003219,12
2026-09-06T20:15:00+02:00,52.229518,21.00276,17
2026-09-06T20:30:00+02:00,52.229557,21.003138,21
2026-09-06T20:45:00+02:00,52.229629,21.00325,34
2026-09-06T21:00:00+02:00,52.229578,21.003105,8
2026-09-06T21:15:00+02:00,52.229273,21.002932,34
2026-09-06T21:30:00+02:00,52.2295,21.002546,17
2026-09-06T21:45:00+02:00,52.229713,21.003245,19
2026-09-06T22:00:00+02:00,52.229544,21.003178,16
2026-09-06T22:15:00+02:00,52.229661,21.003043,10
2026-09-06T22:30:00+02:00,52.229542,21.003484,31
2026-09-06T22:45:00+02:00,52.229604,21.002545,22
2026-09-06T23:00:00+02:00,52.22947,21.002998,25
2026-09-06T23:15:00+02:00,52.229577,21.002913,15
2026-09-06T23:30:00+02:00,52.229746,21.003287,16
2026-09-06T23:45:00+02:00,52.229535,21.003151,9
2026-09-07T00:00:00+02:00,52.22926,21.002825,19
2026-09-07T00:15:00+02:00,52.229613,21.003185,10
2026-09-07T00:30:00+02:00,52.230111,21.003486,33
2026-09-07T00:45:00+02:00,52.229551,21.002953,22
2026-09-07T01:00:00+02:00,52.229612,21.003206,15
2026-09-07T01:15:00+02:00,52.229815,21.003223,20
2026-09-07T01:30:00+02:00,52.230076,21.003747,34
2026-09-07T02:00:00+02:00,52.229395,21.00323,18
2026-09-07T02:15:00+02:00,52.229538,21.002885,29
2026-09-07T02:30:00+02:00,52.229817,21.002933,19
2026-09-07T02:45:00+02:00,52.229614,21.003202,13
2026-09-07T03:00:00+02:00,52.230442,21.002644,25
2026-09-07T03:15:00+02:00,52.229628,21.002863,11
2026-09-07T03:30:00+02:00,52.22939,21.003162,13
2026-09-07T03:45:00+02:00,52.2295,21.00298,8
2026-09-07T04:00:00+02:00,52.229661,21.003298,29
2026-09-07T04:15:00+02:00,52.229213,21.002004,30
2026-09-07T04:30:00+02:00,52.229457,21.003095,16
2026-09-07T04:45:00+02:00,52.229601,21.003041,9
2026-09-07T05:00:00+02:00,52.230061,21.003183,33
2026-09-07T05:15:00+02:00,52.229684,21.002952,13
2026-09-07T05:30:00+02:00,52.229586,21.002886,14
2026-09-07T05:45:00+02:00,52.229569,21.003145,19
2026-09-07T06:00:00+02:00,52.229589,21.002991,8
2026-09-07T06:15:00+02:00,52.229714,21.002671,20
2026-09-07T06:30:00+02:00,52.229332,21.003359,22
2026-09-07T06:45:00+02:00,52.22921,21.003798,33
2026-09-07T07:00:00+02:00,52.229804,21.003063,31
2026-09-07T07:15:00+02:00,52.22922,21.00294,15
2026-09-07T07:30:00+02:00,52.229495,21.003427,24
2026-09-07T07:45:00+02:00,52.229587,21.002942,9
2026-09-07T08:00:00+02:00,52.229429,21.003348,22
2026-09-07T08:15:00+02:00,52.23002,21.002695,29
2026-09-07T08:30:00+02:00,52.229663,21.003192,10
2026-09-07T08:45:00+02:00,52.2296,21.003239,9
2026-09-07T09:00:00+02:00,52.229473,21.002824,17
2026-09-07T09:15:00+02:00,52.229464,21.002628,16
2026-09-07T09:30:00+02:00,52.229942,21.002944,27
2026-09-07T09:45:00+02:00,52.229469,21.00255,28
2026-09-07T10:00:00+02:00,52.229925,21.002956,27
2026-09-07T10:15:00+02:00,52.229564,21.002899,8
2026-09-07T10:30:00+02:00,52.229244,21.002392,31
2026-09-07T10:45:00+02:00,52.229639,21.002987,14
2026-09-07T11:00:00+02:00,52.229775,21.002937,14
2026-09-07T11:15:00+02:00,52.229581,21.003389,18
2026-09-07T11:30:00+02:00,52.229699,21.002924,9
2026-09-07T11:45:00+02:00,52.229032,21.003423,23
2026-09-07T12:00:00+02:00,52.22842,21.00361,32
2026-09-07T12:15:00+02:00,52.228814,21.003928,31
2026-09-07T12:30:00+02:00,52.228993,21.003265,32
2026-09-07T12:45:00+02:00,52.229529,21.002942,10
2026-09-07T13:00:00+02:00,52.229695,21.003033,12
2026-09-07T13:15:00+02:00,52.229517,21.002415,22
2026-09-07T13:30:00+02:00,52.229566,21.00292,30
2026-09-07T13:45:00+02:00,52.229625,21.003005,15
2026-09-07T14:00:00+02:00,52.229639,21.002537,25
2026-09-07T14:15:00+02:00,52.22945,21.0031,11
2026-09-07T14:30:00+02:00,52.229565,21.003026,9
2026-09-07T14:45:00+02:00,52.229532,21.00249,29
2026-09-07T15:00:00+02:00,52.22983,21.003393,29
2026-09-07T15:15:00+02:00,52.229504,21.002864,16
2026-09-07T15:30:00+02:00,52.229517,21.00208,35
2026-09-07T15:45:00+02:00,52.230147,21.002813,29
2026-09-07T16:00:00+02:00,52.22971,21.003159,24
2026-09-07T16:15:00+02:00,52.229264,21.002846,31
2026-09-07T16:30:00+02:00,52.229667,21.002967,23
2026-09-07T16:45:00+02:00,52.229636,21.002991,9
2026-09-07T17:00:00+02:00,52.229985,21.003386,33
2026-09-07T17:15:00+02:00,52.229685,21.002882,14
2026-09-07T17:30:00+02:00,52.229708,21.002932,16
2026-09-07T17:45:00+02:00,52.229413,21.002979,9
2026-09-07T18:00:00+02:00,52.229507,21.002997,19
2026-09-07T18:15:00+02:00,52.229296,21.003549,29
2026-09-07T18:30:00+02:00,52.229768,21.003071,21
2026-09-07T18:45:00+02:00,52.229531,21.002884,15
2026-09-07T19:00:00+02:00,52.229802,21.002227,27
2026-09-07T19:15:00+02:00,52.229544,21.002633,23
2026-09-07T19:30:00+02:00,52.230165,21.003298,31
2026-09-07T19:45:00+02:00,52.229607,21.002801,18
2026-09-07T20:00:00+02:00,52.230227,21.002983,34
2026-09-07T20:15:00+02:00,52.229671,21.003069,9
2026-09-07T20:30:00+02:00,52.229599,21.002976,15
2026-09-07T20:45:00+02:00,52.22985,21.003193,16
2026-09-07T21:00:00+02:00,52.22951,21.003304,35
2026-09-07T21:15:00+02:00,52.229518,21.003635,34
2026-09-07T21:30:00+02:00,52.229229,21.003027,20
2026-09-07T21:45:00+02:00,52.22979,21.00286,11
2026-09-07T22:00:00+02:00,52.229567,21.003309,10
2026-09-07T22:15:00+02:00,52.229615,21.003258,18
2026-09-07T22:30:00+02:00,52.22973,21.002772,19
2026-09-07T22:45:00+02:00,52.229605,21.002934,14
2026-09-07T23:00:00+02:00,52.229417,21.002606,27
2026-09-07T23:30:00+02:00,52.22966,21.003038,9
2026-09-07T23:45:00+02:00,52.229697,21.002808,32
2026-09-08T00:00:00+02:00,52.229558,21.003132,12
2026-09-08T00:15:00+02:00,52.22985,21.002709,30
2026-09-08T00:30:00+02:00,52.229728,21.002347,31
2026-09-08T00:45:00+02:00,52.229583,21.003251,12
2026-09-08T01:00:00+02:00,52.229733,21.002923,22
2026-09-08T01:15:00+02:00,52.229613,21.003252,24
2026-09-08T01:30:00+02:00,52.229236,21.003478,33
2026-09-08T01:45:00+02:00,52.229482,21.002195,33
2026-09-08T02:00:00+02:00,52.229484,21.003305,22
2026-09-08T02:15:00+02:00,52.22986,21.003042,27
2026-09-08T02:30:00+02:00,52.229756,21.003222,12
2026-09-08T02:45:00+02:00,52.229689,21.002825,12
2026-09-08T03:00:00+02:00,52.229489,21.002548,28
2026-09-08T03:15:00+02:00,52.229615,21.003012,14
2026-09-08T03:30:00+02:00,52.229682,21.003064,12
2026-09-08T03:45:00+02:00,52.22975,21.002683,32
2026-09-08T04:00:00+02:00,52.229567,21.003192,28
2026-09-08T04:30:00+02:00,52.229648,21.003196,28
2026-09-08T04:45:00+02:00,52.229145,21.003412,24
2026-09-08T05:00:00+02:00,52.230268,21.003185,25
2026-09-08T05:30:00+02:00,52.23014,21.002872,25
2026-09-08T05:45:00+02:00,52.229681,21.00355,21
2026-09-08T06:00:00+02:00,52.229632,21.002816,32
2026-09-08T06:15:00+02:00,52.229751,21.003004,33
2026-09-08T06:30:00+02:00,52.229484,21.00236,29
2026-09-08T06:45:00+02:00,52.229786,21.004325,32
2026-09-08T07:00:00+02:00,52.229293,21.002657,32
2026-09-08T07:15:00+02:00,52.229431,21.003146,17
2026-09-08T07:30:00+02:00,52.22957,21.003032,24
2026-09-08T07:45:00+02:00,52.229463,21.003401,17
2026-09-08T08:00:00+02:00,52.229505,21.00278,30
2026-09-08T08:15:00+02:00,52.232771,20.984361,24
2026-09-08T08:30:00+02:00,52.233426,20.984151,34
2026-09-08T08:45:00+02:00,52.232772,20.984434,10
2026-09-08T09:00:00+02:00,52.232781,20.98445,23
2026-09-08T09:15:00+02:00,52.232929,20.983915,28
2026-09-08T09:30:00+02:00,52.232575,20.984422,15
2026-09-08T09:45:00+02:00,52.232325,20.984567,30
2026-09-08T10:00:00+02:00,52.232709,20.984317,34
2026-09-08T10:15:00+02:00,52.232979,20.984665,29
2026-09-08T10:30:00+02:00,52.232579,20.983708,24
2026-09-08T10:45:00+02:00,52.232937,20.984599,17
2026-09-08T11:00:00+02:00,52.232641,20.984502,31
2026-09-08T11:15:00+02:00,52.232657,20.984633,13
2026-09-08T11:30:00+02:00,52.232792,20.984358,14
2026-09-08T11:45:00+02:00,52.232734,20.984945,30
2026-09-08T12:00:00+02:00,52.232619,20.984199,21
2026-09-08T12:15:00+02:00,52.232667,20.984081,20
2026-09-08T12:30:00+02:00,52.232759,20.984652,31
2026-09-08T12:45:00+02:00,52.232998,20.983785,28
2026-09-08T13:15:00+02:00,52.232951,20.984015,21
2026-09-08T13:30:00+02:00,52.232518,20.984784,28
2026-09-08T13:45:00+02:00,52.232766,20.983858,32
2026-09-08T14:00:00+02:00,52.232341,20.985041,27
2026-09-08T14:15:00+02:00,52.23302,20.984001,17
2026-09-08T14:30:00+02:00,52.232716,20.984043,24
2026-09-08T14:45:00+02:00,52.232487,20.983964,21
2026-09-08T15:00:00+02:00,52.232919,20.984613,26
2026-09-08T15:15:00+02:00,52.2327,20.984094,14
2026-09-08T15:30:00+02:00,52.233389,20.98424,30
2026-09-08T15:45:00+02:00,52.232786,20.984363,34
2026-09-08T16:00:00+02:00,52.232969,20.984568,11
2026-09-08T16:15:00+02:00,52.232934,20.983311,32
2026-09-08T16:30:00+02:00,52.232489,20.984228,22
2026-09-08T16:45:00+02:00,52.233001,20.984627,27
2026-09-08T17:00:00+02:00,52.23278,20.983737,25
2026-09-08T17:15:00+02:00,52.232703,20.984538,24
2026-09-08T17:30:00+02:00,52.232872,20.984318,14
2026-09-08T17:45:00+02:00,52.232466,20.984388,25
2026-09-08T18:00:00+02:00,52.229656,21.002892,21
2026-09-08T18:15:00+02:00,52.229553,21.002487,17
2026-09-08T18:30:00+02:00,52.229594,21.002805,14
2026-09-08T18:45:00+02:00,52.229148,21.003642,32
2026-09-08T19:00:00+02:00,52.229272,21.002651,31
2026-09-08T19:15:00+02:00,52.222831,21.008809,19
2026-09-08T19:30:00+02:00,52.223038,21.00892,32
2026-09-08T19:45:00+02:00,52.222963,21.009155,23
2026-09-08T20:00:00+02:00,52.222708,21.009183,14
2026-09-08T20:15:00+02:00,52.222426,21.009487,15
2026-09-08T20:30:00+02:00,52.22299,21.010232,35
2026-09-08T20:45:00+02:00,52.222761,21.009422,26
2026-09-08T21:00:00+02:00,52.222572,21.009349,30
2026-09-08T21:15:00+02:00,52.222697,21.008784,15
2026-09-08T21:30:00+02:00,52.222569,21.009113,10
2026-09-08T21:45:00+02:00,52.222603,21.009151,10
2026-09-08T22:00:00+02:00,52.222431,21.008485,34
2026-09-08T22:15:00+02:00,52.222173,21.009684,27
2026-09-08T22:30:00+02:00,52.222395,21.009028,28
2026-09-08T22:45:00+02:00,52.229627,21.003066,21
2026-09-08T23:00:00+02:00,52.229534,21.002946,34
2026-09-08T23:15:00+02:00,52.229691,21.003081,21
2026-09-08T23:30:00+02:00,52.229311,21.003507,33
2026-09-08T23:45:00+02:00,52.229687,21.003012,31
2026-09-09T00:00:00+02:00,52.229652,21.002856,8
2026-09-09T00:15:00+02:00,52.229542,21.002909,9
2026-09-09T00:30:00+02:00,52.22918,21.003271,30
2026-09-09T00:45:00+02:00,52.229627,21.002969,13
2026-09-09T01:00:00+02:00,52.22982,21.002607,9
2026-09-09T01:15:00+02:00,52.229681,21.002978,10
2026-09-09T01:30:00+02:00,52.229428,21.003137,23
2026-09-09T01:45:00+02:00,52.229632,21.002922,15
2026-09-09T02:00:00+02:00,52.229715,21.003093,11
2026-09-09T02:30:00+02:00,52.229607,21.003512,31
2026-09-09T02:45:00+02:00,52.22935,21.001975,29
2026-09-09T03:00:00+02:00,52.229552,21.002784,22
2026-09-09T03:15:00+02:00,52.229442,21.002923,18
2026-09-09T03:30:00+02:00,52.229408,21.003132,29
2026-09-09T03:45:00+02:00,52.229585,21.002857,18
2026-09-09T04:00:00+02:00,52.229774,21.003187,10
2026-09-09T04:15:00+02:00,52.229938,21.0029,19
2026-09-09T04:30:00+02:00,52.229283,21.003578,25
2026-09-09T04:45:00+02:00,52.229541,21.003326,13
2026-09-09T05:00:00+02:00,52.229665,21.003049,11
2026-09-09T05:15:00+02:00,52.229359,21.003126,12
2026-09-09T05:30:00+02:00,52.229692,21.003172,31
2026-09-09T05:45:00+02:00,52.229669,21.00315,20
2026-09-09T06:00:00+02:00,52.228883,21.003002,19
2026-09-09T06:15:00+02:00,52.229274,21.00343,29
2026-09-09T06:30:00+02:00,52.228759,21.003149,19
2026-09-09T06:45:00+02:00,52.228839,21.003292,9
2026-09-09T07:00:00+02:00,50.064379,19.945193,27
2026-09-09T07:15:00+02:00,50.064561,19.945812,29
2026-09-09T07:45:00+02:00,50.064579,19.945374,17
2026-09-09T08:00:00+02:00,50.064669,19.945389,13
2026-09-09T08:15:00+02:00,50.064595,19.945165,12
2026-09-09T08:30:00+02:00,50.064937,19.944735,13
2026-09-09T08:45:00+02:00,50.064716,19.944774,27
2026-09-09T09:00:00+02:00,50.065398,19.944424,31
2026-09-09T09:15:00+02:00,50.064741,19.944994,12
2026-09-09T09:30:00+02:00,50.064738,19.944853,9
2026-09-09T09:45:00+02:00,50.064607,19.944885,9
2026-09-09T10:00:00+02:00,50.064624,19.945086,31
2026-09-09T10:15:00+02:00,50.064554,19.944954,23
2026-09-09T10:30:00+02:00,50.064662,19.945242,25
2026-09-09T10:45:00+02:00,50.064657,19.944697,12
2026-09-09T11:00:00+02:00,50.064475,19.944948,23
2026-09-09T11:15:00+02:00,50.064698,19.945101,8
2026-09-09T11:30:00+02:00,50.064828,19.945554,18
2026-09-09T11:45:00+02:00,50.065344,19.944545,33
2026-09-09T12:00:00+02:00,50.064693,19.944787,26
2026-09-09T12:15:00+02:00,50.06472,19.945225,23
2026-09-09T12:30:00+02:00,50.064764,19.94466,33
2026-09-09T12:45:00+02:00,50.064718,19.945082,14
2026-09-09T13:00:00+02:00,50.064516,19.945177,19
2026-09-09T13:15:00+02:00,50.064691,19.945957,29
2026-09-09T13:30:00+02:00,50.064812,19.945547,23
2026-09-09T13:45:00+02:00,50.064616,19.9446,25
2026-09-09T14:00:00+02:00,50.064661,19.94476,33
2026-09-09T14:15:00+02:00,50.064428,19.94583,32
2026-09-09T14:30:00+02:00,50.064765,19.944294,31
2026-09-09T14:45:00+02:00,50.064718,19.945062,14
2026-09-09T15:00:00+02:00,50.064983,19.945211,30
2026-09-09T15:15:00+02:00,50.064645,19.944903,14
2026-09-09T15:30:00+02:00,50.064648,19.94464,23
2026-09-09T15:45:00+02:00,50.064687,19.945095,15
2026-09-09T16:00:00+02:00,50.064535,19.944965,21
2026-09-09T16:15:00+02:00,50.064821,19.944805,15
2026-09-09T16:30:00+02:00,50.065228,19.945183,32
2026-09-09T16:45:00+02:00,50.06443,19.945058,13
2026-09-09T17:00:00+02:00,50.064477,19.944846,15
2026-09-09T17:15:00+02:00,50.064374,19.945456,31
2026-09-09T17:30:00+02:00,50.064827,19.945565,34
2026-09-09T17:45:00+02:00,50.064785,19.945141,20
2026-09-09T18:00:00+02:00,50.064532,19.945029,34
2026-09-09T18:15:00+02:00,50.064855,19.945072,10
2026-09-09T18:30:00+02:00,50.064966,19.945524,32
2026-09-09T18:45:00+02:00,50.064791,19.945012,35
2026-09-09T19:00:00+02:00,50.064643,19.944764,16
2026-09-09T19:15:00+02:00,50.064635,19.944971,12
2026-09-09T19:30:00+02:00,50.064575,19.944692,19
2026-09-09T19:45:00+02:00,50.064767,19.9451,23
2026-09-09T20:00:00+02:00,50.064478,19.944924,25
2026-09-09T20:15:00+02:00,50.064708,19.945331,18
2026-09-09T20:30:00+02:00,50.064731,19.94507,12
2026-09-09T20:45:00+02:00,50.06463,19.945262,25
2026-09-09T21:00:00+02:00,50.064953,19.94465,26
2026-09-09T21:15:00+02:00,50.06456,19.944905,11
2026-09-09T21:30:00+02:00,50.064815,19.944842,15
2026-09-09T21:45:00+02:00,50.063873,19.945356,33
2026-09-09T22:00:00+02:00,50.064618,19.944627,19
2026-09-09T22:15:00+02:00,52.228936,21.003093,24
2026-09-09T22:30:00+02:00,52.229061,21.003395,11
2026-09-09T22:45:00+02:00,52.229004,21.00355,21
2026-09-09T23:00:00+02:00,52.229765,21.002984,17
2026-09-09T23:15:00+02:00,52.229386,21.003146,25
2026-09-09T23:30:00+02:00,52.229742,21.003116,10
2026-09-09T23:45:00+02:00,52.229642,21.003116,16
2026-09-10T00:00:00+02:00,52.229506,21.003866,32
2026-09-10T00:15:00+02:00,52.229554,21.003055,33
2026-09-10T00:30:00+02:00,52.229857,21.003325,31
2026-09-10T00:45:00+02:00,52.229566,21.002984,20
2026-09-10T01:00:00+02:00,52.229425,21.002742,26
2026-09-10T01:15:00+02:00,52.229657,21.002664,32
2026-09-10T01:45:00+02:00,52.229086,21.003292,27
2026-09-10T02:00:00+02:00,52.229559,21.002693,22
2026-09-10T02:15:00+02:00,52.229887,21.002839,29
2026-09-10T02:30:00+02:00,52.229499,21.002803,16
2026-09-10T02:45:00+02:00,52.229425,21.002861,34
2026-09-10T03:00:00+02:00,52.229205,21.002607,31
2026-09-10T03:15:00+02:00,52.229304,21.003165,20
2026-09-10T03:30:00+02:00,52.229239,21.002931,34
2026-09-10T03:45:00+02:00,52.229699,21.003107,16
2026-09-10T04:00:00+02:00,52.229976,21.002689,32
2026-09-10T04:15:00+02:00,52.229966,21.003075,23
2026-09-10T04:30:00+02:00,52.229844,21.003582,30
2026-09-10T04:45:00+02:00,52.229465,21.003203,19
2026-09-10T05:00:00+02:00,52.229523,21.00268,17
2026-09-10T05:15:00+02:00,52.229607,21.003252,9
2026-09-10T05:30:00+02:00,52.229935,21.003137,33
2026-09-10T05:45:00+02:00,52.230048,21.002667,30
2026-09-10T06:00:00+02:00,52.229414,21.002813,16
2026-09-10T06:15:00+02:00,52.229775,21.002932,29
2026-09-10T06:30:00+02:00,52.229491,21.002806,18
2026-09-10T06:45:00+02:00,52.230055,21.002956,31
2026-09-10T07:00:00+02:00,52.229798,21.003114,29
2026-09-10T07:15:00+02:00,52.22985,21.003242,13
2026-09-10T07:30:00+02:00,52.229721,21.003261,15
2026-09-10T07:45:00+02:00,52.226913,21.017705,25
2026-09-10T08:00:00+02:00,52.226896,21.017497,26
2026-09-10T08:15:00+02:00,52.227049,21.018239,35
2026-09-10T08:30:00+02:00,52.226541,21.018205,24
2026-09-10T08:45:00+02:00,52.227336,21.017463,32
2026-09-10T09:00:00+02:00,52.226854,21.017422,31
2026-09-10T09:15:00+02:00,52.229692,21.003106,11
2026-09-10T09:30:00+02:00,52.22992,21.002299,22
2026-09-10T09:45:00+02:00,52.229347,21.002782,11
2026-09-10T10:00:00+02:00,52.229612,21.002984,17
2026-09-10T10:15:00+02:00,52.229674,21.002837,32
2026-09-10T10:30:00+02:00,52.229372,21.002575,32
2026-09-10T10:45:00+02:00,52.229867,21.003209,34
2026-09-10T11:00:00+02:00,52.22932,21.003136,30
2026-09-10T11:15:00+02:00,52.229483,21.003347,31
2026-09-10T11:30:00+02:00,52.22995,21.003387,33
2026-09-10T11:45:00+02:00,52.229654,21.00335,33
2026-09-10T12:00:00+02:00,52.229931,21.002609,33
2026-09-10T12:15:00+02:00,52.229556,21.002786,11
2026-09-10T12:30:00+02:00,52.229453,21.002763,27
2026-09-10T12:45:00+02:00,52.229813,21.002365,19
2026-09-10T13:00:00+02:00,52.229729,21.00297,33
2026-09-10T13:15:00+02:00,52.229461,21.002838,34
2026-09-10T13:30:00+02:00,52.229582,21.002582,26
2026-09-10T13:45:00+02:00,52.22952,21.002978,19
2026-09-10T14:00:00+02:00,52.229601,21.002841,25
2026-09-10T14:15:00+02:00,52.229591,21.002676,21
2026-09-10T14:30:00+02:00,52.229884,21.002987,31
2026-09-10T14:45:00+02:00,52.230074,21.00255,26
2026-09-10T15:00:00+02:00,52.229696,21.002684,30
2026-09-10T15:15:00+02:00,52.229755,21.00307,14
2026-09-10T15:30:00+02:00,52.229653,21.002561,28
2026-09-10T15:45:00+02:00,52.229621,21.003274,30
2026-09-10T16:00:00+02:00,52.229429,21.002773,32
2026-09-10T16:15:00+02:00,52.229389,21.002924,24
2026-09-10T16:30:00+02:00,52.229493,21.003083,10
2026-09-10T16:45:00+02:00,52.229474,21.003079,17
2026-09-10T17:15:00+02:00,52.229652,21.003035,12
2026-09-10T17:30:00+02:00,52.229491,21.002943,10
2026-09-10T17:45:00+02:00,52.229628,21.003002,18
2026-09-10T18:00:00+02:00,52.229734,21.002796,29
2026-09-10T18:15:00+02:00,52.229729,21.003693,16
2026-09-10T18:30:00+02:00,52.229613,21.002679,28
2026-09-10T18:45:00+02:00,52.229941,21.002463,24
2026-09-10T19:00:00+02:00,52.229827,21.002989,11
2026-09-10T19:15:00+02:00,52.229452,21.00354,25
2026-09-10T19:30:00+02:00,52.229651,21.002852,13
2026-09-10T19:45:00+02:00,52.229497,21.003168,18
2026-09-10T20:00:00+02:00,52.22957,21.003009,13
2026-09-10T20:15:00+02:00,52.229606,21.002938,10
2026-09-10T20:30:00+02:00,52.229667,21.003294,14
2026-09-10T20:45:00+02:00,52.229763,21.002689,25
2026-09-10T21:00:00+02:00,52.229579,21.00313,31
2026-09-10T21:15:00+02:00,52.229508,21.002899,28
2026-09-10T21:30:00+02:00,52.229762,21.002637,32
2026-09-10T21:45:00+02:00,52.229463,21.003159,14
2026-09-10T22:00:00+02:00,52.229568,21.002889,13
2026-09-10T22:15:00+02:00,52.229766,21.003296,21
2026-09-10T22:30:00+02:00,52.229709,21.002997,14
2026-09-10T22:45:00+02:00,52.229614,21.00314,16
2026-09-10T23:00:00+02:00,52.229353,21.003337,16
2026-09-10T23:15:00+02:00,52.22963,21.003077,13
2026-09-10T23:30:00+02:00,52.229606,21.002622,21
2026-09-10T23:45:00+02:00,52.229601,21.002791,23
2026-09-11T00:00:00+02:00,52.229734,21.002823,18
2026-09-11T00:15:00+02:00,52.229642,21.003642,13
2026-09-11T00:30:00+02:00,52.229594,21.003076,9
2026-09-11T00:45:00+02:00,52.229577,21.002656,12
2026-09-11T01:00:00+02:00,52.229778,21.003285,24
2026-09-11T01:15:00+02:00,52.229654,21.002973,11
2026-09-11T01:45:00+02:00,52.229583,21.003136,17
2026-09-11T02:00:00+02:00,52.22958,21.003083,11
2026-09-11T02:15:00+02:00,52.229455,21.002645,18
2026-09-11T02:30:00+02:00,52.229794,21.002696,32
2026-09-11T02:45:00+02:00,52.229539,21.002531,34
2026-09-11T03:00:00+02:00,52.229384,21.00308,19
2026-09-11T03:15:00+02:00,52.229794,21.002785,28
2026-09-11T03:30:00+02:00,52.229637,21.002913,11
2026-09-11T03:45:00+02:00,52.229344,21.002044,30
2026-09-11T04:00:00+02:00,52.229781,21.002779,18
2026-09-11T04:15:00+02:00,52.229421,21.003065,16
2026-09-11T04:45:00+02:00,52.229698,21.002949,23
2026-09-11T05:00:00+02:00,52.229683,21.002966,25
2026-09-11T05:15:00+02:00,52.229581,21.003034,16
2026-09-11T05:30:00+02:00,52.229453,21.002232,27
2026-09-11T05:45:00+02:00,52.229628,21.003708,34
2026-09-11T06:00:00+02:00,52.229698,21.002959,13
2026-09-11T06:15:00+02:00,52.229654,21.002957,8
2026-09-11T06:30:00+02:00,52.229553,21.003207,19
2026-09-11T06:45:00+02:00,52.229325,21.003056,23
2026-09-11T07:00:00+02:00,52.229616,21.002672,13
2026-09-11T07:15:00+02:00,52.229216,21.002915,31
2026-09-11T07:30:00+02:00,52.229753,21.002888,22
2026-09-11T07:45:00+02:00,52.22966,21.002952,9
2026-09-11T08:00:00+02:00,52.229461,21.002802,10
2026-09-11T08:15:00+02:00,52.229431,21.003133,15
2026-09-11T08:30:00+02:00,52.229571,21.002829,29
2026-09-11T08:45:00+02:00,52.229219,21.003036,31
2026-09-11T09:00:00+02:00,52.229592,21.002701,14
2026-09-11T09:15:00+02:00,52.229869,21.002566,29
2026-09-11T09:30:00+02:00,52.229622,21.002865,14
2026-09-11T09:45:00+02:00,52.229621,21.002835,21
2026-09-11T10:00:00+02:00,52.229399,21.003477,15
2026-09-11T10:15:00+02:00,52.229542,21.002655,14
2026-09-11T10:30:00+02:00,52.229867,21.003235,27
2026-09-11T10:45:00+02:00,52.229667,21.003048,19
2026-09-11T11:00:00+02:00,52.229457,21.002831,10
2026-09-11T11:15:00+02:00,52.230209,21.00266,26
2026-09-11T11:30:00+02:00,52.229612,21.00309,10
2026-09-11T11:45:00+02:00,52.229296,21.003404,21
2026-09-11T12:00:00+02:00,52.229668,21.003107,32
2026-09-11T12:15:00+02:00,52.229492,21.003313,16
2026-09-11T12:30:00+02:00,52.229407,21.002375,34
2026-09-11T12:45:00+02:00,52.229697,21.002957,20
2026-09-11T13:00:00+02:00,52.229703,21.003061,11
2026-09-11T13:15:00+02:00,52.229611,21.003049,23
2026-09-11T13:30:00+02:00,52.229553,21.003538,28
2026-09-11T13:45:00+02:00,52.229716,21.002754,25
2026-09-11T14:00:00+02:00,52.229442,21.002782,31
2026-09-11T14:15:00+02:00,52.229557,21.003116,11
2026-09-11T14:30:00+02:00,52.165519,20.967057,19
2026-09-11T14:45:00+02:00,52.16569,20.967304,16
2026-09-11T15:00:00+02:00,52.165458,20.966832,16
2026-09-11T15:15:00+02:00,52.165874,20.966594,27
2026-09-11T17:00:00+02:00,52.538958,13.424561,9
2026-09-11T17:15:00+02:00,52.538766,13.423814,25
2026-09-11T17:30:00+02:00,52.53901,13.423195,34
2026-09-11T17:45:00+02:00,52.538786,13.424335,9
2026-09-11T18:00:00+02:00,52.538407,13.424207,29
2026-09-11T18:15:00+02:00,52.538991,13.423959,26
2026-09-11T18:30:00+02:00,52.538727,13.424555,28
2026-09-11T18:45:00+02:00,52.53924,13.423829,30
2026-09-11T19:00:00+02:00,52.538731,13.423379,33
2026-09-11T19:15:00+02:00,52.538643,13.424618,30
2026-09-11T19:30:00+02:00,52.538805,13.423956,11
2026-09-11T19:45:00+02:00,52.538892,13.42427,16
2026-09-11T20:00:00+02:00,52.538617,13.423963,24
2026-09-11T20:15:00+02:00,52.539041,13.424085,27
2026-09-11T20:30:00+02:00,52.538725,13.424343,23
2026-09-11T20:45:00+02:00,52.538787,13.424608,32
2026-09-11T21:00:00+02:00,52.53884,13.424396,18
2026-09-11T21:15:00+02:00,52.538797,13.424383,12
2026-09-11T21:30:00+02:00,52.53896,13.424056,25
2026-09-11T21:45:00+02:00,52.538793,13.424294,15
2026-09-11T22:00:00+02:00,52.538815,13.42475,27
2026-09-11T22:15:00+02:00,52.538792,13.424644,21
2026-09-11T22:30:00+02:00,52.538507,13.424297,19
2026-09-11T22:45:00+02:00,52.538914,13.424483,11
2026-09-11T23:00:00+02:00,52.538842,13.424367,10
2026-09-11T23:15:00+02:00,52.538194,13.424245,32
2026-09-11T23:30:00+02:00,52.538881,13.424703,24
2026-09-12T00:00:00+02:00,52.538901,13.423906,19
2026-09-12T00:15:00+02:00,52.538707,13.424501,34
2026-09-12T00:30:00+02:00,52.538803,13.424287,14
2026-09-12T00:45:00+02:00,52.539041,13.424268,29
2026-09-12T01:00:00+02:00,52.539055,13.42554,27
2026-09-12T01:15:00+02:00,52.538356,13.423923,28
2026-09-12T01:30:00+02:00,52.538633,13.424265,28
2026-09-12T01:45:00+02:00,52.538586,13.4241,33
2026-09-12T02:00:00+02:00,52.538651,13.424577,8
2026-09-12T02:15:00+02:00,52.538284,13.424178,33
2026-09-12T02:30:00+02:00,52.539031,13.424503,18
2026-09-12T02:45:00+02:00,52.538433,13.424603,35
2026-09-12T03:00:00+02:00,52.53874,13.424126,10
2026-09-12T03:15:00+02:00,52.538728,13.424556,12
2026-09-12T03:30:00+02:00,52.538905,13.424396,11
2026-09-12T03:45:00+02:00,52.538599,13.424558,20
2026-09-12T04:00:00+02:00,52.538578,13.42439,20
2026-09-12T04:15:00+02:00,52.538689,13.424551,20
2026-09-12T04:45:00+02:00,52.538951,13.423842,20
2026-09-12T05:00:00+02:00,52.538716,13.42418,22
2026-09-12T05:15:00+02:00,52.538862,13.424325,12
2026-09-12T05:30:00+02:00,52.538502,13.42374,31
2026-09-12T05:45:00+02:00,52.538817,13.424315,23
2026-09-12T06:00:00+02:00,52.538579,13.42543,29
2026-09-12T06:15:00+02:00,52.538811,13.424372,14
2026-09-12T06:30:00+02:00,52.538749,13.424387,33
2026-09-12T06:45:00+02:00,52.538847,13.423934,27
2026-09-12T07:00:00+02:00,52.538739,13.424518,14
2026-09-12T07:15:00+02:00,52.538911,13.424246,16
2026-09-12T07:30:00+02:00,52.53877,13.424609,21
2026-09-12T07:45:00+02:00,52.539349,13.424448,33
2026-09-12T08:00:00+02:00,52.538713,13.42423,34
2026-09-12T08:15:00+02:00,52.53868,13.423636,25
2026-09-12T08:30:00+02:00,52.538998,13.424396,15
2026-09-12T08:45:00+02:00,52.538955,13.424467,25
2026-09-12T09:00:00+02:00,52.538649,13.424581,23
2026-09-12T09:15:00+02:00,52.53888,13.424524,13
2026-09-12T09:30:00+02:00,52.538767,13.424257,25
2026-09-12T09:45:00+02:00,52.538551,13.424528,12
2026-09-12T10:00:00+02:00,52.538856,13.424442,13
2026-09-12T10:15:00+02:00,52.538791,13.425218,29
2026-09-12T10:30:00+02:00,52.53855,13.424134,32
2026-09-12T10:45:00+02:00,52.539015,13.424238,15
2026-09-12T11:00:00+02:00,52.539027,13.424382,24
2026-09-12T11:15:00+02:00,52.538775,13.424841,24
2026-09-12T11:30:00+02:00,52.538696,13.42438,19
2026-09-12T11:45:00+02:00,52.538446,13.42434,28
2026-09-12T12:00:00+02:00,52.538954,13.424532,9
2026-09-12T12:15:00+02:00,52.538806,13.424951,25
2026-09-12T12:30:00+02:00,52.53869,13.423956,16
2026-09-12T12:45:00+02:00,52.538769,13.424406,15
2026-09-12T13:00:00+02:00,52.53874,13.424758,13
2026-09-12T13:15:00+02:00,52.538887,13.424375,10
2026-09-12T13:30:00+02:00,52.538928,13.424343,23
2026-09-12T13:45:00+02:00,52.538869,13.424426,16
2026-09-12T14:00:00+02:00,52.538655,13.42465,11
2026-09-12T14:15:00+02:00,52.538735,13.42404,21
2026-09-12T14:30:00+02:00,52.53917,13.424519,35
2026-09-12T14:45:00+02:00,52.53884,13.424944,22
2026-09-12T15:00:00+02:00,52.538484,13.424418,22
2026-09-12T15:15:00+02:00,52.53868,13.424566,27
2026-09-12T15:30:00+02:00,52.538648,13.423961,35
2026-09-12T15:45:00+02:00,52.538762,13.424722,31
2026-09-12T16:00:00+02:00,52.538299,13.423913,32
2026-09-12T16:15:00+02:00,52.538713,13.42437,10
2026-09-12T16:30:00+02:00,52.538273,13.423922,27
2026-09-12T16:45:00+02:00,52.538968,13.424186,20
2026-09-12T17:00:00+02:00,52.539035,13.424602,11
2026-09-12T17:15:00+02:00,52.538414,13.424782,29
2026-09-12T17:30:00+02:00,52.538555,13.424207,21
2026-09-12T17:45:00+02:00,52.539586,13.424368,34
2026-09-12T18:00:00+02:00,52.538529,13.424082,22
2026-09-12T18:15:00+02:00,52.538669,13.424488,11
2026-09-12T18:30:00+02:00,52.538986,13.424774,23
2026-09-12T18:45:00+02:00,52.538714,13.424225,18
2026-09-12T19:00:00+02:00,52.538611,13.424461,35
2026-09-12T19:15:00+02:00,52.538149,13.424482,30
2026-09-12T19:30:00+02:00,52.538796,13.424471,23
2026-09-12T19:45:00+02:00,52.538865,13.424619,16
2026-09-12T20:00:00+02:00,52.539071,13.42438,28
2026-09-12T20:15:00+02:00,52.538635,13.425089,27
2026-09-12T20:30:00+02:00,52.538805,13.424138,20
2026-09-12T20:45:00+02:00,52.538896,13.424577,29
2026-09-12T21:00:00+02:00,52.538614,13.424955,33
2026-09-12T21:15:00+02:00,52.53883,13.424468,11
2026-09-12T21:30:00+02:00,52.538818,13.425181,20
2026-09-12T21:45:00+02:00,52.538865,13.424298,32
2026-09-12T22:00:00+02:00,52.538841,13.423848,24
2026-09-12T22:15:00+02:00,52.538554,13.424661,23
2026-09-12T22:30:00+02:00,52.538645,13.424497,24
2026-09-12T22:45:00+02:00,52.539044,13.423937,26
2026-09-12T23:00:00+02:00,52.538867,13.424293,17
2026-09-12T23:15:00+02:00,52.53886,13.424814,16
2026-09-12T23:30:00+02:00,52.538759,13.424447,9
2026-09-12T23:45:00+02:00,52.538851,13.424312,16
2026-09-13T00:00:00+02:00,52.538883,13.424864,15
2026-09-13T00:15:00+02:00,52.538948,13.424854,23
2026-09-13T00:30:00+02:00,52.538541,13.424448,29
2026-09-13T00:45:00+02:00,52.539255,13.425073,35
2026-09-13T01:00:00+02:00,52.538745,13.424523,11
2026-09-13T01:15:00+02:00,52.538947,13.424418,19
2026-09-13T01:30:00+02:00,52.538799,13.424215,28
2026-09-13T01:45:00+02:00,52.538835,13.424622,13
2026-09-13T02:00:00+02:00,52.538816,13.424277,8
2026-09-13T02:15:00+02:00,52.538729,13.423861,29
2026-09-13T02:30:00+02:00,52.538763,13.424501,11
2026-09-13T02:45:00+02:00,52.53878,13.424624,14
2026-09-13T03:00:00+02:00,52.538867,13.424528,13
2026-09-13T03:15:00+02:00,52.539145,13.423882,16
2026-09-13T03:30:00+02:00,52.538751,13.424823,18
2026-09-13T03:45:00+02:00,52.538875,13.424472,10
2026-09-13T04:00:00+02:00,52.538844,13.424524,22
2026-09-13T04:15:00+02:00,52.539052,13.424275,28
2026-09-13T04:30:00+02:00,52.538829,13.424205,12
2026-09-13T04:45:00+02:00,52.538618,13.424634,24
2026-09-13T05:00:00+02:00,52.53871,13.424643,28
2026-09-13T05:15:00+02:00,52.539067,13.425096,30
2026-09-13T05:30:00+02:00,52.538947,13.424248,24
2026-09-13T05:45:00+02:00,52.539091,13.424004,26
2026-09-13T06:00:00+02:00,52.538896,13.424227,21
2026-09-13T06:15:00+02:00,52.538755,13.42429,23
2026-09-13T06:30:00+02:00,52.538938,13.424628,34
2026-09-13T06:45:00+02:00,52.538503,13.424794,30
2026-09-13T07:00:00+02:00,52.538354,13.424273,30
2026-09-13T07:15:00+02:00,52.538792,13.425042,20
2026-09-13T07:30:00+02:00,52.539096,13.424261,15
2026-09-13T07:45:00+02:00,52.538716,13.423537,24
2026-09-13T08:00:00+02:00,52.538817,13.424302,10
2026-09-13T08:15:00+02:00,52.538738,13.424411,8
2026-09-13T08:30:00+02:00,52.538648,13.424349,31
2026-09-13T08:45:00+02:00,52.538741,13.424342,8
2026-09-13T09:00:00+02:00,52.5389,13.424416,9
2026-09-13T09:15:00+02:00,52.538637,13.424718,14
2026-09-13T09:30:00+02:00,52.539007,13.42443,32
2026-09-13T09:45:00+02:00,52.538359,13.424465,21
2026-09-13T10:00:00+02:00,52.538844,13.424212,34
2026-09-13T10:15:00+02:00,52.538998,13.424355,9
2026-09-13T10:30:00+02:00,52.538948,13.424362,22
2026-09-13T10:45:00+02:00,52.5388,13.424706,20
2026-09-13T11:00:00+02:00,52.538854,13.424299,17
2026-09-13T11:15:00+02:00,52.538731,13.424731,22
2026-09-13T11:30:00+02:00,52.538319,13.424229,33
2026-09-13T11:45:00+02:00,52.538696,13.424627,29
2026-09-13T12:00:00+02:00,52.538825,13.424323,19
2026-09-13T12:15:00+02:00,52.539016,13.424643,35
2026-09-13T12:30:00+02:00,52.53872,13.423803,22
2026-09-13T12:45:00+02:00,52.538804,13.424856,25
2026-09-13T13:00:00+02:00,52.538808,13.423848,21
2026-09-13T13:15:00+02:00,52.538672,13.424598,19
2026-09-13T13:30:00+02:00,52.538787,13.425267,19
2026-09-13T13:45:00+02:00,52.538634,13.424575,32
2026-09-13T14:00:00+02:00,52.538688,13.425391,29
2026-09-13T14:15:00+02:00,52.53879,13.424018,18
2026-09-13T14:30:00+02:00,52.538992,13.424018,24
2026-09-13T15:00:00+02:00,52.538852,13.424534,12
2026-09-13T15:15:00+02:00,52.538867,13.424503,10
2026-09-13T15:30:00+02:00,52.539068,13.424564,16
2026-09-13T15:45:00+02:00,52.538758,13.424431,15
2026-09-13T16:00:00+02:00,52.539067,13.424446,25
2026-09-13T16:15:00+02:00,52.53885,13.424603,17
2026-09-13T16:30:00+02:00,52.538306,13.424498,26
2026-09-13T16:45:00+02:00,52.538985,13.424546,13
2026-09-13T17:00:00+02:00,52.538648,13.424451,17
2026-09-13T17:15:00+02:00,52.538651,13.424517,14
2026-09-13T17:30:00+02:00,52.538874,13.4241,19
2026-09-13T17:45:00+02:00,52.539026,13.424198,26
2026-09-13T18:00:00+02:00,52.53872,13.425183,34
2026-09-13T18:15:00+02:00,52.538823,13.424254,15
2026-09-13T18:30:00+02:00,52.538758,13.424341,30
2026-09-13T19:15:00+02:00,52.538799,13.424513,19
2026-09-13T19:30:00+02:00,52.538617,13.423955,28
2026-09-13T19:45:00+02:00,52.538909,13.424399,12
2026-09-13T20:00:00+02:00,52.538646,13.424803,19
2026-09-13T21:45:00+02:00,52.16585,20.967257,20
2026-09-13T22:00:00+02:00,52.165864,20.966818,16
2026-09-13T22:15:00+02:00,52.165462,20.967189,29
2026-09-13T22:30:00+02:00,52.229782,21.002913,10
2026-09-13T22:45:00+02:00,52.229477,21.002933,19
2026-09-13T23:00:00+02:00,52.229609,21.002839,34
2026-09-13T23:15:00+02:00,52.229553,21.003109,9
2026-09-13T23:30:00+02:00,52.229589,21.002909,11
2026-09-13T23:45:00+02:00,52.229401,21.002939,28
2026-09-14T00:00:00+02:00,52.229365,21.002665,33
2026-09-14T00:15:00+02:00,52.229974,21.003186,13
2026-09-14T00:30:00+02:00,52.229431,21.002855,9
2026-09-14T00:45:00+02:00,52.229604,21.002591,21
2026-09-14T01:00:00+02:00,52.229691,21.003799,28
2026-09-14T01:15:00+02:00,52.229489,21.002837,23
2026-09-14T01:30:00+02:00,52.229601,21.003012,10
2026-09-14T01:45:00+02:00,52.229513,21.003128,23
2026-09-14T02:00:00+02:00,52.22921,21.003443,32
2026-09-14T02:15:00+02:00,52.229505,21.002999,19
2026-09-14T02:30:00+02:00,52.229517,21.003448,18
2026-09-14T02:45:00+02:00,52.22911,21.002844,34
2026-09-14T03:00:00+02:00,52.229561,21.003251,29
2026-09-14T03:15:00+02:00,52.229579,21.002681,14
2026-09-14T03:30:00+02:00,52.229766,21.003122,25
2026-09-14T03:45:00+02:00,52.229412,21.002979,29
2026-09-14T04:00:00+02:00,52.229542,21.003034,17
2026-09-14T04:15:00+02:00,52.22958,21.002946,16
2026-09-14T04:30:00+02:00,52.229568,21.002926,20
2026-09-14T04:45:00+02:00,52.230214,21.003121,28
2026-09-14T05:00:00+02:00,52.229155,21.003027,20
2026-09-14T05:15:00+02:00,52.229711,21.003389,25
2026-09-14T05:30:00+02:00,52.229918,21.002512,24
2026-09-14T05:45:00+02:00,52.229615,21.002984,11
2026-09-14T06:00:00+02:00,52.229496,21.003111,20
2026-09-14T06:15:00+02:00,52.229345,21.003074,21
2026-09-14T06:30:00+02:00,52.229437,21.003026,11
2026-09-14T06:45:00+02:00,52.229974,21.00304,13
2026-09-14T07:00:00+02:00,52.229629,21.002795,15
2026-09-14T07:15:00+02:00,52.229486,21.003747,20
2026-09-14T07:30:00+02:00,52.229525,21.003126,9
2026-09-14T07:45:00+02:00,52.229521,21.003277,15
2026-09-14T08:00:00+02:00,52.229128,21.002901,28
2026-09-14T08:15:00+02:00,52.232934,20.984056,17
2026-09-14T08:30:00+02:00,52.232891,20.983109,28
2026-09-14T08:45:00+02:00,52.232701,20.984565,30
2026-09-14T09:00:00+02:00,52.232762,20.984237,8
2026-09-14T09:15:00+02:00,52.23284,20.984553,11
2026-09-14T09:30:00+02:00,52.232844,20.984319,9
2026-09-14T09:45:00+02:00,52.233132,20.98446,30
2026-09-14T10:00:00+02:00,52.232613,20.984476,14
2026-09-14T10:15:00+02:00,52.232902,20.984629,17
2026-09-14T10:30:00+02:00,52.2333,20.983434,34
2026-09-14T10:45:00+02:00,52.232917,20.984288,10
2026-09-14T11:00:00+02:00,52.233298,20.98459,28
2026-09-14T11:15:00+02:00,52.232839,20.984509,24
2026-09-14T11:30:00+02:00,52.232821,20.984109,9
2026-09-14T11:45:00+02:00,52.232954,20.984656,34
2026-09-14T12:00:00+02:00,52.232944,20.983709,22
2026-09-14T12:15:00+02:00,52.232975,20.984264,24
2026-09-14T12:30:00+02:00,52.232806,20.984801,31
2026-09-14T12:45:00+02:00,52.232732,20.984124,18
2026-09-14T13:00:00+02:00,52.232681,20.98417,15
2026-09-14T13:15:00+02:00,52.232971,20.98427,21
2026-09-14T13:30:00+02:00,52.232659,20.98436,34
2026-09-14T13:45:00+02:00,52.232735,20.984192,35
2026-09-14T14:00:00+02:00,52.232875,20.983769,32
2026-09-14T14:15:00+02:00,52.232531,20.984193,23
2026-09-14T14:30:00+02:00,52.233455,20.984315,33
2026-09-14T14:45:00+02:00,52.23282,20.984401,8
2026-09-14T15:00:00+02:00,52.232753,20.984356,24
2026-09-14T15:15:00+02:00,52.23257,20.984243,17
2026-09-14T15:30:00+02:00,52.232646,20.984903,33
2026-09-14T15:45:00+02:00,52.232826,20.984675,25
2026-09-14T16:00:00+02:00,52.232815,20.98401,27
2026-09-14T16:15:00+02:00,52.232864,20.984796,29
2026-09-14T16:30:00+02:00,52.232768,20.98464,12
2026-09-14T16:45:00+02:00,52.232832,20.983912,30
2026-09-14T17:00:00+02:00,52.232945,20.984405,17
2026-09-14T17:15:00+02:00,52.233014,20.984456,22
2026-09-14T17:30:00+02:00,52.232839,20.984979,30
2026-09-14T17:45:00+02:00,52.232432,20.984426,22
2026-09-14T18:00:00+02:00,52.232481,20.98469,25
2026-09-14T18:15:00+02:00,52.229556,21.003203,15
2026-09-14T18:30:00+02:00,52.229221,21.002852,25
2026-09-14T18:45:00+02:00,52.229485,21.003028,18
2026-09-14T19:00:00+02:00,52.229157,21.002888,27
2026-09-14T19:15:00+02:00,52.22962,21.003144,10
2026-09-14T19:30:00+02:00,52.229956,21.002734,20
2026-09-14T19:45:00+02:00,52.229682,21.002888,28
2026-09-14T20:00:00+02:00,52.229262,21.003524,25
2026-09-14T20:15:00+02:00,52.229668,21.003256,14
2026-09-14T20:30:00+02:00,52.229285,21.002977,22
2026-09-14T20:45:00+02:00,52.22895,21.003506,34
2026-09-14T21:00:00+02:00,52.229759,21.003035,29
2026-09-14T21:15:00+02:00,52.229418,21.003348,35
2026-09-14T21:30:00+02:00,52.229426,21.003397,31
2026-09-14T22:00:00+02:00,52.229694,21.002684,19
2026-09-14T22:15:00+02:00,52.229406,21.003477,35
2026-09-14T22:30:00+02:00,52.229708,21.002841,12
2026-09-14T22:45:00+02:00,52.229464,21.003291,17
2026-09-14T23:00:00+02:00,52.229574,21.003088,9
2026-09-14T23:15:00+02:00,52.229399,21.003464,20
2026-09-14T23:30:00+02:00,52.229706,21.003447,22
2026-09-14T23:45:00+02:00,52.229393,21.003181,24
2026-09-15T00:00:00+02:00,52.229731,21.002712,18
2026-09-15T00:15:00+02:00,52.22957,21.003001,14
2026-09-15T00:30:00+02:00,52.229571,21.003146,19
2026-09-15T00:45:00+02:00,52.229782,21.00307,33
2026-09-15T01:15:00+02:00,52.22957,21.00262,21
2026-09-15T01:30:00+02:00,52.229629,21.002956,10
2026-09-15T01:45:00+02:00,52.229605,21.00303,12
2026-09-15T02:00:00+02:00,52.229797,21.002992,20
2026-09-15T02:15:00+02:00,52.229223,21.002683,15
2026-09-15T02:30:00+02:00,52.229932,21.003078,25
2026-09-15T02:45:00+02:00,52.229574,21.003237,18
2026-09-15T03:00:00+02:00,52.229771,21.003771,31
2026-09-15T03:15:00+02:00,52.229393,21.002833,19
2026-09-15T03:30:00+02:00,52.22945,21.003778,30
2026-09-15T03:45:00+02:00,52.229542,21.003197,13
2026-09-15T04:00:00+02:00,52.229867,21.003472,24
2026-09-15T04:15:00+02:00,52.229522,21.003063,16
2026-09-15T04:30:00+02:00,52.229871,21.003334,15
2026-09-15T04:45:00+02:00,52.229819,21.004664,35
2026-09-15T05:00:00+02:00,52.229947,21.002607,24
2026-09-15T05:15:00+02:00,52.229569,21.003102,15
2026-09-15T05:30:00+02:00,52.229688,21.003117,28
2026-09-15T05:45:00+02:00,52.229769,21.003216,27
2026-09-15T06:00:00+02:00,52.229519,21.002693,12
2026-09-15T06:15:00+02:00,52.229276,21.002139,23
2026-09-15T06:30:00+02:00,52.16562,20.967103,20
2026-09-15T06:45:00+02:00,52.165129,20.967,34
2026-09-15T07:00:00+02:00,52.165754,20.96696,20
2026-09-15T07:15:00+02:00,52.165811,20.966903,12
2026-09-15T09:00:00+02:00,50.842784,4.382254,29
2026-09-15T09:15:00+02:00,50.842882,4.383203,17
2026-09-15T09:30:00+02:00,50.842977,4.383237,32
2026-09-15T09:45:00+02:00,50.843062,4.383095,16
2026-09-15T10:00:00+02:00,50.843143,4.382853,8
2026-09-15T10:15:00+02:00,50.842899,4.382791,28
2026-09-15T10:30:00+02:00,50.842937,4.383537,16
2026-09-15T10:45:00+02:00,50.842811,4.38281,29
2026-09-15T11:00:00+02:00,50.842831,4.382823,16
2026-09-15T11:15:00+02:00,50.843111,4.383187,22
2026-09-15T11:30:00+02:00,50.843052,4.382991,8
2026-09-15T11:45:00+02:00,50.842957,4.383026,16
2026-09-15T12:00:00+02:00,50.842755,4.383397,21
2026-09-15T12:15:00+02:00,50.843058,4.383088,12
2026-09-15T12:30:00+02:00,50.842484,4.382801,28
2026-09-15T12:45:00+02:00,50.843038,4.38251,27
2026-09-15T13:00:00+02:00,50.843046,4.383244,32
2026-09-15T13:15:00+02:00,50.843098,4.382999,9
2026-09-15T13:30:00+02:00,50.842871,4.383009,8
2026-09-15T13:45:00+02:00,50.843193,4.382827,24
2026-09-15T14:00:00+02:00,50.842868,4.38299,11
2026-09-15T14:15:00+02:00,50.842899,4.38339,19
2026-09-15T14:30:00+02:00,50.843088,4.382903,27
2026-09-15T15:00:00+02:00,50.842952,4.383769,19
2026-09-15T15:15:00+02:00,50.843069,4.38256,23
2026-09-15T15:30:00+02:00,50.842894,4.382398,28
2026-09-15T15:45:00+02:00,50.842958,4.383179,21
2026-09-15T16:00:00+02:00,50.843274,4.382502,27
2026-09-15T16:15:00+02:00,50.843107,4.383458,17
2026-09-15T16:30:00+02:00,50.84294,4.382884,9
2026-09-15T16:45:00+02:00,50.843037,4.383189,16
2026-09-15T17:00:00+02:00,50.842715,4.382756,14
2026-09-15T17:15:00+02:00,50.843058,4.382608,32
2026-09-15T17:30:00+02:00,50.843041,4.383161,18
2026-09-15T17:45:00+02:00,50.842791,4.383061,30
2026-09-15T18:00:00+02:00,50.842639,4.383201,26
2026-09-15T18:15:00+02:00,50.842562,4.381959,34
2026-09-15T18:30:00+02:00,50.842855,4.382857,29
2026-09-15T18:45:00+02:00,50.842915,4.383001,19
2026-09-15T19:00:00+02:00,50.843144,4.383278,19
2026-09-15T19:15:00+02:00,50.843402,4.382485,30
2026-09-15T19:30:00+02:00,50.843181,4.382845,18
2026-09-15T19:45:00+02:00,50.842886,4.38301,10
2026-09-15T20:00:00+02:00,50.842997,4.383497,16
2026-09-15T20:15:00+02:00,50.843346,4.383036,25
2026-09-15T20:30:00+02:00,50.843254,4.382152,28
2026-09-15T20:45:00+02:00,50.842974,4.38311,27
2026-09-15T21:00:00+02:00,50.84301,4.382755,15
2026-09-15T21:15:00+02:00,50.843689,4.381784,27
2026-09-15T21:30:00+02:00,50.842889,4.383091,15
2026-09-15T21:45:00+02:00,50.842956,4.383194,25
2026-09-15T22:00:00+02:00,50.84287,4.382681,33
2026-09-15T22:15:00+02:00,50.842824,4.383111,30
2026-09-15T22:30:00+02:00,50.842567,4.38309,28
2026-09-15T22:45:00+02:00,50.842992,4.382833,9
2026-09-15T23:00:00+02:00,50.843092,4.382842,9
2026-09-15T23:15:00+02:00,50.842996,4.383054,9
2026-09-15T23:30:00+02:00,50.843094,4.3833,10
2026-09-15T23:45:00+02:00,50.842868,4.383119,30
2026-09-16T00:00:00+02:00,50.843124,4.383038,17
2026-09-16T00:30:00+02:00,50.842983,4.382934,12
2026-09-16T01:00:00+02:00,50.842949,4.382717,30
2026-09-16T01:15:00+02:00,50.843154,4.382817,19
2026-09-16T01:30:00+02:00,50.842747,4.382238,26
2026-09-16T01:45:00+02:00,50.842863,4.38244,26
2026-09-16T02:00:00+02:00,50.84294,4.382892,11
2026-09-16T02:15:00+02:00,50.842928,4.383134,12
2026-09-16T02:30:00+02:00,50.843144,4.382936,11
2026-09-16T02:45:00+02:00,50.843064,4.383095,12
2026-09-16T03:00:00+02:00,50.843178,4.382748,27
2026-09-16T03:15:00+02:00,50.84314,4.383055,28
2026-09-16T03:30:00+02:00,50.842816,4.382649,28
2026-09-16T03:45:00+02:00,50.843362,4.384271,31
2026-09-16T04:00:00+02:00,50.84297,4.38261,17
2026-09-16T04:15:00+02:00,50.842628,4.382401,27
2026-09-16T04:30:00+02:00,50.842621,4.383005,34
2026-09-16T04:45:00+02:00,50.84282,4.382983,12
2026-09-16T05:15:00+02:00,50.842795,4.383369,27
2026-09-16T05:30:00+02:00,50.84277,4.382927,25
2026-09-16T05:45:00+02:00,50.842958,4.382603,14
2026-09-16T06:15:00+02:00,50.842993,4.383203,19
2026-09-16T06:30:00+02:00,50.84308,4.383373,25
2026-09-16T06:45:00+02:00,50.843097,4.382778,23
2026-09-16T07:00:00+02:00,50.842784,4.382969,14
2026-09-16T07:15:00+02:00,50.842872,4.383623,25
2026-09-16T07:30:00+02:00,50.843111,4.382915,8
2026-09-16T07:45:00+02:00,50.842885,4.382807,20
2026-09-16T08:00:00+02:00,50.842818,4.383079,24
2026-09-16T08:15:00+02:00,50.842803,4.382401,27
2026-09-16T08:30:00+02:00,50.843069,4.383183,12
2026-09-16T08:45:00+02:00,50.843114,4.382842,9
2026-09-16T09:00:00+02:00,50.843585,4.383373,29
2026-09-16T09:15:00+02:00,50.843024,4.382926,24
2026-09-16T09:30:00+02:00,50.843047,4.383184,21
2026-09-16T09:45:00+02:00,50.842896,4.382836,8
2026-09-16T10:00:00+02:00,50.843362,4.383515,22
2026-09-16T10:15:00+02:00,50.843118,4.383213,18
2026-09-16T10:30:00+02:00,50.842942,4.383,19
2026-09-16T10:45:00+02:00,50.84291,4.383135,19
2026-09-16T11:00:00+02:00,50.842978,4.383205,10
2026-09-16T11:15:00+02:00,50.843713,4.382886,29
2026-09-16T11:30:00+02:00,50.843249,4.382446,19
2026-09-16T11:45:00+02:00,50.843386,4.382884,30
2026-09-16T12:00:00+02:00,50.843091,4.382981,20
2026-09-16T12:15:00+02:00,50.843363,4.382863,31
2026-09-16T12:30:00+02:00,50.843082,4.383059,14
2026-09-16T12:45:00+02:00,50.842784,4.382896,21
2026-09-16T13:00:00+02:00,50.843064,4.382898,24
2026-09-16T13:15:00+02:00,50.842942,4.38295,15
2026-09-16T13:30:00+02:00,50.842899,4.383556,29
2026-09-16T13:45:00+02:00,50.842883,4.383615,28
2026-09-16T14:00:00+02:00,50.84328,4.382914,16
2026-09-16T14:15:00+02:00,50.842885,4.382735,12
2026-09-16T14:30:00+02:00,50.843091,4.382861,10
2026-09-16T14:45:00+02:00,50.843326,4.38265,26
2026-09-16T15:00:00+02:00,50.843222,4.383308,21
2026-09-16T15:15:00+02:00,50.843309,4.383561,19
2026-09-16T15:30:00+02:00,50.842915,4.383168,9
2026-09-16T15:45:00+02:00,50.842818,4.38288,11
2026-09-16T16:00:00+02:00,50.842988,4.382828,28
2026-09-16T16:30:00+02:00,50.843211,4.383167,12
2026-09-16T16:45:00+02:00,50.842991,4.382811,12
2026-09-16T17:00:00+02:00,50.84368,4.382832,31
2026-09-16T17:15:00+02:00,50.84303,4.383655,22
2026-09-16T17:30:00+02:00,50.843001,4.382967,27
2026-09-16T17:45:00+02:00,50.843361,4.382641,27
2026-09-16T18:00:00+02:00,50.84286,4.383136,17
2026-09-16T18:15:00+02:00,50.843434,4.383107,24
2026-09-16T18:30:00+02:00,50.842818,4.382854,31
2026-09-16T19:00:00+02:00,50.843099,4.382677,31
2026-09-16T19:15:00+02:00,50.842938,4.38283,17
2026-09-16T19:30:00+02:00,50.843143,4.383401,32
2026-09-16T19:45:00+02:00,50.842982,4.3832,18
2026-09-16T20:00:00+02:00,50.842679,4.382996,28
2026-09-16T20:15:00+02:00,50.842817,4.382819,35
2026-09-16T20:30:00+02:00,50.842947,4.382746,8
2026-09-16T20:45:00+02:00,50.842794,4.382946,18
2026-09-16T21:00:00+02:00,50.843029,4.383159,28
2026-09-16T21:15:00+02:00,50.843029,4.382901,17
2026-09-16T21:30:00+02:00,50.84314,4.383166,8
2026-09-16T21:45:00+02:00,50.84304,4.383194,12
2026-09-16T22:00:00+02:00,50.842933,4.38234,35
2026-09-16T22:15:00+02:00,50.842945,4.38313,17
2026-09-16T22:30:00+02:00,50.842945,4.382548,30
2026-09-16T22:45:00+02:00,50.842801,4.38321,17
2026-09-16T23:00:00+02:00,50.842677,4.382914,31
2026-09-16T23:15:00+02:00,50.843181,4.383247,20
2026-09-16T23:30:00+02:00,50.843119,4.382548,18
2026-09-16T23:45:00+02:00,50.8432,4.382985,17
2026-09-17T00:00:00+02:00,50.842839,4.382964,9
2026-09-17T00:15:00+02:00,50.842851,4.383005,23
2026-09-17T00:30:00+02:00,50.842988,4.382872,8
2026-09-17T00:45:00+02:00,50.842514,4.382886,31
2026-09-17T01:00:00+02:00,50.843098,4.382984,21
2026-09-17T01:15:00+02:00,50.843248,4.382705,14
2026-09-17T01:30:00+02:00,50.842844,4.382922,11
2026-09-17T01:45:00+02:00,50.843028,4.383032,32
2026-09-17T02:00:00+02:00,50.843099,4.383351,32
2026-09-17T02:15:00+02:00,50.843019,4.383001,15
2026-09-17T02:30:00+02:00,50.842846,4.383014,9
2026-09-17T02:45:00+02:00,50.842965,4.382905,30
2026-09-17T03:00:00+02:00,50.842846,4.382557,13
2026-09-17T03:15:00+02:00,50.843029,4.382764,16
2026-09-17T03:30:00+02:00,50.84288,4.382955,13
2026-09-17T03:45:00+02:00,50.842755,4.383056,19
2026-09-17T04:30:00+02:00,50.842692,4.382902,22
2026-09-17T04:45:00+02:00,50.842914,4.382738,19
2026-09-17T05:00:00+02:00,50.843097,4.383224,21
2026-09-17T05:15:00+02:00,50.843247,4.382913,34
2026-09-17T05:30:00+02:00,50.842921,4.382137,33
2026-09-17T05:45:00+02:00,50.843004,4.382451,25
2026-09-17T06:00:00+02:00,50.842358,4.38266,35
2026-09-17T06:15:00+02:00,50.843036,4.382624,13
2026-09-17T06:30:00+02:00,50.842882,4.383556,23
2026-09-17T06:45:00+02:00,50.843075,4.382787,23
2026-09-17T07:00:00+02:00,50.843152,4.383212,28
2026-09-17T07:15:00+02:00,50.843359,4.383678,33
2026-09-17T07:30:00+02:00,50.843093,4.383056,13
2026-09-17T07:45:00+02:00,50.842965,4.383482,34
2026-09-17T08:00:00+02:00,50.843006,4.382907,11
2026-09-17T08:15:00+02:00,50.843078,4.383163,15
2026-09-17T08:30:00+02:00,50.843005,4.383036,17
2026-09-17T08:45:00+02:00,50.842888,4.383474,13
2026-09-17T09:00:00+02:00,50.843105,4.383138,11
2026-09-17T09:15:00+02:00,50.842905,4.383752,30
2026-09-17T09:30:00+02:00,50.842982,4.383054,22
2026-09-17T09:45:00+02:00,50.843225,4.38281,19
2026-09-17T10:00:00+02:00,50.843049,4.383128,17
2026-09-17T10:15:00+02:00,50.842999,4.383109,12
2026-09-17T10:30:00+02:00,50.842916,4.38337,15
2026-09-17T10:45:00+02:00,50.842421,4.383415,32
2026-09-17T11:00:00+02:00,50.84309,4.383059,16
2026-09-17T11:15:00+02:00,50.842866,4.383057,24
2026-09-17T11:30:00+02:00,50.843008,4.38323,14
2026-09-17T11:45:00+02:00,50.842822,4.382821,25
2026-09-17T12:00:00+02:00,50.843085,4.383481,28
2026-09-17T12:15:00+02:00,50.842701,4.382649,22
2026-09-17T12:30:00+02:00,50.842956,4.38312,10
2026-09-17T12:45:00+02:00,50.842986,4.382907,17
2026-09-17T13:00:00+02:00,50.84301,4.38308,11
2026-09-17T13:15:00+02:00,50.842755,4.38266,26
2026-09-17T13:30:00+02:00,50.843342,4.383117,24
2026-09-17T13:45:00+02:00,50.842982,4.383173,9
2026-09-17T14:00:00+02:00,50.842768,4.383189,19
2026-09-17T14:15:00+02:00,50.842874,4.383221,14
2026-09-17T14:30:00+02:00,50.84317,4.382518,22
2026-09-17T14:45:00+02:00,50.843612,4.383708,30
2026-09-17T15:00:00+02:00,50.843073,4.383088,13
2026-09-17T15:15:00+02:00,50.842864,4.382954,19
2026-09-17T15:30:00+02:00,50.842801,4.383007,14
2026-09-17T15:45:00+02:00,50.842911,4.383008,20
2026-09-17T16:00:00+02:00,50.842988,4.383084,29
2026-09-17T16:15:00+02:00,50.84307,4.383538,31
2026-09-17T16:30:00+02:00,50.843187,4.382628,32
2026-09-17T16:45:00+02:00,50.842983,4.38321,13
2026-09-17T17:00:00+02:00,50.842872,4.382703,19
2026-09-17T17:15:00+02:00,50.843022,4.38334,28
2026-09-17T17:30:00+02:00,50.842796,4.38262,22
2026-09-17T17:45:00+02:00,50.843318,4.383315,29
2026-09-17T18:00:00+02:00,50.843505,4.383027,27
2026-09-17T19:45:00+02:00,52.165631,20.966508,27
2026-09-17T20:00:00+02:00,52.165467,20.966268,31
2026-09-17T20:30:00+02:00,52.229404,21.002912,10
2026-09-17T20:45:00+02:00,52.229598,21.003317,14
2026-09-17T21:00:00+02:00,52.229439,21.003258,12
2026-09-17T21:15:00+02:00,52.229737,21.002373,29
2026-09-17T21:30:00+02:00,52.229794,21.003753,30
2026-09-17T21:45:00+02:00,52.229606,21.003233,13
2026-09-17T22:00:00+02:00,52.229612,21.002981,19
2026-09-17T22:15:00+02:00,52.22956,21.002892,11
2026-09-17T22:30:00+02:00,52.22973,21.003122,30
2026-09-17T22:45:00+02:00,52.229458,21.002982,14
2026-09-17T23:00:00+02:00,52.229427,21.002916,18
2026-09-17T23:15:00+02:00,52.229652,21.002909,9
2026-09-17T23:30:00+02:00,52.229637,21.003155,16
2026-09-17T23:45:00+02:00,52.229799,21.003597,17
2026-09-18T00:00:00+02:00,52.229484,21.003104,12
2026-09-18T00:15:00+02:00,52.229652,21.002805,35
2026-09-18T00:30:00+02:00,52.229627,21.003492,34
2026-09-18T00:45:00+02:00,52.229745,21.0029,12
2026-09-18T01:00:00+02:00,52.229792,21.00266,16
2026-09-18T01:15:00+02:00,52.22964,21.002709,16
2026-09-18T01:30:00+02:00,52.229742,21.002552,32
2026-09-18T01:45:00+02:00,52.229486,21.002932,15
2026-09-18T02:00:00+02:00,52.229526,21.002953,26
2026-09-18T02:15:00+02:00,52.22966,21.002787,9
2026-09-18T02:30:00+02:00,52.229452,21.003348,28
2026-09-18T02:45:00+02:00,52.229498,21.002665,13
2026-09-18T03:15:00+02:00,52.229842,21.003627,34
2026-09-18T03:30:00+02:00,52.229562,21.002987,12
2026-09-18T03:45:00+02:00,52.229656,21.003195,35
2026-09-18T04:00:00+02:00,52.229885,21.003091,10
2026-09-18T04:15:00+02:00,52.23025,21.003098,31
2026-09-18T04:30:00+02:00,52.229352,21.003726,27
2026-09-18T04:45:00+02:00,52.22959,21.003527,28
2026-09-18T05:00:00+02:00,52.229513,21.002956,19
2026-09-18T05:15:00+02:00,52.229721,21.003007,35
2026-09-18T05:30:00+02:00,52.229629,21.002951,18
2026-09-18T05:45:00+02:00,52.229373,21.002703,31
2026-09-18T06:00:00+02:00,52.229512,21.003128,25
2026-09-18T06:15:00+02:00,52.229459,21.003246,23
2026-09-18T06:30:00+02:00,52.229422,21.002765,13
2026-09-18T06:45:00+02:00,52.229345,21.00357,16
2026-09-18T07:15:00+02:00,52.229514,21.003708,24
2026-09-18T07:45:00+02:00,52.229432,21.003113,17
2026-09-18T08:00:00+02:00,52.229493,21.003316,12
2026-09-18T08:15:00+02:00,52.229498,21.003291,22
2026-09-18T08:30:00+02:00,52.228923,21.003278,24
2026-09-18T08:45:00+02:00,52.229663,21.002821,33
2026-09-18T09:00:00+02:00,52.229962,21.003203,33
2026-09-18T09:15:00+02:00,52.229544,21.002802,24
2026-09-18T09:30:00+02:00,52.229387,21.002823,13
2026-09-18T09:45:00+02:00,52.229793,21.002963,12
2026-09-18T10:00:00+02:00,52.229875,21.002849,24
2026-09-18T10:15:00+02:00,52.229678,21.002795,14
2026-09-18T10:30:00+02:00,52.229605,21.00295,19
2026-09-18T10:45:00+02:00,52.229498,21.003122,22
2026-09-18T11:00:00+02:00,52.22953,21.003117,17
2026-09-18T11:15:00+02:00,52.22939,21.002991,24
2026-09-18T11:30:00+02:00,52.22918,21.004233,34
2026-09-18T11:45:00+02:00,52.229702,21.003205,20
2026-09-18T12:00:00+02:00,52.229445,21.003192,29
2026-09-18T12:30:00+02:00,52.229559,21.002948,19
2026-09-18T12:45:00+02:00,52.229598,21.00284,8
2026-09-18T13:00:00+02:00,52.229559,21.00347,23
2026-09-18T13:15:00+02:00,52.229661,21.002799,18
2026-09-18T13:30:00+02:00,52.229751,21.002806,17
2026-09-18T13:45:00+02:00,52.229809,21.003222,35
2026-09-18T14:00:00+02:00,52.229923,21.004074,32
2026-09-18T14:15:00+02:00,52.229598,21.00348,20
2026-09-18T14:30:00+02:00,52.229621,21.002853,10
2026-09-18T14:45:00+02:00,52.229373,21.003027,15
2026-09-18T15:00:00+02:00,52.230128,21.00221,33
2026-09-18T15:15:00+02:00,52.229401,21.003019,9
2026-09-18T15:30:00+02:00,52.22975,21.003141,13
2026-09-18T15:45:00+02:00,52.229712,21.002614,28
2026-09-18T16:00:00+02:00,52.22974,21.003073,9
2026-09-18T16:15:00+02:00,52.229739,21.003143,20
2026-09-18T16:30:00+02:00,52.229688,21.003145,31
2026-09-18T16:45:00+02:00,52.22969,21.004091,33
2026-09-18T17:00:00+02:00,52.229494,21.002828,17
2026-09-18T17:15:00+02:00,52.229444,21.003064,27
2026-09-18T17:30:00+02:00,52.229576,21.002911,13
2026-09-18T17:45:00+02:00,52.229589,21.002787,8
2026-09-18T18:00:00+02:00,52.229613,21.002744,16
2026-09-18T18:15:00+02:00,52.2295,21.002924,25
2026-09-18T18:30:00+02:00,52.229581,21.002857,19
2026-09-18T18:45:00+02:00,52.229155,21.002793,31
2026-09-18T19:00:00+02:00,52.229623,21.003141,9
2026-09-18T19:15:00+02:00,52.229716,21.002512,17
2026-09-18T19:30:00+02:00,52.229157,21.002522,23
2026-09-18T19:45:00+02:00,52.229954,21.00399,32
2026-09-18T20:00:00+02:00,52.229443,21.00271,16
2026-09-18T20:15:00+02:00,52.229464,21.003294,23
2026-09-18T20:30:00+02:00,52.22959,21.002918,29
2026-09-18T20:45:00+02:00,52.229558,21.003538,23
2026-09-18T21:00:00+02:00,52.22974,21.002955,25
2026-09-18T21:15:00+02:00,52.229459,21.002537,25
2026-09-18T21:30:00+02:00,52.229428,21.003132,33
2026-09-18T21:45:00+02:00,52.229721,21.003913,30
2026-09-18T22:00:00+02:00,52.229559,21.002887,12
2026-09-18T22:15:00+02:00,52.229719,21.003011,14
2026-09-18T22:30:00+02:00,52.229543,21.002642,21
2026-09-18T22:45:00+02:00,52.229778,21.002899,31
2026-09-18T23:00:00+02:00,52.229351,21.003456,32
2026-09-18T23:15:00+02:00,52.229421,21.003186,9
2026-09-18T23:30:00+02:00,52.229378,21.003046,12
2026-09-18T23:45:00+02:00,52.228995,21.002873,22
2026-09-19T00:00:00+02:00,52.229598,21.002994,29
2026-09-19T00:15:00+02:00,52.229552,21.003086,9
2026-09-19T00:30:00+02:00,52.229457,21.003039,14
2026-09-19T00:45:00+02:00,52.229626,21.003291,15
2026-09-19T01:00:00+02:00,52.229438,21.002814,22
2026-09-19T01:15:00+02:00,52.229627,21.002951,18
2026-09-19T01:30:00+02:00,52.229819,21.003388,26
2026-09-19T01:45:00+02:00,52.229092,21.002736,23
2026-09-19T02:00:00+02:00,52.229727,21.003044,8
2026-09-19T02:15:00+02:00,52.229561,21.003208,34
2026-09-19T02:30:00+02:00,52.229907,21.003096,32
2026-09-19T02:45:00+02:00,52.22991,21.002883,20
2026-09-19T03:00:00+02:00,52.229602,21.00268,13
2026-09-19T03:15:00+02:00,52.229639,21.00296,8
2026-09-19T03:30:00+02:00,52.229703,21.002975,21
2026-09-19T04:00:00+02:00,52.229593,21.003137,22
2026-09-19T04:15:00+02:00,52.229415,21.002873,13
2026-09-19T04:30:00+02:00,52.229563,21.003205,17
2026-09-19T04:45:00+02:00,52.229442,21.002579,18
2026-09-19T05:00:00+02:00,52.229529,21.003268,11
2026-09-19T05:15:00+02:00,52.229071,21.002519,32
2026-09-19T05:30:00+02:00,52.229343,21.002471,23
2026-09-19T05:45:00+02:00,52.229439,21.003216,25
2026-09-19T06:00:00+02:00,52.229629,21.002845,11
2026-09-19T06:15:00+02:00,52.229844,21.002322,23
2026-09-19T06:30:00+02:00,52.229792,21.002841,31
2026-09-19T06:45:00+02:00,52.229347,21.002742,29
2026-09-19T07:00:00+02:00,52.229773,21.003133,27
2026-09-19T07:15:00+02:00,52.229954,21.004089,22
2026-09-19T07:30:00+02:00,52.229431,21.002872,14
2026-09-19T07:45:00+02:00,52.229391,21.003513,25
2026-09-19T08:00:00+02:00,52.229468,21.002882,21
2026-09-19T08:15:00+02:00,52.229726,21.002925,11
2026-09-19T08:30:00+02:00,52.2296,21.003005,28
2026-09-19T08:45:00+02:00,52.229577,21.002997,12
2026-09-19T09:00:00+02:00,52.229298,21.003718,28
2026-09-19T09:15:00+02:00,52.229686,21.003159,13
2026-09-19T09:30:00+02:00,54.0379,21.763908,8
2026-09-19T09:45:00+02:00,54.037797,21.764118,25
2026-09-19T10:00:00+02:00,54.038208,21.764112,19
2026-09-19T10:15:00+02:00,54.038051,21.764352,16
2026-09-19T10:30:00+02:00,54.038119,21.763782,11
2026-09-19T10:45:00+02:00,54.037602,21.76425,27
2026-09-19T11:00:00+02:00,54.037505,21.764036,20
2026-09-19T11:15:00+02:00,54.038106,21.764171,14
2026-09-19T11:30:00+02:00,54.038103,21.764004,18
2026-09-19T11:45:00+02:00,54.038489,21.764421,35
2026-09-19T12:00:00+02:00,54.037687,21.764145,28
2026-09-19T12:15:00+02:00,54.037774,21.764133,28
2026-09-19T12:45:00+02:00,54.038081,21.763826,25
2026-09-19T13:00:00+02:00,54.038073,21.763802,9
2026-09-19T13:15:00+02:00,54.038094,21.763718,28
2026-09-19T13:30:00+02:00,54.038102,21.764795,33
2026-09-19T13:45:00+02:00,54.038202,21.764341,15
2026-09-19T14:00:00+02:00,54.037969,21.764215,14
2026-09-19T14:15:00+02:00,54.038084,21.763813,19
2026-09-19T14:30:00+02:00,54.038086,21.763967,29
2026-09-19T14:45:00+02:00,54.03817,21.764314,16
2026-09-19T15:00:00+02:00,54.037789,21.764255,34
2026-09-19T15:15:00+02:00,54.038105,21.763995,12
2026-09-19T15:30:00+02:00,54.037882,21.764279,11
2026-09-19T15:45:00+02:00,54.03792,21.764209,29
2026-09-19T16:00:00+02:00,54.038073,21.763458,27
2026-09-19T16:15:00+02:00,54.037997,21.763769,24
2026-09-19T16:30:00+02:00,54.038249,21.763734,33
2026-09-19T16:45:00+02:00,54.037732,21.76407,18
2026-09-19T17:00:00+02:00,54.038053,21.763377,22
2026-09-19T17:15:00+02:00,54.038069,21.764044,11
2026-09-19T17:30:00+02:00,54.037929,21.763982,23
2026-09-19T17:45:00+02:00,54.03815,21.764041,22
2026-09-19T18:15:00+02:00,54.038103,21.763608,29
2026-09-19T18:30:00+02:00,54.037986,21.764148,23
2026-09-19T18:45:00+02:00,54.038292,21.763287,26
2026-09-19T19:00:00+02:00,54.038051,21.764085,11
2026-09-19T19:15:00+02:00,54.038034,21.763833,9
2026-09-19T19:30:00+02:00,54.038014,21.763613,29
2026-09-19T19:45:00+02:00,54.037876,21.764199,17
2026-09-19T20:00:00+02:00,54.038041,21.764025,24
2026-09-19T20:15:00+02:00,54.038021,21.76357,9
2026-09-19T20:45:00+02:00,54.037942,21.764169,14
2026-09-19T21:00:00+02:00,54.038249,21.764732,34
2026-09-19T21:15:00+02:00,54.038021,21.763866,11
2026-09-19T21:30:00+02:00,54.037868,21.764524,26
2026-09-19T21:45:00+02:00,54.037893,21.763995,31
2026-09-19T22:00:00+02:00,54.037904,21.764324,16
2026-09-19T22:15:00+02:00,54.038129,21.76404,13
2026-09-19T22:30:00+02:00,54.03803,21.764022,18
2026-09-19T22:45:00+02:00,54.038013,21.764066,10
2026-09-19T23:00:00+02:00,54.038374,21.764336,23
2026-09-19T23:15:00+02:00,54.037987,21.763474,34
2026-09-19T23:30:00+02:00,54.037423,21.764666,31
2026-09-19T23:45:00+02:00,54.037949,21.763817,20
2026-09-20T00:00:00+02:00,54.037878,21.764574,30
2026-09-20T00:15:00+02:00,54.037828,21.76393,20
2026-09-20T00:30:00+02:00,54.037745,21.764134,33
2026-09-20T00:45:00+02:00,54.038232,21.764299,27
2026-09-20T01:00:00+02:00,54.03821,21.763768,34
2026-09-20T01:15:00+02:00,54.037936,21.764218,11
2026-09-20T01:30:00+02:00,54.038124,21.764203,15
2026-09-20T01:45:00+02:00,54.038112,21.763383,34
2026-09-20T02:00:00+02:00,54.03822,21.764621,28
2026-09-20T02:15:00+02:00,54.037832,21.763447,20
2026-09-20T02:30:00+02:00,54.038133,21.764418,27
2026-09-20T02:45:00+02:00,54.038013,21.764295,29
2026-09-20T03:00:00+02:00,54.038157,21.764055,17
2026-09-20T03:15:00+02:00,54.038029,21.764345,29
2026-09-20T03:30:00+02:00,54.037894,21.764158,27
2026-09-20T03:45:00+02:00,54.037808,21.764093,25
2026-09-20T04:00:00+02:00,54.038151,21.764373,19
2026-09-20T04:15:00+02:00,54.038067,21.763429,33
2026-09-20T04:30:00+02:00,54.037813,21.764787,29
2026-09-20T04:45:00+02:00,54.037873,21.763863,16
2026-09-20T05:00:00+02:00,54.038008,21.764352,20
2026-09-20T05:15:00+02:00,54.038009,21.764009,12
2026-09-20T05:30:00+02:00,54.037719,21.763848,18
2026-09-20T05:45:00+02:00,54.037988,21.763734,15
2026-09-20T06:00:00+02:00,54.038118,21.764223,18
2026-09-20T06:15:00+02:00,54.037948,21.764132,11
2026-09-20T06:30:00+02:00,54.038056,21.763769,12
2026-09-20T06:45:00+02:00,54.03786,21.763926,24
2026-09-20T07:00:00+02:00,54.037921,21.764295,10
2026-09-20T07:15:00+02:00,54.037935,21.764229,11
2026-09-20T07:30:00+02:00,54.038229,21.764061,16
2026-09-20T07:45:00+02:00,54.038083,21.764399,27
2026-09-20T08:00:00+02:00,54.037887,21.763835,19
2026-09-20T08:15:00+02:00,54.037552,21.764011,29
2026-09-20T08:30:00+02:00,54.038042,21.76409,13
2026-09-20T08:45:00+02:00,54.038113,21.764323,33
2026-09-20T09:00:00+02:00,54.038063,21.764002,23
2026-09-20T09:15:00+02:00,54.037584,21.763994,33
2026-09-20T09:30:00+02:00,54.038063,21.763984,19
2026-09-20T09:45:00+02:00,54.037899,21.762685,34
2026-09-20T10:00:00+02:00,54.037803,21.764553,23
2026-09-20T10:15:00+02:00,54.037862,21.763742,27
2026-09-20T10:30:00+02:00,54.037297,21.764242,32
2026-09-20T10:45:00+02:00,54.038232,21.763997,21
2026-09-20T11:00:00+02:00,54.037728,21.763933,13
2026-09-20T11:15:00+02:00,54.037918,21.763722,21
2026-09-20T11:30:00+02:00,54.038039,21.763402,28
2026-09-20T11:45:00+02:00,54.038178,21.763626,20
2026-09-20T12:00:00+02:00,54.038563,21.763886,25
2026-09-20T12:15:00+02:00,54.037805,21.763726,23
2026-09-20T12:30:00+02:00,54.038137,21.763689,32
2026-09-20T12:45:00+02:00,54.038023,21.764298,24
2026-09-20T13:00:00+02:00,54.037957,21.764069,10
2026-09-20T13:15:00+02:00,54.0378,21.76377,21
2026-09-20T13:30:00+02:00,54.0377,21.764236,30
2026-09-20T13:45:00+02:00,54.038362,21.764061,19
2026-09-20T14:00:00+02:00,54.037997,21.764574,29
2026-09-20T14:15:00+02:00,54.038032,21.763713,16
2026-09-20T14:30:00+02:00,54.037797,21.764139,28
2026-09-20T14:45:00+02:00,54.038061,21.763956,17
2026-09-20T15:00:00+02:00,54.038015,21.763655,19
2026-09-20T15:15:00+02:00,54.037788,21.763757,22
2026-09-20T15:30:00+02:00,54.037916,21.763908,12
2026-09-20T15:45:00+02:00,54.038015,21.764264,14
2026-09-20T16:00:00+02:00,54.03789,21.763954,16
2026-09-20T16:15:00+02:00,54.038505,21.764242,27
2026-09-20T16:30:00+02:00,54.037987,21.763652,13
2026-09-20T16:45:00+02:00,54.037515,21.764683,35
2026-09-20T17:00:00+02:00,54.037903,21.764141,19
2026-09-20T17:30:00+02:00,54.038054,21.763523,16
2026-09-20T17:45:00+02:00,52.229625,21.002856,31
2026-09-20T18:00:00+02:00,52.22991,21.002762,31
2026-09-20T18:15:00+02:00,52.229779,21.003128,32
2026-09-20T18:30:00+02:00,52.229805,21.002815,19
2026-09-20T18:45:00+02:00,52.229585,21.002724,15
2026-09-20T19:00:00+02:00,52.229413,21.003117,25
2026-09-20T19:15:00+02:00,52.229677,21.002919,14
2026-09-20T19:30:00+02:00,52.229913,21.003503,17
2026-09-20T19:45:00+02:00,52.229903,21.002952,22
2026-09-20T20:00:00+02:00,52.229601,21.002894,9
2026-09-20T20:15:00+02:00,52.22965,21.003052,19
2026-09-20T20:30:00+02:00,52.229984,21.002843,34
2026-09-20T20:45:00+02:00,52.229773,21.002796,35
2026-09-20T21:00:00+02:00,52.229339,21.003028,28
2026-09-20T21:15:00+02:00,52.229291,21.003585,27
2026-09-20T21:30:00+02:00,52.230015,21.002465,32
2026-09-20T21:45:00+02:00,52.229521,21.002837,12
2026-09-20T22:00:00+02:00,52.229461,21.003088,30
2026-09-20T22:15:00+02:00,52.229877,21.003565,30
2026-09-20T22:30:00+02:00,52.229502,21.003698,24
2026-09-20T22:45:00+02:00,52.229348,21.003019,22
2026-09-20T23:00:00+02:00,52.229514,21.003497,34
2026-09-20T23:15:00+02:00,52.229588,21.002906,14
2026-09-20T23:30:00+02:00,52.229643,21.003172,10
2026-09-20T23:45:00+02:00,52.229115,21.002719,25
2026-09-21T00:00:00+02:00,52.229321,21.003092,18
2026-09-21T00:15:00+02:00,52.229669,21.00289,21
2026-09-21T00:30:00+02:00,52.229728,21.003284,16
2026-09-21T00:45:00+02:00,52.229665,21.002113,21
2026-09-21T01:00:00+02:00,52.229529,21.003563,30
2026-09-21T01:15:00+02:00,52.229727,21.002098,29
2026-09-21T01:30:00+02:00,52.229825,21.002819,35
2026-09-21T01:45:00+02:00,52.229658,21.003276,29
2026-09-21T02:00:00+02:00,52.229623,21.003001,10
2026-09-21T02:15:00+02:00,52.229513,21.002888,25
2026-09-21T02:30:00+02:00,52.229463,21.002887,9
2026-09-21T02:45:00+02:00,52.229903,21.00273,24
2026-09-21T03:15:00+02:00,52.229628,21.003084,21
2026-09-21T03:30:00+02:00,52.229864,21.002874,19
2026-09-21T04:00:00+02:00,52.229605,21.002768,14
2026-09-21T04:15:00+02:00,52.229496,21.002679,15
2026-09-21T04:30:00+02:00,52.229382,21.002803,12
2026-09-21T04:45:00+02:00,52.229919,21.003274,23
2026-09-21T05:00:00+02:00,52.229651,21.003011,18
2026-09-21T05:15:00+02:00,52.229536,21.003735,28
2026-09-21T05:30:00+02:00,52.22963,21.002823,17
2026-09-21T05:45:00+02:00,52.229493,21.003477,27
2026-09-21T06:00:00+02:00,52.229727,21.00275,28
2026-09-21T06:15:00+02:00,52.22944,21.002726,34
2026-09-21T06:30:00+02:00,52.229414,21.002591,31
2026-09-21T06:45:00+02:00,52.229655,21.002679,14
2026-09-21T07:00:00+02:00,52.229729,21.003306,28
2026-09-21T07:15:00+02:00,52.229158,21.002911,28
2026-09-21T07:30:00+02:00,52.229656,21.003238,29
2026-09-21T07:45:00+02:00,52.229891,21.003243,27
2026-09-21T08:00:00+02:00,52.229888,21.003276,19
2026-09-21T08:15:00+02:00,52.229552,21.003078,20
2026-09-21T08:30:00+02:00,52.229629,21.002995,23
2026-09-21T08:45:00+02:00,52.229599,21.003025,12
2026-09-21T09:00:00+02:00,52.229712,21.003097,32
2026-09-21T09:15:00+02:00,52.229661,21.003976,34
2026-09-21T09:30:00+02:00,52.2296,21.003332,10
2026-09-21T09:45:00+02:00,52.230102,21.002713,28
2026-09-21T10:00:00+02:00,52.229371,21.003118,17
2026-09-21T10:15:00+02:00,52.229655,21.002848,18
2026-09-21T10:30:00+02:00,52.229562,21.003199,22
2026-09-21T11:00:00+02:00,52.229678,21.003321,23
2026-09-21T11:15:00+02:00,52.229695,21.002878,11
2026-09-21T11:30:00+02:00,52.229524,21.003038,24
2026-09-21T11:45:00+02:00,52.229796,21.003417,31
2026-09-21T12:00:00+02:00,52.229623,21.003013,13
2026-09-21T12:15:00+02:00,52.229535,21.003069,28
2026-09-21T12:30:00+02:00,52.229771,21.003107,14
2026-09-21T12:45:00+02:00,52.229194,21.003091,30
2026-09-21T13:00:00+02:00,52.228527,21.003138,26
2026-09-21T13:15:00+02:00,52.228736,21.002793,18
2026-09-21T13:30:00+02:00,52.228766,21.003224,19
2026-09-21T13:45:00+02:00,54.351925,18.646275,12
2026-09-21T14:15:00+02:00,54.352154,18.645936,16
2026-09-21T14:30:00+02:00,54.35193,18.646673,12
2026-09-21T14:45:00+02:00,54.351829,18.646731,33
2026-09-21T15:00:00+02:00,54.352296,18.646861,15
2026-09-21T15:15:00+02:00,54.352091,18.646198,27
2026-09-21T15:30:00+02:00,54.352063,18.64659,24
2026-09-21T15:45:00+02:00,54.352062,18.646814,11
2026-09-21T16:00:00+02:00,54.351968,18.646528,10
2026-09-21T16:15:00+02:00,54.352379,18.646835,29
2026-09-21T16:30:00+02:00,54.35216,18.647041,19
2026-09-21T16:45:00+02:00,54.352116,18.646761,28
2026-09-21T17:00:00+02:00,54.351785,18.64614,31
2026-09-21T17:15:00+02:00,54.351959,18.645925,22
2026-09-21T17:30:00+02:00,54.351796,18.647093,31
2026-09-21T17:45:00+02:00,54.352037,18.646401,16
2026-09-21T18:00:00+02:00,54.351715,18.64626,30
2026-09-21T18:15:00+02:00,54.352045,18.646645,28
2026-09-21T18:45:00+02:00,54.351739,18.647031,16
2026-09-21T19:00:00+02:00,54.352079,18.646309,14
2026-09-21T19:15:00+02:00,54.352188,18.646663,22
2026-09-21T19:30:00+02:00,54.35247,18.647466,28
2026-09-21T19:45:00+02:00,54.352345,18.646449,32
2026-09-21T20:15:00+02:00,54.352011,18.646839,17
2026-09-21T20:30:00+02:00,54.351877,18.646608,10
2026-09-21T20:45:00+02:00,54.352164,18.646115,28
2026-09-21T21:00:00+02:00,54.351822,18.646588,17
2026-09-21T21:15:00+02:00,54.351978,18.646998,16
2026-09-21T21:30:00+02:00,54.352201,18.646811,12
2026-09-21T21:45:00+02:00,54.351809,18.645941,28
2026-09-21T22:00:00+02:00,54.352,18.64674,21
2026-09-21T22:15:00+02:00,54.352062,18.646811,14
2026-09-21T22:30:00+02:00,54.352115,18.646521,11
2026-09-21T22:45:00+02:00,54.351961,18.646773,14
2026-09-21T23:15:00+02:00,54.35142,18.646163,29
2026-09-21T23:30:00+02:00,54.35214,18.646358,24
2026-09-21T23:45:00+02:00,54.351822,18.646643,19
2026-09-22T00:00:00+02:00,54.351999,18.646974,29
2026-09-22T00:15:00+02:00,54.351997,18.646062,20
2026-09-22T00:30:00+02:00,54.352137,18.646216,22
2026-09-22T00:45:00+02:00,54.352023,18.646624,25
2026-09-22T01:00:00+02:00,54.352015,18.646259,19
2026-09-22T01:15:00+02:00,54.352073,18.646663,28
2026-09-22T01:30:00+02:00,54.351452,18.646784,34
2026-09-22T01:45:00+02:00,54.35192,18.646723,9
2026-09-22T02:00:00+02:00,54.352018,18.646646,9
2026-09-22T02:15:00+02:00,54.351841,18.646356,18
2026-09-22T02:30:00+02:00,54.352333,18.646614,25
2026-09-22T02:45:00+02:00,54.352013,18.647335,29
2026-09-22T03:00:00+02:00,54.352329,18.646492,32
2026-09-22T03:15:00+02:00,54.351537,18.646941,29
2026-09-22T03:30:00+02:00,54.351839,18.646768,26
2026-09-22T03:45:00+02:00,54.351656,18.64692,28
2026-09-22T04:00:00+02:00,54.351346,18.646621,28
2026-09-22T04:15:00+02:00,54.352026,18.646469,9
2026-09-22T04:30:00+02:00,54.352127,18.646421,17
2026-09-22T04:45:00+02:00,54.351913,18.646534,11
2026-09-22T05:00:00+02:00,54.351897,18.646376,16
2026-09-22T05:15:00+02:00,54.352096,18.645847,21
2026-09-22T05:30:00+02:00,54.352138,18.64681,26
2026-09-22T05:45:00+02:00,54.352147,18.646572,17
2026-09-22T06:15:00+02:00,54.352166,18.646932,16
2026-09-22T06:30:00+02:00,54.351968,18.646089,34
2026-09-22T06:45:00+02:00,54.351994,18.646561,8
2026-09-22T07:00:00+02:00,54.352064,18.646113,31
2026-09-22T07:15:00+02:00,54.351999,18.646387,12
2026-09-22T07:30:00+02:00,54.351949,18.646273,13
2026-09-22T07:45:00+02:00,54.351951,18.646543,9
2026-09-22T08:00:00+02:00,54.351973,18.646646,16
2026-09-22T08:15:00+02:00,54.352129,18.646296,34
2026-09-22T08:30:00+02:00,54.351798,18.646161,31
2026-09-22T08:45:00+02:00,54.351899,18.646439,9
2026-09-22T09:00:00+02:00,54.351821,18.646656,17
2026-09-22T09:15:00+02:00,54.351938,18.646122,11
2026-09-22T09:30:00+02:00,54.351969,18.64701,33
2026-09-22T09:45:00+02:00,54.352351,18.646526,34
2026-09-22T10:00:00+02:00,54.352037,18.646648,9
2026-09-22T10:15:00+02:00,54.352055,18.646751,19
2026-09-22T10:30:00+02:00,54.352419,18.645698,33
2026-09-22T10:45:00+02:00,54.352049,18.646503,18
2026-09-22T11:00:00+02:00,54.351967,18.64658,10
2026-09-22T11:15:00+02:00,54.351756,18.647102,17
2026-09-22T11:30:00+02:00,54.351964,18.646378,16
2026-09-22T11:45:00+02:00,54.352112,18.646794,19
2026-09-22T12:00:00+02:00,54.35216,18.646908,18
2026-09-22T12:15:00+02:00,54.351731,18.647079,28
2026-09-22T12:30:00+02:00,54.351794,18.647089,18
2026-09-22T12:45:00+02:00,54.352041,18.646715,8
2026-09-22T13:00:00+02:00,54.351881,18.646258,12
2026-09-22T13:30:00+02:00,54.352175,18.646407,15
2026-09-22T13:45:00+02:00,54.351648,18.646836,32
2026-09-22T14:00:00+02:00,54.352362,18.646344,27
2026-09-22T14:15:00+02:00,54.352875,18.647323,34
2026-09-22T14:30:00+02:00,54.351781,18.646421,22
2026-09-22T14:45:00+02:00,54.352117,18.64685,13
2026-09-22T15:00:00+02:00,54.351543,18.64633,18
2026-09-22T15:15:00+02:00,54.351993,18.646364,26
2026-09-22T15:30:00+02:00,54.35207,18.646799,21
2026-09-22T15:45:00+02:00,54.351961,18.646844,11
2026-09-22T16:00:00+02:00,52.228964,21.003319,11
2026-09-22T16:15:00+02:00,52.22884,21.003152,15
2026-09-22T16:30:00+02:00,52.228999,21.003353,10
2026-09-22T16:45:00+02:00,52.229519,21.003043,10
2026-09-22T17:00:00+02:00,52.229646,21.003099,17
2026-09-22T17:15:00+02:00,52.229605,21.002819,9
2026-09-22T17:30:00+02:00,52.229694,21.002764,32
2026-09-22T17:45:00+02:00,52.229535,21.003084,10
2026-09-22T18:00:00+02:00,52.229599,21.003034,18
2026-09-22T18:15:00+02:00,52.229635,21.003009,16
2026-09-22T18:30:00+02:00,52.22982,21.002895,18
2026-09-22T18:45:00+02:00,52.229773,21.002996,25
2026-09-22T19:00:00+02:00,52.166053,20.967648,32
2026-09-22T19:15:00+02:00,52.165899,20.967559,18
2026-09-22T19:30:00+02:00,52.165755,20.966991,23
2026-09-22T19:45:00+02:00,52.165701,20.967508,28
2026-09-22T20:00:00+02:00,52.165311,20.967725,28
2026-09-22T20:15:00+02:00,52.16581,20.967076,16
2026-09-22T20:30:00+02:00,52.16547,20.966359,33
2026-09-22T21:00:00+02:00,52.23046,21.003114,35
2026-09-22T21:15:00+02:00,52.229632,21.003636,13
2026-09-22T21:30:00+02:00,52.229756,21.003208,22
2026-09-22T21:45:00+02:00,52.229289,21.003277,28
2026-09-22T22:00:00+02:00,52.229516,21.003476,15
2026-09-22T22:15:00+02:00,52.229902,21.003338,34
2026-09-22T22:30:00+02:00,52.229383,21.002881,19
2026-09-22T22:45:00+02:00,52.229556,21.003028,17
2026-09-22T23:00:00+02:00,52.229721,21.003044,20
2026-09-22T23:15:00+02:00,52.229464,21.003138,8
2026-09-22T23:30:00+02:00,52.229595,21.002963,12
2026-09-22T23:45:00+02:00,52.229579,21.003246,24
2026-09-23T00:00:00+02:00,52.229491,21.003046,17
2026-09-23T00:15:00+02:00,52.229735,21.003315,30
2026-09-23T00:30:00+02:00,52.229639,21.002943,15
2026-09-23T00:45:00+02:00,52.229711,21.002237,19
2026-09-23T01:00:00+02:00,52.229941,21.003307,31
2026-09-23T01:15:00+02:00,52.229454,21.003025,24
2026-09-23T01:30:00+02:00,52.229698,21.003361,24
2026-09-23T01:45:00+02:00,52.229732,21.002997,11
2026-09-23T02:00:00+02:00,52.229624,21.003224,32
2026-09-23T02:15:00+02:00,52.229594,21.003273,15
2026-09-23T02:30:00+02:00,52.229377,21.002979,16
2026-09-23T02:45:00+02:00,52.229901,21.002853,23
2026-09-23T03:00:00+02:00,52.229314,21.003161,19
2026-09-23T03:15:00+02:00,52.229688,21.002899,14
2026-09-23T03:30:00+02:00,52.229618,21.003441,21
2026-09-23T03:45:00+02:00,52.230205,21.003438,30
2026-09-23T04:00:00+02:00,52.229445,21.002994,11
2026-09-23T04:15:00+02:00,52.229618,21.003126,10
2026-09-23T04:30:00+02:00,52.229728,21.002967,19
2026-09-23T04:45:00+02:00,52.229177,21.002535,33
2026-09-23T05:00:00+02:00,52.229552,21.002839,8
2026-09-23T05:15:00+02:00,52.229914,21.002821,17
2026-09-23T05:30:00+02:00,52.22951,21.003298,35
2026-09-23T05:45:00+02:00,52.229689,21.002786,21
2026-09-23T06:00:00+02:00,52.229301,21.002954,27
2026-09-23T06:15:00+02:00,52.229651,21.002922,18
2026-09-23T06:30:00+02:00,52.229531,21.003169,10
2026-09-23T06:45:00+02:00,52.229582,21.003302,18
2026-09-23T07:00:00+02:00,52.229784,21.002761,26
2026-09-23T07:15:00+02:00,52.229618,21.002858,18
2026-09-23T07:30:00+02:00,52.229656,21.003483,20
2026-09-23T07:45:00+02:00,52.229499,21.002716,28
2026-09-23T08:00:00+02:00,52.22956,21.003088,15
2026-09-23T08:15:00+02:00,52.229994,21.003261,18
2026-09-23T08:30:00+02:00,52.229592,21.00292,13
2026-09-23T08:45:00+02:00,52.229471,21.003117,19
2026-09-23T09:00:00+02:00,52.229504,21.002759,23
2026-09-23T09:15:00+02:00,52.229459,21.003547,23
2026-09-23T09:30:00+02:00,52.229542,21.002738,32
2026-09-23T09:45:00+02:00,52.229577,21.003016,26
2026-09-23T10:00:00+02:00,52.229393,21.003182,24
2026-09-23T10:15:00+02:00,52.229805,21.002667,15
2026-09-23T10:30:00+02:00,52.229607,21.002964,19
2026-09-23T10:45:00+02:00,52.229615,21.002789,18
2026-09-23T11:00:00+02:00,52.229172,21.002774,28
2026-09-23T11:15:00+02:00,52.229568,21.003146,9
2026-09-23T11:30:00+02:00,52.229495,21.003325,14
2026-09-23T11:45:00+02:00,52.229417,21.002915,10
2026-09-23T12:00:00+02:00,52.229641,21.003414,25
2026-09-23T12:15:00+02:00,52.229746,21.002563,27
2026-09-23T12:30:00+02:00,52.229717,21.003289,23
2026-09-23T12:45:00+02:00,52.229787,21.003257,26
2026-09-23T13:00:00+02:00,52.229536,21.003138,19
2026-09-23T13:15:00+02:00,52.229639,21.003339,29
2026-09-23T13:30:00+02:00,52.229528,21.0025,28
2026-09-23T13:45:00+02:00,52.229391,21.002929,22
2026-09-23T14:00:00+02:00,52.229496,21.002875,18
2026-09-23T14:15:00+02:00,52.229453,21.003751,34
2026-09-23T14:30:00+02:00,52.229453,21.002945,16
2026-09-23T14:45:00+02:00,52.22958,21.002972,27
2026-09-23T15:00:00+02:00,52.22952,21.00315,10
2026-09-23T15:15:00+02:00,52.229677,21.003121,12
2026-09-23T15:30:00+02:00,52.229587,21.002497,22
2026-09-23T15:45:00+02:00,52.229663,21.002503,34
2026-09-23T16:00:00+02:00,52.229684,21.002869,14
2026-09-23T16:15:00+02:00,52.229951,21.002495,35
2026-09-23T16:30:00+02:00,52.229917,21.004162,34
2026-09-23T16:45:00+02:00,52.229158,21.003146,33
2026-09-23T17:00:00+02:00,52.22942,21.002214,22
2026-09-23T17:15:00+02:00,52.229598,21.002964,9
2026-09-23T17:30:00+02:00,52.229766,21.002693,26
2026-09-23T17:45:00+02:00,52.229648,21.002816,23
2026-09-23T18:00:00+02:00,52.229609,21.00305,10
2026-09-23T18:15:00+02:00,52.229424,21.002683,24
2026-09-23T18:45:00+02:00,52.229391,21.00387,35
2026-09-23T19:00:00+02:00,52.229691,21.003101,9
2026-09-23T19:15:00+02:00,52.229803,21.003249,32
2026-09-23T19:30:00+02:00,52.229686,21.002549,32
2026-09-23T19:45:00+02:00,52.229499,21.002705,22
2026-09-23T20:00:00+02:00,52.229506,21.003313,12
2026-09-23T20:15:00+02:00,52.229549,21.002745,23
2026-09-23T20:30:00+02:00,52.229553,21.00263,15
2026-09-23T20:45:00+02:00,52.229593,21.003004,13
2026-09-23T21:00:00+02:00,52.229735,21.002865,28
2026-09-23T21:15:00+02:00,52.229369,21.002401,35
2026-09-23T21:30:00+02:00,52.229443,21.002569,33
2026-09-23T21:45:00+02:00,52.229395,21.003125,22
2026-09-23T22:00:00+02:00,52.229385,21.002191,29
2026-09-23T22:15:00+02:00,52.228971,21.002454,25
2026-09-23T22:30:00+02:00,52.229199,21.003009,30
2026-09-23T22:45:00+02:00,52.229703,21.003258,32
2026-09-23T23:00:00+02:00,52.229614,21.002839,14
2026-09-23T23:15:00+02:00,52.230141,21.002802,29
2026-09-23T23:30:00+02:00,52.229524,21.003318,12
2026-09-23T23:45:00+02:00,52.230116,21.002426,34
2026-09-24T00:00:00+02:00,52.229774,21.002945,23
2026-09-24T00:15:00+02:00,52.229581,21.003067,18
2026-09-24T00:30:00+02:00,52.229556,21.002645,16
2026-09-24T00:45:00+02:00,52.229604,21.003445,25
2026-09-24T01:00:00+02:00,52.229661,21.003027,11
2026-09-24T01:15:00+02:00,52.22946,21.002955,34
2026-09-24T01:30:00+02:00,52.229697,21.003389,22
2026-09-24T01:45:00+02:00,52.229468,21.003059,20
2026-09-24T02:00:00+02:00,52.229572,21.002752,18
2026-09-24T02:15:00+02:00,52.229687,21.002867,19
2026-09-24T02:30:00+02:00,52.22958,21.003028,8
2026-09-24T02:45:00+02:00,52.229513,21.00299,28
2026-09-24T03:00:00+02:00,52.229246,21.002549,35
2026-09-24T03:15:00+02:00,52.229722,21.002576,35
2026-09-24T03:30:00+02:00,52.230065,21.00256,25
2026-09-24T03:45:00+02:00,52.229776,21.002825,32
2026-09-24T04:00:00+02:00,52.229865,21.002679,31
2026-09-24T04:15:00+02:00,52.229536,21.003181,21
2026-09-24T04:45:00+02:00,52.229635,21.002898,15
2026-09-24T05:00:00+02:00,52.229658,21.002852,9
2026-09-24T05:15:00+02:00,52.229717,21.00384,23
2026-09-24T05:30:00+02:00,52.229622,21.002801,14
2026-09-24T05:45:00+02:00,52.229523,21.002689,21
2026-09-24T06:00:00+02:00,52.229771,21.002624,19
2026-09-24T06:15:00+02:00,52.229746,21.003134,20
2026-09-24T06:30:00+02:00,52.229631,21.003291,22
2026-09-24T06:45:00+02:00,52.229524,21.003112,19
2026-09-24T07:15:00+02:00,52.229792,21.003541,18
2026-09-24T07:30:00+02:00,52.229626,21.003258,16
2026-09-24T07:45:00+02:00,52.229722,21.002816,14
2026-09-24T08:00:00+02:00,52.228876,21.002409,34
2026-09-24T08:15:00+02:00,52.22964,21.003314,33
2026-09-24T08:30:00+02:00,52.232886,20.984507,28
2026-09-24T08:45:00+02:00,52.232517,20.984398,31
2026-09-24T09:00:00+02:00,52.232887,20.985028,25
2026-09-24T09:15:00+02:00,52.232847,20.984493,21
2026-09-24T09:30:00+02:00,52.232873,20.984466,9
2026-09-24T09:45:00+02:00,52.232815,20.984267,19
2026-09-24T10:00:00+02:00,52.232698,20.984193,22
2026-09-24T10:15:00+02:00,52.232689,20.98461,16
2026-09-24T10:30:00+02:00,52.232227,20.985125,27
2026-09-24T10:45:00+02:00,52.232853,20.984353,9
2026-09-24T11:00:00+02:00,52.232718,20.983981,12
2026-09-24T11:15:00+02:00,52.23289,20.984141,18
2026-09-24T11:30:00+02:00,52.232609,20.983879,31
2026-09-24T11:45:00+02:00,52.23267,20.984579,21
2026-09-24T12:00:00+02:00,52.232771,20.984009,23
2026-09-24T12:15:00+02:00,52.232708,20.985009,33
2026-09-24T12:30:00+02:00,52.233038,20.984006,19
2026-09-24T12:45:00+02:00,52.232619,20.984253,16
2026-09-24T13:00:00+02:00,52.2333,20.984854,27
2026-09-24T13:15:00+02:00,52.232592,20.984606,26
2026-09-24T13:30:00+02:00,52.232891,20.984412,8
2026-09-24T13:45:00+02:00,52.232549,20.984105,34
2026-09-24T14:00:00+02:00,52.232727,20.984355,8
2026-09-24T14:15:00+02:00,52.232817,20.984196,18
2026-09-24T14:30:00+02:00,52.232858,20.985096,17
2026-09-24T14:45:00+02:00,52.232702,20.984299,8
2026-09-24T15:00:00+02:00,52.232917,20.984133,15
2026-09-24T15:15:00+02:00,52.232751,20.98431,35
2026-09-24T15:30:00+02:00,52.232806,20.984249,24
2026-09-24T15:45:00+02:00,52.232811,20.984329,9
2026-09-24T16:00:00+02:00,52.232832,20.984085,9
2026-09-24T16:15:00+02:00,52.232911,20.984253,17
2026-09-24T16:30:00+02:00,52.232655,20.98402,26
2026-09-24T16:45:00+02:00,52.232678,20.984219,28
2026-09-24T17:00:00+02:00,52.232739,20.984016,21
2026-09-24T17:15:00+02:00,52.232729,20.984233,11
2026-09-24T17:30:00+02:00,52.232371,20.984061,30
2026-09-24T17:45:00+02:00,52.233068,20.984432,28
2026-09-24T18:00:00+02:00,52.232762,20.984388,16
2026-09-24T18:15:00+02:00,52.229484,21.002889,15
2026-09-24T18:30:00+02:00,52.229593,21.003053,14
2026-09-24T18:45:00+02:00,52.229373,21.00297,33
2026-09-24T19:00:00+02:00,52.229678,21.002763,13
2026-09-24T19:30:00+02:00,52.229544,21.003589,24
2026-09-24T20:00:00+02:00,52.229118,21.003441,23
2026-09-24T20:15:00+02:00,52.229701,21.003019,16
2026-09-24T20:30:00+02:00,52.229374,21.002359,26
2026-09-24T20:45:00+02:00,52.229802,21.002724,15
2026-09-24T21:00:00+02:00,52.229548,21.003936,26
2026-09-24T21:15:00+02:00,52.229506,21.003167,16
2026-09-24T21:30:00+02:00,52.229473,21.002894,11
2026-09-24T21:45:00+02:00,52.229598,21.002354,32
2026-09-24T22:00:00+02:00,52.229518,21.002703,13
2026-09-24T22:15:00+02:00,52.229599,21.003053,33
2026-09-24T22:30:00+02:00,52.229665,21.003185,14
2026-09-24T22:45:00+02:00,52.229458,21.002884,12
2026-09-24T23:00:00+02:00,52.229773,21.003042,14
2026-09-24T23:15:00+02:00,52.229459,21.002894,16
2026-09-24T23:30:00+02:00,52.229897,21.003107,27
2026-09-24T23:45:00+02:00,52.229284,21.003193,34
2026-09-25T00:15:00+02:00,52.230143,21.003136,29
2026-09-25T00:30:00+02:00,52.229596,21.002514,20
2026-09-25T00:45:00+02:00,52.230027,21.003118,32
2026-09-25T01:00:00+02:00,52.229317,21.003126,24
2026-09-25T01:15:00+02:00,52.229699,21.002843,19
2026-09-25T01:30:00+02:00,52.229609,21.002772,11
2026-09-25T01:45:00+02:00,52.229478,21.002819,15
2026-09-25T02:00:00+02:00,52.229742,21.003201,12
2026-09-25T02:15:00+02:00,52.229421,21.0031,28
2026-09-25T02:30:00+02:00,52.229668,21.002832,24
2026-09-25T02:45:00+02:00,52.229125,21.002771,33
2026-09-25T03:00:00+02:00,52.230306,21.002331,29
2026-09-25T03:15:00+02:00,52.229568,21.002671,26
2026-09-25T03:30:00+02:00,52.229553,21.002945,23
2026-09-25T03:45:00+02:00,52.229621,21.002575,16
2026-09-25T04:00:00+02:00,52.229737,21.003253,30
2026-09-25T04:15:00+02:00,52.229563,21.002834,23
2026-09-25T04:30:00+02:00,52.229509,21.003275,10
2026-09-25T04:45:00+02:00,52.229482,21.002964,23
2026-09-25T05:00:00+02:00,52.229765,21.003371,22
2026-09-25T05:15:00+02:00,52.229804,21.002865,30
2026-09-25T05:30:00+02:00,52.230146,21.003293,34
2026-09-25T05:45:00+02:00,52.229385,21.003358,16
2026-09-25T06:00:00+02:00,52.229575,21.003014,12
2026-09-25T06:15:00+02:00,52.229972,21.003291,32
2026-09-25T06:30:00+02:00,52.229761,21.00302,22
2026-09-25T06:45:00+02:00,52.229435,21.003682,24
2026-09-25T07:00:00+02:00,52.229852,21.003249,18
2026-09-25T07:15:00+02:00,52.23022,21.0031,27
2026-09-25T07:30:00+02:00,52.229733,21.00285,32
2026-09-25T07:45:00+02:00,52.229443,21.002797,12
2026-09-25T08:00:00+02:00,52.229891,21.003095,32
2026-09-25T08:15:00+02:00,52.23264,20.984781,22
2026-09-25T08:30:00+02:00,52.233122,20.98401,17
2026-09-25T08:45:00+02:00,52.232741,20.984315,14
2026-09-25T09:00:00+02:00,52.232934,20.984361,17
2026-09-25T09:15:00+02:00,52.232851,20.983927,20
2026-09-25T09:30:00+02:00,52.23287,20.984823,27
2026-09-25T09:45:00+02:00,52.232902,20.984351,11
2026-09-25T10:00:00+02:00,52.232826,20.984123,22
2026-09-25T10:15:00+02:00,52.232494,20.98412,19
2026-09-25T10:30:00+02:00,52.232788,20.984223,34
2026-09-25T10:45:00+02:00,52.23305,20.984056,19
2026-09-25T11:00:00+02:00,52.232913,20.984081,12
2026-09-25T11:15:00+02:00,52.232711,20.984366,14
2026-09-25T11:30:00+02:00,52.232726,20.984947,15
2026-09-25T11:45:00+02:00,52.232771,20.984313,14
2026-09-25T12:00:00+02:00,52.232539,20.984186,28
2026-09-25T12:15:00+02:00,52.232656,20.984232,18
2026-09-25T12:30:00+02:00,52.233053,20.984734,16
2026-09-25T12:45:00+02:00,52.232686,20.984375,9
2026-09-25T13:00:00+02:00,52.232691,20.984494,28
2026-09-25T13:15:00+02:00,52.2328,20.984269,15
2026-09-25T13:30:00+02:00,52.232481,20.984706,28
2026-09-25T13:45:00+02:00,52.232813,20.984656,14
2026-09-25T14:00:00+02:00,52.23276,20.983639,32
2026-09-25T14:15:00+02:00,52.232577,20.984062,15
2026-09-25T14:30:00+02:00,52.232712,20.984114,17
2026-09-25T14:45:00+02:00,52.23279,20.984149,12
2026-09-25T15:00:00+02:00,52.232922,20.984556,26
2026-09-25T15:15:00+02:00,52.232481,20.984151,21
2026-09-25T15:30:00+02:00,52.232949,20.984057,9
2026-09-25T15:45:00+02:00,52.232923,20.984385,18
2026-09-25T16:00:00+02:00,52.232646,20.984343,19
2026-09-25T16:15:00+02:00,52.233231,20.984155,19
2026-09-25T16:30:00+02:00,52.233005,20.983985,28
2026-09-25T16:45:00+02:00,52.232929,20.984483,9
2026-09-25T17:00:00+02:00,52.232692,20.984734,17
2026-09-25T17:15:00+02:00,52.232864,20.983906,27
2026-09-25T17:30:00+02:00,52.244111,20.995871,8
2026-09-25T17:45:00+02:00,52.244016,20.995734,13
2026-09-25T18:00:00+02:00,52.243938,20.995811,15
2026-09-25T18:15:00+02:00,52.244161,20.996202,21
2026-09-25T18:30:00+02:00,52.244038,20.99619,13
2026-09-25T18:45:00+02:00,52.244189,20.995521,35
2026-09-25T19:00:00+02:00,52.243948,20.995854,31
2026-09-25T19:15:00+02:00,52.244089,20.996014,16
2026-09-25T19:30:00+02:00,52.244255,20.995902,20
2026-09-25T19:45:00+02:00,52.244086,20.99581,25
2026-09-25T20:00:00+02:00,52.244136,20.995445,20
2026-09-25T20:15:00+02:00,52.244343,20.996019,32
2026-09-25T20:30:00+02:00,52.244489,20.995432,35
2026-09-25T20:45:00+02:00,52.244034,20.99576,15
2026-09-25T21:00:00+02:00,52.243629,20.995382,26
2026-09-25T21:15:00+02:00,52.244264,20.997197,29
2026-09-25T21:30:00+02:00,52.244095,20.995659,16
2026-09-25T21:45:00+02:00,52.244109,20.995717,15
2026-09-25T22:00:00+02:00,52.243868,20.995694,32
2026-09-25T22:15:00+02:00,52.244062,20.995731,11
2026-09-25T22:30:00+02:00,52.243985,20.9969,32
2026-09-25T22:45:00+02:00,52.243646,20.995468,24
2026-09-25T23:00:00+02:00,52.243874,20.99609,11
2026-09-25T23:15:00+02:00,52.243904,20.996961,28
2026-09-25T23:30:00+02:00,52.229629,21.003183,28
2026-09-25T23:45:00+02:00,52.229582,21.003387,20
2026-09-26T00:00:00+02:00,52.229658,21.002736,25
2026-09-26T00:15:00+02:00,52.229751,21.002258,18
2026-09-26T00:30:00+02:00,52.229548,21.003402,27
2026-09-26T00:45:00+02:00,52.229698,21.002844,19
2026-09-26T01:00:00+02:00,52.229613,21.002694,32
2026-09-26T01:15:00+02:00,52.229608,21.002961,11
2026-09-26T01:30:00+02:00,52.229928,21.002346,34
2026-09-26T01:45:00+02:00,52.229755,21.002969,15
2026-09-26T02:00:00+02:00,52.229808,21.002681,25
2026-09-26T02:15:00+02:00,52.229383,21.00333,21
2026-09-26T02:30:00+02:00,52.229228,21.00318,27
2026-09-26T02:45:00+02:00,52.229655,21.002015,27
2026-09-26T03:00:00+02:00,52.229559,21.003157,15
2026-09-26T03:15:00+02:00,52.229556,21.002616,13
2026-09-26T03:30:00+02:00,52.229922,21.003395,30
2026-09-26T03:45:00+02:00,52.229618,21.00281,18
2026-09-26T04:00:00+02:00,52.229746,21.003078,20
2026-09-26T04:15:00+02:00,52.229477,21.003069,12
2026-09-26T04:30:00+02:00,52.229714,21.002648,15
2026-09-26T04:45:00+02:00,52.229544,21.002807,20
2026-09-26T05:00:00+02:00,52.229667,21.002189,24
2026-09-26T05:15:00+02:00,52.229977,21.003144,28
2026-09-26T05:30:00+02:00,52.22943,21.003316,16
2026-09-26T05:45:00+02:00,52.229585,21.003308,11
2026-09-26T06:00:00+02:00,52.229725,21.002854,25
2026-09-26T06:15:00+02:00,52.229944,21.003084,32
2026-09-26T06:30:00+02:00,52.229649,21.00297,18
2026-09-26T06:45:00+02:00,52.229583,21.002992,9
2026-09-26T07:00:00+02:00,52.229574,21.002918,19
2026-09-26T07:15:00+02:00,52.22972,21.003023,25
2026-09-26T07:30:00+02:00,52.22967,21.002763,27
2026-09-26T07:45:00+02:00,52.229115,21.002669,34
2026-09-26T08:00:00+02:00,52.22979,21.003072,28
2026-09-26T08:15:00+02:00,52.229536,21.00302,9
2026-09-26T08:30:00+02:00,52.229463,21.003722,26
2026-09-26T08:45:00+02:00,52.229519,21.002808,13
2026-09-26T09:00:00+02:00,52.229308,21.004275,25
2026-09-26T09:15:00+02:00,52.228625,21.002764,18
2026-09-26T09:30:00+02:00,52.22913,21.003873,21
2026-09-26T09:45:00+02:00,52.228816,21.003473,21
2026-09-26T10:15:00+02:00,51.75934,19.455984,15
2026-09-26T10:30:00+02:00,51.759174,19.455984,22
2026-09-26T10:45:00+02:00,51.759426,19.456155,23
2026-09-26T11:00:00+02:00,51.759293,19.456182,35
2026-09-26T11:15:00+02:00,51.759319,19.456544,16
2026-09-26T11:30:00+02:00,51.759223,19.455906,15
2026-09-26T11:45:00+02:00,51.759316,19.455784,14
2026-09-26T12:00:00+02:00,51.759228,19.455799,18
2026-09-26T12:15:00+02:00,51.759173,19.455592,33
2026-09-26T12:30:00+02:00,51.759259,19.455835,10
2026-09-26T12:45:00+02:00,51.759211,19.45611,9
2026-09-26T13:00:00+02:00,51.759135,19.456011,30
2026-09-26T13:15:00+02:00,51.759119,19.45554,27
2026-09-26T13:45:00+02:00,51.758748,19.456407,25
2026-09-26T14:15:00+02:00,51.759598,19.456427,32
2026-09-26T14:30:00+02:00,51.759327,19.456128,28
2026-09-26T14:45:00+02:00,51.759197,19.455678,15
2026-09-26T15:00:00+02:00,51.759258,19.455769,16
2026-09-26T15:15:00+02:00,51.758956,19.456213,21
2026-09-26T15:30:00+02:00,51.75928,19.456167,11
2026-09-26T15:45:00+02:00,51.759203,19.455945,12
2026-09-26T16:15:00+02:00,51.75919,19.45613,16
2026-09-26T16:30:00+02:00,51.759071,19.455944,25
2026-09-26T16:45:00+02:00,51.759341,19.456198,13
2026-09-26T17:00:00+02:00,51.759507,19.456275,33
2026-09-26T17:15:00+02:00,51.759608,19.455871,33
2026-09-26T17:30:00+02:00,51.758708,19.455536,24
2026-09-26T17:45:00+02:00,51.758723,19.456025,26
2026-09-26T18:00:00+02:00,51.759313,19.456049,17
2026-09-26T18:15:00+02:00,51.759409,19.455736,31
2026-09-26T18:30:00+02:00,51.759439,19.45597,14
2026-09-26T18:45:00+02:00,51.759369,19.455514,29
2026-09-26T19:00:00+02:00,51.758942,19.456073,28
2026-09-26T19:15:00+02:00,51.759147,19.455942,23
2026-09-26T19:30:00+02:00,51.759067,19.456286,33
2026-09-26T20:00:00+02:00,51.75919,19.456337,34
2026-09-26T20:15:00+02:00,51.759019,19.455767,24
2026-09-26T20:30:00+02:00,51.759173,19.456092,14
2026-09-26T20:45:00+02:00,51.759337,19.456742,31
2026-09-26T21:00:00+02:00,51.759374,19.456014,29
2026-09-26T21:15:00+02:00,51.759303,19.455797,10
2026-09-26T21:30:00+02:00,51.758958,19.456178,22
2026-09-26T21:45:00+02:00,51.759554,19.456066,28
2026-09-26T22:00:00+02:00,51.759169,19.457078,24
2026-09-26T22:15:00+02:00,51.758873,19.455955,23
2026-09-26T22:45:00+02:00,51.759057,19.455946,11
2026-09-26T23:00:00+02:00,51.759041,19.455824,18
2026-09-26T23:15:00+02:00,51.759958,19.456004,33
2026-09-26T23:30:00+02:00,51.75935,19.456983,31
2026-09-26T23:45:00+02:00,51.759235,19.45594,18
2026-09-27T00:15:00+02:00,51.759263,19.456215,30
2026-09-27T00:30:00+02:00,51.759162,19.456239,21
2026-09-27T00:45:00+02:00,51.759318,19.455914,20
2026-09-27T01:00:00+02:00,51.759252,19.455894,11
2026-09-27T01:30:00+02:00,51.759048,19.455676,18
2026-09-27T01:45:00+02:00,51.759383,19.455968,22
2026-09-27T02:00:00+02:00,51.759368,19.456005,30
2026-09-27T02:15:00+02:00,51.759172,19.456154,27
2026-09-27T02:30:00+02:00,51.759309,19.455844,15
2026-09-27T02:45:00+02:00,51.759595,19.456485,28
2026-09-27T03:00:00+02:00,51.759307,19.456776,35
2026-09-27T03:15:00+02:00,51.759278,19.456252,15
2026-09-27T03:30:00+02:00,51.759674,19.456548,28
2026-09-27T03:45:00+02:00,51.759385,19.456491,30
2026-09-27T04:00:00+02:00,51.759296,19.455944,10
2026-09-27T04:15:00+02:00,51.76022,19.45574,32
2026-09-27T04:30:00+02:00,51.759228,19.456071,20
2026-09-27T04:45:00+02:00,51.759331,19.455765,20
2026-09-27T05:00:00+02:00,51.75914,19.455911,11
2026-09-27T05:15:00+02:00,51.759819,19.45579,32
2026-09-27T05:30:00+02:00,51.758858,19.45596,24
2026-09-27T05:45:00+02:00,51.759223,19.456834,24
2026-09-27T06:00:00+02:00,51.759383,19.456026,9
2026-09-27T06:15:00+02:00,51.759204,19.455926,21
2026-09-27T06:30:00+02:00,51.759362,19.45619,12
2026-09-27T06:45:00+02:00,51.759213,19.456091,9
2026-09-27T07:00:00+02:00,51.75913,19.456295,27
2026-09-27T07:15:00+02:00,51.75903,19.456262,27
2026-09-27T07:30:00+02:00,51.759449,19.455991,32
2026-09-27T07:45:00+02:00,51.759505,19.455158,21
2026-09-27T08:00:00+02:00,51.759314,19.455904,10
2026-09-27T08:15:00+02:00,51.759032,19.456022,13
2026-09-27T08:30:00+02:00,51.759135,19.456007,21
2026-09-27T08:45:00+02:00,51.75896,19.456379,34
2026-09-27T09:00:00+02:00,51.759165,19.45602,17
2026-09-27T09:15:00+02:00,51.759347,19.455768,16
2026-09-27T09:30:00+02:00,51.759351,19.455883,24
2026-09-27T09:45:00+02:00,51.759374,19.456926,27
2026-09-27T10:00:00+02:00,51.759198,19.455814,35
2026-09-27T10:15:00+02:00,51.759342,19.455761,27
2026-09-27T10:30:00+02:00,51.759009,19.456328,21
2026-09-27T11:00:00+02:00,51.759727,19.456655,32
2026-09-27T11:15:00+02:00,51.759216,19.456218,10
2026-09-27T11:30:00+02:00,51.759168,19.456104,14
2026-09-27T11:45:00+02:00,51.758893,19.455958,21
2026-09-27T12:00:00+02:00,51.758961,19.456136,34
2026-09-27T12:30:00+02:00,51.759051,19.456154,16
2026-09-27T12:45:00+02:00,51.759365,19.45587,15
2026-09-27T13:00:00+02:00,51.759377,19.455856,21
2026-09-27T13:15:00+02:00,51.759212,19.455687,20
2026-09-27T13:30:00+02:00,51.759243,19.455969,14
2026-09-27T13:45:00+02:00,51.759798,19.455721,31
2026-09-27T14:00:00+02:00,51.759235,19.45584,26
2026-09-27T14:15:00+02:00,51.759157,19.456137,9
2026-09-27T14:30:00+02:00,51.758705,19.455903,25
2026-09-27T14:45:00+02:00,51.759464,19.456757,20
2026-09-27T15:00:00+02:00,51.759354,19.455632,14
2026-09-27T15:15:00+02:00,51.759232,19.456038,11
2026-09-27T15:30:00+02:00,51.759383,19.456075,15
2026-09-27T15:45:00+02:00,51.759059,19.45596,13
2026-09-27T16:00:00+02:00,51.759188,19.45598,34
2026-09-27T16:15:00+02:00,51.758758,19.456409,30
2026-09-27T16:30:00+02:00,51.759115,19.456281,31
2026-09-27T16:45:00+02:00,51.759183,19.456929,31
2026-09-27T17:00:00+02:00,51.759035,19.455899,9
2026-09-27T17:15:00+02:00,51.759514,19.456095,17
2026-09-27T17:30:00+02:00,51.759001,19.455509,15
2026-09-27T17:45:00+02:00,51.759203,19.455984,35
2026-09-27T18:00:00+02:00,51.759215,19.456145,11
2026-09-27T18:15:00+02:00,51.759437,19.456409,21
2026-09-27T18:30:00+02:00,52.229045,21.003057,15
2026-09-27T18:45:00+02:00,52.228904,21.003176,16
2026-09-27T19:00:00+02:00,52.228885,21.003106,15
2026-09-27T19:15:00+02:00,52.229675,21.003539,23
2026-09-27T19:30:00+02:00,52.230091,21.003501,25
2026-09-27T19:45:00+02:00,52.229515,21.002991,26
2026-09-27T20:00:00+02:00,52.229291,21.003667,29
2026-09-27T20:15:00+02:00,52.229642,21.002478,31
2026-09-27T20:30:00+02:00,52.229763,21.002856,27
2026-09-27T20:45:00+02:00,52.229736,21.002988,24
2026-09-27T21:00:00+02:00,52.229544,21.003036,27
2026-09-27T21:15:00+02:00,52.22954,21.003124,27
2026-09-27T21:30:00+02:00,52.229307,21.003235,27
2026-09-27T21:45:00+02:00,52.229553,21.002661,20
2026-09-27T22:00:00+02:00,52.230241,21.003464,27
2026-09-27T22:30:00+02:00,52.229115,21.003189,27
2026-09-27T23:00:00+02:00,52.229477,21.003142,13
2026-09-27T23:15:00+02:00,52.229666,21.002895,9
2026-09-27T23:30:00+02:00,52.229561,21.00334,25
2026-09-27T23:45:00+02:00,52.229506,21.00275,23
2026-09-28T00:00:00+02:00,52.2293,21.002742,35
2026-09-28T00:15:00+02:00,52.229633,21.00276,12
2026-09-28T00:30:00+02:00,52.229562,21.003491,32
2026-09-28T00:45:00+02:00,52.229677,21.00316,19
2026-09-28T01:00:00+02:00,52.229619,21.0027,34
2026-09-28T01:15:00+02:00,52.229577,21.003177,15
2026-09-28T01:30:00+02:00,52.229607,21.002828,10
2026-09-28T01:45:00+02:00,52.229931,21.002857,28
2026-09-28T02:00:00+02:00,52.229623,21.003085,23
2026-09-28T02:15:00+02:00,52.229527,21.003179,14
2026-09-28T02:30:00+02:00,52.229581,21.002436,21
2026-09-28T02:45:00+02:00,52.229635,21.002446,30
2026-09-28T03:00:00+02:00,52.229727,21.00328,24
2026-09-28T03:15:00+02:00,52.229499,21.002705,33
2026-09-28T03:30:00+02:00,52.22947,21.003214,10
2026-09-28T03:45:00+02:00,52.229589,21.002734,22
2026-09-28T04:00:00+02:00,52.229501,21.003297,12
2026-09-28T04:15:00+02:00,52.229759,21.002956,20
2026-09-28T04:30:00+02:00,52.229589,21.003125,11
2026-09-28T04:45:00+02:00,52.229675,21.002808,11
2026-09-28T05:00:00+02:00,52.229757,21.00341,22
2026-09-28T05:15:00+02:00,52.229587,21.002677,11
2026-09-28T05:30:00+02:00,52.229795,21.002741,20
2026-09-28T05:45:00+02:00,52.229491,21.003625,19
2026-09-28T06:00:00+02:00,52.229651,21.003258,21
2026-09-28T06:30:00+02:00,52.230075,21.00273,28
2026-09-28T07:00:00+02:00,52.229598,21.003254,14
2026-09-28T07:15:00+02:00,52.229503,21.002878,12
2026-09-28T07:30:00+02:00,52.22961,21.003051,9
2026-09-28T07:45:00+02:00,52.229794,21.002894,11
2026-09-28T08:00:00+02:00,52.229707,21.003196,13
2026-09-28T08:15:00+02:00,52.232853,20.984367,10
2026-09-28T08:30:00+02:00,52.232882,20.984151,23
2026-09-28T08:45:00+02:00,52.232756,20.984393,8
2026-09-28T09:00:00+02:00,52.232782,20.98444,9
2026-09-28T09:15:00+02:00,52.232379,20.98487,35
2026-09-28T09:30:00+02:00,52.232635,20.984238,8
2026-09-28T09:45:00+02:00,52.232854,20.9838,34
2026-09-28T10:00:00+02:00,52.232603,20.984173,16
2026-09-28T10:15:00+02:00,52.232829,20.984334,17
2026-09-28T10:30:00+02:00,52.233045,20.984238,16
2026-09-28T10:45:00+02:00,52.232907,20.984346,13
2026-09-28T11:00:00+02:00,52.232891,20.984534,22
2026-09-28T11:15:00+02:00,52.232564,20.983728,31
2026-09-28T11:30:00+02:00,52.232782,20.984404,12
2026-09-28T11:45:00+02:00,52.232727,20.984524,14
2026-09-28T12:00:00+02:00,52.232927,20.984319,12
2026-09-28T12:15:00+02:00,52.233112,20.984404,30
2026-09-28T12:30:00+02:00,52.232755,20.984328,16
2026-09-28T12:45:00+02:00,52.232563,20.984469,13
2026-09-28T13:00:00+02:00,52.232698,20.984145,12
2026-09-28T13:15:00+02:00,52.232785,20.984217,15
2026-09-28T13:30:00+02:00,52.232544,20.984358,28
2026-09-28T13:45:00+02:00,52.232681,20.984439,17
2026-09-28T14:00:00+02:00,52.232864,20.984099,15
2026-09-28T14:15:00+02:00,52.232636,20.984287,17
2026-09-28T14:30:00+02:00,52.232963,20.984397,25
2026-09-28T14:45:00+02:00,52.232872,20.984199,20
2026-09-28T15:00:00+02:00,52.23298,20.98466,22
2026-09-28T15:15:00+02:00,52.232756,20.984391,19
2026-09-28T15:30:00+02:00,52.232812,20.983753,27
2026-09-28T15:45:00+02:00,52.232746,20.984394,10
2026-09-28T16:00:00+02:00,52.232565,20.984566,33
2026-09-28T16:15:00+02:00,52.232759,20.984236,32
2026-09-28T16:30:00+02:00,52.232759,20.985083,35
2026-09-28T16:45:00+02:00,52.232801,20.98437,17
2026-09-28T17:00:00+02:00,52.233457,20.984932,35
2026-09-28T17:15:00+02:00,52.233012,20.984299,11
2026-09-28T17:30:00+02:00,52.233031,20.984292,15
2026-09-28T17:45:00+02:00,52.232815,20.984111,20
2026-09-28T18:00:00+02:00,52.229377,21.003221,16
2026-09-28T18:15:00+02:00,52.224021,21.020126,11
2026-09-28T18:30:00+02:00,52.223623,21.019926,31
2026-09-28T18:45:00+02:00,52.224071,21.020235,16
2026-09-28T19:15:00+02:00,52.223707,21.019895,14
2026-09-28T19:30:00+02:00,52.223999,21.019971,21
2026-09-28T19:45:00+02:00,52.229306,21.003109,22
2026-09-28T20:00:00+02:00,52.229814,21.002943,12
2026-09-28T20:15:00+02:00,52.229691,21.002715,27
2026-09-28T20:30:00+02:00,52.229933,21.002579,27
2026-09-28T20:45:00+02:00,52.229617,21.002933,14
2026-09-28T21:00:00+02:00,52.22938,21.002959,31
2026-09-28T21:15:00+02:00,52.229702,21.003033,17
2026-09-28T21:30:00+02:00,52.229569,21.002654,28
2026-09-28T21:45:00+02:00,52.229693,21.003022,18
2026-09-28T22:00:00+02:00,52.229549,21.003131,14
2026-09-28T22:15:00+02:00,52.229382,21.002304,25
2026-09-28T22:30:00+02:00,52.229703,21.003007,29
2026-09-28T22:45:00+02:00,52.229368,21.002967,25
2026-09-28T23:00:00+02:00,52.229486,21.002732,20
2026-09-28T23:15:00+02:00,52.229679,21.003792,31
2026-09-28T23:30:00+02:00,52.229703,21.003016,17
2026-09-28T23:45:00+02:00,52.229595,21.002747,19
2026-09-29T00:00:00+02:00,52.229464,21.002927,32
2026-09-29T00:15:00+02:00,52.229715,21.002641,28
2026-09-29T00:30:00+02:00,52.22932,21.0029,20
2026-09-29T00:45:00+02:00,52.229382,21.002899,12
2026-09-29T01:00:00+02:00,52.229369,21.002774,20
2026-09-29T01:15:00+02:00,52.229817,21.003061,11
2026-09-29T01:30:00+02:00,52.229784,21.00298,32
2026-09-29T01:45:00+02:00,52.229888,21.002619,14
2026-09-29T02:00:00+02:00,52.229001,21.002484,24
2026-09-29T02:15:00+02:00,52.229926,21.003121,29
2026-09-29T02:30:00+02:00,52.229462,21.002624,23
2026-09-29T03:00:00+02:00,52.229786,21.0027,26
2026-09-29T03:15:00+02:00,52.229511,21.00308,28
2026-09-29T03:30:00+02:00,52.229522,21.003071,16
2026-09-29T03:45:00+02:00,52.22977,21.003206,27
2026-09-29T04:00:00+02:00,52.22957,21.003177,16
2026-09-29T04:15:00+02:00,52.229589,21.00378,22
2026-09-29T04:30:00+02:00,52.22998,21.002434,35
2026-09-29T04:45:00+02:00,52.229573,21.002991,24
2026-09-29T05:00:00+02:00,52.229822,21.003027,17
2026-09-29T05:15:00+02:00,52.229497,21.003213,17
2026-09-29T05:30:00+02:00,52.166147,20.966998,27
2026-09-29T05:45:00+02:00,52.165954,20.966573,26
2026-09-29T06:00:00+02:00,52.165706,20.967832,22
2026-09-29T06:15:00+02:00,52.165718,20.967474,15
2026-09-29T08:00:00+02:00,52.538958,13.42459,28
2026-09-29T08:15:00+02:00,52.538594,13.424207,20
2026-09-29T08:45:00+02:00,52.538863,13.424542,20
2026-09-29T09:00:00+02:00,52.539042,13.424297,24
2026-09-29T09:15:00+02:00,52.538849,13.424343,21
2026-09-29T09:30:00+02:00,52.538859,13.424326,22
2026-09-29T09:45:00+02:00,52.538988,13.423867,29
2026-09-29T10:00:00+02:00,52.538332,13.425142,32
2026-09-29T10:30:00+02:00,52.538816,13.424424,9
2026-09-29T10:45:00+02:00,52.538847,13.424561,9
2026-09-29T11:00:00+02:00,52.538932,13.424171,23
2026-09-29T11:15:00+02:00,52.538934,13.424183,23
2026-09-29T11:30:00+02:00,52.53895,13.424191,26
2026-09-29T11:45:00+02:00,52.539549,13.424755,33
2026-09-29T12:00:00+02:00,52.538875,13.424753,18
2026-09-29T12:15:00+02:00,52.53897,13.424276,9
2026-09-29T12:30:00+02:00,52.538814,13.424476,8
2026-09-29T12:45:00+02:00,52.538674,13.424458,12
2026-09-29T13:00:00+02:00,52.539051,13.424539,20
2026-09-29T13:15:00+02:00,52.538771,13.424165,9
2026-09-29T13:30:00+02:00,52.538861,13.424316,23
2026-09-29T13:45:00+02:00,52.538897,13.424503,10
2026-09-29T14:00:00+02:00,52.538319,13.424501,15
2026-09-29T14:15:00+02:00,52.538702,13.423726,21
2026-09-29T14:30:00+02:00,52.538514,13.423898,15
2026-09-29T15:00:00+02:00,52.538843,13.424229,11
2026-09-29T15:15:00+02:00,52.538643,13.425044,26
2026-09-29T15:30:00+02:00,52.538767,13.424215,34
2026-09-29T15:45:00+02:00,52.538485,13.424809,28
2026-09-29T16:00:00+02:00,52.538491,13.424811,21
2026-09-29T16:15:00+02:00,52.538713,13.424351,19
2026-09-29T16:45:00+02:00,52.538786,13.424418,11
2026-09-29T17:00:00+02:00,52.538835,13.424107,18
2026-09-29T17:15:00+02:00,52.539367,13.423966,28
2026-09-29T17:30:00+02:00,52.538869,13.424221,14
2026-09-29T17:45:00+02:00,52.538896,13.42446,23
2026-09-29T18:00:00+02:00,52.539132,13.424541,33
2026-09-29T18:15:00+02:00,52.538514,13.424932,20
2026-09-29T18:30:00+02:00,52.538769,13.424514,14
2026-09-29T18:45:00+02:00,52.538594,13.424056,30
2026-09-29T19:00:00+02:00,52.538638,13.424104,14
2026-09-29T19:15:00+02:00,52.538731,13.424413,13
2026-09-29T19:30:00+02:00,52.538801,13.424382,12
2026-09-29T19:45:00+02:00,52.539261,13.4242,29
2026-09-29T20:00:00+02:00,52.538772,13.424169,22
2026-09-29T20:15:00+02:00,52.538604,13.423918,26
2026-09-29T20:30:00+02:00,52.538437,13.424681,32
2026-09-29T20:45:00+02:00,52.538781,13.423973,18
2026-09-29T21:00:00+02:00,52.53878,13.424238,9
2026-09-29T21:15:00+02:00,52.539083,13.424321,24
2026-09-29T21:30:00+02:00,52.538713,13.424319,10
2026-09-29T21:45:00+02:00,52.538689,13.424176,30
2026-09-29T22:00:00+02:00,52.538733,13.424479,9
2026-09-29T22:30:00+02:00,52.538933,13.424009,14
2026-09-29T22:45:00+02:00,52.538606,13.423645,35
2026-09-29T23:00:00+02:00,52.538717,13.42408,28
2026-09-29T23:15:00+02:00,52.538719,13.425024,27
2026-09-29T23:30:00+02:00,52.538381,13.424311,18
2026-09-29T23:45:00+02:00,52.538924,13.42497,16
2026-09-30T00:00:00+02:00,52.53868,13.424228,32
2026-09-30T00:15:00+02:00,52.538867,13.424472,22
2026-09-30T00:30:00+02:00,52.538919,13.424371,15
2026-09-30T00:45:00+02:00,52.538562,13.424178,29
2026-09-30T01:00:00+02:00,52.538715,13.425174,32
2026-09-30T01:15:00+02:00,52.538982,13.424189,33
2026-09-30T01:30:00+02:00,52.538779,13.424389,20
2026-09-30T01:45:00+02:00,52.539141,13.423967,32
2026-09-30T02:00:00+02:00,52.539025,13.424534,18
2026-09-30T02:15:00+02:00,52.5387,13.424335,19
2026-09-30T02:30:00+02:00,52.539015,13.424616,25
2026-09-30T02:45:00+02:00,52.538746,13.424067,26
2026-09-30T03:00:00+02:00,52.538864,13.424419,14
2026-09-30T03:15:00+02:00,52.538777,13.424433,14
2026-09-30T03:30:00+02:00,52.538795,13.424667,21
2026-09-30T03:45:00+02:00,52.538608,13.424466,23
2026-09-30T04:00:00+02:00,52.539125,13.424047,33
2026-09-30T04:15:00+02:00,52.538866,13.424556,12
2026-09-30T04:30:00+02:00,52.538958,13.424498,21
2026-09-30T05:00:00+02:00,52.539007,13.424791,17
2026-09-30T05:15:00+02:00,52.53872,13.424546,16
2026-09-30T05:30:00+02:00,52.538682,13.42469,17
2026-09-30T05:45:00+02:00,52.538717,13.424445,10
2026-09-30T06:00:00+02:00,52.538846,13.424463,11
2026-09-30T06:15:00+02:00,52.53899,13.424593,18
2026-09-30T06:30:00+02:00,52.538878,13.424525,17
2026-09-30T07:00:00+02:00,52.538855,13.424309,24
2026-09-30T07:15:00+02:00,52.538555,13.424232,30
2026-09-30T07:30:00+02:00,52.538666,13.425185,28
2026-09-30T07:45:00+02:00,52.538792,13.424306,13
2026-09-30T08:15:00+02:00,52.538639,13.424168,32
2026-09-30T08:30:00+02:00,52.538753,13.424639,14
2026-09-30T08:45:00+02:00,52.538826,13.424356,29
2026-09-30T09:00:00+02:00,52.538785,13.424127,20
2026-09-30T09:15:00+02:00,52.538833,13.424777,19
2026-09-30T09:30:00+02:00,52.53902,13.424331,11
2026-09-30T09:45:00+02:00,52.538702,13.424164,20
2026-09-30T10:00:00+02:00,52.538834,13.424932,31
2026-09-30T10:15:00+02:00,52.538546,13.425084,35
2026-09-30T10:30:00+02:00,52.538813,13.424366,21
2026-09-30T10:45:00+02:00,52.538621,13.423519,26
2026-09-30T11:00:00+02:00,52.538651,13.424163,13
2026-09-30T11:15:00+02:00,52.538985,13.424104,14
2026-09-30T11:30:00+02:00,52.53864,13.42452,11
2026-09-30T11:45:00+02:00,52.53869,13.424168,14
2026-09-30T12:00:00+02:00,52.539026,13.424742,16
2026-09-30T12:15:00+02:00,52.538724,13.424392,9
2026-09-30T12:30:00+02:00,52.538517,13.424067,24
2026-09-30T12:45:00+02:00,52.538506,13.424876,26
2026-09-30T13:00:00+02:00,52.538741,13.424084,34
2026-09-30T13:15:00+02:00,52.538741,13.424186,19
2026-09-30T13:30:00+02:00,52.538855,13.423672,28
2026-09-30T13:45:00+02:00,52.538856,13.42477,25
2026-09-30T14:00:00+02:00,52.53867,13.424744,20
2026-09-30T14:15:00+02:00,52.538831,13.424821,29
2026-09-30T14:30:00+02:00,52.53889,13.424236,17
2026-09-30T14:45:00+02:00,52.538673,13.424328,18
2026-09-30T15:00:00+02:00,52.539563,13.423724,34
2026-09-30T15:15:00+02:00,52.538868,13.424313,18
2026-09-30T15:30:00+02:00,52.539132,13.424204,31
2026-09-30T15:45:00+02:00,52.538522,13.424076,11
2026-09-30T16:00:00+02:00,52.53891,13.424286,16
2026-09-30T16:15:00+02:00,52.538834,13.424337,12
2026-09-30T16:30:00+02:00,52.538787,13.424394,11
2026-09-30T16:45:00+02:00,52.539002,13.423964,21
2026-09-30T17:00:00+02:00,52.538808,13.424711,28
2026-09-30T17:15:00+02:00,52.538808,13.424509,22
2026-09-30T17:30:00+02:00,52.538635,13.423938,20
2026-09-30T17:45:00+02:00,52.538645,13.424336,10
2026-09-30T18:00:00+02:00,52.538809,13.42435,35
2026-09-30T18:15:00+02:00,52.538727,13.424439,28
2026-09-30T18:30:00+02:00,52.539103,13.423554,29
2026-09-30T18:45:00+02:00,52.538864,13.424269,11
2026-09-30T19:00:00+02:00,52.538303,13.424577,29
2026-09-30T19:15:00+02:00,52.538699,13.424502,16
2026-09-30T19:30:00+02:00,52.538927,13.424234,10
2026-09-30T19:45:00+02:00,52.53882,13.424146,10
2026-09-30T20:00:00+02:00,52.53877,13.424449,11
2026-09-30T20:15:00+02:00,52.538726,13.424725,19
2026-09-30T20:30:00+02:00,52.538969,13.42421,19
2026-09-30T20:45:00+02:00,52.538541,13.42415,31
2026-09-30T21:00:00+02:00,52.538884,13.42452,9
2026-09-30T21:15:00+02:00,52.538728,13.424499,13
2026-09-30T21:30:00+02:00,52.539251,13.425132,23
2026-09-30T21:45:00+02:00,52.53895,13.424685,34
2026-09-30T22:00:00+02:00,52.538756,13.424381,21
2026-09-30T22:15:00+02:00,52.538773,13.424194,26
2026-09-30T22:30:00+02:00,52.539121,13.424272,27
2026-09-30T22:45:00+02:00,52.539302,13.424132,29
2026-09-30T23:00:00+02:00,52.538726,13.424441,12
2026-09-30T23:15:00+02:00,52.538842,13.424216,32
2026-09-30T23:30:00+02:00,52.538774,13.424326,35
2026-09-30T23:45:00+02:00,52.538816,13.423783,28
2026-10-01T00:00:00+02:00,52.538905,13.424627,15
2026-10-01T00:30:00+02:00,52.53876,13.424637,16
2026-10-01T00:45:00+02:00,52.538868,13.424338,28
2026-10-01T01:00:00+02:00,52.538932,13.424165,25
2026-10-01T01:15:00+02:00,52.538419,13.424526,35
2026-10-01T01:30:00+02:00,52.53884,13.424655,22
2026-10-01T01:45:00+02:00,52.538728,13.424699,12
2026-10-01T02:15:00+02:00,52.538929,13.424236,16
2026-10-01T02:30:00+02:00,52.538683,13.424358,9
2026-10-01T02:45:00+02:00,52.538725,13.424301,30
2026-10-01T03:00:00+02:00,52.53869,13.424454,29
2026-10-01T03:30:00+02:00,52.538751,13.424595,11
2026-10-01T03:45:00+02:00,52.538527,13.424468,31
2026-10-01T04:00:00+02:00,52.538674,13.423991,19
2026-10-01T04:15:00+02:00,52.53888,13.424631,8
2026-10-01T04:30:00+02:00,52.53891,13.423825,19
2026-10-01T04:45:00+02:00,52.538834,13.42435,8
2026-10-01T05:00:00+02:00,52.538909,13.424377,17
2026-10-01T05:15:00+02:00,52.538821,13.424144,17
2026-10-01T05:30:00+02:00,52.538556,13.424203,28
2026-10-01T05:45:00+02:00,52.539015,13.424343,26
2026-10-01T06:00:00+02:00,52.538965,13.42448,15
2026-10-01T06:15:00+02:00,52.538811,13.424456,15
2026-10-01T06:30:00+02:00,52.539041,13.424196,23
2026-10-01T06:45:00+02:00,52.538964,13.42484,25
2026-10-01T07:00:00+02:00,52.538766,13.424366,12
2026-10-01T07:15:00+02:00,52.538919,13.424529,32
2026-10-01T07:30:00+02:00,52.538667,13.42412,23
2026-10-01T07:45:00+02:00,52.538745,13.424185,13
2026-10-01T08:00:00+02:00,52.539352,13.424031,20
2026-10-01T08:15:00+02:00,52.538754,13.424274,10
2026-10-01T08:30:00+02:00,52.538744,13.424598,20
2026-10-01T08:45:00+02:00,52.539147,13.424061,21
2026-10-01T09:00:00+02:00,52.538722,13.424464,31
2026-10-01T09:15:00+02:00,52.538798,13.42505,18
2026-10-01T09:30:00+02:00,52.538729,13.424495,13
2026-10-01T09:45:00+02:00,52.539119,13.424367,30
2026-10-01T10:00:00+02:00,52.538717,13.424537,15
2026-10-01T10:15:00+02:00,52.538501,13.423842,32
2026-10-01T10:30:00+02:00,52.53907,13.424502,20
2026-10-01T10:45:00+02:00,52.539107,13.424568,21
2026-10-01T11:00:00+02:00,52.538864,13.424529,19
2026-10-01T11:15:00+02:00,52.539065,13.424328,27
2026-10-01T11:30:00+02:00,52.538644,13.424299,16
2026-10-01T12:00:00+02:00,52.538745,13.42404,20
2026-10-01T12:15:00+02:00,52.538862,13.424083,35
2026-10-01T12:30:00+02:00,52.53873,13.424743,11
2026-10-01T12:45:00+02:00,52.53885,13.424414,19
2026-10-01T13:00:00+02:00,52.538964,13.424682,30
2026-10-01T13:15:00+02:00,52.538738,13.423961,33
2026-10-01T13:30:00+02:00,52.538676,13.42439,28
2026-10-01T13:45:00+02:00,52.538508,13.424379,25
2026-10-01T14:00:00+02:00,52.538463,13.424344,34
2026-10-01T14:15:00+02:00,52.538648,13.424365,11
2026-10-01T14:30:00+02:00,52.538879,13.423753,31
2026-10-01T14:45:00+02:00,52.538922,13.425067,33
2026-10-01T15:00:00+02:00,52.53878,13.424454,17
2026-10-01T15:15:00+02:00,52.53869,13.424139,19
2026-10-01T15:30:00+02:00,52.538807,13.424353,15
2026-10-01T15:45:00+02:00,52.538786,13.424154,11
2026-10-01T16:00:00+02:00,52.538914,13.424341,22
2026-10-01T16:15:00+02:00,52.538533,13.424918,31
2026-10-01T16:30:00+02:00,52.538739,13.423816,27
2026-10-01T16:45:00+02:00,52.538697,13.424426,31
2026-10-01T17:00:00+02:00,52.53884,13.424207,14
2026-10-01T17:15:00+02:00,52.538708,13.423917,21
2026-10-01T17:30:00+02:00,52.539185,13.426131,32
2026-10-01T17:45:00+02:00,52.53881,13.424158,27
2026-10-01T18:00:00+02:00,52.538871,13.424775,15
2026-10-01T18:15:00+02:00,52.538509,13.424743,20
2026-10-01T18:30:00+02:00,52.538786,13.424158,23
2026-10-01T18:45:00+02:00,52.538558,13.424227,32
2026-10-01T19:00:00+02:00,52.53878,13.424284,13
2026-10-01T19:15:00+02:00,52.538605,13.424246,14
2026-10-01T19:30:00+02:00,52.53898,13.424087,23
2026-10-01T19:45:00+02:00,52.538982,13.424512,15
2026-10-01T20:00:00+02:00,52.53864,13.424106,16
2026-10-01T20:15:00+02:00,52.538604,13.424681,14
2026-10-01T20:30:00+02:00,52.53883,13.424831,33
2026-10-01T20:45:00+02:00,52.538154,13.425001,32
2026-10-01T21:00:00+02:00,52.53838,13.424467,20
2026-10-01T21:15:00+02:00,52.538757,13.424639,23
2026-10-01T21:30:00+02:00,52.538742,13.424076,31
2026-10-01T21:45:00+02:00,52.539384,13.423945,29
2026-10-01T22:00:00+02:00,52.538532,13.42393,33
2026-10-01T22:15:00+02:00,52.53903,13.423617,29
2026-10-01T22:30:00+02:00,52.5389,13.424278,8
2026-10-01T22:45:00+02:00,52.538907,13.424098,12
2026-10-01T23:15:00+02:00,52.538641,13.424305,32
2026-10-01T23:30:00+02:00,52.538558,13.423768,28
2026-10-01T23:45:00+02:00,52.53838,13.424829,31
2026-10-02T00:00:00+02:00,52.538677,13.424861,33
2026-10-02T00:30:00+02:00,52.538547,13.425359,20
2026-10-02T00:45:00+02:00,52.538927,13.424674,17
2026-10-02T01:00:00+02:00,52.53867,13.424455,15
2026-10-02T01:15:00+02:00,52.538996,13.423959,27
2026-10-02T01:30:00+02:00,52.538782,13.424368,24
2026-10-02T01:45:00+02:00,52.538787,13.424299,20
2026-10-02T02:00:00+02:00,52.538585,13.424655,25
2026-10-02T02:15:00+02:00,52.538549,13.424199,27
2026-10-02T02:45:00+02:00,52.538889,13.424643,23
2026-10-02T03:00:00+02:00,52.539062,13.424622,35
2026-10-02T03:15:00+02:00,52.538634,13.424865,26
2026-10-02T03:30:00+02:00,52.538405,13.424677,20
2026-10-02T03:45:00+02:00,52.53883,13.423766,32
2026-10-02T04:00:00+02:00,52.538836,13.424254,21
2026-10-02T04:30:00+02:00,52.538717,13.424238,25
2026-10-02T04:45:00+02:00,52.538641,13.424365,27
2026-10-02T05:00:00+02:00,52.538762,13.424135,25
2026-10-02T05:15:00+02:00,52.538743,13.424424,15
2026-10-02T05:30:00+02:00,52.538533,13.424392,11
2026-10-02T05:45:00+02:00,52.538846,13.424325,29
2026-10-02T06:00:00+02:00,52.538972,13.424112,18
2026-10-02T06:15:00+02:00,52.538881,13.424235,11
2026-10-02T06:30:00+02:00,52.539252,13.424124,34
2026-10-02T06:45:00+02:00,52.538824,13.423935,28
2026-10-02T07:00:00+02:00,52.538652,13.424952,23
2026-10-02T07:15:00+02:00,52.539101,13.424002,24
2026-10-02T07:30:00+02:00,52.538689,13.424304,27
2026-10-02T07:45:00+02:00,52.538355,13.424529,24
2026-10-02T08:00:00+02:00,52.538976,13.424327,27
2026-10-02T08:15:00+02:00,52.538852,13.424369,17
2026-10-02T08:30:00+02:00,52.539115,13.424607,22
2026-10-02T08:45:00+02:00,52.538892,13.424732,21
2026-10-02T09:00:00+02:00,52.538671,13.424746,24
2026-10-02T09:15:00+02:00,52.538864,13.42404,27
2026-10-02T09:30:00+02:00,52.538391,13.424753,22
2026-10-02T09:45:00+02:00,52.538747,13.424724,9
2026-10-02T10:00:00+02:00,52.538834,13.425094,26
2026-10-02T10:15:00+02:00,52.5388,13.424607,17
2026-10-02T10:30:00+02:00,52.538826,13.424146,10
2026-10-02T10:45:00+02:00,52.538886,13.424094,27
2026-10-02T11:00:00+02:00,52.538671,13.424333,24
2026-10-02T11:15:00+02:00,52.539025,13.424098,28
2026-10-02T11:30:00+02:00,52.538841,13.423908,10
2026-10-02T11:45:00+02:00,52.538788,13.424196,19
2026-10-02T12:00:00+02:00,52.538018,13.424089,33
2026-10-02T12:15:00+02:00,52.538837,13.424041,32
2026-10-02T12:30:00+02:00,52.538769,13.424968,24
2026-10-02T12:45:00+02:00,52.5388,13.42431,31
2026-10-02T13:00:00+02:00,52.538393,13.424352,25
2026-10-02T13:15:00+02:00,52.538591,13.424198,31
2026-10-02T13:30:00+02:00,52.538617,13.424353,32
2026-10-02T13:45:00+02:00,52.538527,13.424548,26
2026-10-02T14:00:00+02:00,52.538956,13.425191,34
2026-10-02T14:15:00+02:00,52.538746,13.424204,9
2026-10-02T14:30:00+02:00,52.539043,13.424305,28
2026-10-02T14:45:00+02:00,52.538832,13.424425,10
2026-10-02T15:00:00+02:00,52.538941,13.424629,20
2026-10-02T15:15:00+02:00,52.538854,13.424399,20
2026-10-02T15:30:00+02:00,52.538797,13.424341,22
2026-10-02T15:45:00+02:00,52.539182,13.42448,25
2026-10-02T16:00:00+02:00,52.538851,13.424264,28
2026-10-02T16:15:00+02:00,52.539179,13.424586,25
2026-10-02T16:30:00+02:00,52.538783,13.424371,17
2026-10-02T16:45:00+02:00,52.538881,13.424245,9
2026-10-02T17:00:00+02:00,52.538931,13.424747,33
2026-10-02T17:15:00+02:00,52.538935,13.424377,9
2026-10-02T17:30:00+02:00,52.538813,13.424198,11
2026-10-02T17:45:00+02:00,52.53857,13.424808,18
2026-10-02T18:00:00+02:00,52.538814,13.424485,8
2026-10-02T18:15:00+02:00,52.539045,13.424874,16
2026-10-02T18:30:00+02:00,52.538716,13.423734,29
2026-10-02T18:45:00+02:00,52.538935,13.424272,29
2026-10-02T19:00:00+02:00,52.53883,13.42416,12
2026-10-02T19:15:00+02:00,52.53901,13.423839,31
2026-10-02T19:30:00+02:00,52.538765,13.424427,10
2026-10-02T19:45:00+02:00,52.53929,13.424508,27
2026-10-02T20:00:00+02:00,52.53858,13.424245,22
2026-10-02T20:15:00+02:00,52.538877,13.42438,18
2026-10-02T20:30:00+02:00,52.538936,13.424602,12
2026-10-02T20:45:00+02:00,52.538873,13.424005,19
2026-10-02T21:00:00+02:00,52.538798,13.42385,15
2026-10-02T21:15:00+02:00,52.538984,13.425015,25
2026-10-02T21:30:00+02:00,52.53877,13.424157,31
2026-10-02T22:00:00+02:00,52.538817,13.424676,11
2026-10-02T22:15:00+02:00,52.538857,13.424594,14
2026-10-02T22:30:00+02:00,52.538299,13.42333,32
2026-10-02T22:45:00+02:00,52.538717,13.424213,21
2026-10-02T23:00:00+02:00,52.538263,13.423623,22
2026-10-02T23:30:00+02:00,52.53877,13.424844,31
2026-10-02T23:45:00+02:00,52.538822,13.424163,14
2026-10-03T00:00:00+02:00,52.538802,13.424276,22
2026-10-03T00:15:00+02:00,52.539148,13.424285,15
2026-10-03T00:30:00+02:00,52.538746,13.424455,9
2026-10-03T00:45:00+02:00,52.538838,13.423501,22
2026-10-03T01:00:00+02:00,52.538729,13.423465,32
2026-10-03T01:15:00+02:00,52.539075,13.424622,35
2026-10-03T01:30:00+02:00,52.538896,13.424742,26
2026-10-03T01:45:00+02:00,52.538783,13.424462,13
2026-10-03T02:00:00+02:00,52.538795,13.424444,14
2026-10-03T02:15:00+02:00,52.538992,13.424671,17
2026-10-03T02:45:00+02:00,52.538784,13.423995,13
2026-10-03T03:00:00+02:00,52.538714,13.424465,24
2026-10-03T03:15:00+02:00,52.538288,13.424843,32
2026-10-03T03:30:00+02:00,52.538718,13.424365,12
2026-10-03T03:45:00+02:00,52.53874,13.424664,33
2026-10-03T04:00:00+02:00,52.539407,13.424277,27
2026-10-03T04:15:00+02:00,52.538834,13.42494,28
2026-10-03T04:30:00+02:00,52.539206,13.424452,20
2026-10-03T04:45:00+02:00,52.538946,13.424073,30
2026-10-03T05:00:00+02:00,52.538582,13.424292,8
2026-10-03T05:15:00+02:00,52.538829,13.423982,20
2026-10-03T05:30:00+02:00,52.538797,13.424583,10
2026-10-03T05:45:00+02:00,52.538837,13.424583,16
2026-10-03T06:00:00+02:00,52.538411,13.423829,35
2026-10-03T06:15:00+02:00,52.538763,13.424413,9
2026-10-03T06:30:00+02:00,52.53876,13.424744,12
2026-10-03T06:45:00+02:00,52.538727,13.424478,10
2026-10-03T07:00:00+02:00,52.538802,13.424709,25
2026-10-03T07:15:00+02:00,52.539066,13.424847,15
2026-10-03T07:30:00+02:00,52.538768,13.424218,15
2026-10-03T07:45:00+02:00,52.538572,13.424653,20
2026-10-03T08:00:00+02:00,52.538509,13.424692,32
2026-10-03T08:15:00+02:00,52.538821,13.424401,15
2026-10-03T08:30:00+02:00,52.538748,13.424502,19
2026-10-03T08:45:00+02:00,52.538702,13.424355,10
2026-10-03T09:00:00+02:00,52.538836,13.424379,17
2026-10-03T09:15:00+02:00,52.538814,13.424362,27
2026-10-03T09:30:00+02:00,52.538893,13.4248,18
2026-10-03T09:45:00+02:00,52.538295,13.424054,30
2026-10-03T10:15:00+02:00,52.538773,13.423878,20
2026-10-03T10:30:00+02:00,52.538877,13.424139,18
2026-10-03T10:45:00+02:00,52.538904,13.424373,10
2026-10-03T11:00:00+02:00,52.538917,13.42443,10
2026-10-03T11:15:00+02:00,52.538696,13.424656,21
2026-10-03T11:30:00+02:00,52.538701,13.424201,12
2026-10-03T11:45:00+02:00,52.538891,13.424569,8
2026-10-03T12:00:00+02:00,52.53887,13.424758,29
2026-10-03T12:15:00+02:00,52.538706,13.424178,11
2026-10-03T12:30:00+02:00,52.538918,13.424663,13
2026-10-03T12:45:00+02:00,52.538519,13.424629,15
2026-10-03T13:00:00+02:00,52.538655,13.424267,18
2026-10-03T13:15:00+02:00,52.539091,13.424397,27
2026-10-03T13:30:00+02:00,52.538722,13.424996,28
2026-10-03T13:45:00+02:00,52.538781,13.424715,30
2026-10-03T14:00:00+02:00,52.538959,13.424661,27
2026-10-03T14:15:00+02:00,52.538733,13.424456,12
2026-10-03T14:30:00+02:00,52.538645,13.424303,9
2026-10-03T14:45:00+02:00,52.538719,13.424312,10
2026-10-03T15:00:00+02:00,52.538501,13.424215,34
2026-10-03T15:15:00+02:00,52.538648,13.424546,26
2026-10-03T15:30:00+02:00,52.538756,13.424309,10
2026-10-03T15:45:00+02:00,52.539189,13.424393,34
2026-10-03T16:00:00+02:00,52.538797,13.424081,9
2026-10-03T16:15:00+02:00,52.539124,13.424452,24
2026-10-03T16:30:00+02:00,52.538792,13.424236,8
2026-10-03T16:45:00+02:00,52.538801,13.424283,33
2026-10-03T17:00:00+02:00,52.538836,13.424584,29
2026-10-03T17:15:00+02:00,52.53896,13.424058,27
2026-10-03T17:30:00+02:00,52.538923,13.424057,33
2026-10-03T17:45:00+02:00,52.538669,13.424384,19
2026-10-03T18:00:00+02:00,52.539161,13.423562,32
2026-10-03T18:15:00+02:00,52.539106,13.424663,19
2026-10-03T18:30:00+02:00,52.538751,13.424041,33
2026-10-03T18:45:00+02:00,52.538629,13.423573,33
2026-10-03T19:00:00+02:00,52.538574,13.423976,17
2026-10-03T19:15:00+02:00,52.538858,13.424218,10
2026-10-03T19:30:00+02:00,52.538807,13.424317,12
2026-10-03T19:45:00+02:00,52.53875,13.424545,10
2026-10-03T20:00:00+02:00,52.538497,13.424327,28
2026-10-03T20:15:00+02:00,52.538592,13.424415,14
2026-10-03T20:30:00+02:00,52.538605,13.424268,11
2026-10-03T20:45:00+02:00,52.538873,13.424517,12
2026-10-03T21:00:00+02:00,52.53872,13.424923,18
2026-10-03T21:15:00+02:00,52.538916,13.423991,30
2026-10-03T21:30:00+02:00,52.538711,13.42381,30
2026-10-03T21:45:00+02:00,52.538791,13.424318,18
2026-10-03T22:00:00+02:00,52.53889,13.424084,20
2026-10-03T22:15:00+02:00,52.538675,13.424142,26
2026-10-03T22:30:00+02:00,52.539091,13.424376,25
2026-10-03T22:45:00+02:00,52.538962,13.425744,29
2026-10-03T23:00:00+02:00,52.538927,13.424428,9
2026-10-03T23:15:00+02:00,52.539003,13.424636,19
2026-10-03T23:30:00+02:00,52.53912,13.424877,33
2026-10-03T23:45:00+02:00,52.538704,13.424533,17
2026-10-04T00:00:00+02:00,52.538789,13.42447,21
2026-10-04T00:15:00+02:00,52.538767,13.424328,24
2026-10-04T00:30:00+02:00,52.538775,13.424313,11
2026-10-04T00:45:00+02:00,52.538942,13.424907,16
2026-10-04T01:00:00+02:00,52.538875,13.424824,26
2026-10-04T01:15:00+02:00,52.538726,13.424564,13
2026-10-04T01:30:00+02:00,52.538931,13.424855,19
2026-10-04T01:45:00+02:00,52.538711,13.424354,11
2026-10-04T02:00:00+02:00,52.539183,13.423781,28
2026-10-04T02:15:00+02:00,52.53905,13.424604,32
2026-10-04T02:30:00+02:00,52.539312,13.424595,35
2026-10-04T02:45:00+02:00,52.538581,13.424429,22
2026-10-04T03:15:00+02:00,52.53887,13.425036,32
2026-10-04T03:30:00+02:00,52.538463,13.42504,33
2026-10-04T03:45:00+02:00,52.538778,13.424644,17
2026-10-04T04:00:00+02:00,52.539064,13.424306,22
2026-10-04T04:15:00+02:00,52.538751,13.424402,9
2026-10-04T04:30:00+02:00,52.538561,13.424293,34
2026-10-04T04:45:00+02:00,52.538964,13.424126,13
2026-10-04T05:00:00+02:00,52.538685,13.42405,14
2026-10-04T05:15:00+02:00,52.538698,13.424379,15
2026-10-04T05:30:00+02:00,52.539198,13.423956,27
2026-10-04T05:45:00+02:00,52.538866,13.424279,18
2026-10-04T06:00:00+02:00,52.538615,13.424725,31
2026-10-04T06:15:00+02:00,52.538728,13.424565,16
2026-10-04T06:30:00+02:00,52.538795,13.424095,31
2026-10-04T06:45:00+02:00,52.538646,13.424325,17
2026-10-04T07:00:00+02:00,52.538506,13.424121,14
2026-10-04T07:15:00+02:00,52.538894,13.424386,27
2026-10-04T07:30:00+02:00,52.5386,13.424769,27
2026-10-04T07:45:00+02:00,52.538623,13.42458,14
2026-10-04T08:00:00+02:00,52.538724,13.424013,19
2026-10-04T08:15:00+02:00,52.538994,13.423991,26
2026-10-04T08:30:00+02:00,52.538491,13.424354,26
2026-10-04T09:00:00+02:00,52.539025,13.424279,34
2026-10-04T09:15:00+02:00,52.53866,13.424143,17
2026-10-04T09:30:00+02:00,52.538558,13.424163,12
2026-10-04T09:45:00+02:00,52.538842,13.424467,10
2026-10-04T10:00:00+02:00,52.538799,13.424145,18
2026-10-04T10:15:00+02:00,52.538694,13.424876,24
2026-10-04T10:30:00+02:00,52.538867,13.424757,22
2026-10-04T10:45:00+02:00,52.538751,13.424518,11
2026-10-04T11:00:00+02:00,52.538714,13.424423,17
2026-10-04T11:15:00+02:00,52.539067,13.424779,28
2026-10-04T11:30:00+02:00,52.538812,13.424302,13
2026-10-04T11:45:00+02:00,52.538727,13.424131,10
2026-10-04T12:00:00+02:00,52.538488,13.424959,35
2026-10-04T12:15:00+02:00,52.53877,13.424608,17
2026-10-04T12:30:00+02:00,52.538839,13.424469,12
2026-10-04T12:45:00+02:00,52.53868,13.424586,18
2026-10-04T13:00:00+02:00,52.539025,13.424084,24
2026-10-04T13:15:00+02:00,52.538957,13.424997,20
2026-10-04T13:30:00+02:00,52.538912,13.423977,24
2026-10-04T13:45:00+02:00,52.538813,13.424516,8
2026-10-04T14:00:00+02:00,52.538941,13.424181,17
2026-10-04T14:15:00+02:00,52.538957,13.424251,32
2026-10-04T14:30:00+02:00,52.539175,13.424645,26
2026-10-04T14:45:00+02:00,52.538785,13.42446,31
2026-10-04T15:00:00+02:00,52.538762,13.424504,8
2026-10-04T15:15:00+02:00,52.538511,13.424103,26
2026-10-04T15:30:00+02:00,52.538106,13.424249,26
2026-10-04T15:45:00+02:00,52.53848,13.423973,33
2026-10-04T16:00:00+02:00,52.538753,13.424581,14
2026-10-04T16:15:00+02:00,52.538578,13.424516,18
2026-10-04T16:30:00+02:00,52.53899,13.424532,22
2026-10-04T16:45:00+02:00,52.538815,13.424262,12
2026-10-04T17:00:00+02:00,52.538468,13.425092,32
2026-10-04T17:15:00+02:00,52.538961,13.424748,18
2026-10-04T17:30:00+02:00,52.538808,13.424264,17
2026-10-04T17:45:00+02:00,52.538944,13.424852,27
2026-10-04T18:15:00+02:00,52.538882,13.424439,28
2026-10-04T18:30:00+02:00,52.539247,13.424582,34
2026-10-04T18:45:00+02:00,52.538554,13.425107,26
2026-10-04T19:00:00+02:00,52.538971,13.42444,34
2026-10-04T19:15:00+02:00,52.538358,13.424937,32
2026-10-04T19:30:00+02:00,52.538704,13.424482,13
2026-10-04T19:45:00+02:00,52.538729,13.424354,18
2026-10-04T20:00:00+02:00,52.538903,13.424144,14
2026-10-04T20:15:00+02:00,52.53868,13.423966,24
2026-10-04T20:30:00+02:00,52.538583,13.424129,16
2026-10-04T22:15:00+02:00,52.165642,20.967197,27
2026-10-04T22:30:00+02:00,52.165594,20.96699,15
2026-10-04T22:45:00+02:00,52.16569,20.966861,12
2026-10-04T23:00:00+02:00,52.229602,21.003129,19
2026-10-04T23:15:00+02:00,52.22962,21.002878,13
2026-10-04T23:30:00+02:00,52.229606,21.003442,24
2026-10-04T23:45:00+02:00,52.229683,21.003035,28
2026-10-05T00:00:00+02:00,52.2295,21.003448,25
2026-10-05T00:15:00+02:00,52.229654,21.003016,20
2026-10-05T00:30:00+02:00,52.22938,21.002816,29
2026-10-05T00:45:00+02:00,52.229585,21.003198,28
2026-10-05T01:00:00+02:00,52.23015,21.00283,31
2026-10-05T01:30:00+02:00,52.229559,21.00292,9
2026-10-05T01:45:00+02:00,52.2297,21.003036,8
2026-10-05T02:00:00+02:00,52.229562,21.003168,17
2026-10-05T02:15:00+02:00,52.229784,21.003324,24
2026-10-05T02:30:00+02:00,52.229622,21.002822,10
2026-10-05T02:45:00+02:00,52.229577,21.00245,22
2026-10-05T03:00:00+02:00,52.229661,21.003019,18
2026-10-05T03:15:00+02:00,52.229644,21.002738,24
2026-10-05T03:45:00+02:00,52.229906,21.002695,34
2026-10-05T04:00:00+02:00,52.229342,21.002638,11
2026-10-05T04:15:00+02:00,52.229403,21.002825,23
2026-10-05T04:30:00+02:00,52.229542,21.003049,16
2026-10-05T04:45:00+02:00,52.229833,21.003394,20
2026-10-05T05:00:00+02:00,52.229653,21.00296,17
2026-10-05T05:15:00+02:00,52.229755,21.003203,26
2026-10-05T05:30:00+02:00,52.229798,21.001994,35
2026-10-05T05:45:00+02:00,52.229619,21.002782,13
2026-10-05T06:00:00+02:00,52.229674,21.003153,21
2026-10-05T06:15:00+02:00,52.229545,21.003018,9
2026-10-05T06:30:00+02:00,52.229553,21.003063,19
2026-10-05T06:45:00+02:00,52.229719,21.003028,10
2026-10-05T07:00:00+02:00,52.229494,21.003163,17
2026-10-05T07:15:00+02:00,52.229412,21.002744,28
2026-10-05T07:30:00+02:00,52.229405,21.002946,35
2026-10-05T07:45:00+02:00,52.229192,21.0025,35
2026-10-05T08:00:00+02:00,52.22944,21.002963,26
2026-10-05T08:15:00+02:00,52.229504,21.002552,12
2026-10-05T08:30:00+02:00,52.229805,21.002836,14
2026-10-05T08:45:00+02:00,52.229681,21.003003,28
2026-10-05T09:00:00+02:00,52.229623,21.002968,29
2026-10-05T09:15:00+02:00,52.229531,21.003005,12
2026-10-05T09:30:00+02:00,52.229771,21.003131,18
2026-10-05T09:45:00+02:00,52.229671,21.003071,13
2026-10-05T10:00:00+02:00,52.229698,21.003164,18
2026-10-05T10:15:00+02:00,52.22958,21.003382,16
2026-10-05T10:30:00+02:00,52.229487,21.002777,22
2026-10-05T10:45:00+02:00,52.229564,21.003751,23
2026-10-05T11:00:00+02:00,52.229695,21.002834,17
2026-10-05T11:15:00+02:00,52.229473,21.00305,12
2026-10-05T11:30:00+02:00,52.229601,21.003012,26
2026-10-05T11:45:00+02:00,52.229653,21.004114,33
2026-10-05T12:00:00+02:00,52.229809,21.003001,15
2026-10-05T12:15:00+02:00,52.22982,21.002656,25
2026-10-05T12:30:00+02:00,52.229567,21.003078,10
2026-10-05T12:45:00+02:00,52.229481,21.002917,15
2026-10-05T13:00:00+02:00,52.229599,21.002721,15
2026-10-05T13:15:00+02:00,52.229432,21.002621,32
2026-10-05T13:30:00+02:00,52.229772,21.002726,34
2026-10-05T13:45:00+02:00,52.229509,21.002757,15
2026-10-05T14:00:00+02:00,52.229546,21.003092,32
2026-10-05T14:15:00+02:00,52.229464,21.003209,17
2026-10-05T14:30:00+02:00,52.229378,21.002849,16
2026-10-05T14:45:00+02:00,52.229715,21.003017,16
2026-10-05T15:00:00+02:00,52.229697,21.003152,10
2026-10-05T15:15:00+02:00,52.229519,21.003543,26
2026-10-05T15:30:00+02:00,52.229605,21.003074,11
2026-10-05T15:45:00+02:00,52.229761,21.002833,12
2026-10-05T16:00:00+02:00,52.2295,21.003154,17
2026-10-05T16:15:00+02:00,52.229708,21.003116,30
2026-10-05T16:30:00+02:00,52.229455,21.002369,16
2026-10-05T16:45:00+02:00,52.229238,21.003389,27
2026-10-05T17:00:00+02:00,52.229795,21.003021,17
2026-10-05T17:30:00+02:00,52.229649,21.003118,11
2026-10-05T17:45:00+02:00,52.229868,21.002874,23
2026-10-05T18:00:00+02:00,52.229708,21.002535,31
2026-10-05T18:15:00+02:00,52.229586,21.003172,14
2026-10-05T18:30:00+02:00,52.229666,21.003262,13
2026-10-05T18:45:00+02:00,52.195015,21.024137,8
2026-10-05T19:00:00+02:00,52.195064,21.024227,11
2026-10-05T19:15:00+02:00,52.19479,21.023899,33
2026-10-05T19:30:00+02:00,52.195125,21.023373,29
2026-10-05T20:00:00+02:00,52.194993,21.023828,9
2026-10-05T20:15:00+02:00,52.195007,21.024281,10
2026-10-05T20:30:00+02:00,52.194999,21.023735,26
2026-10-05T20:45:00+02:00,52.195398,21.024263,34
2026-10-05T21:00:00+02:00,52.194709,21.024292,22
2026-10-05T21:15:00+02:00,52.19478,21.023947,22
2026-10-05T21:45:00+02:00,52.229686,21.002202,34
2026-10-05T22:00:00+02:00,52.229631,21.003121,8
2026-10-05T22:15:00+02:00,52.229566,21.003313,20
2026-10-05T22:30:00+02:00,52.229709,21.003443,30
2026-10-05T22:45:00+02:00,52.2296,21.002792,10
2026-10-05T23:00:00+02:00,52.229394,21.002849,24
2026-10-05T23:15:00+02:00,52.229672,21.002964,10
2026-10-05T23:30:00+02:00,52.229316,21.002434,27
2026-10-05T23:45:00+02:00,52.229795,21.003177,19
2026-10-06T00:00:00+02:00,52.229559,21.002813,11
2026-10-06T00:15:00+02:00,52.229393,21.002726,26
2026-10-06T00:30:00+02:00,52.229619,21.003082,14
2026-10-06T00:45:00+02:00,52.229541,21.002994,16
2026-10-06T01:00:00+02:00,52.229777,21.002993,27
2026-10-06T01:15:00+02:00,52.229765,21.003216,27
2026-10-06T01:30:00+02:00,52.229804,21.001927,29
2026-10-06T01:45:00+02:00,52.229826,21.00304,12
2026-10-06T02:00:00+02:00,52.229667,21.002923,11
2026-10-06T02:15:00+02:00,52.229689,21.003104,19
2026-10-06T02:30:00+02:00,52.229583,21.002938,11
2026-10-06T02:45:00+02:00,52.229677,21.002288,34
2026-10-06T03:00:00+02:00,52.229839,21.002886,18
2026-10-06T03:15:00+02:00,52.229953,21.003461,30
2026-10-06T03:30:00+02:00,52.229749,21.003419,23
2026-10-06T03:45:00+02:00,52.229255,21.003316,27
2026-10-06T04:15:00+02:00,52.229758,21.002811,24
2026-10-06T04:30:00+02:00,52.229704,21.003354,20
2026-10-06T04:45:00+02:00,52.229566,21.003211,29
2026-10-06T05:00:00+02:00,52.229591,21.002934,16
2026-10-06T05:15:00+02:00,52.229589,21.003292,17
2026-10-06T05:30:00+02:00,52.229615,21.003181,14
2026-10-06T05:45:00+02:00,52.229418,21.002869,17
2026-10-06T06:15:00+02:00,52.229673,21.003265,23
2026-10-06T06:30:00+02:00,52.229366,21.002577,20
2026-10-06T06:45:00+02:00,52.229668,21.002972,12
2026-10-06T07:00:00+02:00,52.229531,21.002816,28
2026-10-06T07:15:00+02:00,52.229553,21.002884,9
2026-10-06T07:30:00+02:00,52.229449,21.003209,17
2026-10-06T07:45:00+02:00,52.229512,21.003022,11
2026-10-06T08:00:00+02:00,52.229686,21.002673,12
2026-10-06T08:15:00+02:00,52.232762,20.984068,23
2026-10-06T08:45:00+02:00,52.232591,20.984788,32
2026-10-06T09:00:00+02:00,52.232788,20.983941,19
2026-10-06T09:15:00+02:00,52.233161,20.984159,17
2026-10-06T09:30:00+02:00,52.232449,20.984505,35
2026-10-06T09:45:00+02:00,52.233198,20.984232,21
2026-10-06T10:00:00+02:00,52.232779,20.98416,17
2026-10-06T10:15:00+02:00,52.232453,20.984481,29
2026-10-06T10:30:00+02:00,52.233065,20.984543,26
2026-10-06T10:45:00+02:00,52.232539,20.98409,17
2026-10-06T11:00:00+02:00,52.232866,20.98429,10
2026-10-06T11:15:00+02:00,52.232847,20.984327,31
2026-10-06T11:30:00+02:00,52.232665,20.984424,31
2026-10-06T11:45:00+02:00,52.232904,20.984254,17
2026-10-06T12:00:00+02:00,52.232963,20.984038,14
2026-10-06T12:15:00+02:00,52.233069,20.984264,13
2026-10-06T12:30:00+02:00,52.232685,20.984313,29
2026-10-06T12:45:00+02:00,52.232798,20.984278,20
2026-10-06T13:00:00+02:00,52.233118,20.984923,28
2026-10-06T13:15:00+02:00,52.232885,20.984689,21
2026-10-06T13:30:00+02:00,52.232719,20.984185,9
2026-10-06T13:45:00+02:00,52.232487,20.984053,21
2026-10-06T14:00:00+02:00,52.232507,20.984446,34
2026-10-06T14:15:00+02:00,52.232815,20.98424,31
2026-10-06T14:30:00+02:00,52.232893,20.98491,27
2026-10-06T14:45:00+02:00,52.233106,20.984716,21
2026-10-06T15:00:00+02:00,52.232689,20.984373,9
2026-10-06T15:15:00+02:00,52.232477,20.984347,20
2026-10-06T15:30:00+02:00,52.232821,20.984335,13
2026-10-06T15:45:00+02:00,52.232834,20.984806,30
2026-10-06T16:00:00+02:00,52.232681,20.983868,21
2026-10-06T16:15:00+02:00,52.232382,20.983968,22
2026-10-06T16:30:00+02:00,52.233363,20.984481,32
2026-10-06T16:45:00+02:00,52.232833,20.984084,11
2026-10-06T17:00:00+02:00,52.232828,20.985158,35
2026-10-06T17:30:00+02:00,52.232672,20.984534,11
2026-10-06T17:45:00+02:00,52.229649,21.002893,9
2026-10-06T18:00:00+02:00,52.229632,21.002925,13
2026-10-06T18:15:00+02:00,52.229896,21.003643,23
2026-10-06T18:30:00+02:00,52.229443,21.003649,26
2026-10-06T18:45:00+02:00,52.229512,21.002688,11
2026-10-06T19:00:00+02:00,52.229435,21.003053,11
2026-10-06T19:15:00+02:00,52.228445,21.00243,35
2026-10-06T19:30:00+02:00,52.229613,21.002706,15
2026-10-06T19:45:00+02:00,52.229721,21.003916,31
2026-10-06T20:00:00+02:00,52.229649,21.002919,27
2026-10-06T20:15:00+02:00,52.229416,21.003305,22
2026-10-06T20:30:00+02:00,52.229169,21.002703,22
2026-10-06T20:45:00+02:00,52.229562,21.002698,11
2026-10-06T21:00:00+02:00,52.229527,21.002938,30
2026-10-06T21:15:00+02:00,52.229836,21.003188,28
2026-10-06T21:30:00+02:00,52.229543,21.002835,14
2026-10-06T21:45:00+02:00,52.22977,21.003105,18
2026-10-06T22:00:00+02:00,52.229403,21.003028,28
2026-10-06T22:15:00+02:00,52.22949,21.002962,20
2026-10-06T22:30:00+02:00,52.229803,21.002849,20
2026-10-06T22:45:00+02:00,52.229238,21.00307,24
2026-10-06T23:00:00+02:00,52.229927,21.00274,31
2026-10-06T23:15:00+02:00,52.22977,21.002721,35
2026-10-06T23:30:00+02:00,52.229654,21.003084,15
2026-10-06T23:45:00+02:00,52.229451,21.002937,20
2026-10-07T00:00:00+02:00,52.229528,21.002923,19
2026-10-07T00:15:00+02:00,52.229399,21.002897,23
2026-10-07T00:30:00+02:00,52.229376,21.002484,20
2026-10-07T00:45:00+02:00,52.22946,21.003107,9
2026-10-07T01:00:00+02:00,52.229352,21.002968,21
2026-10-07T01:15:00+02:00,52.229413,21.003076,18
2026-10-07T01:30:00+02:00,52.229617,21.003054,9
2026-10-07T01:45:00+02:00,52.229578,21.002915,34
2026-10-07T02:00:00+02:00,52.229655,21.003091,10
2026-10-07T02:15:00+02:00,52.229551,21.003084,13
2026-10-07T02:30:00+02:00,52.229439,21.003101,26
2026-10-07T02:45:00+02:00,52.229437,21.003102,10
2026-10-07T03:00:00+02:00,52.229631,21.00303,14
2026-10-07T03:15:00+02:00,52.229622,21.00309,16
2026-10-07T03:30:00+02:00,52.229837,21.003213,20
2026-10-07T03:45:00+02:00,52.229917,21.002963,20
2026-10-07T04:00:00+02:00,52.229628,21.003018,21
2026-10-07T04:15:00+02:00,52.229591,21.003273,10
2026-10-07T04:45:00+02:00,52.229621,21.002808,29
2026-10-07T05:00:00+02:00,52.229548,21.003175,9
2026-10-07T05:15:00+02:00,52.229726,21.002915,16
2026-10-07T05:30:00+02:00,52.165987,20.96687,28
2026-10-07T05:45:00+02:00,52.165824,20.967244,12
2026-10-07T06:00:00+02:00,52.166137,20.967444,27
2026-10-07T06:15:00+02:00,52.165585,20.96724,10
2026-10-07T08:00:00+02:00,59.333034,18.064149,32
2026-10-07T08:15:00+02:00,59.33262,18.064967,14
2026-10-07T08:30:00+02:00,59.332876,18.065154,17
2026-10-07T08:45:00+02:00,59.332739,18.065149,12
2026-10-07T09:00:00+02:00,59.33255,18.064822,15
2026-10-07T09:15:00+02:00,59.332497,18.064964,11
2026-10-07T09:30:00+02:00,59.332781,18.064705,30
2026-10-07T09:45:00+02:00,59.332576,18.065386,24
2026-10-07T10:00:00+02:00,59.332563,18.065023,27
2026-10-07T10:15:00+02:00,59.332536,18.065126,11
2026-10-07T10:30:00+02:00,59.333239,18.065439,34
2026-10-07T10:45:00+02:00,59.332515,18.065632,24
2026-10-07T11:00:00+02:00,59.332456,18.065058,22
2026-10-07T11:15:00+02:00,59.332633,18.064869,13
2026-10-07T11:30:00+02:00,59.332398,18.064014,30
2026-10-07T12:00:00+02:00,59.332594,18.065134,14
2026-10-07T12:15:00+02:00,59.332621,18.064928,10
2026-10-07T12:30:00+02:00,59.332545,18.065129,27
2026-10-07T12:45:00+02:00,59.332645,18.064665,19
2026-10-07T13:00:00+02:00,59.332588,18.064865,16
2026-10-07T13:15:00+02:00,59.332631,18.064739,20
2026-10-07T13:30:00+02:00,59.332881,18.064177,20
2026-10-07T13:45:00+02:00,59.332482,18.064842,21
2026-10-07T14:00:00+02:00,59.332389,18.064462,32
2026-10-07T14:15:00+02:00,59.332514,18.064573,34
2026-10-07T14:30:00+02:00,59.332497,18.064714,17
2026-10-07T14:45:00+02:00,59.33262,18.065014,24
2026-10-07T15:00:00+02:00,59.332496,18.06425,31
2026-10-07T15:30:00+02:00,59.332268,18.064946,34
2026-10-07T15:45:00+02:00,59.332678,18.064874,19
2026-10-07T16:15:00+02:00,59.332652,18.06461,33
2026-10-07T16:30:00+02:00,59.332402,18.064762,12
2026-10-07T16:45:00+02:00,59.332373,18.064376,24
2026-10-07T17:00:00+02:00,59.332553,18.064853,9
2026-10-07T17:30:00+02:00,59.332676,18.064718,14
2026-10-07T17:45:00+02:00,59.332615,18.064862,28
2026-10-07T18:00:00+02:00,59.332487,18.065003,24
2026-10-07T18:15:00+02:00,59.332458,18.065153,29
2026-10-07T18:30:00+02:00,59.332321,18.064944,22
2026-10-07T18:45:00+02:00,59.332602,18.064322,25
2026-10-07T19:00:00+02:00,59.332578,18.064997,8
2026-10-07T19:15:00+02:00,59.332706,18.064338,22
2026-10-07T19:30:00+02:00,59.332421,18.064886,34
2026-10-07T19:45:00+02:00,59.33271,18.064679,16
2026-10-07T20:00:00+02:00,59.332761,18.064577,32
2026-10-07T20:15:00+02:00,59.332519,18.065124,14
2026-10-07T20:30:00+02:00,59.332586,18.064865,10
2026-10-07T20:45:00+02:00,59.332819,18.065564,19
2026-10-07T21:00:00+02:00,59.332835,18.065474,30
2026-10-07T21:15:00+02:00,59.332688,18.064713,24
2026-10-07T21:30:00+02:00,59.332642,18.064983,28
2026-10-07T21:45:00+02:00,59.33274,18.065297,24
2026-10-07T22:00:00+02:00,59.332558,18.065037,12
2026-10-07T22:15:00+02:00,59.332543,18.064552,29
2026-10-07T22:30:00+02:00,59.332705,18.065323,21
2026-10-07T22:45:00+02:00,59.332644,18.064969,9
2026-10-07T23:00:00+02:00,59.332363,18.064924,35
2026-10-07T23:15:00+02:00,59.332299,18.065075,33
2026-10-07T23:30:00+02:00,59.33282,18.064973,15
2026-10-07T23:45:00+02:00,59.332161,18.065486,35
2026-10-08T00:00:00+02:00,59.332292,18.064904,20
2026-10-08T00:15:00+02:00,59.33228,18.064975,18
2026-10-08T00:30:00+02:00,59.33255,18.064528,35
2026-10-08T00:45:00+02:00,59.33301,18.064865,28
2026-10-08T01:00:00+02:00,59.332373,18.064735,28
2026-10-08T01:15:00+02:00,59.332451,18.065072,16
2026-10-08T01:30:00+02:00,59.332672,18.06539,25
2026-10-08T01:45:00+02:00,59.332757,18.064552,19
2026-10-08T02:00:00+02:00,59.332494,18.064763,9
2026-10-08T02:15:00+02:00,59.332566,18.065073,22
2026-10-08T02:30:00+02:00,59.332676,18.065037,11
2026-10-08T02:45:00+02:00,59.33292,18.06493,26
2026-10-08T03:00:00+02:00,59.332737,18.064773,17
2026-10-08T03:15:00+02:00,59.332973,18.064536,31
2026-10-08T03:30:00+02:00,59.332524,18.065331,17
2026-10-08T03:45:00+02:00,59.332621,18.064712,26
2026-10-08T04:00:00+02:00,59.332539,18.064785,9
2026-10-08T04:15:00+02:00,59.332324,18.064669,24
2026-10-08T04:30:00+02:00,59.332704,18.064995,21
2026-10-08T04:45:00+02:00,59.332547,18.065181,9
2026-10-08T05:00:00+02:00,59.332393,18.064179,26
2026-10-08T05:15:00+02:00,59.332691,18.065068,28
2026-10-08T05:45:00+02:00,59.332523,18.064713,16
2026-10-08T06:00:00+02:00,59.332603,18.064771,33
2026-10-08T06:30:00+02:00,59.332983,18.06527,23
2026-10-08T06:45:00+02:00,59.332643,18.064873,21
2026-10-08T07:00:00+02:00,59.332773,18.064023,33
2026-10-08T07:30:00+02:00,59.332684,18.064806,11
2026-10-08T07:45:00+02:00,59.331981,18.06516,32
2026-10-08T08:00:00+02:00,59.332715,18.064807,24
2026-10-08T08:15:00+02:00,59.332511,18.064949,16
2026-10-08T08:30:00+02:00,59.332703,18.065142,23
2026-10-08T08:45:00+02:00,59.332712,18.065047,13
2026-10-08T09:00:00+02:00,59.332509,18.064732,13
2026-10-08T09:15:00+02:00,59.332595,18.06525,23
2026-10-08T09:30:00+02:00,59.332241,18.065238,26
2026-10-08T09:45:00+02:00,59.332508,18.064821,17
2026-10-08T10:00:00+02:00,59.332844,18.065496,19
2026-10-08T10:15:00+02:00,59.332736,18.064283,31
2026-10-08T10:30:00+02:00,59.332745,18.064926,12
2026-10-08T10:45:00+02:00,59.332437,18.064948,18
2026-10-08T11:00:00+02:00,59.332462,18.064954,16
2026-10-08T11:15:00+02:00,59.33252,18.065366,31
2026-10-08T11:30:00+02:00,59.332574,18.064923,17
2026-10-08T11:45:00+02:00,59.332566,18.065014,28
2026-10-08T12:00:00+02:00,59.332512,18.064655,31
2026-10-08T12:15:00+02:00,59.332581,18.064739,25
2026-10-08T12:30:00+02:00,59.332381,18.064951,13
2026-10-08T12:45:00+02:00,59.332772,18.06523,26
2026-10-08T13:00:00+02:00,59.332473,18.064928,11
2026-10-08T13:15:00+02:00,59.332463,18.065719,34
2026-10-08T13:30:00+02:00,59.332549,18.064948,11
2026-10-08T13:45:00+02:00,59.332953,18.064944,24
2026-10-08T14:00:00+02:00,59.332547,18.064477,21
2026-10-08T14:15:00+02:00,59.332607,18.065067,13
2026-10-08T14:30:00+02:00,59.332755,18.06512,26
2026-10-08T14:45:00+02:00,59.332397,18.064969,31
2026-10-08T15:00:00+02:00,59.332598,18.064307,23
2026-10-08T15:15:00+02:00,59.33237,18.064317,34
2026-10-08T15:30:00+02:00,59.332802,18.065229,18
2026-10-08T15:45:00+02:00,59.333042,18.065952,31
2026-10-08T16:00:00+02:00,59.332531,18.0645,12
2026-10-08T16:15:00+02:00,59.332323,18.064539,24
2026-10-08T16:30:00+02:00,59.332824,18.064583,15
2026-10-08T16:45:00+02:00,59.332514,18.064899,15
2026-10-08T17:00:00+02:00,59.33239,18.06514,26
2026-10-08T17:15:00+02:00,59.332554,18.064949,8
2026-10-08T17:30:00+02:00,59.333048,18.064799,24
2026-10-08T17:45:00+02:00,59.332449,18.065529,24
2026-10-08T18:00:00+02:00,59.332672,18.065589,21
2026-10-08T18:15:00+02:00,59.332356,18.064691,28
2026-10-08T18:30:00+02:00,59.333367,18.064558,28
2026-10-08T18:45:00+02:00,59.332616,18.064918,16
2026-10-08T19:00:00+02:00,59.332391,18.065128,17
2026-10-08T19:15:00+02:00,59.33231,18.065027,29
2026-10-08T19:30:00+02:00,59.332519,18.065146,14
2026-10-08T20:00:00+02:00,59.33229,18.065687,33
2026-10-08T20:15:00+02:00,59.332425,18.064956,18
2026-10-08T20:30:00+02:00,59.332805,18.065755,22
2026-10-08T20:45:00+02:00,59.332633,18.064806,15
2026-10-08T21:00:00+02:00,59.33245,18.064296,22
2026-10-08T21:15:00+02:00,59.332873,18.064753,26
2026-10-08T21:30:00+02:00,59.333095,18.064712,30
2026-10-08T21:45:00+02:00,59.332579,18.064887,14
2026-10-08T22:00:00+02:00,59.332772,18.064353,26
2026-10-08T22:15:00+02:00,59.332637,18.064711,8
2026-10-08T22:30:00+02:00,59.332688,18.064839,16
2026-10-08T22:45:00+02:00,59.332699,18.065288,30
2026-10-08T23:00:00+02:00,59.332557,18.064842,20
2026-10-08T23:15:00+02:00,59.332809,18.064897,27
2026-10-08T23:30:00+02:00,59.332854,18.065219,18
2026-10-08T23:45:00+02:00,59.33258,18.064724,22
2026-10-09T00:00:00+02:00,59.332844,18.065013,27
2026-10-09T00:15:00+02:00,59.332888,18.064679,27
2026-10-09T00:30:00+02:00,59.332794,18.064804,23
2026-10-09T00:45:00+02:00,59.332625,18.065122,21
2026-10-09T01:00:00+02:00,59.332711,18.064527,12
2026-10-09T01:15:00+02:00,59.33277,18.064924,25
2026-10-09T01:30:00+02:00,59.332537,18.065021,23
2026-10-09T01:45:00+02:00,59.332926,18.064921,25
2026-10-09T02:00:00+02:00,59.332557,18.065692,25
2026-10-09T02:15:00+02:00,59.332533,18.064985,30
2026-10-09T02:30:00+02:00,59.332501,18.06526,23
2026-10-09T02:45:00+02:00,59.332617,18.065085,11
2026-10-09T03:00:00+02:00,59.33313,18.06499,31
2026-10-09T03:15:00+02:00,59.332761,18.064822,24
2026-10-09T03:30:00+02:00,59.332847,18.065068,20
2026-10-09T03:45:00+02:00,59.332564,18.0649,8
2026-10-09T04:00:00+02:00,59.332915,18.06532,31
2026-10-09T04:15:00+02:00,59.332483,18.064497,18
2026-10-09T04:30:00+02:00,59.332747,18.064703,11
2026-10-09T04:45:00+02:00,59.332489,18.063729,35
2026-10-09T05:00:00+02:00,59.332557,18.06488,14
2026-10-09T05:15:00+02:00,59.332447,18.064795,26
2026-10-09T05:30:00+02:00,59.332764,18.064938,29
2026-10-09T05:45:00+02:00,59.33272,18.065021,15
2026-10-09T06:00:00+02:00,59.332595,18.065098,11
2026-10-09T06:15:00+02:00,59.332602,18.064682,17
2026-10-09T06:30:00+02:00,59.332381,18.065378,20
2026-10-09T06:45:00+02:00,59.33189,18.064761,34
2026-10-09T07:00:00+02:00,59.33276,18.065169,21
2026-10-09T07:15:00+02:00,59.333086,18.064919,25
2026-10-09T07:30:00+02:00,59.33268,18.065069,19
2026-10-09T07:45:00+02:00,59.332949,18.064628,23
2026-10-09T08:00:00+02:00,59.332639,18.065162,19
2026-10-09T08:15:00+02:00,59.332506,18.065097,16
2026-10-09T08:30:00+02:00,59.332838,18.065082,20
2026-10-09T08:45:00+02:00,59.332439,18.065471,26
2026-10-09T09:00:00+02:00,59.332501,18.064918,19
2026-10-09T09:15:00+02:00,59.332769,18.065172,32
2026-10-09T09:30:00+02:00,59.332571,18.064468,19
2026-10-09T09:45:00+02:00,59.332668,18.065687,26
2026-10-09T10:00:00+02:00,59.332684,18.064668,9
2026-10-09T10:15:00+02:00,59.332573,18.065235,13
2026-10-09T10:30:00+02:00,59.332689,18.064972,11
2026-10-09T10:45:00+02:00,59.332733,18.064382,32
2026-10-09T11:00:00+02:00,59.332596,18.065475,21
2026-10-09T11:15:00+02:00,59.333037,18.064389,28
2026-10-09T11:30:00+02:00,59.332546,18.064951,8
2026-10-09T11:45:00+02:00,59.332679,18.064547,27
2026-10-09T12:00:00+02:00,59.333426,18.064899,34
2026-10-09T12:15:00+02:00,59.332609,18.064808,31
2026-10-09T12:30:00+02:00,59.332597,18.064589,10
2026-10-09T12:45:00+02:00,59.332445,18.064663,13
2026-10-09T13:00:00+02:00,59.332644,18.06482,27
2026-10-09T13:15:00+02:00,59.332546,18.064815,34
2026-10-09T13:30:00+02:00,59.332541,18.065622,16
2026-10-09T13:45:00+02:00,59.332709,18.064239,33
2026-10-09T14:00:00+02:00,59.332638,18.065049,28
2026-10-09T14:15:00+02:00,59.332588,18.06552,32
2026-10-09T14:30:00+02:00,59.332473,18.065043,19
2026-10-09T14:45:00+02:00,59.332485,18.064595,29
2026-10-09T15:00:00+02:00,59.332519,18.064774,29
2026-10-09T15:15:00+02:00,59.332504,18.0649,21
2026-10-09T15:30:00+02:00,59.332723,18.065146,11
2026-10-09T15:45:00+02:00,59.332626,18.064884,9
2026-10-09T16:00:00+02:00,59.33269,18.064388,28
2026-10-09T16:15:00+02:00,59.332639,18.065799,27
2026-10-09T16:30:00+02:00,59.332422,18.064844,13
2026-10-09T17:00:00+02:00,59.331906,18.063989,31
2026-10-09T17:15:00+02:00,59.332642,18.065343,12
2026-10-09T17:30:00+02:00,59.331994,18.065171,34
2026-10-09T17:45:00+02:00,59.33262,18.064541,20
2026-10-09T18:00:00+02:00,59.332631,18.064556,21
2026-10-09T18:15:00+02:00,59.332908,18.065585,28
2026-10-09T18:30:00+02:00,59.332783,18.064923,15
2026-10-09T18:45:00+02:00,59.332648,18.064814,12
2026-10-09T19:00:00+02:00,59.332702,18.06511,13
2026-10-09T19:15:00+02:00,59.332598,18.064929,19
2026-10-09T19:30:00+02:00,59.333085,18.064885,22
2026-10-09T19:45:00+02:00,59.332575,18.064662,33
2026-10-09T20:00:00+02:00,59.332512,18.065172,30
2026-10-09T21:45:00+02:00,52.165394,20.967529,19
2026-10-09T22:00:00+02:00,52.16577,20.966927,10
2026-10-09T22:15:00+02:00,52.165777,20.967046,16
2026-10-09T22:30:00+02:00,52.229558,21.00305,19
2026-10-09T22:45:00+02:00,52.22928,21.003166,31
2026-10-09T23:00:00+02:00,52.229615,21.002981,16
2026-10-09T23:15:00+02:00,52.229908,21.003094,21
2026-10-09T23:30:00+02:00,52.229106,21.002546,31
2026-10-09T23:45:00+02:00,52.230049,21.002975,27
2026-10-10T00:00:00+02:00,52.22938,21.002984,19
2026-10-10T00:15:00+02:00,52.229569,21.002972,10
2026-10-10T00:30:00+02:00,52.229262,21.002759,23
2026-10-10T00:45:00+02:00,52.229775,21.002724,23
2026-10-10T01:00:00+02:00,52.229376,21.003709,26
2026-10-10T01:15:00+02:00,52.229192,21.003178,24
2026-10-10T01:30:00+02:00,52.229617,21.00299,13
2026-10-10T01:45:00+02:00,52.229664,21.003212,21
2026-10-10T02:00:00+02:00,52.229291,21.002922,29
2026-10-10T02:30:00+02:00,52.229443,21.003223,26
2026-10-10T02:45:00+02:00,52.229673,21.002833,9
2026-10-10T03:00:00+02:00,52.22979,21.00259,32
2026-10-10T03:15:00+02:00,52.229492,21.002933,9
2026-10-10T03:30:00+02:00,52.229152,21.003227,22
2026-10-10T03:45:00+02:00,52.229596,21.002875,8
2026-10-10T04:00:00+02:00,52.229306,21.003044,16
2026-10-10T04:15:00+02:00,52.229654,21.002877,17
2026-10-10T04:30:00+02:00,52.229618,21.003046,10
2026-10-10T04:45:00+02:00,52.229543,21.00356,23
2026-10-10T05:00:00+02:00,52.229541,21.003167,18
2026-10-10T05:15:00+02:00,52.229512,21.002896,8
2026-10-10T05:30:00+02:00,52.229631,21.003228,34
2026-10-10T05:45:00+02:00,52.229432,21.002348,32
2026-10-10T06:00:00+02:00,52.229665,21.003293,20
2026-10-10T06:15:00+02:00,52.229349,21.002836,31
2026-10-10T06:30:00+02:00,52.229615,21.003054,32
2026-10-10T06:45:00+02:00,52.230017,21.003142,24
2026-10-10T07:00:00+02:00,52.229746,21.002853,8
2026-10-10T07:15:00+02:00,52.229845,21.003661,22
2026-10-10T07:30:00+02:00,52.229534,21.002891,13
2026-10-10T07:45:00+02:00,52.229587,21.003188,12
2026-10-10T08:00:00+02:00,52.229557,21.002739,22
2026-10-10T08:15:00+02:00,52.229425,21.002369,34
2026-10-10T08:30:00+02:00,52.229492,21.002827,13
2026-10-10T08:45:00+02:00,52.229914,21.003242,35
2026-10-10T09:00:00+02:00,52.229287,21.003658,32
2026-10-10T09:15:00+02:00,52.237791,20.995931,23
2026-10-10T09:30:00+02:00,52.238032,20.996099,15
2026-10-10T09:45:00+02:00,52.238551,20.995979,20
2026-10-10T10:00:00+02:00,52.237912,20.996258,13
2026-10-10T10:15:00+02:00,52.237608,20.996309,32
2026-10-10T10:30:00+02:00,52.238425,20.995955,34
2026-10-10T10:45:00+02:00,52.23755,20.9954,35
2026-10-10T11:00:00+02:00,52.238124,20.99648,24
2026-10-10T11:15:00+02:00,52.229287,21.002881,17
2026-10-10T11:30:00+02:00,52.229823,21.002624,27
2026-10-10T11:45:00+02:00,52.229495,21.003024,12
2026-10-10T12:15:00+02:00,52.165698,20.967391,26
2026-10-10T12:30:00+02:00,52.165774,20.967129,19
2026-10-10T12:45:00+02:00,52.165664,20.967934,24
2026-10-10T13:00:00+02:00,52.16554,20.966902,31
2026-10-10T13:15:00+02:00,52.165959,20.966736,20
2026-10-10T13:30:00+02:00,52.166214,20.967395,34
2026-10-10T13:45:00+02:00,52.229662,21.002635,20
2026-10-10T14:00:00+02:00,52.229791,21.002757,32
2026-10-10T14:15:00+02:00,52.229473,21.003005,14
2026-10-10T14:30:00+02:00,52.229294,21.002158,33
2026-10-10T14:45:00+02:00,52.229641,21.003029,22
2026-10-10T15:00:00+02:00,52.229392,21.003421,20
2026-10-10T15:15:00+02:00,52.229613,21.003011,29
2026-10-10T15:30:00+02:00,52.229675,21.002977,14
2026-10-10T15:45:00+02:00,52.229059,21.002202,32
2026-10-10T16:00:00+02:00,52.229155,21.0032,33
2026-10-10T16:15:00+02:00,52.22942,21.003219,34
2026-10-10T16:30:00+02:00,52.229529,21.002901,22
2026-10-10T16:45:00+02:00,52.229753,21.003834,29
2026-10-10T17:00:00+02:00,52.229722,21.002778,14
2026-10-10T17:15:00+02:00,52.229668,21.003394,21
2026-10-10T17:30:00+02:00,52.229804,21.002331,25
2026-10-10T17:45:00+02:00,52.229534,21.002924,34
2026-10-10T18:00:00+02:00,52.229343,21.003243,31
2026-10-10T18:15:00+02:00,52.229755,21.002926,12
2026-10-10T18:30:00+02:00,52.229688,21.003028,17
2026-10-10T18:45:00+02:00,52.229096,21.002655,28
2026-10-10T19:00:00+02:00,52.22971,21.002889,11
2026-10-10T19:15:00+02:00,52.229799,21.002706,30
2026-10-10T19:30:00+02:00,52.229546,21.002866,21
2026-10-10T19:45:00+02:00,52.230182,21.002784,35
2026-10-10T20:00:00+02:00,52.229517,21.00325,11
2026-10-10T20:15:00+02:00,52.229619,21.004175,30
2026-10-10T20:30:00+02:00,52.229373,21.003748,26
2026-10-10T20:45:00+02:00,52.22955,21.003394,18
2026-10-10T21:15:00+02:00,52.229271,21.003365,32
2026-10-10T21:30:00+02:00,52.229866,21.003237,13
2026-10-10T21:45:00+02:00,52.229801,21.002789,31
2026-10-10T22:00:00+02:00,52.229772,21.002928,15
2026-10-10T22:15:00+02:00,52.229753,21.002267,23
2026-10-10T22:30:00+02:00,52.229803,21.003529,23
2026-10-10T22:45:00+02:00,52.22961,21.002581,18
2026-10-10T23:00:00+02:00,52.22981,21.003005,27
2026-10-10T23:15:00+02:00,52.229687,21.002928,15
2026-10-10T23:30:00+02:00,52.229506,21.002696,34
2026-10-10T23:45:00+02:00,52.228886,21.002952,31
2026-10-11T00:00:00+02:00,52.229704,21.003413,35
2026-10-11T00:15:00+02:00,52.22948,21.002524,19
2026-10-11T00:30:00+02:00,52.22958,21.00323,8
2026-10-11T00:45:00+02:00,52.22925,21.002777,32
2026-10-11T01:00:00+02:00,52.230187,21.003669,27
2026-10-11T01:15:00+02:00,52.229452,21.003012,35
2026-10-11T01:30:00+02:00,52.229773,21.00352,22
2026-10-11T01:45:00+02:00,52.229347,21.002286,26
2026-10-11T02:00:00+02:00,52.229556,21.00272,24
2026-10-11T02:15:00+02:00,52.229687,21.003014,9
2026-10-11T02:30:00+02:00,52.229817,21.003107,33
2026-10-11T02:45:00+02:00,52.229361,21.003218,22
2026-10-11T03:00:00+02:00,52.229588,21.003093,10
2026-10-11T03:15:00+02:00,52.22854,21.003051,31
2026-10-11T03:30:00+02:00,52.229697,21.003164,13
2026-10-11T03:45:00+02:00,52.229848,21.0031,19
2026-10-11T04:00:00+02:00,52.229684,21.002865,15
2026-10-11T04:15:00+02:00,52.229088,21.00256,33
2026-10-11T04:30:00+02:00,52.229578,21.00303,16
2026-10-11T04:45:00+02:00,52.229446,21.002541,21
2026-10-11T05:00:00+02:00,52.229445,21.003089,35
2026-10-11T05:15:00+02:00,52.229481,21.003183,13
2026-10-11T05:30:00+02:00,52.229713,21.003008,18
2026-10-11T05:45:00+02:00,52.229624,21.002937,17
2026-10-11T06:00:00+02:00,52.229589,21.002828,13
2026-10-11T06:15:00+02:00,52.230041,21.003479,27
2026-10-11T06:30:00+02:00,52.229493,21.002528,17
2026-10-11T06:45:00+02:00,52.229618,21.003486,28
2026-10-11T07:00:00+02:00,52.229639,21.002936,9
2026-10-11T07:15:00+02:00,52.229952,21.003562,25
2026-10-11T07:30:00+02:00,52.229855,21.003282,13
2026-10-11T07:45:00+02:00,52.229692,21.002967,9
2026-10-11T08:00:00+02:00,52.229693,21.002924,21
2026-10-11T08:15:00+02:00,52.229652,21.002957,11
2026-10-11T08:30:00+02:00,52.230053,21.002693,23
2026-10-11T08:45:00+02:00,52.229573,21.002511,33
2026-10-11T09:00:00+02:00,52.229433,21.003027,15
2026-10-11T09:15:00+02:00,52.229517,21.002806,10
2026-10-11T09:30:00+02:00,52.229587,21.002224,34
2026-10-11T09:45:00+02:00,52.22963,21.003387,28
2026-10-11T10:00:00+02:00,52.22971,21.002563,22
2026-10-11T10:15:00+02:00,52.214698,21.035368,23
2026-10-11T10:30:00+02:00,52.215245,21.034849,19
2026-10-11T10:45:00+02:00,52.215203,21.034503,29
2026-10-11T11:00:00+02:00,52.214835,21.036386,33
2026-10-11T11:15:00+02:00,52.214992,21.035058,34
2026-10-11T11:30:00+02:00,52.21518,21.034413,29
2026-10-11T11:45:00+02:00,52.229543,21.003116,9
2026-10-11T12:00:00+02:00,52.229379,21.003015,20
2026-10-11T12:15:00+02:00,52.229664,21.003206,14
2026-10-11T12:30:00+02:00,52.22959,21.003295,23
2026-10-11T12:45:00+02:00,52.229748,21.003216,17
2026-10-11T13:00:00+02:00,52.22878,21.003376,33
2026-10-11T13:15:00+02:00,52.229467,21.003183,17
2026-10-11T13:30:00+02:00,52.229545,21.002872,29
2026-10-11T13:45:00+02:00,52.22957,21.003795,31
2026-10-11T14:00:00+02:00,52.230098,21.00287,25
2026-10-11T14:15:00+02:00,52.229612,21.002795,14
2026-10-11T14:45:00+02:00,52.204937,21.021934,25
2026-10-11T15:00:00+02:00,52.20492,21.022351,16
2026-10-11T15:15:00+02:00,52.205558,21.021954,32
2026-10-11T15:30:00+02:00,52.20501,21.021851,9
2026-10-11T15:45:00+02:00,52.205163,21.02179,12
2026-10-11T16:00:00+02:00,52.205392,21.021335,32
2026-10-11T16:15:00+02:00,52.204671,21.022199,16
2026-10-11T16:30:00+02:00,52.20487,21.021749,29
2026-10-11T16:45:00+02:00,52.229573,21.002998,13
2026-10-11T17:00:00+02:00,52.2297,21.002956,33
2026-10-11T17:15:00+02:00,52.229677,21.003803,27
2026-10-11T17:30:00+02:00,52.229583,21.002989,8
2026-10-11T17:45:00+02:00,52.22901,21.003204,34
2026-10-11T18:00:00+02:00,52.229811,21.002746,20
2026-10-11T18:15:00+02:00,52.229418,21.002819,14
2026-10-11T18:30:00+02:00,52.229576,21.002576,12
2026-10-11T18:45:00+02:00,52.229667,21.002831,32
2026-10-11T19:00:00+02:00,52.229554,21.003027,9
2026-10-11T19:15:00+02:00,52.229608,21.003408,20
2026-10-11T19:30:00+02:00,52.229738,21.002662,12
2026-10-11T19:45:00+02:00,52.229816,21.002709,19
2026-10-11T20:00:00+02:00,52.229528,21.002965,10
2026-10-11T20:15:00+02:00,52.230037,21.002825,34
2026-10-11T20:30:00+02:00,52.229552,21.003006,22
2026-10-11T20:45:00+02:00,52.229274,21.002692,34
2026-10-11T21:00:00+02:00,52.229594,21.003225,12
2026-10-11T21:15:00+02:00,52.229878,21.002168,31
2026-10-11T21:30:00+02:00,52.229318,21.002988,23
2026-10-11T21:45:00+02:00,52.229484,21.002692,21
2026-10-11T22:00:00+02:00,52.229533,21.002634,32
2026-10-11T22:15:00+02:00,52.229791,21.00288,23
2026-10-11T22:30:00+02:00,52.229357,21.002902,18
2026-10-11T22:45:00+02:00,52.229607,21.003168,8
2026-10-11T23:00:00+02:00,52.229793,21.002964,26
2026-10-11T23:15:00+02:00,52.229517,21.003064,9
2026-10-11T23:30:00+02:00,52.229555,21.00317,12
2026-10-11T23:45:00+02:00,52.22948,21.003074,14
2026-10-12T00:00:00+02:00,52.229738,21.002863,35
2026-10-12T00:30:00+02:00,52.229859,21.003067,27
2026-10-12T00:45:00+02:00,52.229562,21.003215,12
2026-10-12T01:00:00+02:00,52.229558,21.002893,10
2026-10-12T01:15:00+02:00,52.229578,21.002846,10
2026-10-12T01:30:00+02:00,52.229622,21.002966,28
2026-10-12T01:45:00+02:00,52.229537,21.00276,18
2026-10-12T02:00:00+02:00,52.229773,21.002714,16
2026-10-12T02:15:00+02:00,52.229701,21.002718,24
2026-10-12T02:30:00+02:00,52.229729,21.003184,23
2026-10-12T02:45:00+02:00,52.229614,21.002815,17
2026-10-12T03:00:00+02:00,52.229676,21.002614,20
2026-10-12T03:15:00+02:00,52.229386,21.002678,15
2026-10-12T03:30:00+02:00,52.229292,21.003386,31
2026-10-12T03:45:00+02:00,52.229587,21.002855,15
2026-10-12T04:15:00+02:00,52.229646,21.003798,27
2026-10-12T04:30:00+02:00,52.229789,21.00317,25
2026-10-12T04:45:00+02:00,52.229495,21.004044,32
2026-10-12T05:00:00+02:00,52.229632,21.002742,8
2026-10-12T05:15:00+02:00,52.229518,21.002903,8
2026-10-12T05:30:00+02:00,52.229133,21.002603,28
2026-10-12T05:45:00+02:00,52.229684,21.002943,10
2026-10-12T06:00:00+02:00,52.229519,21.003615,33
2026-10-12T06:15:00+02:00,52.229462,21.003127,9
2026-10-12T06:45:00+02:00,52.229598,21.003015,21
2026-10-12T07:00:00+02:00,52.229472,21.002785,17
2026-10-12T07:15:00+02:00,52.229338,21.002961,25
2026-10-12T07:30:00+02:00,52.229627,21.003041,9
2026-10-12T07:45:00+02:00,52.229637,21.003204,26
2026-10-12T08:00:00+02:00,52.22937,21.002409,33
2026-10-12T08:15:00+02:00,52.229448,21.002782,8
2026-10-12T08:30:00+02:00,52.229566,21.003184,33
2026-10-12T08:45:00+02:00,52.229637,21.003208,14
2026-10-12T09:00:00+02:00,52.230005,21.00307,25
2026-10-12T09:15:00+02:00,52.229406,21.003241,18
2026-10-12T09:30:00+02:00,52.229627,21.002821,10
2026-10-12T09:45:00+02:00,52.229758,21.002816,21
2026-10-12T10:15:00+02:00,52.229518,21.002857,11
2026-10-12T10:30:00+02:00,52.229612,21.002531,22
2026-10-12T10:45:00+02:00,52.229633,21.002811,27
2026-10-12T11:00:00+02:00,52.229545,21.002732,17
2026-10-12T11:15:00+02:00,52.229763,21.002768,10
2026-10-12T11:30:00+02:00,52.229809,21.004391,30
2026-10-12T11:45:00+02:00,52.22953,21.003271,10
2026-10-12T12:00:00+02:00,52.229712,21.003014,27
2026-10-12T12:15:00+02:00,52.229631,21.002886,27
2026-10-12T12:30:00+02:00,52.229185,21.003066,35
2026-10-12T12:45:00+02:00,52.229506,21.002666,17
2026-10-12T13:00:00+02:00,52.229567,21.002744,25
2026-10-12T13:30:00+02:00,52.229576,21.002852,10
2026-10-12T13:45:00+02:00,52.22959,21.003002,8
2026-10-12T14:00:00+02:00,52.229619,21.002912,10
2026-10-12T14:15:00+02:00,52.229598,21.002818,28
2026-10-12T14:30:00+02:00,52.229628,21.002099,28
2026-10-12T14:45:00+02:00,52.229646,21.002946,8
2026-10-12T15:00:00+02:00,52.229494,21.002489,31
2026-10-12T15:15:00+02:00,52.230073,21.003408,22
2026-10-12T15:30:00+02:00,52.229421,21.002996,16
2026-10-12T15:45:00+02:00,52.229246,21.003711,35
2026-10-12T16:00:00+02:00,52.2294,21.002843,23
2026-10-12T16:15:00+02:00,52.229582,21.002889,16
2026-10-12T16:30:00+02:00,52.229624,21.003289,25
2026-10-12T16:45:00+02:00,52.229563,21.003337,26
2026-10-12T17:00:00+02:00,52.229724,21.003201,31
2026-10-12T17:15:00+02:00,52.229485,21.004187,34
2026-10-12T17:30:00+02:00,52.229549,21.003047,18
2026-10-12T17:45:00+02:00,52.229805,21.003281,12
2026-10-12T18:00:00+02:00,52.229477,21.00292,12
2026-10-12T18:15:00+02:00,52.229562,21.00321,16
2026-10-12T18:30:00+02:00,52.229684,21.003226,21
2026-10-12T18:45:00+02:00,52.22993,21.003111,12
2026-10-12T19:00:00+02:00,52.229727,21.002441,22
2026-10-12T19:15:00+02:00,52.22957,21.002892,31
2026-10-12T19:30:00+02:00,52.229581,21.002798,30
2026-10-12T19:45:00+02:00,52.229756,21.00327,29
2026-10-12T20:00:00+02:00,52.229618,21.003171,32
2026-10-12T20:15:00+02:00,52.229168,21.003394,21
2026-10-12T20:30:00+02:00,52.229707,21.00293,14
2026-10-12T20:45:00+02:00,52.229605,21.002897,32
2026-10-12T21:00:00+02:00,52.22965,21.003251,17
2026-10-12T21:15:00+02:00,52.229519,21.003138,32
2026-10-12T21:30:00+02:00,52.22954,21.003096,21
2026-10-12T21:45:00+02:00,52.229339,21.003206,29
2026-10-12T22:00:00+02:00,52.229924,21.002548,29
2026-10-12T22:15:00+02:00,52.229808,21.003744,26
2026-10-12T22:30:00+02:00,52.22927,21.003365,26
2026-10-12T22:45:00+02:00,52.230042,21.003545,27
2026-10-12T23:00:00+02:00,52.229571,21.002587,18
2026-10-12T23:15:00+02:00,52.229656,21.002996,17
2026-10-12T23:30:00+02:00,52.229275,21.003211,18
2026-10-12T23:45:00+02:00,52.229372,21.00299,29
