appliance,start,end,duration_min,peak_kw,kwh,reason
heat_pump_space_heating,2026-01-01 06:00,2026-01-01 07:31,91,3.0,2.8491,Space heating (thermostat)
heat_pump_space_heating,2026-01-01 08:51,2026-01-01 09:24,33,1.482,0.6739,Space heating (thermostat)
heat_pump_space_heating,2026-01-01 10:52,2026-01-01 11:21,29,1.481,0.5914,Space heating (thermostat)
heat_pump_space_heating,2026-01-01 13:22,2026-01-01 13:48,26,1.48,0.5304,Space heating (thermostat)
heat_pump_space_heating,2026-01-01 15:59,2026-01-01 16:25,26,1.482,0.5319,Space heating (thermostat)
heat_pump_space_heating,2026-01-01 18:08,2026-01-01 18:36,28,1.484,0.5696,Space heating (thermostat)
heat_pump_hot_water,2026-01-01 20:00,2026-01-01 20:31,31,1.6,0.8267,Hot-water tank reheat
heat_pump_space_heating,2026-01-01 20:31,2026-01-01 21:02,31,1.553,0.6474,Space heating (thermostat)
heat_pump_space_heating,2026-01-02 06:00,2026-01-02 07:02,62,3.0,1.8832,Space heating (thermostat)
heat_pump_space_heating,2026-01-02 09:08,2026-01-02 09:32,24,1.482,0.49,Space heating (thermostat)
heat_pump_space_heating,2026-01-02 11:29,2026-01-02 11:56,27,1.482,0.5486,Space heating (thermostat)
heat_pump_space_heating,2026-01-02 13:41,2026-01-02 14:09,28,1.482,0.5707,Space heating (thermostat)
heat_pump_space_heating,2026-01-02 15:54,2026-01-02 16:23,29,1.48,0.5906,Space heating (thermostat)
washing_machine,2026-01-02 17:46,2026-01-02 19:30,104,2.0,0.7807,"Laundry after the trip (Berlin, Germany)"
laptop,2026-01-02 18:08,2026-01-02 18:58,50,0.064,0.0468,"Catching up after the trip: e-mails, bookings, packing list"
heat_pump_space_heating,2026-01-02 18:55,2026-01-02 19:23,28,1.483,0.5799,Space heating (thermostat)
kettle,2026-01-02 19:17,2026-01-02 19:20,3,2.0,0.1,Catching up after the trip: tea
tv,2026-01-02 19:48,2026-01-02 20:47,59,0.088,0.0865,Winding down after the trip
washing_machine,2026-01-02 19:54,2026-01-02 21:38,104,2.0,0.7807,Second load after the trip
heat_pump_space_heating,2026-01-02 21:42,2026-01-02 22:20,38,1.48,0.7718,Space heating (thermostat)
phone_tablet_charging,2026-01-02 22:47,2026-01-03 00:18,91,0.01,0.0152,Phone overnight
phone_tablet_charging,2026-01-02 22:49,2026-01-03 00:16,87,0.012,0.0174,Tablet overnight
heat_pump_space_heating,2026-01-03 05:43,2026-01-03 05:55,12,1.481,0.2799,Space heating (thermostat)
heat_pump_hot_water,2026-01-03 05:55,2026-01-03 06:26,31,1.6,0.8267,Hot-water tank reheat
heat_pump_space_heating,2026-01-03 06:26,2026-01-03 08:21,115,3.0,3.8532,Space heating (thermostat)
kettle,2026-01-03 08:51,2026-01-03 08:56,5,2.0,0.1667,Morning tea / hot water
coffee_machine,2026-01-03 09:01,2026-01-03 09:06,5,1.38,0.115,Morning coffee
heat_pump_space_heating,2026-01-03 09:58,2026-01-03 10:35,37,1.483,0.7554,Space heating (thermostat)
heat_pump_space_heating,2026-01-03 12:01,2026-01-03 12:10,9,1.484,0.2112,Space heating (thermostat)
heat_pump_hot_water,2026-01-03 12:10,2026-01-03 12:41,31,1.6,0.8267,Hot-water tank reheat
heat_pump_space_heating,2026-01-03 12:41,2026-01-03 13:13,32,1.469,0.6486,Space heating (thermostat)
heat_pump_space_heating,2026-01-03 14:48,2026-01-03 15:24,36,1.483,0.7339,Space heating (thermostat)
heat_pump_space_heating,2026-01-03 16:50,2026-01-03 17:27,37,1.485,0.7538,Space heating (thermostat)
laptop,2026-01-03 17:15,2026-01-03 18:08,53,0.076,0.0608,"Trip preparation: e-mails, bookings, packing list"
washing_machine,2026-01-03 17:29,2026-01-03 19:11,102,2.0,0.714,Extra load before the trip
oven,2026-01-03 18:05,2026-01-03 19:12,67,2.16,1.44,Cooking for guests (Cooking night @ mine)
phone_tablet_charging,2026-01-03 18:08,2026-01-03 19:28,80,0.015,0.02,Power bank before trip
kettle,2026-01-03 18:29,2026-01-03 18:32,3,2.0,0.1,Trip preparation: tea
kettle,2026-01-03 21:40,2026-01-03 21:45,5,2.0,0.1667,Tea for guests
dishwasher,2026-01-03 21:46,2026-01-03 23:17,91,2.0,0.8547,Dishwasher
heat_pump_hot_water,2026-01-03 22:17,2026-01-03 22:51,34,1.6,0.9067,Hot-water tank reheat
kettle,2026-01-03 22:22,2026-01-03 22:26,4,2.0,0.1333,Tea for guests
kettle,2026-01-03 22:47,2026-01-03 22:51,4,2.0,0.1333,Tea for guests
phone_tablet_charging,2026-01-03 23:17,2026-01-04 01:04,107,0.01,0.0178,Phone overnight
coffee_machine,2026-01-04 05:49,2026-01-04 05:55,6,1.44,0.144,Morning coffee
heat_pump_space_heating,2026-01-04 05:49,2026-01-04 06:01,12,3.0,0.2982,Space heating (thermostat)
kettle,2026-01-04 05:52,2026-01-04 05:57,5,2.0,0.1667,Morning tea / hot water
heat_pump_hot_water,2026-01-04 06:01,2026-01-04 06:55,54,1.6,1.44,Hot-water tank reheat
heat_pump_space_heating,2026-01-04 06:55,2026-01-04 09:11,136,3.0,4.4484,Space heating (thermostat)
heat_pump_space_heating,2026-01-04 10:18,2026-01-04 11:01,43,1.483,0.8761,Space heating (thermostat)
heat_pump_space_heating,2026-01-04 12:26,2026-01-04 13:03,37,1.482,0.7544,Space heating (thermostat)
heat_pump_space_heating,2026-01-04 14:36,2026-01-04 15:18,42,1.483,0.8529,Space heating (thermostat)
heat_pump_space_heating,2026-01-04 16:26,2026-01-04 17:26,60,1.48,1.2049,Space heating (thermostat)
heat_pump_space_heating,2026-01-04 18:24,2026-01-04 19:30,66,1.484,1.3291,Space heating (thermostat)
heat_pump_space_heating,2026-01-04 20:26,2026-01-04 21:33,67,1.484,1.3481,Space heating (thermostat)
heat_pump_space_heating,2026-01-04 22:29,2026-01-04 22:44,15,1.484,0.2581,Space heating (thermostat)
heat_pump_space_heating,2026-01-05 04:03,2026-01-05 04:53,50,1.485,1.0153,Space heating (thermostat)
heat_pump_space_heating,2026-01-05 06:00,2026-01-05 08:41,161,3.0,5.0832,Space heating (thermostat)
heat_pump_space_heating,2026-01-05 09:36,2026-01-05 10:40,64,1.483,1.2912,Space heating (thermostat)
heat_pump_space_heating,2026-01-05 11:45,2026-01-05 12:36,51,1.487,1.0366,Space heating (thermostat)
heat_pump_space_heating,2026-01-05 13:53,2026-01-05 14:40,47,1.485,0.9529,Space heating (thermostat)
heat_pump_space_heating,2026-01-05 15:48,2026-01-05 16:48,60,1.481,1.2078,Space heating (thermostat)
heat_pump_space_heating,2026-01-05 17:47,2026-01-05 18:49,62,1.488,1.2518,Space heating (thermostat)
heat_pump_space_heating,2026-01-05 19:47,2026-01-05 20:47,60,1.481,1.2089,Space heating (thermostat)
heat_pump_space_heating,2026-01-05 21:47,2026-01-05 22:30,43,1.485,0.9085,Space heating (thermostat)
heat_pump_hot_water,2026-01-05 22:55,2026-01-05 23:26,31,1.6,0.8267,Hot-water tank reheat
heat_pump_space_heating,2026-01-06 05:03,2026-01-06 05:44,41,1.485,0.837,Space heating (thermostat)
heat_pump_space_heating,2026-01-06 06:00,2026-01-06 07:52,112,3.0,3.5648,Space heating (thermostat)
heat_pump_space_heating,2026-01-06 09:04,2026-01-06 09:41,37,1.486,0.7553,Space heating (thermostat)
heat_pump_space_heating,2026-01-06 11:00,2026-01-06 11:33,33,1.481,0.6722,Space heating (thermostat)
heat_pump_space_heating,2026-01-06 13:11,2026-01-06 13:38,27,1.481,0.5528,Space heating (thermostat)
heat_pump_space_heating,2026-01-06 15:34,2026-01-06 16:03,29,1.481,0.5899,Space heating (thermostat)
heat_pump_space_heating,2026-01-06 17:39,2026-01-06 18:08,29,1.482,0.5925,Space heating (thermostat)
laptop,2026-01-06 18:06,2026-01-06 18:56,50,0.05,0.0376,"Catching up after the trip: e-mails, bookings, packing list"
washing_machine,2026-01-06 18:25,2026-01-06 20:05,100,2.0,0.6473,"Laundry after the trip (Stockholm, Sweden)"
kettle,2026-01-06 19:06,2026-01-06 19:10,4,2.0,0.1333,Catching up after the trip: tea
kettle,2026-01-06 19:32,2026-01-06 19:36,4,2.0,0.1333,Evening tea
tv,2026-01-06 19:36,2026-01-06 21:22,106,0.106,0.1873,Winding down after the trip
tv,2026-01-06 19:39,2026-01-06 20:35,56,0.099,0.0924,Evening TV / streaming
heat_pump_space_heating,2026-01-06 21:35,2026-01-06 22:03,28,1.482,0.5697,Space heating (thermostat)
laptop,2026-01-06 21:37,2026-01-06 22:03,26,0.063,0.023,"Personal laptop (e-mails, booking trips)"
phone_tablet_charging,2026-01-06 22:43,2026-01-06 23:55,72,0.01,0.012,Phone overnight
phone_tablet_charging,2026-01-06 22:45,2026-01-07 00:20,95,0.012,0.019,Tablet overnight
heat_pump_space_heating,2026-01-07 06:00,2026-01-07 07:11,71,3.0,2.4503,Space heating (thermostat)
kettle,2026-01-07 06:54,2026-01-07 06:58,4,2.0,0.1333,Morning tea / hot water
coffee_machine,2026-01-07 06:57,2026-01-07 07:04,7,1.5,0.175,Morning coffee
heat_pump_hot_water,2026-01-07 07:11,2026-01-07 08:06,55,1.6,1.4667,Hot-water tank reheat
heat_pump_space_heating,2026-01-07 08:06,2026-01-07 08:35,29,1.444,0.5866,Space heating (thermostat)
laptop,2026-01-07 08:20,2026-01-07 12:14,234,0.08,0.2395,Work from home
heat_pump_space_heating,2026-01-07 10:12,2026-01-07 10:40,28,1.483,0.5701,Space heating (thermostat)
coffee_machine,2026-01-07 10:18,2026-01-07 10:25,7,1.0,0.1167,Mid-morning coffee
kettle,2026-01-07 12:19,2026-01-07 12:22,3,2.0,0.1,Lunch break
heat_pump_space_heating,2026-01-07 12:29,2026-01-07 12:56,27,1.481,0.5524,Space heating (thermostat)
coffee_machine,2026-01-07 12:41,2026-01-07 12:48,7,1.03,0.1202,Post-lunch coffee
laptop,2026-01-07 12:49,2026-01-07 17:01,252,0.08,0.2755,Work from home
heat_pump_space_heating,2026-01-07 14:52,2026-01-07 15:18,26,1.483,0.5334,Space heating (thermostat)
kettle,2026-01-07 15:34,2026-01-07 15:37,3,2.0,0.1,Afternoon tea
heat_pump_space_heating,2026-01-07 17:22,2026-01-07 17:51,29,1.484,0.5904,Space heating (thermostat)
heat_pump_space_heating,2026-01-07 19:29,2026-01-07 20:00,31,1.482,0.632,Space heating (thermostat)
kettle,2026-01-07 21:19,2026-01-07 21:23,4,2.0,0.1333,Evening tea
heat_pump_space_heating,2026-01-07 21:38,2026-01-07 21:40,2,1.481,0.049,Space heating (thermostat)
heat_pump_hot_water,2026-01-07 21:40,2026-01-07 22:22,42,1.6,1.12,Hot-water tank reheat
heat_pump_space_heating,2026-01-07 22:22,2026-01-07 22:30,8,1.628,0.2062,Space heating (thermostat)
phone_tablet_charging,2026-01-07 22:53,2026-01-08 00:34,101,0.01,0.0168,Phone overnight
phone_tablet_charging,2026-01-07 22:55,2026-01-08 00:09,74,0.012,0.0148,Tablet overnight
heat_pump_space_heating,2026-01-08 06:00,2026-01-08 06:48,48,3.0,2.1061,Space heating (thermostat)
kettle,2026-01-08 06:29,2026-01-08 06:33,4,2.0,0.1333,Morning tea / hot water
coffee_machine,2026-01-08 06:43,2026-01-08 06:50,7,1.42,0.1657,Morning coffee
heat_pump_hot_water,2026-01-08 06:48,2026-01-08 07:25,37,1.6,0.9867,Hot-water tank reheat
heat_pump_space_heating,2026-01-08 07:25,2026-01-08 08:29,64,2.062,1.5399,Space heating (thermostat)
heat_pump_space_heating,2026-01-08 09:44,2026-01-08 10:19,35,1.484,0.713,Space heating (thermostat)
heat_pump_space_heating,2026-01-08 11:52,2026-01-08 12:23,31,1.483,0.6324,Space heating (thermostat)
heat_pump_space_heating,2026-01-08 13:54,2026-01-08 14:28,34,1.483,0.6929,Space heating (thermostat)
heat_pump_space_heating,2026-01-08 15:57,2026-01-08 16:30,33,1.481,0.6724,Space heating (thermostat)
heat_pump_space_heating,2026-01-08 17:46,2026-01-08 18:25,39,1.484,0.7911,Space heating (thermostat)
oven,2026-01-08 18:43,2026-01-08 19:36,53,2.45,1.3475,Cooking dinner
kettle,2026-01-08 20:10,2026-01-08 20:13,3,2.0,0.1,Evening tea
heat_pump_space_heating,2026-01-08 21:06,2026-01-08 21:37,31,1.485,0.6486,Space heating (thermostat)
laptop,2026-01-08 21:13,2026-01-08 22:08,55,0.078,0.0655,"Personal laptop (e-mails, booking trips)"
dishwasher,2026-01-08 21:27,2026-01-08 23:06,99,2.0,1.1213,Dishwasher
phone_tablet_charging,2026-01-08 23:13,2026-01-09 00:52,99,0.01,0.0165,Phone overnight
heat_pump_space_heating,2026-01-09 06:00,2026-01-09 06:59,59,3.0,2.5709,Space heating (thermostat)
kettle,2026-01-09 06:51,2026-01-09 06:55,4,2.0,0.1333,Morning tea / hot water
coffee_machine,2026-01-09 06:53,2026-01-09 06:59,6,1.36,0.136,Morning coffee
heat_pump_hot_water,2026-01-09 06:59,2026-01-09 07:49,50,1.6,1.3333,Hot-water tank reheat
heat_pump_space_heating,2026-01-09 07:49,2026-01-09 08:50,61,2.073,1.4849,Space heating (thermostat)
laptop,2026-01-09 08:35,2026-01-09 12:20,225,0.08,0.2591,Work from home
heat_pump_space_heating,2026-01-09 10:23,2026-01-09 10:55,32,1.484,0.6533,Space heating (thermostat)
coffee_machine,2026-01-09 11:12,2026-01-09 11:19,7,1.36,0.1587,Mid-morning coffee
kettle,2026-01-09 12:25,2026-01-09 12:29,4,2.0,0.1333,Lunch break
coffee_machine,2026-01-09 12:51,2026-01-09 12:59,8,1.26,0.168,Post-lunch coffee
laptop,2026-01-09 12:59,2026-01-09 16:42,223,0.08,0.2645,Work from home
heat_pump_space_heating,2026-01-09 13:25,2026-01-09 13:51,26,1.482,0.533,Space heating (thermostat)
kettle,2026-01-09 14:31,2026-01-09 14:35,4,2.0,0.1333,Afternoon tea
heat_pump_space_heating,2026-01-09 16:48,2026-01-09 17:14,26,1.484,0.5322,Space heating (thermostat)
heat_pump_space_heating,2026-01-09 19:10,2026-01-09 19:38,28,1.484,0.5725,Space heating (thermostat)
kettle,2026-01-09 19:58,2026-01-09 20:02,4,2.0,0.1333,Evening tea
tv,2026-01-09 21:04,2026-01-09 22:16,72,0.138,0.1656,Evening TV / streaming
heat_pump_space_heating,2026-01-09 21:47,2026-01-09 22:14,27,1.48,0.5526,Space heating (thermostat)
laptop,2026-01-09 22:02,2026-01-09 22:40,38,0.072,0.0407,"Personal laptop (e-mails, booking trips)"
phone_tablet_charging,2026-01-10 00:08,2026-01-10 01:38,90,0.01,0.015,Phone overnight
heat_pump_space_heating,2026-01-10 06:00,2026-01-10 07:19,79,2.995,2.3981,Space heating (thermostat)
heat_pump_hot_water,2026-01-10 07:19,2026-01-10 08:20,61,1.6,1.6267,Hot-water tank reheat
kettle,2026-01-10 07:29,2026-01-10 07:32,3,2.0,0.1,Morning tea / hot water
coffee_machine,2026-01-10 07:34,2026-01-10 07:40,6,1.15,0.115,Morning coffee
heat_pump_space_heating,2026-01-10 08:20,2026-01-10 08:43,23,1.305,0.4389,Space heating (thermostat)
heat_pump_space_heating,2026-01-10 10:14,2026-01-10 10:47,33,1.483,0.6706,Space heating (thermostat)
heat_pump_space_heating,2026-01-10 12:25,2026-01-10 12:56,31,1.483,0.6336,Space heating (thermostat)
heat_pump_space_heating,2026-01-10 14:47,2026-01-10 15:18,31,1.482,0.6329,Space heating (thermostat)
heat_pump_space_heating,2026-01-10 16:56,2026-01-10 17:27,31,1.48,0.6336,Space heating (thermostat)
laptop,2026-01-10 17:00,2026-01-10 18:33,93,0.08,0.101,"Trip preparation: e-mails, bookings, packing list"
kettle,2026-01-10 18:15,2026-01-10 18:18,3,2.0,0.1,Trip preparation: tea
kettle,2026-01-10 18:26,2026-01-10 18:31,5,2.0,0.1667,Evening tea
oven,2026-01-10 19:12,2026-01-10 19:53,41,2.03,0.9135,Cooking dinner
washing_machine,2026-01-10 20:00,2026-01-10 21:41,101,2.0,0.6807,Laundry before the trip
heat_pump_space_heating,2026-01-10 20:52,2026-01-10 21:23,31,1.483,0.6317,Space heating (thermostat)
tv,2026-01-10 20:53,2026-01-10 23:07,134,0.122,0.2725,Evening TV / streaming
phone_tablet_charging,2026-01-10 22:18,2026-01-10 23:38,80,0.015,0.02,Power bank before trip
phone_tablet_charging,2026-01-10 22:57,2026-01-11 00:16,79,0.01,0.0132,Phone overnight
heat_pump_hot_water,2026-01-11 02:00,2026-01-11 02:43,43,1.6,1.1467,Hot-water tank reheat
kettle,2026-01-11 04:38,2026-01-11 04:41,3,2.0,0.1,Morning tea / hot water
coffee_machine,2026-01-11 04:42,2026-01-11 04:49,7,1.47,0.1715,Morning coffee
heat_pump_hot_water,2026-01-11 05:06,2026-01-11 05:37,31,1.6,0.8267,Hot-water tank reheat
heat_pump_space_heating,2026-01-11 11:11,2026-01-11 11:46,35,1.483,0.7146,Space heating (thermostat)
heat_pump_space_heating,2026-01-11 13:26,2026-01-11 14:01,35,1.483,0.7149,Space heating (thermostat)
heat_pump_space_heating,2026-01-11 15:45,2026-01-11 16:20,35,1.484,0.7145,Space heating (thermostat)
heat_pump_space_heating,2026-01-11 17:53,2026-01-11 18:29,36,1.482,0.7323,Space heating (thermostat)
heat_pump_space_heating,2026-01-11 20:01,2026-01-11 20:38,37,1.484,0.7535,Space heating (thermostat)
heat_pump_space_heating,2026-01-11 22:09,2026-01-11 22:44,35,1.484,0.7142,Space heating (thermostat)
heat_pump_space_heating,2026-01-12 00:20,2026-01-12 00:54,34,1.48,0.6936,Space heating (thermostat)
heat_pump_space_heating,2026-01-12 02:28,2026-01-12 03:03,35,1.483,0.7126,Space heating (thermostat)
heat_pump_space_heating,2026-01-12 04:38,2026-01-12 05:15,37,1.485,0.7528,Space heating (thermostat)
heat_pump_space_heating,2026-01-12 06:44,2026-01-12 07:23,39,1.483,0.7936,Space heating (thermostat)
heat_pump_space_heating,2026-01-12 08:48,2026-01-12 09:27,39,1.481,0.7937,Space heating (thermostat)
heat_pump_space_heating,2026-01-12 11:04,2026-01-12 11:37,33,1.482,0.6744,Space heating (thermostat)
heat_pump_space_heating,2026-01-12 13:25,2026-01-12 13:57,32,1.482,0.6545,Space heating (thermostat)
heat_pump_space_heating,2026-01-12 15:46,2026-01-12 16:19,33,1.481,0.6718,Space heating (thermostat)
heat_pump_space_heating,2026-01-12 17:59,2026-01-12 18:34,35,1.483,0.7103,Space heating (thermostat)
heat_pump_space_heating,2026-01-12 20:09,2026-01-12 20:45,36,1.482,0.7336,Space heating (thermostat)
heat_pump_space_heating,2026-01-12 22:15,2026-01-12 22:52,37,1.483,0.7531,Space heating (thermostat)
heat_pump_space_heating,2026-01-13 00:21,2026-01-13 00:59,38,1.483,0.7735,Space heating (thermostat)
heat_pump_space_heating,2026-01-13 02:26,2026-01-13 03:04,38,1.48,0.7712,Space heating (thermostat)
heat_pump_space_heating,2026-01-13 04:34,2026-01-13 05:12,38,1.484,0.7729,Space heating (thermostat)
heat_pump_space_heating,2026-01-13 06:36,2026-01-13 07:16,40,1.483,0.8147,Space heating (thermostat)
heat_pump_space_heating,2026-01-13 08:42,2026-01-13 09:20,38,1.481,0.773,Space heating (thermostat)
heat_pump_space_heating,2026-01-13 10:51,2026-01-13 11:28,37,1.481,0.7539,Space heating (thermostat)
heat_pump_space_heating,2026-01-13 13:33,2026-01-13 14:06,33,1.48,0.675,Space heating (thermostat)
heat_pump_space_heating,2026-01-13 15:58,2026-01-13 16:39,41,1.48,0.8283,Space heating (thermostat)
heat_pump_space_heating,2026-01-13 17:56,2026-01-13 18:48,52,1.486,1.0535,Space heating (thermostat)
heat_pump_space_heating,2026-01-13 20:03,2026-01-13 20:47,44,1.483,0.8961,Space heating (thermostat)
heat_pump_space_heating,2026-01-13 22:07,2026-01-13 22:49,42,1.482,0.8534,Space heating (thermostat)
heat_pump_space_heating,2026-01-14 00:11,2026-01-14 00:54,43,1.482,0.8746,Space heating (thermostat)
heat_pump_space_heating,2026-01-14 02:15,2026-01-14 02:56,41,1.485,0.8357,Space heating (thermostat)
heat_pump_space_heating,2026-01-14 04:20,2026-01-14 05:01,41,1.484,0.8345,Space heating (thermostat)
heat_pump_space_heating,2026-01-14 06:23,2026-01-14 07:06,43,1.485,0.8732,Space heating (thermostat)
heat_pump_space_heating,2026-01-14 08:27,2026-01-14 09:10,43,1.481,0.8746,Space heating (thermostat)
heat_pump_space_heating,2026-01-14 10:35,2026-01-14 11:13,38,1.485,0.7774,Space heating (thermostat)
heat_pump_space_heating,2026-01-14 13:01,2026-01-14 13:35,34,1.482,0.6931,Space heating (thermostat)
heat_pump_space_heating,2026-01-14 15:31,2026-01-14 16:05,34,1.483,0.6908,Space heating (thermostat)
heat_pump_hot_water,2026-01-14 17:20,2026-01-14 18:25,65,1.6,1.7333,Hot-water tank reheat
laptop,2026-01-14 18:21,2026-01-14 19:19,58,0.052,0.0413,"Catching up after the trip: e-mails, bookings, packing list"
heat_pump_space_heating,2026-01-14 18:25,2026-01-14 20:30,125,3.0,5.1379,Space heating (thermostat)
tv,2026-01-14 18:40,2026-01-14 19:14,34,0.124,0.0703,Winding down after the trip
kettle,2026-01-14 18:59,2026-01-14 19:04,5,2.0,0.1667,Catching up after the trip: tea
washing_machine,2026-01-14 18:59,2026-01-14 20:40,101,2.0,0.6807,"Laundry after the trip (Hamburg, Germany)"
tv,2026-01-14 19:56,2026-01-14 21:05,69,0.136,0.1564,Evening TV / streaming
kettle,2026-01-14 20:04,2026-01-14 20:08,4,2.0,0.1333,Evening tea
washing_machine,2026-01-14 20:45,2026-01-14 22:24,99,2.0,0.614,Second load after the trip
laptop,2026-01-14 21:06,2026-01-14 21:23,17,0.053,0.0141,"Personal laptop (e-mails, booking trips)"
dishwasher,2026-01-14 21:49,2026-01-14 23:26,97,2.0,1.0547,Dishwasher
phone_tablet_charging,2026-01-14 23:20,2026-01-15 00:34,74,0.01,0.0123,Phone overnight
heat_pump_space_heating,2026-01-15 06:00,2026-01-15 06:41,41,3.0,1.8624,Space heating (thermostat)
kettle,2026-01-15 06:25,2026-01-15 06:29,4,2.0,0.1333,Morning tea / hot water
coffee_machine,2026-01-15 06:31,2026-01-15 06:38,7,1.13,0.1318,Morning coffee
heat_pump_hot_water,2026-01-15 06:41,2026-01-15 07:27,46,1.6,1.2267,Hot-water tank reheat
heat_pump_space_heating,2026-01-15 07:27,2026-01-15 08:39,72,2.318,1.8497,Space heating (thermostat)
heat_pump_space_heating,2026-01-15 09:54,2026-01-15 10:30,36,1.486,0.7358,Space heating (thermostat)
heat_pump_space_heating,2026-01-15 11:51,2026-01-15 12:25,34,1.481,0.6919,Space heating (thermostat)
heat_pump_space_heating,2026-01-15 13:55,2026-01-15 14:28,33,1.481,0.6703,Space heating (thermostat)
heat_pump_space_heating,2026-01-15 15:54,2026-01-15 16:28,34,1.481,0.6927,Space heating (thermostat)
heat_pump_space_heating,2026-01-15 17:46,2026-01-15 18:22,36,1.483,0.7319,Space heating (thermostat)
heat_pump_space_heating,2026-01-15 19:44,2026-01-15 20:17,33,1.48,0.6755,Space heating (thermostat)
tv,2026-01-15 20:03,2026-01-15 22:22,139,0.102,0.2363,Evening TV / streaming
kettle,2026-01-15 20:54,2026-01-15 20:58,4,2.0,0.1333,Evening tea
heat_pump_space_heating,2026-01-15 22:05,2026-01-15 22:30,25,1.483,0.5329,Space heating (thermostat)
phone_tablet_charging,2026-01-15 22:38,2026-01-15 23:56,78,0.01,0.013,Phone overnight
heat_pump_space_heating,2026-01-16 06:00,2026-01-16 06:36,36,3.0,1.6527,Space heating (thermostat)
kettle,2026-01-16 06:23,2026-01-16 06:28,5,2.0,0.1667,Morning tea / hot water
coffee_machine,2026-01-16 06:32,2026-01-16 06:39,7,1.4,0.1633,Morning coffee
heat_pump_hot_water,2026-01-16 06:36,2026-01-16 07:26,50,1.6,1.3333,Hot-water tank reheat
heat_pump_space_heating,2026-01-16 07:26,2026-01-16 08:35,69,2.38,1.8076,Space heating (thermostat)
laptop,2026-01-16 08:20,2026-01-16 12:06,226,0.065,0.1788,Work from home
heat_pump_space_heating,2026-01-16 10:05,2026-01-16 10:37,32,1.481,0.6549,Space heating (thermostat)
coffee_machine,2026-01-16 10:35,2026-01-16 10:43,8,1.39,0.1853,Mid-morning coffee
kettle,2026-01-16 12:11,2026-01-16 12:16,5,2.0,0.1667,Lunch break
laptop,2026-01-16 12:41,2026-01-16 17:02,261,0.08,0.325,Work from home
heat_pump_space_heating,2026-01-16 12:44,2026-01-16 13:14,30,1.482,0.6117,Space heating (thermostat)
kettle,2026-01-16 14:12,2026-01-16 14:16,4,2.0,0.1333,Afternoon tea
heat_pump_space_heating,2026-01-16 15:13,2026-01-16 15:44,31,1.48,0.6335,Space heating (thermostat)
heat_pump_space_heating,2026-01-16 17:21,2026-01-16 17:54,33,1.484,0.6732,Space heating (thermostat)
heat_pump_space_heating,2026-01-16 19:24,2026-01-16 20:00,36,1.485,0.7341,Space heating (thermostat)
heat_pump_space_heating,2026-01-16 21:16,2026-01-16 21:52,36,1.48,0.732,Space heating (thermostat)
kettle,2026-01-16 23:19,2026-01-16 23:23,4,2.0,0.1333,Evening tea
phone_tablet_charging,2026-01-16 23:47,2026-01-17 01:22,95,0.01,0.0158,Phone overnight
heat_pump_space_heating,2026-01-17 06:00,2026-01-17 07:35,95,3.0,3.1465,Space heating (thermostat)
kettle,2026-01-17 07:31,2026-01-17 07:36,5,2.0,0.1667,Morning tea / hot water
heat_pump_hot_water,2026-01-17 07:35,2026-01-17 08:30,55,1.6,1.4667,Hot-water tank reheat
coffee_machine,2026-01-17 07:42,2026-01-17 07:50,8,1.04,0.1387,Morning coffee
heat_pump_space_heating,2026-01-17 08:30,2026-01-17 08:48,18,1.228,0.3328,Space heating (thermostat)
heat_pump_space_heating,2026-01-17 10:10,2026-01-17 10:44,34,1.481,0.6923,Space heating (thermostat)
heat_pump_space_heating,2026-01-17 12:23,2026-01-17 12:53,30,1.482,0.6146,Space heating (thermostat)
heat_pump_space_heating,2026-01-17 14:45,2026-01-17 15:14,29,1.484,0.5947,Space heating (thermostat)
heat_pump_space_heating,2026-01-17 16:58,2026-01-17 17:24,26,1.482,0.544,Space heating (thermostat)
oven,2026-01-17 17:19,2026-01-17 17:57,38,2.11,0.9143,Trip preparation: cooking / using up food
laptop,2026-01-17 17:21,2026-01-17 18:51,90,0.065,0.0744,"Trip preparation: e-mails, bookings, packing list"
phone_tablet_charging,2026-01-17 18:06,2026-01-17 19:26,80,0.015,0.02,Power bank before trip
kettle,2026-01-17 18:34,2026-01-17 18:37,3,2.0,0.1,Trip preparation: tea
kettle,2026-01-17 18:48,2026-01-17 18:51,3,2.0,0.1,Evening tea
washing_machine,2026-01-17 20:00,2026-01-17 21:46,106,2.0,0.8473,Laundry before the trip
heat_pump_space_heating,2026-01-17 20:50,2026-01-17 21:20,30,1.482,0.6127,Space heating (thermostat)
tv,2026-01-17 21:14,2026-01-17 23:11,117,0.109,0.2125,Evening TV / streaming
laptop,2026-01-17 21:51,2026-01-17 22:41,50,0.076,0.0521,"Personal laptop (e-mails, booking trips)"
dishwasher,2026-01-17 22:01,2026-01-17 23:40,99,2.0,1.1213,Dishwasher
phone_tablet_charging,2026-01-17 23:32,2026-01-18 01:11,99,0.01,0.0165,Phone overnight
phone_tablet_charging,2026-01-17 23:34,2026-01-18 01:08,94,0.012,0.0188,Tablet overnight
heat_pump_hot_water,2026-01-18 02:00,2026-01-18 02:42,42,1.6,1.12,Hot-water tank reheat
coffee_machine,2026-01-18 04:45,2026-01-18 04:51,6,1.12,0.112,Morning coffee
kettle,2026-01-18 04:48,2026-01-18 04:52,4,2.0,0.1333,Morning tea / hot water
heat_pump_space_heating,2026-01-18 06:00,2026-01-18 07:26,86,3.0,2.7866,Space heating (thermostat)
heat_pump_hot_water,2026-01-18 07:26,2026-01-18 07:57,31,1.6,0.8267,Hot-water tank reheat
heat_pump_space_heating,2026-01-18 07:57,2026-01-18 08:26,29,1.322,0.5549,Space heating (thermostat)
heat_pump_space_heating,2026-01-18 09:41,2026-01-18 10:17,36,1.485,0.7357,Space heating (thermostat)
heat_pump_space_heating,2026-01-18 11:57,2026-01-18 12:26,29,1.481,0.5923,Space heating (thermostat)
heat_pump_space_heating,2026-01-18 14:31,2026-01-18 15:00,29,1.483,0.5898,Space heating (thermostat)
heat_pump_space_heating,2026-01-18 16:39,2026-01-18 17:11,32,1.483,0.6529,Space heating (thermostat)
heat_pump_space_heating,2026-01-18 18:32,2026-01-18 19:06,34,1.48,0.6901,Space heating (thermostat)
heat_pump_space_heating,2026-01-18 20:26,2026-01-18 21:01,35,1.486,0.7128,Space heating (thermostat)
heat_pump_space_heating,2026-01-18 22:20,2026-01-18 22:35,15,1.483,0.3171,Space heating (thermostat)
heat_pump_space_heating,2026-01-19 06:00,2026-01-19 07:51,111,3.0,3.6576,Space heating (thermostat)
heat_pump_space_heating,2026-01-19 09:07,2026-01-19 09:44,37,1.486,0.7532,Space heating (thermostat)
heat_pump_space_heating,2026-01-19 11:06,2026-01-19 11:39,33,1.485,0.6765,Space heating (thermostat)
heat_pump_space_heating,2026-01-19 13:10,2026-01-19 13:41,31,1.483,0.6314,Space heating (thermostat)
heat_pump_space_heating,2026-01-19 15:16,2026-01-19 15:51,35,1.481,0.7118,Space heating (thermostat)
heat_pump_space_heating,2026-01-19 17:09,2026-01-19 17:47,38,1.482,0.7716,Space heating (thermostat)
heat_pump_space_heating,2026-01-19 19:00,2026-01-19 19:39,39,1.48,0.7906,Space heating (thermostat)
heat_pump_space_heating,2026-01-19 20:51,2026-01-19 21:32,41,1.485,0.8323,Space heating (thermostat)
heat_pump_hot_water,2026-01-19 23:57,2026-01-20 00:28,31,1.6,0.8267,Hot-water tank reheat
heat_pump_space_heating,2026-01-20 04:43,2026-01-20 05:25,42,1.483,0.853,Space heating (thermostat)
heat_pump_space_heating,2026-01-20 06:00,2026-01-20 08:06,126,3.0,4.0048,Space heating (thermostat)
heat_pump_space_heating,2026-01-20 09:12,2026-01-20 09:54,42,1.483,0.8567,Space heating (thermostat)
heat_pump_space_heating,2026-01-20 11:20,2026-01-20 11:51,31,1.484,0.6331,Space heating (thermostat)
heat_pump_space_heating,2026-01-20 14:14,2026-01-20 14:40,26,1.483,0.5324,Space heating (thermostat)
heat_pump_space_heating,2026-01-20 16:34,2026-01-20 17:08,34,1.484,0.6908,Space heating (thermostat)
kettle,2026-01-20 17:45,2026-01-20 17:49,4,2.0,0.1333,Evening tea
laptop,2026-01-20 18:05,2026-01-20 18:30,25,0.064,0.0234,"Catching up after the trip: e-mails, bookings, packing list"
oven,2026-01-20 18:22,2026-01-20 18:49,27,2.48,0.868,Cooking dinner
kettle,2026-01-20 18:46,2026-01-20 18:50,4,2.0,0.1333,Catching up after the trip: tea
washing_machine,2026-01-20 18:57,2026-01-20 20:36,99,2.0,0.614,"Laundry after the trip (Berlin, Germany)"
tv,2026-01-20 19:54,2026-01-20 20:55,61,0.147,0.1494,Winding down after the trip
tv,2026-01-20 20:11,2026-01-20 22:33,142,0.082,0.1941,Evening TV / streaming
heat_pump_space_heating,2026-01-20 20:28,2026-01-20 21:00,32,1.48,0.6476,Space heating (thermostat)
phone_tablet_charging,2026-01-20 22:23,2026-01-20 23:45,82,0.01,0.0137,Phone overnight
phone_tablet_charging,2026-01-20 22:25,2026-01-20 23:26,61,0.012,0.0122,Tablet overnight
heat_pump_space_heating,2026-01-21 05:22,2026-01-21 05:55,33,1.481,0.6712,Space heating (thermostat)
heat_pump_space_heating,2026-01-21 06:05,2026-01-21 07:33,88,3.0,2.9113,Space heating (thermostat)
kettle,2026-01-21 07:11,2026-01-21 07:15,4,2.0,0.1333,Morning tea / hot water
coffee_machine,2026-01-21 07:17,2026-01-21 07:24,7,1.01,0.1178,Morning coffee
heat_pump_hot_water,2026-01-21 07:33,2026-01-21 08:26,53,1.6,1.4133,Hot-water tank reheat
heat_pump_space_heating,2026-01-21 08:26,2026-01-21 08:59,33,1.385,0.6473,Space heating (thermostat)
heat_pump_space_heating,2026-01-21 10:15,2026-01-21 10:50,35,1.484,0.712,Space heating (thermostat)
heat_pump_space_heating,2026-01-21 12:29,2026-01-21 12:58,29,1.482,0.5942,Space heating (thermostat)
heat_pump_space_heating,2026-01-21 14:52,2026-01-21 15:23,31,1.482,0.6306,Space heating (thermostat)
heat_pump_space_heating,2026-01-21 16:51,2026-01-21 17:27,36,1.486,0.7329,Space heating (thermostat)
heat_pump_space_heating,2026-01-21 18:43,2026-01-21 19:20,37,1.483,0.753,Space heating (thermostat)
heat_pump_space_heating,2026-01-21 20:34,2026-01-21 21:12,38,1.485,0.7738,Space heating (thermostat)
kettle,2026-01-21 21:21,2026-01-21 21:25,4,2.0,0.1333,Evening tea
phone_tablet_charging,2026-01-21 22:44,2026-01-22 00:06,82,0.01,0.0137,Phone overnight
phone_tablet_charging,2026-01-21 22:46,2026-01-22 00:00,74,0.012,0.0148,Tablet overnight
heat_pump_space_heating,2026-01-22 05:34,2026-01-22 07:06,92,3.0,3.1333,Space heating (thermostat)
kettle,2026-01-22 06:57,2026-01-22 07:00,3,2.0,0.1,Morning tea / hot water
heat_pump_hot_water,2026-01-22 07:06,2026-01-22 07:51,45,1.6,1.2,Hot-water tank reheat
coffee_machine,2026-01-22 07:12,2026-01-22 07:20,8,1.5,0.2,Morning coffee
heat_pump_space_heating,2026-01-22 07:51,2026-01-22 08:50,59,1.73,1.2897,Space heating (thermostat)
heat_pump_space_heating,2026-01-22 10:00,2026-01-22 10:42,42,1.486,0.8541,Space heating (thermostat)
heat_pump_space_heating,2026-01-22 12:00,2026-01-22 12:37,37,1.483,0.7525,Space heating (thermostat)
heat_pump_space_heating,2026-01-22 14:03,2026-01-22 14:38,35,1.481,0.7124,Space heating (thermostat)
heat_pump_space_heating,2026-01-22 16:02,2026-01-22 16:38,36,1.481,0.7317,Space heating (thermostat)
heat_pump_space_heating,2026-01-22 18:01,2026-01-22 18:35,34,1.483,0.6925,Space heating (thermostat)
kettle,2026-01-22 18:39,2026-01-22 18:43,4,2.0,0.1333,Evening tea
heat_pump_space_heating,2026-01-22 20:14,2026-01-22 20:48,34,1.484,0.6942,Space heating (thermostat)
tv,2026-01-22 20:49,2026-01-22 22:37,108,0.15,0.27,Evening TV / streaming
dishwasher,2026-01-22 21:08,2026-01-22 22:40,92,2.0,0.888,Dishwasher
phone_tablet_charging,2026-01-22 22:39,2026-01-23 00:23,104,0.01,0.0173,Phone overnight
phone_tablet_charging,2026-01-22 22:41,2026-01-23 00:08,87,0.012,0.0174,Tablet overnight
heat_pump_space_heating,2026-01-23 06:00,2026-01-23 06:54,54,3.0,2.376,Space heating (thermostat)
kettle,2026-01-23 06:28,2026-01-23 06:32,4,2.0,0.1333,Morning tea / hot water
coffee_machine,2026-01-23 06:38,2026-01-23 06:43,5,1.4,0.1167,Morning coffee
heat_pump_hot_water,2026-01-23 06:54,2026-01-23 07:47,53,1.6,1.4133,Hot-water tank reheat
heat_pump_space_heating,2026-01-23 07:47,2026-01-23 09:01,74,2.212,1.8435,Space heating (thermostat)
laptop,2026-01-23 09:10,2026-01-23 12:25,195,0.063,0.1648,Work from home
heat_pump_space_heating,2026-01-23 10:24,2026-01-23 11:00,36,1.48,0.7336,Space heating (thermostat)
kettle,2026-01-23 12:30,2026-01-23 12:35,5,2.0,0.1667,Lunch break
heat_pump_space_heating,2026-01-23 12:45,2026-01-23 13:15,30,1.481,0.6146,Space heating (thermostat)
coffee_machine,2026-01-23 12:59,2026-01-23 13:05,6,1.24,0.124,Post-lunch coffee
laptop,2026-01-23 13:07,2026-01-23 15:14,127,0.07,0.106,Work from home
heat_pump_space_heating,2026-01-23 15:06,2026-01-23 15:38,32,1.482,0.6488,Space heating (thermostat)
heat_pump_space_heating,2026-01-23 17:23,2026-01-23 17:54,31,1.483,0.631,Space heating (thermostat)
oven,2026-01-23 18:05,2026-01-23 18:47,42,2.39,1.0755,Cooking dinner
kettle,2026-01-23 19:20,2026-01-23 19:25,5,2.0,0.1667,Evening tea
heat_pump_space_heating,2026-01-23 21:14,2026-01-23 21:43,29,1.483,0.5942,Space heating (thermostat)
tv,2026-01-23 21:32,2026-01-23 23:20,108,0.112,0.2016,Evening TV / streaming
phone_tablet_charging,2026-01-23 23:10,2026-01-24 00:26,76,0.01,0.0127,Phone overnight
phone_tablet_charging,2026-01-23 23:12,2026-01-24 00:30,78,0.012,0.0156,Tablet overnight
phone_tablet_charging,2026-01-23 23:15,2026-01-24 01:02,107,0.01,0.0178,Paul's phone
heat_pump_space_heating,2026-01-24 06:00,2026-01-24 07:22,82,3.0,2.5467,Space heating (thermostat)
heat_pump_hot_water,2026-01-24 08:49,2026-01-24 10:23,94,1.6,2.5067,Hot-water tank reheat
kettle,2026-01-24 08:52,2026-01-24 08:56,4,2.0,0.1333,Morning tea / hot water
coffee_machine,2026-01-24 09:02,2026-01-24 09:09,7,1.23,0.1435,Morning coffee
coffee_machine,2026-01-24 09:10,2026-01-24 09:16,6,1.39,0.139,Coffee for Paul
coffee_machine,2026-01-24 10:19,2026-01-24 10:26,7,1.04,0.1213,Second weekend coffee
heat_pump_space_heating,2026-01-24 10:23,2026-01-24 11:01,38,1.723,0.8386,Space heating (thermostat)
washing_machine,2026-01-24 13:17,2026-01-24 15:00,103,2.0,0.7473,Weekly laundry
heat_pump_space_heating,2026-01-24 16:10,2026-01-24 16:35,25,1.482,0.5111,Space heating (thermostat)
heat_pump_space_heating,2026-01-24 18:44,2026-01-24 19:14,30,1.482,0.6101,Space heating (thermostat)
lighting,2026-01-24 19:10,2026-01-24 20:12,62,0.06,0.062,Lights left on when leaving
heat_pump_space_heating,2026-01-24 20:38,2026-01-24 21:13,35,1.484,0.7144,Space heating (thermostat)
heat_pump_space_heating,2026-01-24 22:29,2026-01-24 22:44,15,1.481,0.258,Space heating (thermostat)
heat_pump_hot_water,2026-01-25 02:00,2026-01-25 02:39,39,1.6,1.04,Hot-water tank reheat
heat_pump_space_heating,2026-01-25 06:00,2026-01-25 07:16,76,3.0,2.3569,Space heating (thermostat)
heat_pump_space_heating,2026-01-25 09:21,2026-01-25 09:48,27,1.482,0.5522,Space heating (thermostat)
washing_machine,2026-01-25 13:53,2026-01-25 15:43,110,2.0,0.9807,Bed sheets after Paul
heat_pump_space_heating,2026-01-25 17:24,2026-01-25 17:47,23,1.481,0.4688,Space heating (thermostat)
kettle,2026-01-25 19:08,2026-01-25 19:12,4,2.0,0.1333,Evening tea
tv,2026-01-25 20:37,2026-01-25 22:02,85,0.132,0.187,Evening TV / streaming
heat_pump_space_heating,2026-01-25 20:54,2026-01-25 21:16,22,1.481,0.4522,Space heating (thermostat)
heat_pump_hot_water,2026-01-25 22:38,2026-01-25 23:09,31,1.6,0.8267,Hot-water tank reheat
phone_tablet_charging,2026-01-25 22:39,2026-01-26 00:15,96,0.01,0.016,Phone overnight
phone_tablet_charging,2026-01-25 22:41,2026-01-25 23:53,72,0.012,0.0144,Tablet overnight
heat_pump_space_heating,2026-01-26 06:00,2026-01-26 06:34,34,3.0,1.3256,Space heating (thermostat)
kettle,2026-01-26 06:25,2026-01-26 06:30,5,2.0,0.1667,Morning tea / hot water
coffee_machine,2026-01-26 06:26,2026-01-26 06:31,5,1.44,0.12,Morning coffee
heat_pump_hot_water,2026-01-26 06:34,2026-01-26 07:11,37,1.6,0.9867,Hot-water tank reheat
heat_pump_space_heating,2026-01-26 07:11,2026-01-26 07:52,41,1.822,0.9347,Space heating (thermostat)
laptop,2026-01-26 08:40,2026-01-26 12:29,229,0.077,0.1931,Work from home
heat_pump_space_heating,2026-01-26 09:44,2026-01-26 10:12,28,1.483,0.5704,Space heating (thermostat)
coffee_machine,2026-01-26 10:48,2026-01-26 10:57,9,1.44,0.216,Mid-morning coffee
kettle,2026-01-26 12:34,2026-01-26 12:37,3,2.0,0.1,Lunch break
laptop,2026-01-26 13:01,2026-01-26 17:17,256,0.08,0.2372,Work from home
heat_pump_space_heating,2026-01-26 13:12,2026-01-26 13:36,24,1.483,0.4915,Space heating (thermostat)
kettle,2026-01-26 14:35,2026-01-26 14:38,3,2.0,0.1,Afternoon tea
heat_pump_space_heating,2026-01-26 16:26,2026-01-26 16:50,24,1.482,0.4911,Space heating (thermostat)
heat_pump_space_heating,2026-01-26 19:10,2026-01-26 19:35,25,1.482,0.5107,Space heating (thermostat)
kettle,2026-01-26 19:44,2026-01-26 19:48,4,2.0,0.1333,Evening tea
heat_pump_hot_water,2026-01-26 19:59,2026-01-26 20:39,40,1.6,1.0667,Hot-water tank reheat
dishwasher,2026-01-26 21:15,2026-01-26 22:54,99,2.0,1.1213,Dishwasher
phone_tablet_charging,2026-01-26 22:46,2026-01-27 00:22,96,0.01,0.016,Phone overnight
heat_pump_space_heating,2026-01-27 06:00,2026-01-27 07:17,77,3.0,2.3823,Space heating (thermostat)
kettle,2026-01-27 07:00,2026-01-27 07:04,4,2.0,0.1333,Morning tea / hot water
coffee_machine,2026-01-27 07:12,2026-01-27 07:17,5,1.49,0.1242,Morning coffee
heat_pump_hot_water,2026-01-27 07:22,2026-01-27 07:59,37,1.6,0.9867,Hot-water tank reheat
laptop,2026-01-27 08:37,2026-01-27 12:46,249,0.08,0.2577,Work from home
heat_pump_space_heating,2026-01-27 08:52,2026-01-27 09:23,31,1.48,0.6344,Space heating (thermostat)
coffee_machine,2026-01-27 11:37,2026-01-27 11:46,9,1.48,0.222,Mid-morning coffee
heat_pump_space_heating,2026-01-27 12:36,2026-01-27 12:56,20,1.481,0.4128,Space heating (thermostat)
kettle,2026-01-27 12:51,2026-01-27 12:54,3,2.0,0.1,Lunch break
coffee_machine,2026-01-27 13:21,2026-01-27 13:29,8,1.02,0.136,Post-lunch coffee
laptop,2026-01-27 13:29,2026-01-27 17:33,244,0.064,0.1977,Work from home
kettle,2026-01-27 15:42,2026-01-27 15:47,5,2.0,0.1667,Afternoon tea
laptop,2026-01-27 17:11,2026-01-27 17:57,46,0.068,0.043,"Trip preparation: e-mails, bookings, packing list"
kettle,2026-01-27 18:08,2026-01-27 18:13,5,2.0,0.1667,Trip preparation: tea
heat_pump_space_heating,2026-01-27 19:17,2026-01-27 19:38,21,1.48,0.431,Space heating (thermostat)
kettle,2026-01-27 19:26,2026-01-27 19:30,4,2.0,0.1333,Evening tea
washing_machine,2026-01-27 20:00,2026-01-27 21:46,106,2.0,0.8473,Laundry before the trip
tv,2026-01-27 22:09,2026-01-27 23:05,56,0.111,0.1036,Evening TV / streaming
laptop,2026-01-27 22:11,2026-01-27 23:05,54,0.062,0.0456,"Personal laptop (e-mails, booking trips)"
phone_tablet_charging,2026-01-27 22:55,2026-01-28 00:30,95,0.01,0.0158,Phone overnight
phone_tablet_charging,2026-01-27 22:57,2026-01-28 00:17,80,0.012,0.016,Tablet overnight
phone_tablet_charging,2026-01-27 23:18,2026-01-28 00:38,80,0.015,0.02,Power bank before trip
kettle,2026-01-28 04:10,2026-01-28 04:15,5,2.0,0.1667,Morning tea / hot water
coffee_machine,2026-01-28 04:12,2026-01-28 04:19,7,1.48,0.1727,Morning coffee
heat_pump_hot_water,2026-01-28 04:22,2026-01-28 05:20,58,1.6,1.5467,Hot-water tank reheat
heat_pump_space_heating,2026-01-29 01:48,2026-01-29 02:09,21,1.482,0.429,Space heating (thermostat)
heat_pump_space_heating,2026-01-29 06:36,2026-01-29 06:58,22,1.482,0.4502,Space heating (thermostat)
heat_pump_space_heating,2026-01-29 10:34,2026-01-29 10:55,21,1.481,0.4314,Space heating (thermostat)
heat_pump_space_heating,2026-01-29 18:43,2026-01-29 19:05,22,1.48,0.4491,Space heating (thermostat)
heat_pump_space_heating,2026-01-29 22:34,2026-01-29 22:57,23,1.481,0.473,Space heating (thermostat)
heat_pump_space_heating,2026-01-30 01:38,2026-01-30 02:03,25,1.481,0.5105,Space heating (thermostat)
heat_pump_space_heating,2026-01-30 04:42,2026-01-30 05:08,26,1.482,0.5297,Space heating (thermostat)
heat_pump_space_heating,2026-01-30 07:26,2026-01-30 07:53,27,1.482,0.5535,Space heating (thermostat)
heat_pump_space_heating,2026-01-30 10:14,2026-01-30 10:38,24,1.481,0.4908,Space heating (thermostat)
heat_pump_hot_water,2026-01-30 18:04,2026-01-30 18:51,47,1.6,1.2533,Hot-water tank reheat
laptop,2026-01-30 18:16,2026-01-30 19:59,103,0.074,0.0943,"Catching up after the trip: e-mails, bookings, packing list"
washing_machine,2026-01-30 18:39,2026-01-30 20:22,103,2.0,0.7473,"Laundry after the trip (Stockholm, Sweden)"
oven,2026-01-30 18:45,2026-01-30 19:14,29,2.42,0.847,Cooking dinner
heat_pump_space_heating,2026-01-30 18:51,2026-01-30 20:14,83,3.0,3.3303,Space heating (thermostat)
kettle,2026-01-30 18:57,2026-01-30 19:00,3,2.0,0.1,Catching up after the trip: tea
tv,2026-01-30 19:08,2026-01-30 20:26,78,0.131,0.1703,Winding down after the trip
laptop,2026-01-30 21:44,2026-01-30 22:18,34,0.055,0.0279,"Personal laptop (e-mails, booking trips)"
phone_tablet_charging,2026-01-30 23:14,2026-01-31 00:55,101,0.01,0.0168,Phone overnight
phone_tablet_charging,2026-01-30 23:16,2026-01-31 00:54,98,0.012,0.0196,Tablet overnight
heat_pump_space_heating,2026-01-31 06:00,2026-01-31 07:23,83,3.0,2.5872,Space heating (thermostat)
kettle,2026-01-31 08:04,2026-01-31 08:08,4,2.0,0.1333,Morning tea / hot water
coffee_machine,2026-01-31 08:09,2026-01-31 08:17,8,1.28,0.1707,Morning coffee
heat_pump_hot_water,2026-01-31 08:28,2026-01-31 09:14,46,1.6,1.2267,Hot-water tank reheat
heat_pump_space_heating,2026-01-31 09:19,2026-01-31 09:47,28,1.483,0.5753,Space heating (thermostat)
coffee_machine,2026-01-31 10:00,2026-01-31 10:05,5,1.41,0.1175,Second weekend coffee
heat_pump_space_heating,2026-01-31 12:31,2026-01-31 12:54,23,1.481,0.4722,Space heating (thermostat)
heat_pump_space_heating,2026-01-31 15:16,2026-01-31 15:44,28,1.484,0.5722,Space heating (thermostat)
heat_pump_space_heating,2026-01-31 17:30,2026-01-31 18:00,30,1.481,0.6107,Space heating (thermostat)
kettle,2026-01-31 18:54,2026-01-31 18:58,4,2.0,0.1333,Evening tea
heat_pump_space_heating,2026-01-31 19:48,2026-01-31 20:19,31,1.483,0.633,Space heating (thermostat)
tv,2026-01-31 20:44,2026-01-31 22:49,125,0.131,0.2729,Evening TV / streaming
dishwasher,2026-01-31 21:30,2026-01-31 23:01,91,2.0,0.8547,Dishwasher
phone_tablet_charging,2026-01-31 23:28,2026-02-01 00:56,88,0.01,0.0147,Phone overnight
heat_pump_hot_water,2026-02-01 02:00,2026-02-01 02:42,42,1.6,1.12,Hot-water tank reheat
heat_pump_space_heating,2026-02-01 06:00,2026-02-01 07:38,98,3.0,3.1854,Space heating (thermostat)
kettle,2026-02-01 08:39,2026-02-01 08:43,4,2.0,0.1333,Morning tea / hot water
coffee_machine,2026-02-01 08:47,2026-02-01 08:52,5,1.22,0.1017,Morning coffee
heat_pump_hot_water,2026-02-01 08:53,2026-02-01 09:29,36,1.6,0.96,Hot-water tank reheat
heat_pump_space_heating,2026-02-01 09:29,2026-02-01 10:00,31,1.533,0.652,Space heating (thermostat)
coffee_machine,2026-02-01 09:50,2026-02-01 09:56,6,1.1,0.11,Second weekend coffee
heat_pump_space_heating,2026-02-01 11:47,2026-02-01 12:15,28,1.483,0.5746,Space heating (thermostat)
heat_pump_space_heating,2026-02-01 14:23,2026-02-01 14:51,28,1.482,0.5722,Space heating (thermostat)
phone_tablet_charging,2026-02-01 14:25,2026-02-01 15:45,80,0.015,0.02,Power bank before trip
heat_pump_space_heating,2026-02-01 16:39,2026-02-01 17:08,29,1.483,0.5948,Space heating (thermostat)
laptop,2026-02-01 17:04,2026-02-01 18:12,68,0.08,0.0787,"Trip preparation: e-mails, bookings, packing list"
oven,2026-02-01 17:31,2026-02-01 18:09,38,2.47,1.0703,Trip preparation: cooking / using up food
kettle,2026-02-01 18:00,2026-02-01 18:05,5,2.0,0.1667,Trip preparation: tea
kettle,2026-02-01 19:46,2026-02-01 19:49,3,2.0,0.1,Evening tea
tv,2026-02-01 19:58,2026-02-01 22:58,180,0.102,0.306,Evening TV / streaming
washing_machine,2026-02-01 20:00,2026-02-01 21:42,102,2.0,0.714,Laundry before the trip
heat_pump_space_heating,2026-02-01 20:53,2026-02-01 21:24,31,1.483,0.6317,Space heating (thermostat)
phone_tablet_charging,2026-02-01 22:48,2026-02-02 00:32,104,0.01,0.0173,Phone overnight
phone_tablet_charging,2026-02-01 22:50,2026-02-02 00:01,71,0.012,0.0142,Tablet overnight
kettle,2026-02-02 04:12,2026-02-02 04:17,5,2.0,0.1667,Morning tea / hot water
heat_pump_hot_water,2026-02-02 04:19,2026-02-02 05:13,54,1.6,1.44,Hot-water tank reheat
coffee_machine,2026-02-02 04:22,2026-02-02 04:29,7,1.21,0.1412,Morning coffee
heat_pump_space_heating,2026-02-02 12:25,2026-02-02 12:55,30,1.482,0.6134,Space heating (thermostat)
heat_pump_space_heating,2026-02-02 15:07,2026-02-02 15:37,30,1.483,0.612,Space heating (thermostat)
heat_pump_space_heating,2026-02-02 17:37,2026-02-02 18:11,34,1.483,0.6926,Space heating (thermostat)
heat_pump_space_heating,2026-02-02 19:49,2026-02-02 20:23,34,1.483,0.6937,Space heating (thermostat)
heat_pump_space_heating,2026-02-02 21:58,2026-02-02 22:32,34,1.481,0.6943,Space heating (thermostat)
heat_pump_space_heating,2026-02-03 00:04,2026-02-03 00:40,36,1.48,0.733,Space heating (thermostat)
heat_pump_space_heating,2026-02-03 02:09,2026-02-03 02:48,39,1.48,0.7926,Space heating (thermostat)
heat_pump_space_heating,2026-02-03 04:08,2026-02-03 04:52,44,1.482,0.8925,Space heating (thermostat)
heat_pump_space_heating,2026-02-03 06:10,2026-02-03 06:56,46,1.484,0.9354,Space heating (thermostat)
heat_pump_space_heating,2026-02-03 08:12,2026-02-03 08:59,47,1.486,0.9553,Space heating (thermostat)
heat_pump_space_heating,2026-02-03 10:31,2026-02-03 11:04,33,1.481,0.6773,Space heating (thermostat)
heat_pump_space_heating,2026-02-03 14:10,2026-02-03 14:39,29,1.482,0.5936,Space heating (thermostat)
heat_pump_space_heating,2026-02-03 16:38,2026-02-03 17:10,32,1.481,0.6524,Space heating (thermostat)
heat_pump_space_heating,2026-02-03 18:49,2026-02-03 19:23,34,1.484,0.6959,Space heating (thermostat)
heat_pump_space_heating,2026-02-03 20:57,2026-02-03 21:32,35,1.484,0.7142,Space heating (thermostat)
heat_pump_space_heating,2026-02-03 23:04,2026-02-03 23:40,36,1.482,0.7337,Space heating (thermostat)
heat_pump_space_heating,2026-02-04 01:12,2026-02-04 01:48,36,1.483,0.7333,Space heating (thermostat)
heat_pump_space_heating,2026-02-04 03:20,2026-02-04 03:55,35,1.483,0.7148,Space heating (thermostat)
heat_pump_space_heating,2026-02-04 05:31,2026-02-04 06:05,34,1.484,0.694,Space heating (thermostat)
heat_pump_space_heating,2026-02-04 07:42,2026-02-04 08:16,34,1.48,0.6923,Space heating (thermostat)
heat_pump_space_heating,2026-02-04 09:59,2026-02-04 10:30,31,1.482,0.633,Space heating (thermostat)
heat_pump_space_heating,2026-02-04 15:52,2026-02-04 16:17,25,1.481,0.5118,Space heating (thermostat)
heat_pump_space_heating,2026-02-04 18:23,2026-02-04 18:54,31,1.482,0.6335,Space heating (thermostat)
heat_pump_space_heating,2026-02-04 20:42,2026-02-04 21:14,32,1.483,0.6523,Space heating (thermostat)
heat_pump_space_heating,2026-02-04 23:02,2026-02-04 23:34,32,1.48,0.6516,Space heating (thermostat)
heat_pump_space_heating,2026-02-05 01:13,2026-02-05 01:48,35,1.483,0.711,Space heating (thermostat)
heat_pump_space_heating,2026-02-05 03:27,2026-02-05 04:00,33,1.481,0.6711,Space heating (thermostat)
heat_pump_space_heating,2026-02-05 05:35,2026-02-05 06:12,37,1.482,0.7541,Space heating (thermostat)
heat_pump_space_heating,2026-02-05 07:39,2026-02-05 08:19,40,1.484,0.8129,Space heating (thermostat)
heat_pump_space_heating,2026-02-05 09:51,2026-02-05 10:25,34,1.483,0.6963,Space heating (thermostat)
heat_pump_space_heating,2026-02-05 14:53,2026-02-05 15:16,23,1.481,0.471,Space heating (thermostat)
heat_pump_hot_water,2026-02-05 17:03,2026-02-05 18:08,65,1.6,1.7333,Hot-water tank reheat
heat_pump_space_heating,2026-02-05 18:08,2026-02-05 20:09,121,3.0,4.8063,Space heating (thermostat)
kettle,2026-02-05 18:15,2026-02-05 18:20,5,2.0,0.1667,Evening tea
laptop,2026-02-05 18:16,2026-02-05 19:36,80,0.07,0.0755,"Catching up after the trip: e-mails, bookings, packing list"
kettle,2026-02-05 18:20,2026-02-05 18:24,4,2.0,0.1333,Catching up after the trip: tea
oven,2026-02-05 18:45,2026-02-05 19:10,25,2.15,0.6808,Catching up after the trip: cooking / using up food
tv,2026-02-05 19:03,2026-02-05 20:10,67,0.108,0.1206,Winding down after the trip
heat_pump_space_heating,2026-02-05 21:30,2026-02-05 22:09,39,1.481,0.7905,Space heating (thermostat)
phone_tablet_charging,2026-02-05 22:02,2026-02-05 23:22,80,0.01,0.0133,Phone overnight
phone_tablet_charging,2026-02-05 22:04,2026-02-05 23:41,97,0.012,0.0194,Tablet overnight
heat_pump_space_heating,2026-02-06 06:00,2026-02-06 07:09,69,3.0,2.6502,Space heating (thermostat)
kettle,2026-02-06 06:51,2026-02-06 06:55,4,2.0,0.1333,Morning tea / hot water
coffee_machine,2026-02-06 07:02,2026-02-06 07:08,6,1.04,0.104,Morning coffee
heat_pump_hot_water,2026-02-06 07:09,2026-02-06 07:52,43,1.6,1.1467,Hot-water tank reheat
heat_pump_space_heating,2026-02-06 07:52,2026-02-06 08:30,38,1.585,0.8023,Space heating (thermostat)
laptop,2026-02-06 08:30,2026-02-06 12:25,235,0.08,0.2225,Work from home
heat_pump_space_heating,2026-02-06 10:06,2026-02-06 10:37,31,1.481,0.6308,Space heating (thermostat)
heat_pump_space_heating,2026-02-06 12:29,2026-02-06 12:54,25,1.481,0.5069,Space heating (thermostat)
kettle,2026-02-06 12:30,2026-02-06 12:35,5,2.0,0.1667,Lunch break
coffee_machine,2026-02-06 12:52,2026-02-06 12:58,6,1.02,0.102,Post-lunch coffee
laptop,2026-02-06 13:00,2026-02-06 17:21,261,0.08,0.2563,Work from home
kettle,2026-02-06 14:20,2026-02-06 14:23,3,2.0,0.1,Afternoon tea
heat_pump_space_heating,2026-02-06 15:22,2026-02-06 15:48,26,1.481,0.5322,Space heating (thermostat)
heat_pump_space_heating,2026-02-06 18:01,2026-02-06 18:29,28,1.483,0.5745,Space heating (thermostat)
kettle,2026-02-06 18:28,2026-02-06 18:33,5,2.0,0.1667,Evening tea
heat_pump_space_heating,2026-02-06 20:17,2026-02-06 20:51,34,1.485,0.6931,Space heating (thermostat)
laptop,2026-02-06 20:44,2026-02-06 21:33,49,0.08,0.0549,"Personal laptop (e-mails, booking trips)"
heat_pump_space_heating,2026-02-06 22:28,2026-02-06 22:43,15,1.484,0.2658,Space heating (thermostat)
phone_tablet_charging,2026-02-07 00:50,2026-02-07 02:10,80,0.01,0.0133,Phone overnight
heat_pump_space_heating,2026-02-07 06:00,2026-02-07 06:44,44,3.0,1.9892,Space heating (thermostat)
heat_pump_hot_water,2026-02-07 06:44,2026-02-07 07:15,31,1.6,0.8267,Hot-water tank reheat
heat_pump_space_heating,2026-02-07 07:15,2026-02-07 08:22,67,2.275,1.7375,Space heating (thermostat)
kettle,2026-02-07 08:12,2026-02-07 08:16,4,2.0,0.1333,Morning tea / hot water
coffee_machine,2026-02-07 08:20,2026-02-07 08:28,8,1.31,0.1747,Morning coffee
heat_pump_space_heating,2026-02-07 09:47,2026-02-07 10:26,39,1.486,0.7951,Space heating (thermostat)
heat_pump_hot_water,2026-02-07 11:23,2026-02-07 11:54,31,1.6,0.8267,Hot-water tank reheat
heat_pump_space_heating,2026-02-07 11:54,2026-02-07 12:29,35,1.501,0.7174,Space heating (thermostat)
heat_pump_space_heating,2026-02-07 14:27,2026-02-07 15:01,34,1.482,0.6897,Space heating (thermostat)
heat_pump_space_heating,2026-02-07 16:34,2026-02-07 17:11,37,1.482,0.7538,Space heating (thermostat)
heat_pump_space_heating,2026-02-07 18:32,2026-02-07 19:11,39,1.485,0.7986,Space heating (thermostat)
oven,2026-02-07 19:08,2026-02-07 19:36,28,2.08,0.728,Cooking dinner
kettle,2026-02-07 20:04,2026-02-07 20:08,4,2.0,0.1333,Evening tea
tv,2026-02-07 20:46,2026-02-07 22:50,124,0.13,0.2687,Evening TV / streaming
heat_pump_space_heating,2026-02-07 21:10,2026-02-07 21:50,40,1.48,0.8148,Space heating (thermostat)
dishwasher,2026-02-07 22:07,2026-02-07 23:39,92,2.0,0.888,Dishwasher
phone_tablet_charging,2026-02-08 00:09,2026-02-08 01:39,90,0.01,0.015,Phone overnight
phone_tablet_charging,2026-02-08 00:11,2026-02-08 01:32,81,0.012,0.0162,Tablet overnight
heat_pump_hot_water,2026-02-08 02:00,2026-02-08 02:38,38,1.6,1.0133,Hot-water tank reheat
heat_pump_space_heating,2026-02-08 05:49,2026-02-08 08:14,145,3.0,4.5647,Space heating (thermostat)
kettle,2026-02-08 08:16,2026-02-08 08:20,4,2.0,0.1333,Morning tea / hot water
coffee_machine,2026-02-08 08:28,2026-02-08 08:37,9,1.34,0.201,Morning coffee
heat_pump_hot_water,2026-02-08 09:30,2026-02-08 10:01,31,1.6,0.8267,Hot-water tank reheat
coffee_machine,2026-02-08 09:51,2026-02-08 09:57,6,1.46,0.146,Second weekend coffee
heat_pump_space_heating,2026-02-08 10:01,2026-02-08 10:42,41,1.537,0.8538,Space heating (thermostat)
washing_machine,2026-02-08 12:30,2026-02-08 14:15,105,2.0,0.814,Weekly laundry
heat_pump_space_heating,2026-02-08 12:31,2026-02-08 12:50,19,1.483,0.3946,Space heating (thermostat)
heat_pump_space_heating,2026-02-08 15:36,2026-02-08 16:08,32,1.483,0.6525,Space heating (thermostat)
phone_tablet_charging,2026-02-08 16:24,2026-02-08 17:44,80,0.015,0.02,Power bank before trip
laptop,2026-02-08 17:01,2026-02-08 18:19,78,0.059,0.0609,"Trip preparation: e-mails, bookings, packing list"
heat_pump_space_heating,2026-02-08 17:41,2026-02-08 18:16,35,1.484,0.7279,Space heating (thermostat)
kettle,2026-02-08 18:12,2026-02-08 18:16,4,2.0,0.1333,Evening tea
kettle,2026-02-08 18:29,2026-02-08 18:33,4,2.0,0.1333,Trip preparation: tea
heat_pump_space_heating,2026-02-08 19:38,2026-02-08 20:22,44,1.481,0.8919,Space heating (thermostat)
tv,2026-02-08 20:35,2026-02-08 22:10,95,0.116,0.1837,Evening TV / streaming
heat_pump_space_heating,2026-02-08 21:43,2026-02-08 22:28,45,1.484,0.9087,Space heating (thermostat)
phone_tablet_charging,2026-02-08 22:00,2026-02-08 23:12,72,0.01,0.012,Phone overnight
kettle,2026-02-09 04:14,2026-02-09 04:17,3,2.0,0.1,Morning tea / hot water
coffee_machine,2026-02-09 04:19,2026-02-09 04:29,10,1.4,0.2333,Morning coffee
heat_pump_hot_water,2026-02-09 04:24,2026-02-09 05:17,53,1.6,1.4133,Hot-water tank reheat
heat_pump_space_heating,2026-02-09 09:07,2026-02-09 09:54,47,1.484,0.9606,Space heating (thermostat)
heat_pump_space_heating,2026-02-09 12:00,2026-02-09 12:28,28,1.481,0.5743,Space heating (thermostat)
heat_pump_space_heating,2026-02-09 16:25,2026-02-09 16:57,32,1.481,0.6526,Space heating (thermostat)
heat_pump_space_heating,2026-02-09 18:31,2026-02-09 19:11,40,1.48,0.8121,Space heating (thermostat)
heat_pump_space_heating,2026-02-09 20:33,2026-02-09 21:17,44,1.485,0.8936,Space heating (thermostat)
heat_pump_space_heating,2026-02-09 22:35,2026-02-09 23:23,48,1.486,0.9731,Space heating (thermostat)
heat_pump_space_heating,2026-02-10 00:38,2026-02-10 01:29,51,1.486,1.0325,Space heating (thermostat)
heat_pump_space_heating,2026-02-10 02:41,2026-02-10 03:35,54,1.483,1.0935,Space heating (thermostat)
heat_pump_space_heating,2026-02-10 04:42,2026-02-10 05:37,55,1.48,1.1135,Space heating (thermostat)
heat_pump_space_heating,2026-02-10 06:41,2026-02-10 07:39,58,1.48,1.1697,Space heating (thermostat)
heat_pump_space_heating,2026-02-10 08:43,2026-02-10 09:37,54,1.483,1.0971,Space heating (thermostat)
heat_pump_space_heating,2026-02-10 11:11,2026-02-10 11:47,36,1.481,0.7361,Space heating (thermostat)
heat_pump_space_heating,2026-02-10 15:45,2026-02-10 16:14,29,1.482,0.5905,Space heating (thermostat)
heat_pump_space_heating,2026-02-10 18:06,2026-02-10 18:47,41,1.484,0.8344,Space heating (thermostat)
heat_pump_space_heating,2026-02-10 20:04,2026-02-10 20:54,50,1.483,1.0115,Space heating (thermostat)
heat_pump_space_heating,2026-02-10 22:06,2026-02-10 22:59,53,1.484,1.0743,Space heating (thermostat)
heat_pump_space_heating,2026-02-11 00:09,2026-02-11 01:03,54,1.486,1.0954,Space heating (thermostat)
heat_pump_space_heating,2026-02-11 02:11,2026-02-11 03:06,55,1.485,1.1158,Space heating (thermostat)
heat_pump_space_heating,2026-02-11 04:12,2026-02-11 05:08,56,1.482,1.1307,Space heating (thermostat)
heat_pump_space_heating,2026-02-11 06:12,2026-02-11 07:12,60,1.48,1.2079,Space heating (thermostat)
heat_pump_space_heating,2026-02-11 08:14,2026-02-11 09:12,58,1.485,1.1754,Space heating (thermostat)
heat_pump_space_heating,2026-02-11 10:29,2026-02-11 11:12,43,1.482,0.8783,Space heating (thermostat)
heat_pump_space_heating,2026-02-11 13:49,2026-02-11 14:23,34,1.482,0.6886,Space heating (thermostat)
heat_pump_space_heating,2026-02-11 15:50,2026-02-11 16:40,50,1.485,1.0149,Space heating (thermostat)
heat_pump_space_heating,2026-02-11 17:53,2026-02-11 18:48,55,1.487,1.1154,Space heating (thermostat)
heat_pump_space_heating,2026-02-11 19:54,2026-02-11 20:50,56,1.481,1.1298,Space heating (thermostat)
heat_pump_space_heating,2026-02-11 21:56,2026-02-11 22:52,56,1.481,1.1321,Space heating (thermostat)
heat_pump_space_heating,2026-02-11 23:59,2026-02-12 00:55,56,1.483,1.1312,Space heating (thermostat)
heat_pump_space_heating,2026-02-12 02:01,2026-02-12 02:57,56,1.484,1.1334,Space heating (thermostat)
heat_pump_space_heating,2026-02-12 04:05,2026-02-12 05:01,56,1.481,1.1306,Space heating (thermostat)
heat_pump_space_heating,2026-02-12 06:06,2026-02-12 07:04,58,1.482,1.1698,Space heating (thermostat)
heat_pump_space_heating,2026-02-12 08:08,2026-02-12 09:04,56,1.486,1.1378,Space heating (thermostat)
heat_pump_space_heating,2026-02-12 10:26,2026-02-12 11:05,39,1.485,0.8003,Space heating (thermostat)
heat_pump_space_heating,2026-02-12 15:22,2026-02-12 15:51,29,1.481,0.5919,Space heating (thermostat)
heat_pump_space_heating,2026-02-12 17:51,2026-02-12 18:31,40,1.481,0.8115,Space heating (thermostat)
heat_pump_hot_water,2026-02-12 18:58,2026-02-12 20:05,67,1.6,1.7867,Hot-water tank reheat
laptop,2026-02-12 19:03,2026-02-12 19:55,52,0.06,0.0459,"Catching up after the trip: e-mails, bookings, packing list"
oven,2026-02-12 19:18,2026-02-12 20:02,44,2.1,1.015,Cooking dinner
heat_pump_space_heating,2026-02-12 20:05,2026-02-12 22:23,138,3.0,5.4643,Space heating (thermostat)
tv,2026-02-12 20:27,2026-02-12 22:46,139,0.097,0.2247,Winding down after the trip
kettle,2026-02-12 20:29,2026-02-12 20:34,5,2.0,0.1667,Catching up after the trip: tea
washing_machine,2026-02-12 20:34,2026-02-12 22:18,104,2.0,0.7807,"Laundry after the trip (Essen, Germany)"
tv,2026-02-12 20:42,2026-02-12 22:46,124,0.137,0.2831,Evening TV / streaming
laptop,2026-02-12 21:41,2026-02-12 22:46,65,0.08,0.0709,"Personal laptop (e-mails, booking trips)"
phone_tablet_charging,2026-02-12 22:36,2026-02-13 00:06,90,0.01,0.015,Phone overnight
phone_tablet_charging,2026-02-12 22:38,2026-02-12 23:56,78,0.012,0.0156,Tablet overnight
heat_pump_space_heating,2026-02-13 04:46,2026-02-13 05:44,58,1.482,1.1704,Space heating (thermostat)
heat_pump_space_heating,2026-02-13 06:00,2026-02-13 07:13,73,3.0,2.9569,Space heating (thermostat)
kettle,2026-02-13 06:45,2026-02-13 06:49,4,2.0,0.1333,Morning tea / hot water
coffee_machine,2026-02-13 06:54,2026-02-13 07:02,8,1.43,0.1907,Morning coffee
heat_pump_hot_water,2026-02-13 07:13,2026-02-13 07:51,38,1.6,1.0133,Hot-water tank reheat
heat_pump_space_heating,2026-02-13 07:51,2026-02-13 09:17,86,1.944,1.9993,Space heating (thermostat)
laptop,2026-02-13 08:26,2026-02-13 12:00,214,0.075,0.1936,Work from home
heat_pump_space_heating,2026-02-13 10:35,2026-02-13 11:07,32,1.484,0.6682,Space heating (thermostat)
coffee_machine,2026-02-13 11:02,2026-02-13 11:09,7,1.48,0.1727,Mid-morning coffee
kettle,2026-02-13 12:05,2026-02-13 12:08,3,2.0,0.1,Lunch break
coffee_machine,2026-02-13 12:24,2026-02-13 12:33,9,1.16,0.174,Post-lunch coffee
laptop,2026-02-13 12:32,2026-02-13 16:40,248,0.08,0.242,Work from home
heat_pump_space_heating,2026-02-13 13:35,2026-02-13 14:05,30,1.483,0.6158,Space heating (thermostat)
kettle,2026-02-13 14:39,2026-02-13 14:42,3,2.0,0.1,Afternoon tea
heat_pump_space_heating,2026-02-13 16:28,2026-02-13 17:01,33,1.481,0.6716,Space heating (thermostat)
heat_pump_space_heating,2026-02-13 18:31,2026-02-13 19:06,35,1.482,0.7123,Space heating (thermostat)
lighting,2026-02-13 19:12,2026-02-13 23:53,281,0.06,0.281,Lights left on when leaving
heat_pump_space_heating,2026-02-13 20:24,2026-02-13 21:02,38,1.483,0.7701,Space heating (thermostat)
dishwasher,2026-02-13 21:30,2026-02-13 23:08,98,2.0,1.088,Dishwasher
kettle,2026-02-13 23:20,2026-02-13 23:25,5,2.0,0.1667,Evening tea
phone_tablet_charging,2026-02-14 00:38,2026-02-14 02:06,88,0.01,0.0147,Phone overnight
heat_pump_space_heating,2026-02-14 05:53,2026-02-14 07:31,98,3.0,3.5967,Space heating (thermostat)
kettle,2026-02-14 07:23,2026-02-14 07:27,4,2.0,0.1333,Morning tea / hot water
coffee_machine,2026-02-14 07:24,2026-02-14 07:31,7,1.24,0.1447,Morning coffee
heat_pump_hot_water,2026-02-14 07:31,2026-02-14 08:27,56,1.6,1.4933,Hot-water tank reheat
heat_pump_space_heating,2026-02-14 08:27,2026-02-14 09:18,51,1.631,1.0895,Space heating (thermostat)
heat_pump_space_heating,2026-02-14 10:33,2026-02-14 11:16,43,1.483,0.8737,Space heating (thermostat)
heat_pump_space_heating,2026-02-14 12:57,2026-02-14 13:34,37,1.484,0.7579,Space heating (thermostat)
heat_pump_space_heating,2026-02-14 15:16,2026-02-14 15:52,36,1.482,0.7363,Space heating (thermostat)
laptop,2026-02-14 17:13,2026-02-14 17:44,31,0.074,0.0325,"Trip preparation: e-mails, bookings, packing list"
heat_pump_space_heating,2026-02-14 17:19,2026-02-14 18:01,42,1.482,0.8509,Space heating (thermostat)
kettle,2026-02-14 18:10,2026-02-14 18:14,4,2.0,0.1333,Trip preparation: tea
kettle,2026-02-14 18:47,2026-02-14 18:50,3,2.0,0.1,Evening tea
heat_pump_space_heating,2026-02-14 19:23,2026-02-14 20:10,47,1.482,0.9768,Space heating (thermostat)
washing_machine,2026-02-14 20:00,2026-02-14 21:45,105,2.0,0.814,Laundry before the trip
tv,2026-02-14 20:31,2026-02-14 22:07,96,0.102,0.1632,Evening TV / streaming
heat_pump_space_heating,2026-02-14 21:42,2026-02-14 22:30,48,1.483,0.9865,Space heating (thermostat)
laptop,2026-02-14 22:09,2026-02-14 22:43,34,0.066,0.0332,"Personal laptop (e-mails, booking trips)"
phone_tablet_charging,2026-02-14 23:28,2026-02-15 00:48,80,0.01,0.0133,Phone overnight
phone_tablet_charging,2026-02-14 23:30,2026-02-15 00:36,66,0.012,0.0132,Tablet overnight
heat_pump_hot_water,2026-02-15 02:00,2026-02-15 02:44,44,1.6,1.1733,Hot-water tank reheat
phone_tablet_charging,2026-02-15 04:00,2026-02-15 05:20,80,0.015,0.02,Power bank before trip
heat_pump_space_heating,2026-02-15 04:36,2026-02-15 05:19,43,1.485,0.8811,Space heating (thermostat)
kettle,2026-02-15 04:55,2026-02-15 05:00,5,2.0,0.1667,Morning tea / hot water
coffee_machine,2026-02-15 05:03,2026-02-15 05:08,5,1.27,0.1058,Morning coffee
heat_pump_hot_water,2026-02-15 05:58,2026-02-15 06:29,31,1.6,0.8267,Hot-water tank reheat
heat_pump_space_heating,2026-02-15 06:29,2026-02-15 09:20,171,3.0,5.4952,Space heating (thermostat)
heat_pump_space_heating,2026-02-15 10:28,2026-02-15 11:11,43,1.484,0.8782,Space heating (thermostat)
heat_pump_space_heating,2026-02-15 13:02,2026-02-15 13:35,33,1.484,0.6748,Space heating (thermostat)
heat_pump_space_heating,2026-02-15 15:07,2026-02-15 15:50,43,1.481,0.8716,Space heating (thermostat)
heat_pump_space_heating,2026-02-15 17:05,2026-02-15 17:54,49,1.484,0.9897,Space heating (thermostat)
heat_pump_space_heating,2026-02-15 18:55,2026-02-15 19:54,59,1.484,1.1883,Space heating (thermostat)
heat_pump_space_heating,2026-02-15 20:52,2026-02-15 22:00,68,1.486,1.3673,Space heating (thermostat)
heat_pump_space_heating,2026-02-16 03:32,2026-02-16 04:33,61,1.486,1.2297,Space heating (thermostat)
heat_pump_space_heating,2026-02-16 05:34,2026-02-16 08:49,195,3.0,5.7899,Space heating (thermostat)
heat_pump_space_heating,2026-02-16 09:50,2026-02-16 10:39,49,1.484,1.0022,Space heating (thermostat)
heat_pump_space_heating,2026-02-16 12:12,2026-02-16 12:47,35,1.48,0.7145,Space heating (thermostat)
heat_pump_space_heating,2026-02-16 14:48,2026-02-16 15:26,38,1.48,0.7698,Space heating (thermostat)
heat_pump_space_heating,2026-02-16 16:48,2026-02-16 17:44,56,1.482,1.1212,Space heating (thermostat)
heat_pump_space_heating,2026-02-16 18:39,2026-02-16 19:50,71,1.481,1.4191,Space heating (thermostat)
heat_pump_space_heating,2026-02-16 20:41,2026-02-16 22:03,82,1.481,1.6366,Space heating (thermostat)
heat_pump_hot_water,2026-02-16 22:29,2026-02-16 23:00,31,1.6,0.8267,Hot-water tank reheat
heat_pump_space_heating,2026-02-17 02:55,2026-02-17 04:09,74,1.48,1.4815,Space heating (thermostat)
heat_pump_space_heating,2026-02-17 05:01,2026-02-17 09:03,242,3.0,6.6402,Space heating (thermostat)
heat_pump_space_heating,2026-02-17 10:01,2026-02-17 10:53,52,1.487,1.0614,Space heating (thermostat)
heat_pump_space_heating,2026-02-17 12:34,2026-02-17 13:08,34,1.481,0.6925,Space heating (thermostat)
heat_pump_space_heating,2026-02-17 15:11,2026-02-17 15:48,37,1.482,0.754,Space heating (thermostat)
heat_pump_space_heating,2026-02-17 17:13,2026-02-17 18:03,50,1.485,1.0057,Space heating (thermostat)
laptop,2026-02-17 18:27,2026-02-17 19:50,83,0.08,0.1048,"Catching up after the trip: e-mails, bookings, packing list"
kettle,2026-02-17 18:56,2026-02-17 19:01,5,2.0,0.1667,Catching up after the trip: tea
heat_pump_space_heating,2026-02-17 19:23,2026-02-17 19:57,34,1.48,0.7191,Space heating (thermostat)
washing_machine,2026-02-17 19:41,2026-02-17 21:25,104,2.0,0.7807,"Laundry after the trip (Milan, Italy)"
tv,2026-02-17 19:43,2026-02-17 21:43,120,0.097,0.194,Winding down after the trip
heat_pump_space_heating,2026-02-17 21:22,2026-02-17 22:19,57,1.48,1.1449,Space heating (thermostat)
phone_tablet_charging,2026-02-17 23:44,2026-02-18 01:24,100,0.01,0.0167,Phone overnight
heat_pump_space_heating,2026-02-18 04:07,2026-02-18 05:14,67,1.483,1.3479,Space heating (thermostat)
heat_pump_space_heating,2026-02-18 06:00,2026-02-18 06:55,55,3.0,2.5636,Space heating (thermostat)
kettle,2026-02-18 06:46,2026-02-18 06:49,3,2.0,0.1,Morning tea / hot water
coffee_machine,2026-02-18 06:53,2026-02-18 06:59,6,1.47,0.147,Morning coffee
heat_pump_hot_water,2026-02-18 06:55,2026-02-18 07:51,56,1.6,1.4933,Hot-water tank reheat
heat_pump_space_heating,2026-02-18 07:51,2026-02-18 09:58,127,2.678,3.4709,Space heating (thermostat)
laptop,2026-02-18 09:11,2026-02-18 12:39,208,0.08,0.2228,Work from home
heat_pump_space_heating,2026-02-18 11:13,2026-02-18 11:58,45,1.481,0.9169,Space heating (thermostat)
kettle,2026-02-18 12:44,2026-02-18 12:47,3,2.0,0.1,Lunch break
laptop,2026-02-18 13:18,2026-02-18 17:34,256,0.08,0.2519,Work from home
heat_pump_space_heating,2026-02-18 13:45,2026-02-18 14:17,32,1.482,0.652,Space heating (thermostat)
kettle,2026-02-18 15:33,2026-02-18 15:36,3,2.0,0.1,Afternoon tea
heat_pump_space_heating,2026-02-18 16:11,2026-02-18 16:51,40,1.484,0.8115,Space heating (thermostat)
heat_pump_space_heating,2026-02-18 18:11,2026-02-18 18:55,44,1.48,0.8938,Space heating (thermostat)
tv,2026-02-18 20:04,2026-02-18 21:42,98,0.099,0.1617,Evening TV / streaming
heat_pump_space_heating,2026-02-18 20:06,2026-02-18 20:52,46,1.482,0.9327,Space heating (thermostat)
heat_pump_space_heating,2026-02-18 22:05,2026-02-18 22:30,25,1.485,0.5608,Space heating (thermostat)
laptop,2026-02-18 22:15,2026-02-18 22:44,29,0.065,0.0293,"Personal laptop (e-mails, booking trips)"
phone_tablet_charging,2026-02-18 22:51,2026-02-19 00:21,90,0.01,0.015,Phone overnight
phone_tablet_charging,2026-02-18 22:53,2026-02-19 00:30,97,0.012,0.0194,Tablet overnight
heat_pump_space_heating,2026-02-19 04:15,2026-02-19 05:07,52,1.483,1.0531,Space heating (thermostat)
heat_pump_space_heating,2026-02-19 06:00,2026-02-19 07:00,60,3.0,2.6653,Space heating (thermostat)
kettle,2026-02-19 06:50,2026-02-19 06:55,5,2.0,0.1667,Morning tea / hot water
coffee_machine,2026-02-19 06:54,2026-02-19 07:00,6,1.44,0.144,Morning coffee
heat_pump_hot_water,2026-02-19 07:00,2026-02-19 07:56,56,1.6,1.4933,Hot-water tank reheat
heat_pump_space_heating,2026-02-19 07:56,2026-02-19 09:39,103,2.323,2.6236,Space heating (thermostat)
heat_pump_space_heating,2026-02-19 10:56,2026-02-19 11:35,39,1.482,0.794,Space heating (thermostat)
heat_pump_space_heating,2026-02-19 13:14,2026-02-19 13:47,33,1.483,0.6713,Space heating (thermostat)
heat_pump_space_heating,2026-02-19 15:22,2026-02-19 15:58,36,1.481,0.7316,Space heating (thermostat)
heat_pump_space_heating,2026-02-19 17:18,2026-02-19 17:59,41,1.486,0.832,Space heating (thermostat)
heat_pump_space_heating,2026-02-19 19:08,2026-02-19 19:52,44,1.483,0.8907,Space heating (thermostat)
heat_pump_space_heating,2026-02-19 21:09,2026-02-19 21:51,42,1.482,0.8561,Space heating (thermostat)
tv,2026-02-19 21:47,2026-02-19 22:54,67,0.11,0.1228,Evening TV / streaming
phone_tablet_charging,2026-02-19 22:44,2026-02-20 00:25,101,0.01,0.0168,Phone overnight
phone_tablet_charging,2026-02-19 22:46,2026-02-20 00:03,77,0.012,0.0154,Tablet overnight
heat_pump_space_heating,2026-02-20 04:42,2026-02-20 05:32,50,1.48,1.0122,Space heating (thermostat)
heat_pump_space_heating,2026-02-20 06:00,2026-02-20 07:20,80,3.0,3.1434,Space heating (thermostat)
kettle,2026-02-20 06:56,2026-02-20 07:00,4,2.0,0.1333,Morning tea / hot water
coffee_machine,2026-02-20 07:04,2026-02-20 07:10,6,1.37,0.137,Morning coffee
heat_pump_hot_water,2026-02-20 07:20,2026-02-20 08:06,46,1.6,1.2267,Hot-water tank reheat
heat_pump_space_heating,2026-02-20 08:06,2026-02-20 09:20,74,1.833,1.6742,Space heating (thermostat)
laptop,2026-02-20 08:26,2026-02-20 12:16,230,0.08,0.2003,Work from home
coffee_machine,2026-02-20 10:09,2026-02-20 10:18,9,1.47,0.2205,Mid-morning coffee
heat_pump_space_heating,2026-02-20 10:44,2026-02-20 11:27,43,1.483,0.8764,Space heating (thermostat)
kettle,2026-02-20 12:21,2026-02-20 12:26,5,2.0,0.1667,Lunch break
coffee_machine,2026-02-20 12:48,2026-02-20 12:57,9,1.24,0.186,Post-lunch coffee
laptop,2026-02-20 12:56,2026-02-20 17:45,289,0.08,0.3329,Work from home
heat_pump_space_heating,2026-02-20 13:17,2026-02-20 13:52,35,1.482,0.7152,Space heating (thermostat)
phone_tablet_charging,2026-02-20 14:50,2026-02-20 16:10,80,0.015,0.02,Power bank before trip
kettle,2026-02-20 15:07,2026-02-20 15:11,4,2.0,0.1333,Afternoon tea
heat_pump_space_heating,2026-02-20 16:27,2026-02-20 17:01,34,1.483,0.6942,Space heating (thermostat)
washing_machine,2026-02-20 17:09,2026-02-20 18:50,101,2.0,0.6807,Extra load before the trip
laptop,2026-02-20 17:30,2026-02-20 18:42,72,0.08,0.0819,"Trip preparation: e-mails, bookings, packing list"
kettle,2026-02-20 17:56,2026-02-20 17:59,3,2.0,0.1,Trip preparation: tea
laptop,2026-02-20 18:05,2026-02-20 18:56,51,0.056,0.0396,Catching up after hours
kettle,2026-02-20 19:06,2026-02-20 19:11,5,2.0,0.1667,Evening tea
heat_pump_space_heating,2026-02-20 19:26,2026-02-20 20:05,39,1.483,0.8013,Space heating (thermostat)
washing_machine,2026-02-20 20:00,2026-02-20 21:40,100,2.0,0.6473,Laundry before the trip
tv,2026-02-20 20:33,2026-02-20 22:31,118,0.135,0.2655,Evening TV / streaming
dishwasher,2026-02-20 21:28,2026-02-20 23:01,93,2.0,0.9213,Dishwasher
heat_pump_space_heating,2026-02-20 22:16,2026-02-20 22:31,15,1.482,0.3397,Space heating (thermostat)
phone_tablet_charging,2026-02-21 00:35,2026-02-21 02:04,89,0.01,0.0148,Phone overnight
heat_pump_space_heating,2026-02-21 04:20,2026-02-21 05:06,46,1.481,0.9613,Space heating (thermostat)
kettle,2026-02-21 04:56,2026-02-21 05:00,4,2.0,0.1333,Morning tea / hot water
coffee_machine,2026-02-21 05:00,2026-02-21 05:06,6,1.08,0.108,Morning coffee
heat_pump_hot_water,2026-02-21 05:15,2026-02-21 05:50,35,1.6,0.9333,Hot-water tank reheat
heat_pump_space_heating,2026-02-21 09:34,2026-02-21 10:19,45,1.481,0.9188,Space heating (thermostat)
heat_pump_space_heating,2026-02-21 12:35,2026-02-21 13:06,31,1.481,0.6328,Space heating (thermostat)
heat_pump_space_heating,2026-02-21 16:25,2026-02-21 16:54,29,1.481,0.5921,Space heating (thermostat)
heat_pump_space_heating,2026-02-21 18:44,2026-02-21 19:21,37,1.482,0.7517,Space heating (thermostat)
heat_pump_space_heating,2026-02-21 20:49,2026-02-21 21:29,40,1.482,0.8139,Space heating (thermostat)
heat_pump_space_heating,2026-02-21 22:51,2026-02-21 23:34,43,1.484,0.8749,Space heating (thermostat)
heat_pump_space_heating,2026-02-22 00:51,2026-02-22 01:38,47,1.481,0.9544,Space heating (thermostat)
heat_pump_space_heating,2026-02-22 02:53,2026-02-22 03:39,46,1.483,0.932,Space heating (thermostat)
heat_pump_space_heating,2026-02-22 04:52,2026-02-22 05:45,53,1.484,1.072,Space heating (thermostat)
heat_pump_space_heating,2026-02-22 06:56,2026-02-22 07:50,54,1.484,1.0936,Space heating (thermostat)
heat_pump_space_heating,2026-02-22 09:05,2026-02-22 09:47,42,1.485,0.8598,Space heating (thermostat)
heat_pump_space_heating,2026-02-22 16:38,2026-02-22 17:03,25,1.482,0.5123,Space heating (thermostat)
heat_pump_space_heating,2026-02-22 19:04,2026-02-22 19:38,34,1.483,0.6906,Space heating (thermostat)
heat_pump_space_heating,2026-02-22 21:13,2026-02-22 21:49,36,1.481,0.7342,Space heating (thermostat)
heat_pump_space_heating,2026-02-22 23:18,2026-02-22 23:56,38,1.482,0.7717,Space heating (thermostat)
heat_pump_space_heating,2026-02-23 01:24,2026-02-23 02:04,40,1.485,0.8152,Space heating (thermostat)
heat_pump_space_heating,2026-02-23 03:27,2026-02-23 04:08,41,1.483,0.833,Space heating (thermostat)
heat_pump_space_heating,2026-02-23 05:30,2026-02-23 06:13,43,1.481,0.8719,Space heating (thermostat)
heat_pump_space_heating,2026-02-23 07:32,2026-02-23 08:17,45,1.482,0.9132,Space heating (thermostat)
heat_pump_space_heating,2026-02-23 09:56,2026-02-23 10:27,31,1.481,0.6347,Space heating (thermostat)
heat_pump_space_heating,2026-02-23 18:26,2026-02-23 18:56,30,1.482,0.6131,Space heating (thermostat)
heat_pump_space_heating,2026-02-23 20:40,2026-02-23 21:14,34,1.481,0.6922,Space heating (thermostat)
heat_pump_space_heating,2026-02-23 22:49,2026-02-23 23:25,36,1.481,0.7303,Space heating (thermostat)
heat_pump_space_heating,2026-02-24 00:58,2026-02-24 01:35,37,1.485,0.7538,Space heating (thermostat)
heat_pump_space_heating,2026-02-24 03:06,2026-02-24 03:43,37,1.482,0.7538,Space heating (thermostat)
heat_pump_space_heating,2026-02-24 05:11,2026-02-24 05:48,37,1.482,0.7545,Space heating (thermostat)
heat_pump_space_heating,2026-02-24 07:20,2026-02-24 07:55,35,1.481,0.7134,Space heating (thermostat)
heat_pump_space_heating,2026-02-24 09:47,2026-02-24 10:14,27,1.481,0.5528,Space heating (thermostat)
heat_pump_space_heating,2026-02-24 17:09,2026-02-24 17:36,27,1.483,0.5537,Space heating (thermostat)
heat_pump_space_heating,2026-02-24 19:27,2026-02-24 20:00,33,1.483,0.6737,Space heating (thermostat)
heat_pump_space_heating,2026-02-24 21:36,2026-02-24 22:10,34,1.483,0.6936,Space heating (thermostat)
heat_pump_space_heating,2026-02-24 23:45,2026-02-25 00:19,34,1.482,0.6951,Space heating (thermostat)
heat_pump_space_heating,2026-02-25 01:53,2026-02-25 02:27,34,1.481,0.6931,Space heating (thermostat)
heat_pump_space_heating,2026-02-25 04:06,2026-02-25 04:39,33,1.483,0.6719,Space heating (thermostat)
heat_pump_space_heating,2026-02-25 06:23,2026-02-25 06:55,32,1.482,0.6521,Space heating (thermostat)
heat_pump_space_heating,2026-02-25 08:42,2026-02-25 09:12,30,1.482,0.6127,Space heating (thermostat)
heat_pump_space_heating,2026-02-25 12:32,2026-02-25 12:54,22,1.481,0.4514,Space heating (thermostat)
heat_pump_space_heating,2026-02-25 19:32,2026-02-25 19:58,26,1.481,0.5322,Space heating (thermostat)
heat_pump_space_heating,2026-02-25 22:07,2026-02-25 22:35,28,1.48,0.5706,Space heating (thermostat)
heat_pump_space_heating,2026-02-26 00:36,2026-02-26 01:04,28,1.482,0.5726,Space heating (thermostat)
heat_pump_space_heating,2026-02-26 03:00,2026-02-26 03:29,29,1.481,0.59,Space heating (thermostat)
heat_pump_space_heating,2026-02-26 05:21,2026-02-26 05:54,33,1.483,0.671,Space heating (thermostat)
heat_pump_space_heating,2026-02-26 07:33,2026-02-26 08:07,34,1.482,0.693,Space heating (thermostat)
heat_pump_space_heating,2026-02-26 10:39,2026-02-26 11:02,23,1.48,0.4718,Space heating (thermostat)
heat_pump_space_heating,2026-02-26 19:07,2026-02-26 19:31,24,1.482,0.4924,Space heating (thermostat)
heat_pump_space_heating,2026-02-26 22:11,2026-02-26 22:36,25,1.481,0.5103,Space heating (thermostat)
heat_pump_space_heating,2026-02-27 01:01,2026-02-27 01:27,26,1.482,0.5319,Space heating (thermostat)
heat_pump_space_heating,2026-02-27 03:48,2026-02-27 04:14,26,1.483,0.533,Space heating (thermostat)
heat_pump_space_heating,2026-02-27 06:31,2026-02-27 06:58,27,1.481,0.5502,Space heating (thermostat)
heat_pump_space_heating,2026-02-27 09:15,2026-02-27 09:41,26,1.481,0.5309,Space heating (thermostat)
heat_pump_space_heating,2026-02-27 17:41,2026-02-27 18:04,23,1.482,0.4697,Space heating (thermostat)
heat_pump_space_heating,2026-02-27 20:53,2026-02-27 21:18,25,1.483,0.5114,Space heating (thermostat)
heat_pump_space_heating,2026-02-27 23:44,2026-02-28 00:10,26,1.48,0.5321,Space heating (thermostat)
heat_pump_space_heating,2026-02-28 02:19,2026-02-28 02:46,27,1.48,0.5508,Space heating (thermostat)
heat_pump_space_heating,2026-02-28 05:01,2026-02-28 05:29,28,1.482,0.572,Space heating (thermostat)
heat_pump_space_heating,2026-02-28 07:28,2026-02-28 07:57,29,1.482,0.593,Space heating (thermostat)
heat_pump_space_heating,2026-02-28 10:09,2026-02-28 10:34,25,1.482,0.5129,Space heating (thermostat)
heat_pump_hot_water,2026-02-28 16:41,2026-02-28 19:22,161,1.6,4.2933,Hot-water tank reheat
washing_machine,2026-02-28 17:55,2026-02-28 19:35,100,2.0,0.6473,"Laundry after the trip (Mayrhofen, Austria)"
laptop,2026-02-28 18:27,2026-02-28 19:03,36,0.065,0.0357,"Catching up after the trip: e-mails, bookings, packing list"
kettle,2026-02-28 19:07,2026-02-28 19:11,4,2.0,0.1333,Catching up after the trip: tea
tv,2026-02-28 19:18,2026-02-28 21:09,111,0.137,0.2535,Winding down after the trip
heat_pump_space_heating,2026-02-28 19:22,2026-02-28 21:10,108,3.0,4.4026,Space heating (thermostat)
tv,2026-02-28 21:33,2026-02-28 22:54,81,0.114,0.1539,Evening TV / streaming
laptop,2026-02-28 22:06,2026-02-28 22:37,31,0.062,0.0284,"Personal laptop (e-mails, booking trips)"
phone_tablet_charging,2026-02-28 22:44,2026-03-01 00:29,105,0.01,0.0175,Phone overnight
phone_tablet_charging,2026-02-28 22:46,2026-03-01 00:04,78,0.012,0.0156,Tablet overnight
heat_pump_space_heating,2026-03-01 06:00,2026-03-01 07:38,98,3.0,3.1864,Space heating (thermostat)
heat_pump_hot_water,2026-03-01 07:50,2026-03-01 08:21,31,1.6,0.8267,Hot-water tank reheat
kettle,2026-03-01 08:40,2026-03-01 08:44,4,2.0,0.1333,Morning tea / hot water
coffee_machine,2026-03-01 08:43,2026-03-01 08:51,8,1.1,0.1467,Morning coffee
heat_pump_hot_water,2026-03-01 08:57,2026-03-01 09:29,32,1.6,0.8533,Hot-water tank reheat
heat_pump_space_heating,2026-03-01 09:29,2026-03-01 10:01,32,1.513,0.6634,Space heating (thermostat)
coffee_machine,2026-03-01 09:59,2026-03-01 10:06,7,1.22,0.1423,Second weekend coffee
heat_pump_space_heating,2026-03-01 11:48,2026-03-01 12:19,31,1.483,0.6337,Space heating (thermostat)
heat_pump_space_heating,2026-03-01 14:10,2026-03-01 14:41,31,1.484,0.6336,Space heating (thermostat)
heat_pump_space_heating,2026-03-01 16:19,2026-03-01 16:50,31,1.481,0.6331,Space heating (thermostat)
washing_machine,2026-03-01 17:21,2026-03-01 19:07,106,2.0,0.8473,Extra load before the trip
kettle,2026-03-01 17:33,2026-03-01 17:37,4,2.0,0.1333,Evening tea
laptop,2026-03-01 17:35,2026-03-01 18:46,71,0.064,0.0623,"Trip preparation: e-mails, bookings, packing list"
kettle,2026-03-01 18:01,2026-03-01 18:05,4,2.0,0.1333,Trip preparation: tea
oven,2026-03-01 18:46,2026-03-01 19:30,44,2.28,1.102,Cooking dinner
washing_machine,2026-03-01 20:00,2026-03-01 21:39,99,2.0,0.614,Laundry before the trip
tv,2026-03-01 20:25,2026-03-01 22:11,106,0.084,0.1484,Evening TV / streaming
dishwasher,2026-03-01 21:27,2026-03-01 22:59,92,2.0,0.888,Dishwasher
heat_pump_space_heating,2026-03-01 22:13,2026-03-01 22:30,17,1.48,0.3734,Space heating (thermostat)
phone_tablet_charging,2026-03-01 22:25,2026-03-01 23:45,80,0.015,0.02,Power bank before trip
phone_tablet_charging,2026-03-01 22:58,2026-03-02 00:33,95,0.01,0.0158,Phone overnight
kettle,2026-03-02 03:58,2026-03-02 04:03,5,2.0,0.1667,Morning tea / hot water
coffee_machine,2026-03-02 04:06,2026-03-02 04:13,7,1.12,0.1307,Morning coffee
heat_pump_hot_water,2026-03-02 04:12,2026-03-02 05:08,56,1.6,1.4933,Hot-water tank reheat
heat_pump_space_heating,2026-03-02 13:09,2026-03-02 13:35,26,1.483,0.5316,Space heating (thermostat)
heat_pump_space_heating,2026-03-02 16:27,2026-03-02 16:54,27,1.482,0.5536,Space heating (thermostat)
heat_pump_space_heating,2026-03-02 18:59,2026-03-02 19:28,29,1.484,0.5944,Space heating (thermostat)
heat_pump_space_heating,2026-03-02 21:24,2026-03-02 21:53,29,1.483,0.5935,Space heating (thermostat)
heat_pump_space_heating,2026-03-02 23:51,2026-03-03 00:20,29,1.484,0.5929,Space heating (thermostat)
heat_pump_space_heating,2026-03-03 02:18,2026-03-03 02:47,29,1.484,0.5919,Space heating (thermostat)
heat_pump_space_heating,2026-03-03 04:48,2026-03-03 05:16,28,1.482,0.5707,Space heating (thermostat)
heat_pump_space_heating,2026-03-03 07:25,2026-03-03 07:53,28,1.484,0.5712,Space heating (thermostat)
heat_pump_space_heating,2026-03-03 11:12,2026-03-03 11:35,23,1.482,0.4722,Space heating (thermostat)
heat_pump_space_heating,2026-03-03 19:04,2026-03-03 19:28,24,1.481,0.4912,Space heating (thermostat)
heat_pump_space_heating,2026-03-03 21:58,2026-03-03 22:23,25,1.481,0.513,Space heating (thermostat)
heat_pump_space_heating,2026-03-04 00:45,2026-03-04 01:11,26,1.481,0.5327,Space heating (thermostat)
heat_pump_space_heating,2026-03-04 03:30,2026-03-04 03:57,27,1.482,0.5505,Space heating (thermostat)
heat_pump_space_heating,2026-03-04 06:07,2026-03-04 06:35,28,1.483,0.5705,Space heating (thermostat)
heat_pump_space_heating,2026-03-04 08:44,2026-03-04 09:10,26,1.483,0.534,Space heating (thermostat)
heat_pump_hot_water,2026-03-04 18:20,2026-03-04 19:08,48,1.6,1.28,Hot-water tank reheat
oven,2026-03-04 18:53,2026-03-04 19:37,44,2.47,1.1938,Catching up after the trip: cooking / using up food
laptop,2026-03-04 19:00,2026-03-04 19:59,59,0.061,0.049,"Catching up after the trip: e-mails, bookings, packing list"
heat_pump_space_heating,2026-03-04 19:08,2026-03-04 20:23,75,3.0,2.9184,Space heating (thermostat)
kettle,2026-03-04 19:37,2026-03-04 19:41,4,2.0,0.1333,Evening tea
kettle,2026-03-04 19:54,2026-03-04 19:58,4,2.0,0.1333,Catching up after the trip: tea
tv,2026-03-04 20:17,2026-03-04 22:44,147,0.145,0.3552,Winding down after the trip
tv,2026-03-04 20:48,2026-03-04 22:10,82,0.148,0.2023,Evening TV / streaming
phone_tablet_charging,2026-03-04 22:54,2026-03-05 00:27,93,0.01,0.0155,Phone overnight
heat_pump_space_heating,2026-03-05 06:00,2026-03-05 07:21,81,3.0,2.6067,Space heating (thermostat)
kettle,2026-03-05 07:11,2026-03-05 07:16,5,2.0,0.1667,Morning tea / hot water
coffee_machine,2026-03-05 07:19,2026-03-05 07:24,5,1.17,0.0975,Morning coffee
heat_pump_hot_water,2026-03-05 07:32,2026-03-05 08:10,38,1.6,1.0133,Hot-water tank reheat
heat_pump_space_heating,2026-03-05 09:05,2026-03-05 09:31,26,1.484,0.534,Space heating (thermostat)
heat_pump_space_heating,2026-03-05 21:14,2026-03-05 21:38,24,1.483,0.49,Space heating (thermostat)
phone_tablet_charging,2026-03-05 22:25,2026-03-05 23:40,75,0.01,0.0125,Phone overnight
phone_tablet_charging,2026-03-05 22:27,2026-03-05 23:54,87,0.012,0.0174,Tablet overnight
heat_pump_space_heating,2026-03-06 06:00,2026-03-06 07:11,71,2.917,2.0766,Space heating (thermostat)
kettle,2026-03-06 07:31,2026-03-06 07:35,4,2.0,0.1333,Morning tea / hot water
coffee_machine,2026-03-06 07:36,2026-03-06 07:45,9,1.08,0.162,Morning coffee
heat_pump_hot_water,2026-03-06 07:47,2026-03-06 08:32,45,1.6,1.2,Hot-water tank reheat
laptop,2026-03-06 08:16,2026-03-06 12:55,279,0.08,0.2992,Work from home
coffee_machine,2026-03-06 10:29,2026-03-06 10:34,5,1.13,0.0942,Mid-morning coffee
kettle,2026-03-06 13:00,2026-03-06 13:04,4,2.0,0.1333,Lunch break
laptop,2026-03-06 13:29,2026-03-06 17:06,217,0.064,0.1833,Work from home
kettle,2026-03-06 15:49,2026-03-06 15:53,4,2.0,0.1333,Afternoon tea
kettle,2026-03-06 21:22,2026-03-06 21:26,4,2.0,0.1333,Evening tea
phone_tablet_charging,2026-03-06 23:23,2026-03-07 00:41,78,0.01,0.013,Phone overnight
phone_tablet_charging,2026-03-06 23:28,2026-03-07 01:07,99,0.01,0.0165,Paul's phone
heat_pump_space_heating,2026-03-07 06:00,2026-03-07 07:08,68,2.575,1.8576,Space heating (thermostat)
heat_pump_space_heating,2026-03-07 08:59,2026-03-07 09:20,21,1.48,0.4343,Space heating (thermostat)
kettle,2026-03-07 09:10,2026-03-07 09:15,5,2.0,0.1667,Morning tea / hot water
coffee_machine,2026-03-07 09:20,2026-03-07 09:27,7,1.23,0.1435,Morning coffee
coffee_machine,2026-03-07 09:24,2026-03-07 09:29,5,1.18,0.0983,Coffee for Paul
heat_pump_hot_water,2026-03-07 09:24,2026-03-07 10:55,91,1.6,2.4267,Hot-water tank reheat
coffee_machine,2026-03-07 10:22,2026-03-07 10:28,6,1.21,0.121,Second weekend coffee
kettle,2026-03-07 18:35,2026-03-07 18:39,4,2.0,0.1333,Evening tea
dishwasher,2026-03-07 22:19,2026-03-07 23:50,91,2.0,0.8547,Dishwasher
phone_tablet_charging,2026-03-08 00:37,2026-03-08 02:08,91,0.01,0.0152,Phone overnight
phone_tablet_charging,2026-03-08 00:39,2026-03-08 02:09,90,0.012,0.018,Tablet overnight
phone_tablet_charging,2026-03-08 00:42,2026-03-08 02:02,80,0.01,0.0133,Paul's phone
heat_pump_hot_water,2026-03-08 02:00,2026-03-08 02:36,36,1.6,0.96,Hot-water tank reheat
heat_pump_space_heating,2026-03-08 06:00,2026-03-08 07:26,86,2.95,2.5194,Space heating (thermostat)
kettle,2026-03-08 08:07,2026-03-08 08:12,5,2.0,0.1667,Morning tea / hot water
coffee_machine,2026-03-08 08:19,2026-03-08 08:24,5,1.41,0.1175,Morning coffee
coffee_machine,2026-03-08 08:46,2026-03-08 08:53,7,1.02,0.119,Coffee for Paul
heat_pump_hot_water,2026-03-08 08:49,2026-03-08 09:53,64,1.6,1.7067,Hot-water tank reheat
coffee_machine,2026-03-08 09:56,2026-03-08 10:01,5,1.44,0.12,Second weekend coffee
washing_machine,2026-03-08 13:02,2026-03-08 14:46,104,2.0,0.7807,Weekly laundry
lighting,2026-03-08 13:55,2026-03-08 23:42,587,0.06,0.587,Lights left on when leaving
oven,2026-03-08 18:42,2026-03-08 19:16,34,2.01,0.804,Cooking dinner
kettle,2026-03-08 19:07,2026-03-08 19:10,3,2.0,0.1,Evening tea
phone_tablet_charging,2026-03-08 22:45,2026-03-09 00:29,104,0.01,0.0173,Phone overnight
phone_tablet_charging,2026-03-08 22:47,2026-03-09 00:04,77,0.012,0.0154,Tablet overnight
heat_pump_space_heating,2026-03-09 06:00,2026-03-09 07:05,65,2.534,1.7871,Space heating (thermostat)
kettle,2026-03-09 06:57,2026-03-09 07:01,4,2.0,0.1333,Morning tea / hot water
coffee_machine,2026-03-09 07:09,2026-03-09 07:17,8,1.1,0.1467,Morning coffee
heat_pump_hot_water,2026-03-09 07:15,2026-03-09 08:10,55,1.6,1.4667,Hot-water tank reheat
laptop,2026-03-09 08:15,2026-03-09 12:21,246,0.08,0.2354,Work from home
heat_pump_space_heating,2026-03-09 09:07,2026-03-09 09:32,25,1.482,0.5122,Space heating (thermostat)
coffee_machine,2026-03-09 10:10,2026-03-09 10:16,6,1.19,0.119,Mid-morning coffee
kettle,2026-03-09 12:26,2026-03-09 12:30,4,2.0,0.1333,Lunch break
laptop,2026-03-09 12:54,2026-03-09 17:45,291,0.066,0.2381,Work from home
kettle,2026-03-09 14:56,2026-03-09 15:01,5,2.0,0.1667,Afternoon tea
oven,2026-03-09 17:46,2026-03-09 18:25,39,2.07,0.9315,Cooking dinner
laptop,2026-03-09 18:05,2026-03-09 18:49,44,0.066,0.0393,Catching up after hours
kettle,2026-03-09 19:04,2026-03-09 19:09,5,2.0,0.1667,Evening tea
tv,2026-03-09 20:39,2026-03-09 21:33,54,0.106,0.0954,Evening TV / streaming
phone_tablet_charging,2026-03-09 22:45,2026-03-10 00:22,97,0.01,0.0162,Phone overnight
phone_tablet_charging,2026-03-09 22:47,2026-03-10 00:27,100,0.012,0.02,Tablet overnight
heat_pump_space_heating,2026-03-10 06:00,2026-03-10 06:51,51,2.234,1.3094,Space heating (thermostat)
coffee_machine,2026-03-10 06:49,2026-03-10 06:56,7,1.38,0.161,Morning coffee
kettle,2026-03-10 06:50,2026-03-10 06:54,4,2.0,0.1333,Morning tea / hot water
heat_pump_hot_water,2026-03-10 07:00,2026-03-10 08:00,60,1.6,1.6,Hot-water tank reheat
heat_pump_space_heating,2026-03-10 09:02,2026-03-10 09:25,23,1.481,0.4724,Space heating (thermostat)
washing_machine,2026-03-10 18:14,2026-03-10 19:59,105,2.0,0.814,Extra load before the trip
laptop,2026-03-10 18:15,2026-03-10 18:46,31,0.08,0.0372,"Trip preparation: e-mails, bookings, packing list"
dishwasher,2026-03-10 21:19,2026-03-10 22:58,99,2.0,1.1213,Dishwasher
phone_tablet_charging,2026-03-10 22:31,2026-03-10 23:51,80,0.015,0.02,Power bank before trip
phone_tablet_charging,2026-03-10 22:58,2026-03-11 00:35,97,0.01,0.0162,Phone overnight
heat_pump_space_heating,2026-03-11 06:04,2026-03-11 06:28,24,1.482,0.4885,Space heating (thermostat)
kettle,2026-03-11 06:42,2026-03-11 06:46,4,2.0,0.1333,Morning tea / hot water
coffee_machine,2026-03-11 06:45,2026-03-11 06:51,6,1.46,0.146,Morning coffee
heat_pump_hot_water,2026-03-11 06:55,2026-03-11 07:43,48,1.6,1.28,Hot-water tank reheat
heat_pump_space_heating,2026-03-11 20:20,2026-03-11 20:43,23,1.481,0.4715,Space heating (thermostat)
heat_pump_space_heating,2026-03-12 06:00,2026-03-12 07:26,86,3.0,2.763,Space heating (thermostat)
heat_pump_space_heating,2026-03-12 09:33,2026-03-12 09:54,21,1.48,0.4317,Space heating (thermostat)
laptop,2026-03-12 18:20,2026-03-12 19:21,61,0.064,0.0569,"Catching up after the trip: e-mails, bookings, packing list"
oven,2026-03-12 18:26,2026-03-12 19:09,43,2.41,1.1247,Catching up after the trip: cooking / using up food
kettle,2026-03-12 18:41,2026-03-12 18:46,5,2.0,0.1667,Catching up after the trip: tea
tv,2026-03-12 19:26,2026-03-12 22:06,160,0.11,0.2933,Winding down after the trip
heat_pump_hot_water,2026-03-12 20:02,2026-03-12 20:33,31,1.6,0.8267,Hot-water tank reheat
kettle,2026-03-12 21:15,2026-03-12 21:19,4,2.0,0.1333,Evening tea
phone_tablet_charging,2026-03-12 22:50,2026-03-13 00:34,104,0.01,0.0173,Phone overnight
heat_pump_space_heating,2026-03-13 06:00,2026-03-13 06:35,35,1.982,0.8541,Space heating (thermostat)
coffee_machine,2026-03-13 06:23,2026-03-13 06:30,7,1.4,0.1633,Morning coffee
kettle,2026-03-13 06:24,2026-03-13 06:27,3,2.0,0.1,Morning tea / hot water
heat_pump_hot_water,2026-03-13 06:44,2026-03-13 07:21,37,1.6,0.9867,Hot-water tank reheat
laptop,2026-03-13 08:55,2026-03-13 12:35,220,0.073,0.209,Work from home
heat_pump_space_heating,2026-03-13 09:41,2026-03-13 10:01,20,1.48,0.411,Space heating (thermostat)
kettle,2026-03-13 12:40,2026-03-13 12:44,4,2.0,0.1333,Lunch break
laptop,2026-03-13 13:06,2026-03-13 17:09,243,0.08,0.2403,Work from home
kettle,2026-03-13 14:31,2026-03-13 14:35,4,2.0,0.1333,Afternoon tea
heat_pump_space_heating,2026-03-13 17:30,2026-03-13 17:51,21,1.482,0.4307,Space heating (thermostat)
heat_pump_space_heating,2026-03-13 20:34,2026-03-13 20:57,23,1.48,0.4715,Space heating (thermostat)
kettle,2026-03-13 23:16,2026-03-13 23:21,5,2.0,0.1667,Evening tea
phone_tablet_charging,2026-03-13 23:28,2026-03-14 00:56,88,0.01,0.0147,Phone overnight
heat_pump_space_heating,2026-03-14 06:00,2026-03-14 07:37,97,3.0,3.1843,Space heating (thermostat)
kettle,2026-03-14 07:39,2026-03-14 07:44,5,2.0,0.1667,Morning tea / hot water
coffee_machine,2026-03-14 07:50,2026-03-14 07:56,6,1.38,0.138,Morning coffee
heat_pump_hot_water,2026-03-14 07:59,2026-03-14 08:52,53,1.6,1.4133,Hot-water tank reheat
coffee_machine,2026-03-14 09:04,2026-03-14 09:12,8,1.15,0.1533,Second weekend coffee
heat_pump_space_heating,2026-03-14 09:52,2026-03-14 10:20,28,1.481,0.5721,Space heating (thermostat)
heat_pump_space_heating,2026-03-14 13:28,2026-03-14 13:52,24,1.481,0.4913,Space heating (thermostat)
heat_pump_space_heating,2026-03-14 17:20,2026-03-14 17:45,25,1.482,0.5126,Space heating (thermostat)
oven,2026-03-14 18:21,2026-03-14 19:46,85,2.19,1.7885,Cooking for guests (My birthday party @ mine)
heat_pump_hot_water,2026-03-14 21:20,2026-03-14 21:54,34,1.6,0.9067,Hot-water tank reheat
dishwasher,2026-03-14 21:38,2026-03-14 23:13,95,2.0,0.988,Dishwasher
kettle,2026-03-14 21:53,2026-03-14 21:57,4,2.0,0.1333,Tea for guests
kettle,2026-03-14 21:55,2026-03-14 21:59,4,2.0,0.1333,Tea for guests
kettle,2026-03-14 22:57,2026-03-14 23:00,3,2.0,0.1,Tea for guests
kettle,2026-03-14 23:49,2026-03-14 23:52,3,2.0,0.1,Tea for guests
phone_tablet_charging,2026-03-15 00:09,2026-03-15 01:35,86,0.01,0.0143,Phone overnight
heat_pump_hot_water,2026-03-15 02:00,2026-03-15 02:38,38,1.6,1.0133,Hot-water tank reheat
heat_pump_space_heating,2026-03-15 06:00,2026-03-15 07:01,61,2.665,1.9273,Space heating (thermostat)
kettle,2026-03-15 06:54,2026-03-15 06:57,3,2.0,0.1,Morning tea / hot water
coffee_machine,2026-03-15 07:01,2026-03-15 07:09,8,1.34,0.1787,Morning coffee
heat_pump_hot_water,2026-03-15 07:01,2026-03-15 07:32,31,1.6,0.8267,Hot-water tank reheat
heat_pump_space_heating,2026-03-15 07:32,2026-03-15 08:08,36,1.433,0.7235,Space heating (thermostat)
heat_pump_space_heating,2026-03-15 10:03,2026-03-15 10:29,26,1.482,0.5326,Space heating (thermostat)
phone_tablet_charging,2026-03-15 14:50,2026-03-15 16:10,80,0.015,0.02,Power bank before trip
laptop,2026-03-15 17:21,2026-03-15 18:02,41,0.063,0.0378,"Trip preparation: e-mails, bookings, packing list"
kettle,2026-03-15 17:45,2026-03-15 17:50,5,2.0,0.1667,Trip preparation: tea
heat_pump_space_heating,2026-03-15 19:10,2026-03-15 19:36,26,1.48,0.5314,Space heating (thermostat)
kettle,2026-03-15 19:20,2026-03-15 19:24,4,2.0,0.1333,Evening tea
tv,2026-03-15 19:20,2026-03-15 20:58,98,0.103,0.1682,Evening TV / streaming
washing_machine,2026-03-15 20:00,2026-03-15 21:46,106,2.0,0.8473,Laundry before the trip
heat_pump_space_heating,2026-03-15 22:12,2026-03-15 22:30,18,1.482,0.4008,Space heating (thermostat)
phone_tablet_charging,2026-03-15 23:00,2026-03-16 00:26,86,0.01,0.0143,Phone overnight
phone_tablet_charging,2026-03-15 23:02,2026-03-16 00:27,85,0.012,0.017,Tablet overnight
kettle,2026-03-16 04:54,2026-03-16 04:59,5,2.0,0.1667,Morning tea / hot water
coffee_machine,2026-03-16 04:56,2026-03-16 05:04,8,1.27,0.1693,Morning coffee
heat_pump_hot_water,2026-03-16 05:13,2026-03-16 06:04,51,1.6,1.36,Hot-water tank reheat
heat_pump_space_heating,2026-03-16 06:04,2026-03-16 08:24,140,3.0,4.7227,Space heating (thermostat)
heat_pump_space_heating,2026-03-16 10:31,2026-03-16 10:55,24,1.48,0.4917,Space heating (thermostat)
heat_pump_space_heating,2026-03-16 18:45,2026-03-16 19:15,30,1.481,0.6119,Space heating (thermostat)
heat_pump_space_heating,2026-03-16 20:41,2026-03-16 21:13,32,1.484,0.6545,Space heating (thermostat)
heat_pump_space_heating,2026-03-17 05:19,2026-03-17 05:59,40,1.481,0.8103,Space heating (thermostat)
heat_pump_space_heating,2026-03-17 06:09,2026-03-17 08:09,120,3.0,3.77,Space heating (thermostat)
heat_pump_space_heating,2026-03-17 09:39,2026-03-17 10:10,31,1.483,0.6333,Space heating (thermostat)
heat_pump_space_heating,2026-03-17 15:39,2026-03-17 16:04,25,1.48,0.5111,Space heating (thermostat)
heat_pump_space_heating,2026-03-17 18:17,2026-03-17 18:52,35,1.483,0.7133,Space heating (thermostat)
heat_pump_space_heating,2026-03-17 20:03,2026-03-17 20:46,43,1.483,0.8732,Space heating (thermostat)
heat_pump_space_heating,2026-03-17 21:52,2026-03-17 22:04,12,1.486,0.2825,Space heating (thermostat)
heat_pump_hot_water,2026-03-17 22:04,2026-03-17 22:35,31,1.6,0.8267,Hot-water tank reheat
heat_pump_space_heating,2026-03-18 03:53,2026-03-18 04:47,54,1.486,1.0918,Space heating (thermostat)
heat_pump_space_heating,2026-03-18 05:54,2026-03-18 08:25,151,3.0,4.9296,Space heating (thermostat)
heat_pump_space_heating,2026-03-18 09:51,2026-03-18 10:25,34,1.483,0.6939,Space heating (thermostat)
heat_pump_space_heating,2026-03-18 12:17,2026-03-18 12:43,26,1.48,0.5324,Space heating (thermostat)
heat_pump_space_heating,2026-03-18 17:45,2026-03-18 18:12,27,1.483,0.5502,Space heating (thermostat)
heat_pump_space_heating,2026-03-18 19:43,2026-03-18 20:17,34,1.481,0.6922,Space heating (thermostat)
heat_pump_space_heating,2026-03-18 21:32,2026-03-18 22:10,38,1.482,0.7703,Space heating (thermostat)
heat_pump_space_heating,2026-03-19 05:28,2026-03-19 08:00,152,3.0,4.4744,Space heating (thermostat)
heat_pump_space_heating,2026-03-19 09:37,2026-03-19 10:04,27,1.482,0.5532,Space heating (thermostat)
heat_pump_hot_water,2026-03-19 14:35,2026-03-19 15:06,31,1.6,0.8267,Hot-water tank reheat
laptop,2026-03-19 18:30,2026-03-19 19:46,76,0.08,0.0933,"Catching up after the trip: e-mails, bookings, packing list"
kettle,2026-03-19 18:42,2026-03-19 18:45,3,2.0,0.1,Catching up after the trip: tea
tv,2026-03-19 19:52,2026-03-19 20:57,65,0.126,0.1365,Winding down after the trip
heat_pump_space_heating,2026-03-19 20:34,2026-03-19 21:01,27,1.481,0.5514,Space heating (thermostat)
tv,2026-03-19 20:51,2026-03-19 22:28,97,0.098,0.1584,Evening TV / streaming
phone_tablet_charging,2026-03-19 22:40,2026-03-20 00:15,95,0.01,0.0158,Phone overnight
phone_tablet_charging,2026-03-19 22:42,2026-03-20 00:15,93,0.012,0.0186,Tablet overnight
heat_pump_space_heating,2026-03-20 05:53,2026-03-20 07:38,105,3.0,3.6502,Space heating (thermostat)
kettle,2026-03-20 07:20,2026-03-20 07:25,5,2.0,0.1667,Morning tea / hot water
coffee_machine,2026-03-20 07:28,2026-03-20 07:35,7,1.48,0.1727,Morning coffee
heat_pump_hot_water,2026-03-20 07:38,2026-03-20 08:20,42,1.6,1.12,Hot-water tank reheat
heat_pump_space_heating,2026-03-20 08:20,2026-03-20 08:43,23,1.325,0.4433,Space heating (thermostat)
laptop,2026-03-20 09:11,2026-03-20 12:48,217,0.079,0.2024,Work from home
kettle,2026-03-20 12:53,2026-03-20 12:57,4,2.0,0.1333,Lunch break
coffee_machine,2026-03-20 13:33,2026-03-20 13:40,7,1.47,0.1715,Post-lunch coffee
laptop,2026-03-20 13:41,2026-03-20 17:25,224,0.08,0.2318,Work from home
kettle,2026-03-20 15:50,2026-03-20 15:55,5,2.0,0.1667,Afternoon tea
kettle,2026-03-20 17:49,2026-03-20 17:52,3,2.0,0.1,Evening tea
lighting,2026-03-20 19:07,2026-03-20 20:53,106,0.06,0.106,Lights left on when leaving
phone_tablet_charging,2026-03-20 23:27,2026-03-21 01:09,102,0.01,0.017,Phone overnight
heat_pump_space_heating,2026-03-21 06:00,2026-03-21 07:43,103,3.0,3.3185,Space heating (thermostat)
kettle,2026-03-21 08:21,2026-03-21 08:25,4,2.0,0.1333,Morning tea / hot water
coffee_machine,2026-03-21 08:35,2026-03-21 08:42,7,1.28,0.1493,Morning coffee
heat_pump_hot_water,2026-03-21 08:36,2026-03-21 09:30,54,1.6,1.44,Hot-water tank reheat
coffee_machine,2026-03-21 09:28,2026-03-21 09:34,6,1.34,0.134,Second weekend coffee
laptop,2026-03-21 17:40,2026-03-21 18:37,57,0.077,0.0585,"Trip preparation: e-mails, bookings, packing list"
kettle,2026-03-21 17:55,2026-03-21 17:59,4,2.0,0.1333,Trip preparation: tea
oven,2026-03-21 19:40,2026-03-21 20:32,52,2.23,1.2265,Cooking dinner
washing_machine,2026-03-21 20:00,2026-03-21 21:42,102,2.0,0.714,Laundry before the trip
tv,2026-03-21 20:58,2026-03-21 22:50,112,0.104,0.1941,Evening TV / streaming
dishwasher,2026-03-21 21:09,2026-03-21 22:43,94,2.0,0.9547,Dishwasher
phone_tablet_charging,2026-03-21 21:44,2026-03-21 23:04,80,0.015,0.02,Power bank before trip
laptop,2026-03-21 21:48,2026-03-21 22:35,47,0.075,0.0487,"Personal laptop (e-mails, booking trips)"
phone_tablet_charging,2026-03-21 22:40,2026-03-22 00:13,93,0.01,0.0155,Phone overnight
phone_tablet_charging,2026-03-21 22:42,2026-03-21 23:55,73,0.012,0.0146,Tablet overnight
heat_pump_hot_water,2026-03-22 02:00,2026-03-22 02:40,40,1.6,1.0667,Hot-water tank reheat
coffee_machine,2026-03-22 04:58,2026-03-22 05:04,6,1.07,0.107,Morning coffee
kettle,2026-03-22 05:01,2026-03-22 05:05,4,2.0,0.1333,Morning tea / hot water
heat_pump_space_heating,2026-03-22 06:00,2026-03-22 06:57,57,2.078,1.38,Space heating (thermostat)
heat_pump_space_heating,2026-03-22 08:23,2026-03-22 08:52,29,1.483,0.5936,Space heating (thermostat)
heat_pump_hot_water,2026-03-22 10:23,2026-03-22 10:54,31,1.6,0.8267,Hot-water tank reheat
heat_pump_space_heating,2026-03-22 20:43,2026-03-22 21:05,22,1.482,0.4514,Space heating (thermostat)
heat_pump_space_heating,2026-03-23 06:00,2026-03-23 07:15,75,3.0,2.2833,Space heating (thermostat)
heat_pump_space_heating,2026-03-23 09:55,2026-03-23 10:16,21,1.48,0.4294,Space heating (thermostat)
heat_pump_space_heating,2026-03-23 21:40,2026-03-23 22:06,26,1.483,0.5301,Space heating (thermostat)
heat_pump_hot_water,2026-03-24 02:54,2026-03-24 03:25,31,1.6,0.8267,Hot-water tank reheat
heat_pump_space_heating,2026-03-24 06:00,2026-03-24 07:12,72,3.0,2.183,Space heating (thermostat)
heat_pump_space_heating,2026-03-24 08:55,2026-03-24 09:21,26,1.484,0.5326,Space heating (thermostat)
heat_pump_space_heating,2026-03-24 12:39,2026-03-24 12:59,20,1.48,0.4106,Space heating (thermostat)
heat_pump_space_heating,2026-03-24 17:16,2026-03-24 17:39,23,1.481,0.4705,Space heating (thermostat)
laptop,2026-03-24 18:18,2026-03-24 19:34,76,0.08,0.0917,"Catching up after the trip: e-mails, bookings, packing list"
kettle,2026-03-24 19:01,2026-03-24 19:04,3,2.0,0.1,Catching up after the trip: tea
oven,2026-03-24 19:25,2026-03-24 19:45,20,2.23,0.6318,Cooking dinner
tv,2026-03-24 19:26,2026-03-24 20:25,59,0.13,0.1278,Winding down after the trip
washing_machine,2026-03-24 19:36,2026-03-24 21:19,103,2.0,0.7473,"Laundry after the trip (Paris, France)"
tv,2026-03-24 20:55,2026-03-24 22:18,83,0.107,0.148,Evening TV / streaming
phone_tablet_charging,2026-03-24 22:52,2026-03-25 00:34,102,0.01,0.017,Phone overnight
phone_tablet_charging,2026-03-24 22:54,2026-03-25 00:22,88,0.012,0.0176,Tablet overnight
heat_pump_space_heating,2026-03-25 06:00,2026-03-25 07:09,69,3.0,2.5251,Space heating (thermostat)
kettle,2026-03-25 06:54,2026-03-25 06:58,4,2.0,0.1333,Morning tea / hot water
coffee_machine,2026-03-25 07:08,2026-03-25 07:16,8,1.03,0.1373,Morning coffee
heat_pump_hot_water,2026-03-25 07:09,2026-03-25 07:59,50,1.6,1.3333,Hot-water tank reheat
heat_pump_space_heating,2026-03-25 07:59,2026-03-25 08:33,34,1.558,0.7144,Space heating (thermostat)
kettle,2026-03-25 18:50,2026-03-25 18:54,4,2.0,0.1333,Evening tea
oven,2026-03-25 19:38,2026-03-25 20:02,24,2.13,0.639,Cooking dinner
laptop,2026-03-25 21:26,2026-03-25 21:59,33,0.069,0.0347,"Personal laptop (e-mails, booking trips)"
phone_tablet_charging,2026-03-25 22:55,2026-03-26 00:40,105,0.01,0.0175,Phone overnight
phone_tablet_charging,2026-03-25 22:57,2026-03-26 00:34,97,0.012,0.0194,Tablet overnight
heat_pump_space_heating,2026-03-26 06:00,2026-03-26 07:10,70,3.0,2.2445,Space heating (thermostat)
coffee_machine,2026-03-26 07:04,2026-03-26 07:13,9,1.47,0.2205,Morning coffee
kettle,2026-03-26 07:04,2026-03-26 07:09,5,2.0,0.1667,Morning tea / hot water
heat_pump_hot_water,2026-03-26 07:17,2026-03-26 08:07,50,1.6,1.3333,Hot-water tank reheat
laptop,2026-03-26 17:47,2026-03-26 18:45,58,0.078,0.0676,"Trip preparation: e-mails, bookings, packing list"
kettle,2026-03-26 18:00,2026-03-26 18:03,3,2.0,0.1,Trip preparation: tea
heat_pump_space_heating,2026-03-26 18:55,2026-03-26 19:17,22,1.481,0.4516,Space heating (thermostat)
heat_pump_space_heating,2026-03-26 21:26,2026-03-26 21:46,20,1.484,0.4178,Space heating (thermostat)
dishwasher,2026-03-26 21:34,2026-03-26 23:06,92,2.0,0.888,Dishwasher
phone_tablet_charging,2026-03-26 23:05,2026-03-27 00:50,105,0.01,0.0175,Phone overnight
phone_tablet_charging,2026-03-26 23:07,2026-03-27 00:23,76,0.012,0.0152,Tablet overnight
phone_tablet_charging,2026-03-27 05:20,2026-03-27 06:40,80,0.015,0.02,Power bank before trip
kettle,2026-03-27 06:39,2026-03-27 06:43,4,2.0,0.1333,Morning tea / hot water
coffee_machine,2026-03-27 06:42,2026-03-27 06:49,7,1.22,0.1423,Morning coffee
laptop,2026-03-27 09:02,2026-03-27 12:38,216,0.063,0.1697,Work from home
kettle,2026-03-27 12:43,2026-03-27 12:48,5,2.0,0.1667,Lunch break
laptop,2026-03-27 13:30,2026-03-27 14:50,80,0.072,0.086,Work from home
heat_pump_space_heating,2026-03-28 05:01,2026-03-28 05:33,32,1.481,0.6521,Space heating (thermostat)
heat_pump_space_heating,2026-03-28 07:18,2026-03-28 07:47,29,1.481,0.5947,Space heating (thermostat)
heat_pump_space_heating,2026-03-29 05:52,2026-03-29 06:17,25,1.48,0.5101,Space heating (thermostat)
heat_pump_space_heating,2026-03-30 07:44,2026-03-30 08:08,24,1.481,0.4908,Space heating (thermostat)
heat_pump_hot_water,2026-03-30 20:33,2026-03-30 22:30,117,1.6,3.12,Hot-water tank reheat
laptop,2026-03-30 20:56,2026-03-30 21:25,29,0.059,0.0242,"Catching up after the trip: e-mails, bookings, packing list"
kettle,2026-03-30 21:05,2026-03-30 21:09,4,2.0,0.1333,Catching up after the trip: tea
tv,2026-03-30 21:14,2026-03-30 22:36,82,0.137,0.1872,Winding down after the trip
kettle,2026-03-30 21:33,2026-03-30 21:37,4,2.0,0.1333,Evening tea
laptop,2026-03-30 21:52,2026-03-30 22:36,44,0.064,0.0415,"Personal laptop (e-mails, booking trips)"
phone_tablet_charging,2026-03-30 22:29,2026-03-31 00:04,95,0.01,0.0158,Phone overnight
heat_pump_space_heating,2026-03-30 22:30,2026-03-30 23:09,39,3.0,1.8999,Space heating (thermostat)
phone_tablet_charging,2026-03-30 22:31,2026-03-31 00:03,92,0.012,0.0184,Tablet overnight
heat_pump_space_heating,2026-03-30 23:19,2026-03-30 23:34,15,2.457,0.2743,Space heating (thermostat)
heat_pump_space_heating,2026-03-31 06:00,2026-03-31 06:47,47,2.792,1.5357,Space heating (thermostat)
kettle,2026-03-31 06:38,2026-03-31 06:41,3,2.0,0.1,Morning tea / hot water
heat_pump_hot_water,2026-03-31 06:47,2026-03-31 07:20,33,1.6,0.88,Hot-water tank reheat
coffee_machine,2026-03-31 06:48,2026-03-31 06:55,7,1.21,0.1412,Morning coffee
heat_pump_space_heating,2026-03-31 07:20,2026-03-31 07:41,21,1.376,0.4138,Space heating (thermostat)
heat_pump_space_heating,2026-03-31 18:10,2026-03-31 18:28,18,1.481,0.3747,Space heating (thermostat)
oven,2026-03-31 18:23,2026-03-31 18:58,35,2.04,0.816,Cooking dinner
phone_tablet_charging,2026-03-31 22:59,2026-04-01 00:44,105,0.01,0.0175,Phone overnight
phone_tablet_charging,2026-03-31 23:01,2026-04-01 00:35,94,0.012,0.0188,Tablet overnight
heat_pump_space_heating,2026-04-01 06:00,2026-04-01 07:03,63,3.0,1.9734,Space heating (thermostat)
kettle,2026-04-01 06:50,2026-04-01 06:54,4,2.0,0.1333,Morning tea / hot water
coffee_machine,2026-04-01 06:54,2026-04-01 07:02,8,1.33,0.1773,Morning coffee
heat_pump_hot_water,2026-04-01 07:12,2026-04-01 07:59,47,1.6,1.2533,Hot-water tank reheat
heat_pump_hot_water,2026-04-01 21:37,2026-04-01 22:09,32,1.6,0.8533,Hot-water tank reheat
phone_tablet_charging,2026-04-01 22:58,2026-04-02 00:14,76,0.01,0.0127,Phone overnight
heat_pump_space_heating,2026-04-02 06:00,2026-04-02 07:06,66,2.92,1.9428,Space heating (thermostat)
coffee_machine,2026-04-02 07:17,2026-04-02 07:24,7,1.22,0.1423,Morning coffee
kettle,2026-04-02 07:17,2026-04-02 07:21,4,2.0,0.1333,Morning tea / hot water
heat_pump_hot_water,2026-04-02 07:28,2026-04-02 08:00,32,1.6,0.8533,Hot-water tank reheat
kettle,2026-04-02 19:41,2026-04-02 19:46,5,2.0,0.1667,Evening tea
tv,2026-04-02 20:33,2026-04-02 22:27,114,0.141,0.2679,Evening TV / streaming
dishwasher,2026-04-02 21:05,2026-04-02 22:37,92,2.0,0.888,Dishwasher
phone_tablet_charging,2026-04-02 22:40,2026-04-03 00:03,83,0.01,0.0138,Phone overnight
heat_pump_space_heating,2026-04-03 06:00,2026-04-03 06:34,34,1.736,0.7627,Space heating (thermostat)
kettle,2026-04-03 06:29,2026-04-03 06:32,3,2.0,0.1,Morning tea / hot water
coffee_machine,2026-04-03 06:38,2026-04-03 06:45,7,1.03,0.1202,Morning coffee
heat_pump_hot_water,2026-04-03 06:40,2026-04-03 07:31,51,1.6,1.36,Hot-water tank reheat
laptop,2026-04-03 18:16,2026-04-03 18:58,42,0.059,0.0359,"Trip preparation: e-mails, bookings, packing list"
kettle,2026-04-03 19:08,2026-04-03 19:12,4,2.0,0.1333,Trip preparation: tea
washing_machine,2026-04-03 20:00,2026-04-03 21:39,99,2.0,0.614,Laundry before the trip
tv,2026-04-03 20:23,2026-04-03 21:13,50,0.098,0.0817,Evening TV / streaming
kettle,2026-04-03 20:53,2026-04-03 20:56,3,2.0,0.1,Evening tea
laptop,2026-04-03 22:03,2026-04-03 22:42,39,0.05,0.0271,"Personal laptop (e-mails, booking trips)"
phone_tablet_charging,2026-04-03 23:53,2026-04-04 01:38,105,0.01,0.0175,Phone overnight
phone_tablet_charging,2026-04-03 23:55,2026-04-04 01:29,94,0.012,0.0188,Tablet overnight
phone_tablet_charging,2026-04-04 05:20,2026-04-04 06:40,80,0.015,0.02,Power bank before trip
kettle,2026-04-04 06:14,2026-04-04 06:17,3,2.0,0.1,Morning tea / hot water
coffee_machine,2026-04-04 06:21,2026-04-04 06:31,10,1.26,0.21,Morning coffee
heat_pump_hot_water,2026-04-04 06:24,2026-04-04 07:12,48,1.6,1.28,Hot-water tank reheat
heat_pump_space_heating,2026-04-04 07:12,2026-04-04 07:40,28,1.591,0.5957,Space heating (thermostat)
heat_pump_hot_water,2026-04-05 02:00,2026-04-05 02:33,33,1.6,0.88,Hot-water tank reheat
heat_pump_space_heating,2026-04-05 06:00,2026-04-05 06:54,54,1.994,1.2851,Space heating (thermostat)
heat_pump_space_heating,2026-04-05 08:32,2026-04-05 08:57,25,1.482,0.5139,Space heating (thermostat)
heat_pump_space_heating,2026-04-05 18:04,2026-04-05 18:34,30,1.481,0.6085,Space heating (thermostat)
heat_pump_space_heating,2026-04-05 20:02,2026-04-05 20:34,32,1.481,0.6544,Space heating (thermostat)
heat_pump_space_heating,2026-04-05 21:54,2026-04-05 22:29,35,1.483,0.7124,Space heating (thermostat)
heat_pump_space_heating,2026-04-06 06:00,2026-04-06 07:59,119,3.0,3.9421,Space heating (thermostat)
heat_pump_space_heating,2026-04-06 09:54,2026-04-06 10:22,28,1.48,0.5753,Space heating (thermostat)
heat_pump_space_heating,2026-04-06 16:10,2026-04-06 16:37,27,1.481,0.5508,Space heating (thermostat)
heat_pump_space_heating,2026-04-06 18:31,2026-04-06 18:33,2,1.483,0.0491,Space heating (thermostat)
heat_pump_hot_water,2026-04-06 18:33,2026-04-06 19:04,31,1.6,0.8267,Hot-water tank reheat
heat_pump_space_heating,2026-04-06 19:04,2026-04-06 19:32,28,1.608,0.6203,Space heating (thermostat)
laptop,2026-04-06 19:11,2026-04-06 20:33,82,0.067,0.0705,"Catching up after the trip: e-mails, bookings, packing list"
oven,2026-04-06 19:23,2026-04-06 20:06,43,2.25,1.05,Cooking dinner
kettle,2026-04-06 19:51,2026-04-06 19:55,4,2.0,0.1333,Evening tea
kettle,2026-04-06 19:59,2026-04-06 20:03,4,2.0,0.1333,Catching up after the trip: tea
washing_machine,2026-04-06 20:09,2026-04-06 21:50,101,2.0,0.6807,"Laundry after the trip (Łódź, Poland)"
tv,2026-04-06 21:19,2026-04-06 22:47,88,0.127,0.1863,Winding down after the trip
phone_tablet_charging,2026-04-06 23:08,2026-04-07 00:33,85,0.01,0.0142,Phone overnight
heat_pump_space_heating,2026-04-07 05:33,2026-04-07 06:55,82,3.0,2.9504,Space heating (thermostat)
kettle,2026-04-07 06:43,2026-04-07 06:47,4,2.0,0.1333,Morning tea / hot water
coffee_machine,2026-04-07 06:50,2026-04-07 07:00,10,1.0,0.1667,Morning coffee
heat_pump_hot_water,2026-04-07 06:55,2026-04-07 07:37,42,1.6,1.12,Hot-water tank reheat
heat_pump_space_heating,2026-04-07 07:37,2026-04-07 08:38,61,2.067,1.4979,Space heating (thermostat)
heat_pump_space_heating,2026-04-07 16:07,2026-04-07 16:30,23,1.483,0.4731,Space heating (thermostat)
laptop,2026-04-07 18:08,2026-04-07 19:17,69,0.076,0.0775,"Trip preparation: e-mails, bookings, packing list"
oven,2026-04-07 18:26,2026-04-07 18:46,20,2.15,0.6092,Trip preparation: cooking / using up food
oven,2026-04-07 18:39,2026-04-07 19:11,32,2.18,0.8357,Cooking dinner
washing_machine,2026-04-07 18:47,2026-04-07 20:33,106,2.0,0.8473,Extra load before the trip
kettle,2026-04-07 19:26,2026-04-07 19:30,4,2.0,0.1333,Trip preparation: tea
washing_machine,2026-04-07 20:00,2026-04-07 21:41,101,2.0,0.6807,Laundry before the trip
kettle,2026-04-07 21:25,2026-04-07 21:29,4,2.0,0.1333,Evening tea
dishwasher,2026-04-07 21:29,2026-04-07 23:04,95,2.0,0.988,Dishwasher
phone_tablet_charging,2026-04-07 23:00,2026-04-08 00:38,98,0.01,0.0163,Phone overnight
phone_tablet_charging,2026-04-08 05:20,2026-04-08 06:40,80,0.015,0.02,Power bank before trip
heat_pump_space_heating,2026-04-08 06:00,2026-04-08 07:09,69,3.0,2.5211,Space heating (thermostat)
kettle,2026-04-08 07:01,2026-04-08 07:06,5,2.0,0.1667,Morning tea / hot water
coffee_machine,2026-04-08 07:02,2026-04-08 07:07,5,1.1,0.0917,Morning coffee
heat_pump_hot_water,2026-04-08 07:09,2026-04-08 07:58,49,1.6,1.3067,Hot-water tank reheat
heat_pump_space_heating,2026-04-08 07:58,2026-04-08 08:26,28,1.497,0.5779,Space heating (thermostat)
heat_pump_space_heating,2026-04-08 17:50,2026-04-08 18:12,22,1.481,0.4505,Space heating (thermostat)
heat_pump_space_heating,2026-04-08 20:14,2026-04-08 20:43,29,1.482,0.5904,Space heating (thermostat)
heat_pump_space_heating,2026-04-08 22:10,2026-04-08 22:30,20,1.482,0.4379,Space heating (thermostat)
heat_pump_space_heating,2026-04-09 05:41,2026-04-09 07:55,134,3.0,4.2124,Space heating (thermostat)
heat_pump_space_heating,2026-04-09 10:49,2026-04-09 11:11,22,1.481,0.4504,Space heating (thermostat)
heat_pump_space_heating,2026-04-09 19:55,2026-04-09 20:21,26,1.484,0.5316,Space heating (thermostat)
heat_pump_hot_water,2026-04-09 22:04,2026-04-09 22:35,31,1.6,0.8267,Hot-water tank reheat
heat_pump_space_heating,2026-04-10 05:12,2026-04-10 05:52,40,1.482,0.8141,Space heating (thermostat)
heat_pump_space_heating,2026-04-10 06:02,2026-04-10 07:50,108,3.0,3.4617,Space heating (thermostat)
heat_pump_space_heating,2026-04-10 10:30,2026-04-10 10:54,24,1.48,0.4931,Space heating (thermostat)
heat_pump_space_heating,2026-04-10 16:41,2026-04-10 17:06,25,1.483,0.5126,Space heating (thermostat)
heat_pump_space_heating,2026-04-10 18:57,2026-04-10 19:27,30,1.483,0.6115,Space heating (thermostat)
oven,2026-04-10 20:21,2026-04-10 20:48,27,2.44,0.854,Catching up after the trip: cooking / using up food
laptop,2026-04-10 20:23,2026-04-10 21:01,38,0.077,0.0373,"Catching up after the trip: e-mails, bookings, packing list"
tv,2026-04-10 20:34,2026-04-10 21:22,48,0.108,0.0864,Evening TV / streaming
kettle,2026-04-10 21:09,2026-04-10 21:14,5,2.0,0.1667,Catching up after the trip: tea
kettle,2026-04-10 21:12,2026-04-10 21:17,5,2.0,0.1667,Evening tea
washing_machine,2026-04-10 21:30,2026-04-10 23:14,104,2.0,0.7807,"Laundry after the trip (Katowice, Poland)"
tv,2026-04-10 21:34,2026-04-10 22:34,60,0.106,0.106,Winding down after the trip
phone_tablet_charging,2026-04-11 00:17,2026-04-11 01:36,79,0.01,0.0132,Phone overnight
heat_pump_space_heating,2026-04-11 06:00,2026-04-11 07:20,80,3.0,2.5543,Space heating (thermostat)
kettle,2026-04-11 08:01,2026-04-11 08:04,3,2.0,0.1,Morning tea / hot water
heat_pump_hot_water,2026-04-11 08:06,2026-04-11 08:59,53,1.6,1.4133,Hot-water tank reheat
coffee_machine,2026-04-11 08:07,2026-04-11 08:14,7,1.09,0.1272,Morning coffee
heat_pump_space_heating,2026-04-11 09:37,2026-04-11 10:02,25,1.481,0.5103,Space heating (thermostat)
heat_pump_space_heating,2026-04-11 14:16,2026-04-11 14:37,21,1.481,0.4305,Space heating (thermostat)
heat_pump_hot_water,2026-04-11 18:07,2026-04-11 18:38,31,1.6,0.8267,Hot-water tank reheat
heat_pump_space_heating,2026-04-11 18:51,2026-04-11 19:10,19,1.48,0.3959,Space heating (thermostat)
kettle,2026-04-11 19:07,2026-04-11 19:12,5,2.0,0.1667,Evening tea
tv,2026-04-11 20:49,2026-04-11 22:17,88,0.108,0.1584,Evening TV / streaming
phone_tablet_charging,2026-04-12 00:06,2026-04-12 01:37,91,0.01,0.0152,Phone overnight
phone_tablet_charging,2026-04-12 00:08,2026-04-12 01:34,86,0.012,0.0172,Tablet overnight
heat_pump_hot_water,2026-04-12 05:00,2026-04-12 05:31,31,1.6,0.8267,Hot-water tank reheat
heat_pump_space_heating,2026-04-12 06:00,2026-04-12 07:31,91,3.0,2.9658,Space heating (thermostat)
kettle,2026-04-12 08:33,2026-04-12 08:36,3,2.0,0.1,Morning tea / hot water
coffee_machine,2026-04-12 08:39,2026-04-12 08:47,8,1.45,0.1933,Morning coffee
heat_pump_hot_water,2026-04-12 08:47,2026-04-12 09:18,31,1.6,0.8267,Hot-water tank reheat
coffee_machine,2026-04-12 10:08,2026-04-12 10:14,6,1.06,0.106,Second weekend coffee
laptop,2026-04-12 17:14,2026-04-12 17:57,43,0.073,0.0442,"Trip preparation: e-mails, bookings, packing list"
oven,2026-04-12 17:35,2026-04-12 18:13,38,2.48,1.0747,Trip preparation: cooking / using up food
kettle,2026-04-12 17:51,2026-04-12 17:54,3,2.0,0.1,Trip preparation: tea
kettle,2026-04-12 19:27,2026-04-12 19:32,5,2.0,0.1667,Evening tea
washing_machine,2026-04-12 20:00,2026-04-12 21:41,101,2.0,0.6807,Laundry before the trip
phone_tablet_charging,2026-04-12 22:26,2026-04-13 00:04,98,0.01,0.0163,Phone overnight
phone_tablet_charging,2026-04-13 01:27,2026-04-13 02:47,80,0.015,0.02,Power bank before trip
heat_pump_space_heating,2026-04-13 06:00,2026-04-13 06:40,40,1.797,0.9051,Space heating (thermostat)
kettle,2026-04-13 06:45,2026-04-13 06:48,3,2.0,0.1,Morning tea / hot water
coffee_machine,2026-04-13 06:59,2026-04-13 07:05,6,1.07,0.107,Morning coffee
heat_pump_hot_water,2026-04-13 07:02,2026-04-13 07:53,51,1.6,1.36,Hot-water tank reheat
heat_pump_hot_water,2026-04-14 21:54,2026-04-14 22:25,31,1.6,0.8267,Hot-water tank reheat
laptop,2026-04-15 20:31,2026-04-15 21:29,58,0.08,0.0731,"Catching up after the trip: e-mails, bookings, packing list"
kettle,2026-04-15 20:45,2026-04-15 20:49,4,2.0,0.1333,Catching up after the trip: tea
tv,2026-04-15 20:47,2026-04-15 22:32,105,0.146,0.2555,Evening TV / streaming
kettle,2026-04-15 21:17,2026-04-15 21:21,4,2.0,0.1333,Evening tea
laptop,2026-04-15 21:20,2026-04-15 22:03,43,0.059,0.0358,"Personal laptop (e-mails, booking trips)"
washing_machine,2026-04-15 21:32,2026-04-15 23:15,103,2.0,0.7473,"Laundry after the trip (Poznań, Poland)"
tv,2026-04-15 21:57,2026-04-15 23:08,71,0.15,0.1775,Winding down after the trip
phone_tablet_charging,2026-04-15 22:58,2026-04-16 00:35,97,0.01,0.0162,Phone overnight
coffee_machine,2026-04-16 06:44,2026-04-16 06:50,6,1.45,0.145,Morning coffee
kettle,2026-04-16 06:44,2026-04-16 06:48,4,2.0,0.1333,Morning tea / hot water
heat_pump_hot_water,2026-04-16 06:52,2026-04-16 07:48,56,1.6,1.4933,Hot-water tank reheat
kettle,2026-04-16 19:54,2026-04-16 19:57,3,2.0,0.1,Evening tea
washing_machine,2026-04-16 20:00,2026-04-16 21:44,104,2.0,0.7807,Laundry before the trip
phone_tablet_charging,2026-04-16 22:29,2026-04-17 00:15,106,0.01,0.0177,Phone overnight
phone_tablet_charging,2026-04-16 22:31,2026-04-16 23:36,65,0.012,0.013,Tablet overnight
phone_tablet_charging,2026-04-17 05:20,2026-04-17 06:40,80,0.015,0.02,Power bank before trip
kettle,2026-04-17 06:26,2026-04-17 06:30,4,2.0,0.1333,Morning tea / hot water
coffee_machine,2026-04-17 06:28,2026-04-17 06:33,5,1.35,0.1125,Morning coffee
heat_pump_hot_water,2026-04-17 06:29,2026-04-17 07:15,46,1.6,1.2267,Hot-water tank reheat
laptop,2026-04-17 08:58,2026-04-17 12:47,229,0.064,0.183,Work from home
kettle,2026-04-17 12:52,2026-04-17 12:56,4,2.0,0.1333,Lunch break
coffee_machine,2026-04-17 13:29,2026-04-17 13:37,8,1.35,0.18,Post-lunch coffee
laptop,2026-04-17 13:37,2026-04-17 14:50,73,0.08,0.0781,Work from home
heat_pump_hot_water,2026-04-18 15:35,2026-04-18 16:06,31,1.6,0.8267,Hot-water tank reheat
heat_pump_hot_water,2026-04-19 08:06,2026-04-19 08:37,31,1.6,0.8267,Hot-water tank reheat
laptop,2026-04-20 22:08,2026-04-20 22:39,31,0.049,0.023,"Personal laptop (e-mails, booking trips)"
laptop,2026-04-20 22:23,2026-04-20 22:39,16,0.047,0.0112,"Catching up after the trip: e-mails, bookings, packing list"
phone_tablet_charging,2026-04-20 22:29,2026-04-21 00:01,92,0.01,0.0153,Phone overnight
phone_tablet_charging,2026-04-20 22:31,2026-04-20 23:50,79,0.012,0.0158,Tablet overnight
heat_pump_hot_water,2026-04-20 23:46,2026-04-21 00:17,31,1.6,0.8267,Hot-water tank reheat
kettle,2026-04-21 06:51,2026-04-21 06:55,4,2.0,0.1333,Morning tea / hot water
coffee_machine,2026-04-21 07:05,2026-04-21 07:11,6,1.04,0.104,Morning coffee
heat_pump_hot_water,2026-04-21 10:25,2026-04-21 10:56,31,1.6,0.8267,Hot-water tank reheat
kettle,2026-04-21 18:58,2026-04-21 19:01,3,2.0,0.1,Evening tea
dishwasher,2026-04-21 21:03,2026-04-21 22:39,96,2.0,1.0213,Dishwasher
phone_tablet_charging,2026-04-21 22:34,2026-04-21 23:48,74,0.01,0.0123,Phone overnight
phone_tablet_charging,2026-04-21 22:36,2026-04-21 23:50,74,0.012,0.0148,Tablet overnight
coffee_machine,2026-04-22 07:04,2026-04-22 07:11,7,1.06,0.1237,Morning coffee
kettle,2026-04-22 07:08,2026-04-22 07:13,5,2.0,0.1667,Morning tea / hot water
heat_pump_hot_water,2026-04-22 07:14,2026-04-22 07:59,45,1.6,1.2,Hot-water tank reheat
phone_tablet_charging,2026-04-22 22:41,2026-04-23 00:06,85,0.01,0.0142,Phone overnight
coffee_machine,2026-04-23 06:53,2026-04-23 06:59,6,1.24,0.124,Morning coffee
kettle,2026-04-23 06:57,2026-04-23 07:00,3,2.0,0.1,Morning tea / hot water
heat_pump_hot_water,2026-04-23 07:07,2026-04-23 07:55,48,1.6,1.28,Hot-water tank reheat
kettle,2026-04-23 21:43,2026-04-23 21:46,3,2.0,0.1,Evening tea
phone_tablet_charging,2026-04-23 22:00,2026-04-23 23:44,104,0.01,0.0173,Phone overnight
kettle,2026-04-24 06:26,2026-04-24 06:29,3,2.0,0.1,Morning tea / hot water
coffee_machine,2026-04-24 06:31,2026-04-24 06:40,9,1.46,0.219,Morning coffee
heat_pump_hot_water,2026-04-24 06:32,2026-04-24 07:20,48,1.6,1.28,Hot-water tank reheat
laptop,2026-04-24 08:41,2026-04-24 13:01,260,0.08,0.2729,Work from home
coffee_machine,2026-04-24 10:54,2026-04-24 11:04,10,1.29,0.215,Mid-morning coffee
kettle,2026-04-24 13:06,2026-04-24 13:10,4,2.0,0.1333,Lunch break
coffee_machine,2026-04-24 13:21,2026-04-24 13:29,8,1.47,0.196,Post-lunch coffee
laptop,2026-04-24 13:29,2026-04-24 16:42,193,0.074,0.1834,Work from home
kettle,2026-04-24 15:33,2026-04-24 15:38,5,2.0,0.1667,Afternoon tea
washing_machine,2026-04-24 17:13,2026-04-24 18:52,99,2.0,0.614,Extra load before the trip
kettle,2026-04-24 17:21,2026-04-24 17:25,4,2.0,0.1333,Evening tea
laptop,2026-04-24 17:24,2026-04-24 18:15,51,0.063,0.0413,"Trip preparation: e-mails, bookings, packing list"
kettle,2026-04-24 17:58,2026-04-24 18:02,4,2.0,0.1333,Trip preparation: tea
tv,2026-04-24 19:28,2026-04-24 20:55,87,0.15,0.2175,Evening TV / streaming
washing_machine,2026-04-24 20:00,2026-04-24 21:39,99,2.0,0.614,Laundry before the trip
phone_tablet_charging,2026-04-25 00:07,2026-04-25 01:44,97,0.01,0.0162,Phone overnight
phone_tablet_charging,2026-04-25 00:09,2026-04-25 01:30,81,0.012,0.0162,Tablet overnight
phone_tablet_charging,2026-04-25 01:40,2026-04-25 03:00,80,0.015,0.02,Power bank before trip
heat_pump_hot_water,2026-04-25 06:23,2026-04-25 06:54,31,1.6,0.8267,Hot-water tank reheat
coffee_machine,2026-04-25 07:49,2026-04-25 07:55,6,1.42,0.142,Morning coffee
kettle,2026-04-25 07:49,2026-04-25 07:52,3,2.0,0.1,Morning tea / hot water
heat_pump_hot_water,2026-04-25 10:53,2026-04-25 11:24,31,1.6,0.8267,Hot-water tank reheat
heat_pump_hot_water,2026-04-26 03:23,2026-04-26 03:54,31,1.6,0.8267,Hot-water tank reheat
heat_pump_space_heating,2026-04-26 06:00,2026-04-26 06:59,59,2.297,1.5298,Space heating (thermostat)
heat_pump_space_heating,2026-04-27 06:00,2026-04-27 07:23,83,3.0,2.6395,Space heating (thermostat)
laptop,2026-04-27 18:19,2026-04-27 19:41,82,0.06,0.062,"Catching up after the trip: e-mails, bookings, packing list"
oven,2026-04-27 18:42,2026-04-27 19:36,54,2.49,1.3695,Cooking dinner
heat_pump_hot_water,2026-04-27 18:57,2026-04-27 19:28,31,1.6,0.8267,Hot-water tank reheat
kettle,2026-04-27 19:00,2026-04-27 19:04,4,2.0,0.1333,Catching up after the trip: tea
kettle,2026-04-27 19:05,2026-04-27 19:10,5,2.0,0.1667,Evening tea
washing_machine,2026-04-27 19:11,2026-04-27 20:52,101,2.0,0.6807,"Laundry after the trip (Giżycko, Poland)"
tv,2026-04-27 19:22,2026-04-27 21:24,122,0.104,0.2115,Evening TV / streaming
tv,2026-04-27 19:34,2026-04-27 20:04,30,0.125,0.0625,Winding down after the trip
dishwasher,2026-04-27 21:19,2026-04-27 22:58,99,2.0,1.1213,Dishwasher
phone_tablet_charging,2026-04-27 22:50,2026-04-28 00:22,92,0.01,0.0153,Phone overnight
heat_pump_space_heating,2026-04-28 06:11,2026-04-28 06:40,29,1.483,0.5923,Space heating (thermostat)
kettle,2026-04-28 06:49,2026-04-28 06:52,3,2.0,0.1,Morning tea / hot water
coffee_machine,2026-04-28 06:58,2026-04-28 07:06,8,1.19,0.1587,Morning coffee
heat_pump_hot_water,2026-04-28 07:03,2026-04-28 07:42,39,1.6,1.04,Hot-water tank reheat
laptop,2026-04-28 09:00,2026-04-28 12:22,202,0.073,0.1847,Work from home
kettle,2026-04-28 12:27,2026-04-28 12:32,5,2.0,0.1667,Lunch break
laptop,2026-04-28 13:04,2026-04-28 17:04,240,0.08,0.2441,Work from home
kettle,2026-04-28 15:03,2026-04-28 15:06,3,2.0,0.1,Afternoon tea
kettle,2026-04-28 19:07,2026-04-28 19:11,4,2.0,0.1333,Evening tea
phone_tablet_charging,2026-04-28 22:23,2026-04-28 23:47,84,0.01,0.014,Phone overnight
phone_tablet_charging,2026-04-28 22:25,2026-04-28 23:44,79,0.012,0.0158,Tablet overnight
kettle,2026-04-29 06:57,2026-04-29 07:01,4,2.0,0.1333,Morning tea / hot water
coffee_machine,2026-04-29 07:09,2026-04-29 07:15,6,1.09,0.109,Morning coffee
heat_pump_hot_water,2026-04-29 07:12,2026-04-29 08:04,52,1.6,1.3867,Hot-water tank reheat
tv,2026-04-29 21:37,2026-04-29 22:25,48,0.08,0.064,Evening TV / streaming
phone_tablet_charging,2026-04-29 22:15,2026-04-29 23:49,94,0.01,0.0157,Phone overnight
kettle,2026-04-30 06:54,2026-04-30 06:58,4,2.0,0.1333,Morning tea / hot water
heat_pump_hot_water,2026-04-30 06:56,2026-04-30 07:42,46,1.6,1.2267,Hot-water tank reheat
coffee_machine,2026-04-30 07:00,2026-04-30 07:07,7,1.49,0.1738,Morning coffee
oven,2026-04-30 18:18,2026-04-30 18:44,26,2.08,0.6933,Cooking dinner
kettle,2026-04-30 19:25,2026-04-30 19:29,4,2.0,0.1333,Evening tea
dishwasher,2026-04-30 20:55,2026-04-30 22:33,98,2.0,1.088,Dishwasher
tv,2026-04-30 21:24,2026-04-30 22:36,72,0.131,0.1572,Evening TV / streaming
phone_tablet_charging,2026-04-30 22:26,2026-05-01 00:06,100,0.01,0.0167,Phone overnight
phone_tablet_charging,2026-04-30 22:28,2026-04-30 23:45,77,0.012,0.0154,Tablet overnight
kettle,2026-05-01 07:16,2026-05-01 07:19,3,2.0,0.1,Morning tea / hot water
heat_pump_hot_water,2026-05-01 07:26,2026-05-01 08:16,50,1.6,1.3333,Hot-water tank reheat
coffee_machine,2026-05-01 07:27,2026-05-01 07:34,7,1.31,0.1528,Morning coffee
phone_tablet_charging,2026-05-01 23:10,2026-05-02 00:22,72,0.01,0.012,Phone overnight
phone_tablet_charging,2026-05-01 23:12,2026-05-02 00:52,100,0.012,0.02,Tablet overnight
phone_tablet_charging,2026-05-01 23:15,2026-05-02 00:45,90,0.01,0.015,Paul's phone
kettle,2026-05-02 08:30,2026-05-02 08:34,4,2.0,0.1333,Morning tea / hot water
heat_pump_hot_water,2026-05-02 08:33,2026-05-02 09:53,80,1.6,2.1333,Hot-water tank reheat
coffee_machine,2026-05-02 08:38,2026-05-02 08:47,9,1.37,0.2055,Morning coffee
coffee_machine,2026-05-02 08:50,2026-05-02 08:55,5,1.42,0.1183,Coffee for Paul
coffee_machine,2026-05-02 09:42,2026-05-02 09:50,8,1.43,0.1907,Second weekend coffee
oven,2026-05-02 18:49,2026-05-02 19:18,29,2.09,0.7315,Cooking dinner
phone_tablet_charging,2026-05-03 00:50,2026-05-03 02:28,98,0.01,0.0163,Phone overnight
phone_tablet_charging,2026-05-03 00:52,2026-05-03 02:02,70,0.012,0.014,Tablet overnight
phone_tablet_charging,2026-05-03 00:55,2026-05-03 02:29,94,0.01,0.0157,Paul's phone
heat_pump_hot_water,2026-05-03 02:00,2026-05-03 02:38,38,1.6,1.0133,Hot-water tank reheat
kettle,2026-05-03 07:40,2026-05-03 07:43,3,2.0,0.1,Morning tea / hot water
coffee_machine,2026-05-03 07:54,2026-05-03 08:00,6,1.35,0.135,Morning coffee
coffee_machine,2026-05-03 07:55,2026-05-03 08:01,6,1.22,0.122,Coffee for Paul
heat_pump_hot_water,2026-05-03 08:19,2026-05-03 09:15,56,1.6,1.4933,Hot-water tank reheat
coffee_machine,2026-05-03 09:30,2026-05-03 09:38,8,1.4,0.1867,Second weekend coffee
washing_machine,2026-05-03 10:27,2026-05-03 12:06,99,2.0,0.614,Weekly laundry
laptop,2026-05-03 21:25,2026-05-03 21:51,26,0.061,0.0243,"Personal laptop (e-mails, booking trips)"
dishwasher,2026-05-03 21:39,2026-05-03 23:11,92,2.0,0.888,Dishwasher
tv,2026-05-03 21:55,2026-05-03 23:05,70,0.091,0.1062,Evening TV / streaming
phone_tablet_charging,2026-05-03 23:10,2026-05-04 00:51,101,0.01,0.0168,Phone overnight
phone_tablet_charging,2026-05-03 23:12,2026-05-04 00:50,98,0.012,0.0196,Tablet overnight
kettle,2026-05-04 06:56,2026-05-04 06:59,3,2.0,0.1,Morning tea / hot water
coffee_machine,2026-05-04 07:03,2026-05-04 07:08,5,1.28,0.1067,Morning coffee
heat_pump_hot_water,2026-05-04 07:10,2026-05-04 08:00,50,1.6,1.3333,Hot-water tank reheat
laptop,2026-05-04 08:35,2026-05-04 12:36,241,0.078,0.2604,Work from home
kettle,2026-05-04 12:41,2026-05-04 12:45,4,2.0,0.1333,Lunch break
coffee_machine,2026-05-04 12:56,2026-05-04 13:01,5,1.2,0.1,Post-lunch coffee
laptop,2026-05-04 13:04,2026-05-04 17:03,239,0.08,0.2682,Work from home
kettle,2026-05-04 15:09,2026-05-04 15:14,5,2.0,0.1667,Afternoon tea
laptop,2026-05-04 17:17,2026-05-04 18:16,59,0.048,0.0416,"Trip preparation: e-mails, bookings, packing list"
kettle,2026-05-04 17:39,2026-05-04 17:43,4,2.0,0.1333,Trip preparation: tea
phone_tablet_charging,2026-05-04 19:54,2026-05-04 21:14,80,0.015,0.02,Power bank before trip
heat_pump_hot_water,2026-05-04 20:05,2026-05-04 20:42,37,1.6,0.9867,Hot-water tank reheat
phone_tablet_charging,2026-05-04 22:48,2026-05-05 00:09,81,0.01,0.0135,Phone overnight
kettle,2026-05-05 06:34,2026-05-05 06:38,4,2.0,0.1333,Morning tea / hot water
heat_pump_hot_water,2026-05-05 06:41,2026-05-05 07:15,34,1.6,0.9067,Hot-water tank reheat
coffee_machine,2026-05-05 06:43,2026-05-05 06:49,6,1.34,0.134,Morning coffee
heat_pump_space_heating,2026-05-06 02:22,2026-05-06 02:50,28,1.48,0.5707,Space heating (thermostat)
heat_pump_space_heating,2026-05-06 04:34,2026-05-06 05:05,31,1.483,0.6317,Space heating (thermostat)
heat_pump_space_heating,2026-05-06 06:00,2026-05-06 07:26,86,3.0,2.8731,Space heating (thermostat)
laptop,2026-05-06 18:22,2026-05-06 18:43,21,0.059,0.0168,"Catching up after the trip: e-mails, bookings, packing list"
oven,2026-05-06 18:23,2026-05-06 18:43,20,2.06,0.5837,Catching up after the trip: cooking / using up food
heat_pump_hot_water,2026-05-06 20:00,2026-05-06 20:31,31,1.6,0.8267,Hot-water tank reheat
kettle,2026-05-06 21:17,2026-05-06 21:20,3,2.0,0.1,Evening tea
laptop,2026-05-06 21:42,2026-05-06 22:35,53,0.08,0.0557,"Personal laptop (e-mails, booking trips)"
phone_tablet_charging,2026-05-06 22:42,2026-05-07 00:19,97,0.01,0.0162,Phone overnight
heat_pump_space_heating,2026-05-07 06:00,2026-05-07 06:44,44,1.966,1.0429,Space heating (thermostat)
kettle,2026-05-07 06:46,2026-05-07 06:49,3,2.0,0.1,Morning tea / hot water
heat_pump_hot_water,2026-05-07 06:56,2026-05-07 07:48,52,1.6,1.3867,Hot-water tank reheat
coffee_machine,2026-05-07 06:58,2026-05-07 07:03,5,1.02,0.085,Morning coffee
kettle,2026-05-07 20:49,2026-05-07 20:52,3,2.0,0.1,Evening tea
tv,2026-05-07 22:01,2026-05-07 23:05,64,0.111,0.1184,Evening TV / streaming
heat_pump_hot_water,2026-05-07 22:32,2026-05-07 23:03,31,1.6,0.8267,Hot-water tank reheat
phone_tablet_charging,2026-05-07 23:21,2026-05-08 01:03,102,0.01,0.017,Phone overnight
heat_pump_space_heating,2026-05-08 06:00,2026-05-08 06:54,54,2.718,1.7074,Space heating (thermostat)
kettle,2026-05-08 06:45,2026-05-08 06:49,4,2.0,0.1333,Morning tea / hot water
heat_pump_hot_water,2026-05-08 06:54,2026-05-08 07:27,33,1.6,0.88,Hot-water tank reheat
coffee_machine,2026-05-08 06:56,2026-05-08 07:04,8,1.03,0.1373,Morning coffee
heat_pump_space_heating,2026-05-08 07:27,2026-05-08 07:45,18,1.299,0.3444,Space heating (thermostat)
laptop,2026-05-08 08:53,2026-05-08 12:42,229,0.08,0.2525,Work from home
kettle,2026-05-08 12:47,2026-05-08 12:52,5,2.0,0.1667,Lunch break
coffee_machine,2026-05-08 13:11,2026-05-08 13:19,8,1.01,0.1347,Post-lunch coffee
laptop,2026-05-08 13:19,2026-05-08 17:55,276,0.08,0.291,Work from home
kettle,2026-05-08 15:20,2026-05-08 15:24,4,2.0,0.1333,Afternoon tea
laptop,2026-05-08 18:15,2026-05-08 18:36,21,0.077,0.025,Catching up after hours
dishwasher,2026-05-08 21:48,2026-05-08 23:20,92,2.0,0.888,Dishwasher
kettle,2026-05-08 23:16,2026-05-08 23:19,3,2.0,0.1,Evening tea
phone_tablet_charging,2026-05-08 23:19,2026-05-09 00:59,100,0.01,0.0167,Phone overnight
phone_tablet_charging,2026-05-08 23:21,2026-05-09 00:29,68,0.012,0.0136,Tablet overnight
heat_pump_space_heating,2026-05-09 06:00,2026-05-09 07:01,61,2.546,1.6755,Space heating (thermostat)
coffee_machine,2026-05-09 08:27,2026-05-09 08:33,6,1.46,0.146,Morning coffee
kettle,2026-05-09 08:29,2026-05-09 08:32,3,2.0,0.1,Morning tea / hot water
heat_pump_hot_water,2026-05-09 08:49,2026-05-09 09:44,55,1.6,1.4667,Hot-water tank reheat
kettle,2026-05-09 19:23,2026-05-09 19:27,4,2.0,0.1333,Evening tea
heat_pump_space_heating,2026-05-09 21:34,2026-05-09 21:56,22,1.48,0.4498,Space heating (thermostat)
phone_tablet_charging,2026-05-09 23:58,2026-05-10 01:13,75,0.01,0.0125,Phone overnight
heat_pump_hot_water,2026-05-10 02:00,2026-05-10 02:41,41,1.6,1.0933,Hot-water tank reheat
heat_pump_space_heating,2026-05-10 06:00,2026-05-10 06:53,53,2.576,1.4643,Space heating (thermostat)
kettle,2026-05-10 06:55,2026-05-10 07:00,5,2.0,0.1667,Morning tea / hot water
coffee_machine,2026-05-10 06:57,2026-05-10 07:05,8,1.36,0.1813,Morning coffee
heat_pump_hot_water,2026-05-10 08:43,2026-05-10 09:14,31,1.6,0.8267,Hot-water tank reheat
washing_machine,2026-05-10 11:00,2026-05-10 12:44,104,2.0,0.7807,Weekly laundry
heat_pump_space_heating,2026-05-10 20:34,2026-05-10 20:56,22,1.482,0.4508,Space heating (thermostat)
laptop,2026-05-10 21:20,2026-05-10 22:21,61,0.069,0.0585,"Personal laptop (e-mails, booking trips)"
phone_tablet_charging,2026-05-10 23:22,2026-05-11 00:40,78,0.01,0.013,Phone overnight
phone_tablet_charging,2026-05-10 23:24,2026-05-11 00:30,66,0.012,0.0132,Tablet overnight
heat_pump_space_heating,2026-05-11 06:00,2026-05-11 07:12,72,3.0,2.2199,Space heating (thermostat)
kettle,2026-05-11 07:27,2026-05-11 07:31,4,2.0,0.1333,Morning tea / hot water
coffee_machine,2026-05-11 07:44,2026-05-11 07:52,8,1.19,0.1587,Morning coffee
heat_pump_hot_water,2026-05-11 07:51,2026-05-11 08:44,53,1.6,1.4133,Hot-water tank reheat
laptop,2026-05-11 08:55,2026-05-11 12:16,201,0.065,0.1697,Work from home
coffee_machine,2026-05-11 11:22,2026-05-11 11:28,6,1.27,0.127,Mid-morning coffee
kettle,2026-05-11 12:21,2026-05-11 12:24,3,2.0,0.1,Lunch break
coffee_machine,2026-05-11 12:42,2026-05-11 12:50,8,1.43,0.1907,Post-lunch coffee
laptop,2026-05-11 12:50,2026-05-11 17:36,286,0.08,0.2528,Work from home
kettle,2026-05-11 14:37,2026-05-11 14:41,4,2.0,0.1333,Afternoon tea
oven,2026-05-11 18:12,2026-05-11 18:58,46,2.21,1.105,Cooking dinner
kettle,2026-05-11 18:37,2026-05-11 18:41,4,2.0,0.1333,Evening tea
tv,2026-05-11 20:54,2026-05-11 22:45,111,0.148,0.2738,Evening TV / streaming
dishwasher,2026-05-11 21:04,2026-05-11 22:41,97,2.0,1.0547,Dishwasher
phone_tablet_charging,2026-05-11 22:35,2026-05-12 00:04,89,0.01,0.0148,Phone overnight
heat_pump_space_heating,2026-05-12 06:00,2026-05-12 06:36,36,1.68,0.7853,Space heating (thermostat)
coffee_machine,2026-05-12 07:16,2026-05-12 07:23,7,1.08,0.126,Morning coffee
heat_pump_hot_water,2026-05-12 07:36,2026-05-12 08:26,50,1.6,1.3333,Hot-water tank reheat
kettle,2026-05-12 18:28,2026-05-12 18:31,3,2.0,0.1,Evening tea
oven,2026-05-12 19:01,2026-05-12 19:30,29,2.45,0.8575,Cooking dinner
tv,2026-05-12 21:24,2026-05-12 22:37,73,0.113,0.1375,Evening TV / streaming
phone_tablet_charging,2026-05-12 23:18,2026-05-13 00:50,92,0.01,0.0153,Phone overnight
heat_pump_space_heating,2026-05-13 06:00,2026-05-13 06:52,52,2.269,1.3455,Space heating (thermostat)
kettle,2026-05-13 06:51,2026-05-13 06:55,4,2.0,0.1333,Morning tea / hot water
coffee_machine,2026-05-13 07:07,2026-05-13 07:12,5,1.11,0.0925,Morning coffee
heat_pump_hot_water,2026-05-13 07:15,2026-05-13 08:03,48,1.6,1.28,Hot-water tank reheat
phone_tablet_charging,2026-05-13 22:55,2026-05-14 00:27,92,0.01,0.0153,Phone overnight
kettle,2026-05-14 06:55,2026-05-14 06:58,3,2.0,0.1,Morning tea / hot water
coffee_machine,2026-05-14 07:04,2026-05-14 07:10,6,1.15,0.115,Morning coffee
heat_pump_hot_water,2026-05-14 07:05,2026-05-14 07:45,40,1.6,1.0667,Hot-water tank reheat
laptop,2026-05-14 18:21,2026-05-14 19:17,56,0.08,0.0626,"Trip preparation: e-mails, bookings, packing list"
oven,2026-05-14 18:21,2026-05-14 18:55,34,2.18,0.872,Trip preparation: cooking / using up food
washing_machine,2026-05-14 18:21,2026-05-14 20:06,105,2.0,0.814,Extra load before the trip
kettle,2026-05-14 18:58,2026-05-14 19:02,4,2.0,0.1333,Trip preparation: tea
kettle,2026-05-14 19:48,2026-05-14 19:52,4,2.0,0.1333,Evening tea
washing_machine,2026-05-14 20:00,2026-05-14 21:39,99,2.0,0.614,Laundry before the trip
dishwasher,2026-05-14 20:50,2026-05-14 22:23,93,2.0,0.9213,Dishwasher
laptop,2026-05-14 21:43,2026-05-14 22:30,47,0.08,0.0505,"Personal laptop (e-mails, booking trips)"
tv,2026-05-14 21:59,2026-05-14 22:43,44,0.141,0.1034,Evening TV / streaming
phone_tablet_charging,2026-05-14 22:33,2026-05-14 23:51,78,0.01,0.013,Phone overnight
phone_tablet_charging,2026-05-14 22:35,2026-05-15 00:05,90,0.012,0.018,Tablet overnight
phone_tablet_charging,2026-05-14 22:51,2026-05-15 00:11,80,0.015,0.02,Power bank before trip
heat_pump_space_heating,2026-05-15 06:00,2026-05-15 06:29,29,1.505,0.5991,Space heating (thermostat)
kettle,2026-05-15 06:31,2026-05-15 06:35,4,2.0,0.1333,Morning tea / hot water
coffee_machine,2026-05-15 06:43,2026-05-15 06:49,6,1.15,0.115,Morning coffee
heat_pump_hot_water,2026-05-15 06:49,2026-05-15 07:36,47,1.6,1.2533,Hot-water tank reheat
laptop,2026-05-15 08:30,2026-05-15 12:42,252,0.08,0.2885,Work from home
coffee_machine,2026-05-15 10:19,2026-05-15 10:26,7,1.39,0.1622,Mid-morning coffee
kettle,2026-05-15 12:47,2026-05-15 12:51,4,2.0,0.1333,Lunch break
laptop,2026-05-15 13:28,2026-05-15 14:50,82,0.073,0.0775,Work from home
heat_pump_space_heating,2026-05-16 06:00,2026-05-16 07:15,75,3.0,2.3872,Space heating (thermostat)
heat_pump_space_heating,2026-05-16 09:17,2026-05-16 09:41,24,1.483,0.4915,Space heating (thermostat)
heat_pump_space_heating,2026-05-16 15:29,2026-05-16 15:51,22,1.482,0.4514,Space heating (thermostat)
heat_pump_hot_water,2026-05-16 16:17,2026-05-16 16:48,31,1.6,0.8267,Hot-water tank reheat
heat_pump_space_heating,2026-05-16 19:45,2026-05-16 20:10,25,1.483,0.5099,Space heating (thermostat)
heat_pump_space_heating,2026-05-16 22:00,2026-05-16 22:27,27,1.484,0.5516,Space heating (thermostat)
heat_pump_space_heating,2026-05-17 06:00,2026-05-17 07:13,73,2.935,2.1396,Space heating (thermostat)
heat_pump_hot_water,2026-05-17 08:48,2026-05-17 09:19,31,1.6,0.8267,Hot-water tank reheat
heat_pump_space_heating,2026-05-17 09:19,2026-05-17 09:47,28,1.568,0.5935,Space heating (thermostat)
heat_pump_space_heating,2026-05-17 20:34,2026-05-17 20:59,25,1.483,0.51,Space heating (thermostat)
laptop,2026-05-17 21:47,2026-05-17 22:34,47,0.08,0.0573,"Catching up after the trip: e-mails, bookings, packing list"
oven,2026-05-17 22:04,2026-05-17 22:36,32,2.32,0.8893,Catching up after the trip: cooking / using up food
tv,2026-05-17 22:39,2026-05-17 23:37,58,0.147,0.1421,Winding down after the trip
kettle,2026-05-17 23:17,2026-05-17 23:21,4,2.0,0.1333,Catching up after the trip: tea
phone_tablet_charging,2026-05-17 23:27,2026-05-18 00:53,86,0.01,0.0143,Phone overnight
heat_pump_space_heating,2026-05-18 01:08,2026-05-18 01:23,15,2.445,0.2741,Space heating (thermostat)
heat_pump_space_heating,2026-05-18 06:00,2026-05-18 06:59,59,2.694,1.7023,Space heating (thermostat)
kettle,2026-05-18 06:51,2026-05-18 06:55,4,2.0,0.1333,Morning tea / hot water
coffee_machine,2026-05-18 07:04,2026-05-18 07:09,5,1.24,0.1033,Morning coffee
heat_pump_hot_water,2026-05-18 07:06,2026-05-18 07:47,41,1.6,1.0933,Hot-water tank reheat
washing_machine,2026-05-18 07:35,2026-05-18 09:18,103,2.0,0.7473,"Laundry after the trip (Berlin, Germany)"
laptop,2026-05-18 08:22,2026-05-18 12:23,241,0.076,0.241,Work from home
coffee_machine,2026-05-18 10:58,2026-05-18 11:05,7,1.02,0.119,Mid-morning coffee
kettle,2026-05-18 12:28,2026-05-18 12:33,5,2.0,0.1667,Lunch break
laptop,2026-05-18 13:12,2026-05-18 17:35,263,0.08,0.2587,Work from home
kettle,2026-05-18 15:32,2026-05-18 15:37,5,2.0,0.1667,Afternoon tea
laptop,2026-05-18 17:15,2026-05-18 18:01,46,0.071,0.0471,"Trip preparation: e-mails, bookings, packing list"
kettle,2026-05-18 17:38,2026-05-18 17:42,4,2.0,0.1333,Trip preparation: tea
laptop,2026-05-18 17:55,2026-05-18 18:13,18,0.058,0.0152,Catching up after hours
kettle,2026-05-18 19:45,2026-05-18 19:50,5,2.0,0.1667,Evening tea
washing_machine,2026-05-18 20:00,2026-05-18 21:44,104,2.0,0.7807,Laundry before the trip
phone_tablet_charging,2026-05-18 23:22,2026-05-19 01:07,105,0.01,0.0175,Phone overnight
phone_tablet_charging,2026-05-18 23:24,2026-05-19 01:03,99,0.012,0.0198,Tablet overnight
phone_tablet_charging,2026-05-19 04:00,2026-05-19 05:20,80,0.015,0.02,Power bank before trip
heat_pump_space_heating,2026-05-19 06:00,2026-05-19 06:55,55,2.933,1.7525,Space heating (thermostat)
kettle,2026-05-19 06:41,2026-05-19 06:45,4,2.0,0.1333,Morning tea / hot water
coffee_machine,2026-05-19 06:44,2026-05-19 06:53,9,1.19,0.1785,Morning coffee
heat_pump_hot_water,2026-05-19 06:55,2026-05-19 07:45,50,1.6,1.3333,Hot-water tank reheat
heat_pump_space_heating,2026-05-19 07:45,2026-05-19 07:54,9,1.174,0.1634,Space heating (thermostat)
heat_pump_space_heating,2026-05-20 06:00,2026-05-20 06:43,43,2.244,1.1025,Space heating (thermostat)
heat_pump_hot_water,2026-05-20 23:45,2026-05-21 00:16,31,1.6,0.8267,Hot-water tank reheat
heat_pump_hot_water,2026-05-22 16:16,2026-05-22 16:47,31,1.6,0.8267,Hot-water tank reheat
laptop,2026-05-22 20:38,2026-05-22 21:31,53,0.08,0.0629,"Catching up after the trip: e-mails, bookings, packing list"
kettle,2026-05-22 20:59,2026-05-22 21:03,4,2.0,0.1333,Catching up after the trip: tea
washing_machine,2026-05-22 21:04,2026-05-22 22:49,105,2.0,0.814,"Laundry after the trip (Poznań, Poland)"
tv,2026-05-22 21:50,2026-05-22 23:32,102,0.116,0.1972,Winding down after the trip
kettle,2026-05-22 21:54,2026-05-22 21:57,3,2.0,0.1,Evening tea
phone_tablet_charging,2026-05-22 23:58,2026-05-23 01:41,103,0.01,0.0172,Phone overnight
phone_tablet_charging,2026-05-23 00:00,2026-05-23 01:18,78,0.012,0.0156,Tablet overnight
kettle,2026-05-23 08:31,2026-05-23 08:34,3,2.0,0.1,Morning tea / hot water
coffee_machine,2026-05-23 08:40,2026-05-23 08:47,7,1.39,0.1622,Morning coffee
kettle,2026-05-23 19:11,2026-05-23 19:15,4,2.0,0.1333,Evening tea
heat_pump_hot_water,2026-05-23 20:43,2026-05-23 21:14,31,1.6,0.8267,Hot-water tank reheat
tv,2026-05-23 21:33,2026-05-23 22:42,69,0.099,0.1139,Evening TV / streaming
phone_tablet_charging,2026-05-23 22:32,2026-05-24 00:18,106,0.01,0.0177,Phone overnight
heat_pump_space_heating,2026-05-24 06:00,2026-05-24 06:32,32,1.791,0.7248,Space heating (thermostat)
kettle,2026-05-24 09:19,2026-05-24 09:23,4,2.0,0.1333,Morning tea / hot water
coffee_machine,2026-05-24 09:24,2026-05-24 09:32,8,1.32,0.176,Morning coffee
heat_pump_hot_water,2026-05-24 09:33,2026-05-24 10:28,55,1.6,1.4667,Hot-water tank reheat
coffee_machine,2026-05-24 10:57,2026-05-24 11:02,5,1.08,0.09,Second weekend coffee
washing_machine,2026-05-24 17:06,2026-05-24 18:45,99,2.0,0.614,Extra load before the trip
laptop,2026-05-24 17:11,2026-05-24 17:49,38,0.073,0.0429,"Trip preparation: e-mails, bookings, packing list"
kettle,2026-05-24 18:06,2026-05-24 18:09,3,2.0,0.1,Evening tea
kettle,2026-05-24 18:16,2026-05-24 18:20,4,2.0,0.1333,Trip preparation: tea
washing_machine,2026-05-24 20:00,2026-05-24 21:45,105,2.0,0.814,Laundry before the trip
dishwasher,2026-05-24 20:50,2026-05-24 22:23,93,2.0,0.9213,Dishwasher
phone_tablet_charging,2026-05-24 22:21,2026-05-25 00:03,102,0.01,0.017,Phone overnight
phone_tablet_charging,2026-05-25 02:48,2026-05-25 04:08,80,0.015,0.02,Power bank before trip
kettle,2026-05-25 05:04,2026-05-25 05:09,5,2.0,0.1667,Morning tea / hot water
coffee_machine,2026-05-25 05:05,2026-05-25 05:13,8,1.16,0.1547,Morning coffee
heat_pump_hot_water,2026-05-25 05:14,2026-05-25 06:00,46,1.6,1.2267,Hot-water tank reheat
heat_pump_hot_water,2026-05-26 21:55,2026-05-26 22:26,31,1.6,0.8267,Hot-water tank reheat
heat_pump_hot_water,2026-05-28 14:26,2026-05-28 14:57,31,1.6,0.8267,Hot-water tank reheat
laptop,2026-05-28 18:28,2026-05-28 19:40,72,0.08,0.0849,"Catching up after the trip: e-mails, bookings, packing list"
tv,2026-05-28 18:53,2026-05-28 20:49,116,0.115,0.2223,Winding down after the trip
washing_machine,2026-05-28 19:09,2026-05-28 20:49,100,2.0,0.6473,"Laundry after the trip (Brussels, Belgium)"
kettle,2026-05-28 19:29,2026-05-28 19:33,4,2.0,0.1333,Evening tea
kettle,2026-05-28 19:35,2026-05-28 19:38,3,2.0,0.1,Catching up after the trip: tea
tv,2026-05-28 20:58,2026-05-28 23:23,145,0.139,0.3359,Evening TV / streaming
washing_machine,2026-05-28 20:59,2026-05-28 22:41,102,2.0,0.714,Second load after the trip
phone_tablet_charging,2026-05-28 23:16,2026-05-29 00:36,80,0.01,0.0133,Phone overnight
kettle,2026-05-29 06:35,2026-05-29 06:39,4,2.0,0.1333,Morning tea / hot water
coffee_machine,2026-05-29 06:44,2026-05-29 06:49,5,1.18,0.0983,Morning coffee
heat_pump_hot_water,2026-05-29 06:53,2026-05-29 07:34,41,1.6,1.0933,Hot-water tank reheat
laptop,2026-05-29 08:34,2026-05-29 12:10,216,0.08,0.2021,Work from home
kettle,2026-05-29 12:15,2026-05-29 12:18,3,2.0,0.1,Lunch break
coffee_machine,2026-05-29 12:32,2026-05-29 12:38,6,1.45,0.145,Post-lunch coffee
laptop,2026-05-29 12:40,2026-05-29 17:27,287,0.08,0.2528,Work from home
kettle,2026-05-29 15:11,2026-05-29 15:15,4,2.0,0.1333,Afternoon tea
phone_tablet_charging,2026-05-29 23:14,2026-05-30 00:52,98,0.01,0.0163,Phone overnight
kettle,2026-05-30 07:58,2026-05-30 08:01,3,2.0,0.1,Morning tea / hot water
coffee_machine,2026-05-30 07:59,2026-05-30 08:07,8,1.08,0.144,Morning coffee
heat_pump_hot_water,2026-05-30 08:15,2026-05-30 09:05,50,1.6,1.3333,Hot-water tank reheat
oven,2026-05-30 18:06,2026-05-30 19:15,69,2.3,1.61,Cooking for guests (Dinner @ mine w/ friends)
dishwasher,2026-05-30 21:33,2026-05-30 23:12,99,2.0,1.1213,Dishwasher
heat_pump_hot_water,2026-05-30 21:36,2026-05-30 22:10,34,1.6,0.9067,Hot-water tank reheat
kettle,2026-05-30 22:49,2026-05-30 22:53,4,2.0,0.1333,Tea for guests
phone_tablet_charging,2026-05-30 23:07,2026-05-31 00:37,90,0.01,0.015,Phone overnight
phone_tablet_charging,2026-05-30 23:09,2026-05-31 00:42,93,0.012,0.0186,Tablet overnight
kettle,2026-05-30 23:24,2026-05-30 23:28,4,2.0,0.1333,Tea for guests
kettle,2026-05-30 23:29,2026-05-30 23:34,5,2.0,0.1667,Tea for guests
heat_pump_hot_water,2026-05-31 04:50,2026-05-31 05:21,31,1.6,0.8267,Hot-water tank reheat
kettle,2026-05-31 07:07,2026-05-31 07:10,3,2.0,0.1,Morning tea / hot water
coffee_machine,2026-05-31 07:16,2026-05-31 07:24,8,1.3,0.1733,Morning coffee
heat_pump_hot_water,2026-05-31 13:18,2026-05-31 13:49,31,1.6,0.8267,Hot-water tank reheat
washing_machine,2026-05-31 17:15,2026-05-31 18:59,104,2.0,0.7807,Extra load before the trip
laptop,2026-05-31 17:30,2026-05-31 18:58,88,0.063,0.0729,"Trip preparation: e-mails, bookings, packing list"
kettle,2026-05-31 17:46,2026-05-31 17:50,4,2.0,0.1333,Trip preparation: tea
washing_machine,2026-05-31 20:00,2026-05-31 21:43,103,2.0,0.7473,Laundry before the trip
tv,2026-05-31 20:45,2026-05-31 22:20,95,0.15,0.2375,Evening TV / streaming
laptop,2026-05-31 21:14,2026-05-31 22:22,68,0.08,0.0849,"Personal laptop (e-mails, booking trips)"
phone_tablet_charging,2026-05-31 22:33,2026-06-01 00:00,87,0.01,0.0145,Phone overnight
phone_tablet_charging,2026-06-01 01:34,2026-06-01 02:54,80,0.015,0.02,Power bank before trip
kettle,2026-06-01 05:47,2026-06-01 05:51,4,2.0,0.1333,Morning tea / hot water
coffee_machine,2026-06-01 06:02,2026-06-01 06:10,8,1.12,0.1493,Morning coffee
heat_pump_hot_water,2026-06-03 20:16,2026-06-03 21:44,88,1.6,2.3467,Hot-water tank reheat
laptop,2026-06-03 20:40,2026-06-03 21:17,37,0.074,0.04,"Catching up after the trip: e-mails, bookings, packing list"
washing_machine,2026-06-03 20:46,2026-06-03 22:26,100,2.0,0.6473,"Laundry after the trip (Poznań, Poland)"
kettle,2026-06-03 21:09,2026-06-03 21:12,3,2.0,0.1,Catching up after the trip: tea
kettle,2026-06-03 21:16,2026-06-03 21:19,3,2.0,0.1,Evening tea
tv,2026-06-03 21:36,2026-06-03 22:23,47,0.099,0.0776,Evening TV / streaming
tv,2026-06-03 22:07,2026-06-03 22:54,47,0.115,0.0901,Winding down after the trip
phone_tablet_charging,2026-06-03 22:44,2026-06-04 00:18,94,0.01,0.0157,Phone overnight
phone_tablet_charging,2026-06-03 22:46,2026-06-04 00:00,74,0.012,0.0148,Tablet overnight
kettle,2026-06-04 06:51,2026-06-04 06:56,5,2.0,0.1667,Morning tea / hot water
coffee_machine,2026-06-04 06:59,2026-06-04 07:08,9,1.11,0.1665,Morning coffee
heat_pump_hot_water,2026-06-04 07:02,2026-06-04 07:35,33,1.6,0.88,Hot-water tank reheat
kettle,2026-06-04 22:14,2026-06-04 22:18,4,2.0,0.1333,Evening tea
phone_tablet_charging,2026-06-04 22:34,2026-06-04 23:59,85,0.01,0.0142,Phone overnight
phone_tablet_charging,2026-06-04 22:36,2026-06-04 23:42,66,0.012,0.0132,Tablet overnight
coffee_machine,2026-06-05 06:57,2026-06-05 07:04,7,1.17,0.1365,Morning coffee
kettle,2026-06-05 06:57,2026-06-05 07:01,4,2.0,0.1333,Morning tea / hot water
heat_pump_hot_water,2026-06-05 07:13,2026-06-05 08:04,51,1.6,1.36,Hot-water tank reheat
laptop,2026-06-05 08:26,2026-06-05 12:27,241,0.08,0.244,Work from home
coffee_machine,2026-06-05 10:48,2026-06-05 10:56,8,1.29,0.172,Mid-morning coffee
kettle,2026-06-05 12:32,2026-06-05 12:36,4,2.0,0.1333,Lunch break
coffee_machine,2026-06-05 13:00,2026-06-05 13:09,9,1.48,0.222,Post-lunch coffee
laptop,2026-06-05 13:08,2026-06-05 15:17,129,0.064,0.1101,Work from home
oven,2026-06-05 18:07,2026-06-05 18:50,43,2.48,1.1573,Cooking dinner
dishwasher,2026-06-05 21:04,2026-06-05 22:43,99,2.0,1.1213,Dishwasher
laptop,2026-06-05 21:55,2026-06-05 22:45,50,0.055,0.0381,"Personal laptop (e-mails, booking trips)"
tv,2026-06-05 22:00,2026-06-05 22:45,45,0.09,0.0675,Evening TV / streaming
phone_tablet_charging,2026-06-05 22:35,2026-06-06 00:22,107,0.01,0.0178,Phone overnight
phone_tablet_charging,2026-06-05 22:40,2026-06-06 00:24,104,0.01,0.0173,Paul's phone
kettle,2026-06-06 08:24,2026-06-06 08:29,5,2.0,0.1667,Morning tea / hot water
coffee_machine,2026-06-06 08:29,2026-06-06 08:36,7,1.17,0.1365,Morning coffee
heat_pump_hot_water,2026-06-06 08:30,2026-06-06 09:47,77,1.6,2.0533,Hot-water tank reheat
coffee_machine,2026-06-06 08:48,2026-06-06 08:53,5,1.11,0.0925,Coffee for Paul
coffee_machine,2026-06-06 09:36,2026-06-06 09:45,9,1.03,0.1545,Second weekend coffee
oven,2026-06-06 18:44,2026-06-06 19:17,33,2.15,0.86,Cooking dinner
kettle,2026-06-06 19:40,2026-06-06 19:44,4,2.0,0.1333,Evening tea
phone_tablet_charging,2026-06-07 00:38,2026-06-07 02:23,105,0.01,0.0175,Phone overnight
phone_tablet_charging,2026-06-07 00:40,2026-06-07 01:45,65,0.012,0.013,Tablet overnight
phone_tablet_charging,2026-06-07 00:43,2026-06-07 02:31,108,0.01,0.018,Paul's phone
heat_pump_hot_water,2026-06-07 02:00,2026-06-07 02:37,37,1.6,0.9867,Hot-water tank reheat
kettle,2026-06-07 09:01,2026-06-07 09:06,5,2.0,0.1667,Morning tea / hot water
coffee_machine,2026-06-07 09:05,2026-06-07 09:12,7,1.23,0.1435,Morning coffee
coffee_machine,2026-06-07 09:18,2026-06-07 09:27,9,1.3,0.195,Coffee for Paul
heat_pump_hot_water,2026-06-07 09:31,2026-06-07 10:24,53,1.6,1.4133,Hot-water tank reheat
coffee_machine,2026-06-07 10:08,2026-06-07 10:15,7,1.19,0.1388,Second weekend coffee
washing_machine,2026-06-07 12:13,2026-06-07 13:56,103,2.0,0.7473,Weekly laundry
kettle,2026-06-07 18:50,2026-06-07 18:54,4,2.0,0.1333,Evening tea
tv,2026-06-07 20:34,2026-06-07 22:42,128,0.097,0.2069,Evening TV / streaming
phone_tablet_charging,2026-06-07 23:21,2026-06-08 00:53,92,0.01,0.0153,Phone overnight
phone_tablet_charging,2026-06-07 23:23,2026-06-08 00:37,74,0.012,0.0148,Tablet overnight
kettle,2026-06-08 06:57,2026-06-08 07:00,3,2.0,0.1,Morning tea / hot water
coffee_machine,2026-06-08 07:01,2026-06-08 07:09,8,1.3,0.1733,Morning coffee
heat_pump_hot_water,2026-06-08 07:02,2026-06-08 07:48,46,1.6,1.2267,Hot-water tank reheat
laptop,2026-06-08 08:40,2026-06-08 12:05,205,0.08,0.2581,Work from home
coffee_machine,2026-06-08 11:02,2026-06-08 11:09,7,1.49,0.1738,Mid-morning coffee
kettle,2026-06-08 12:10,2026-06-08 12:15,5,2.0,0.1667,Lunch break
laptop,2026-06-08 12:39,2026-06-08 17:29,290,0.08,0.2883,Work from home
kettle,2026-06-08 14:45,2026-06-08 14:50,5,2.0,0.1667,Afternoon tea
laptop,2026-06-08 17:49,2026-06-08 18:41,52,0.065,0.0461,Catching up after hours
kettle,2026-06-08 20:24,2026-06-08 20:29,5,2.0,0.1667,Evening tea
laptop,2026-06-08 21:08,2026-06-08 22:00,52,0.059,0.046,"Personal laptop (e-mails, booking trips)"
dishwasher,2026-06-08 21:20,2026-06-08 22:58,98,2.0,1.088,Dishwasher
phone_tablet_charging,2026-06-08 23:27,2026-06-09 00:45,78,0.01,0.013,Phone overnight
kettle,2026-06-09 06:56,2026-06-09 07:01,5,2.0,0.1667,Morning tea / hot water
coffee_machine,2026-06-09 07:02,2026-06-09 07:09,7,1.26,0.147,Morning coffee
heat_pump_hot_water,2026-06-09 07:05,2026-06-09 07:57,52,1.6,1.3867,Hot-water tank reheat
tv,2026-06-09 21:28,2026-06-09 22:47,79,0.129,0.1698,Evening TV / streaming
kettle,2026-06-09 21:58,2026-06-09 22:01,3,2.0,0.1,Evening tea
phone_tablet_charging,2026-06-09 23:02,2026-06-10 00:34,92,0.01,0.0153,Phone overnight
phone_tablet_charging,2026-06-09 23:04,2026-06-10 00:42,98,0.012,0.0196,Tablet overnight
kettle,2026-06-10 07:00,2026-06-10 07:03,3,2.0,0.1,Morning tea / hot water
coffee_machine,2026-06-10 07:13,2026-06-10 07:20,7,1.32,0.154,Morning coffee
heat_pump_hot_water,2026-06-10 07:24,2026-06-10 08:08,44,1.6,1.1733,Hot-water tank reheat
laptop,2026-06-10 08:53,2026-06-10 11:54,181,0.08,0.1907,Work from home
coffee_machine,2026-06-10 10:57,2026-06-10 11:04,7,1.26,0.147,Mid-morning coffee
kettle,2026-06-10 11:59,2026-06-10 12:03,4,2.0,0.1333,Lunch break
coffee_machine,2026-06-10 12:26,2026-06-10 12:33,7,1.4,0.1633,Post-lunch coffee
laptop,2026-06-10 12:34,2026-06-10 16:59,265,0.08,0.249,Work from home
kettle,2026-06-10 13:54,2026-06-10 13:58,4,2.0,0.1333,Afternoon tea
oven,2026-06-10 18:53,2026-06-10 19:41,48,2.14,1.07,Cooking dinner
tv,2026-06-10 21:07,2026-06-10 22:36,89,0.107,0.1587,Evening TV / streaming
phone_tablet_charging,2026-06-10 22:26,2026-06-11 00:09,103,0.01,0.0172,Phone overnight
phone_tablet_charging,2026-06-10 22:28,2026-06-10 23:40,72,0.012,0.0144,Tablet overnight
kettle,2026-06-11 06:57,2026-06-11 07:01,4,2.0,0.1333,Morning tea / hot water
coffee_machine,2026-06-11 07:01,2026-06-11 07:09,8,1.39,0.1853,Morning coffee
heat_pump_hot_water,2026-06-11 07:16,2026-06-11 08:05,49,1.6,1.3067,Hot-water tank reheat
phone_tablet_charging,2026-06-11 22:42,2026-06-12 00:09,87,0.01,0.0145,Phone overnight
phone_tablet_charging,2026-06-11 22:44,2026-06-12 00:03,79,0.012,0.0158,Tablet overnight
kettle,2026-06-12 07:13,2026-06-12 07:18,5,2.0,0.1667,Morning tea / hot water
coffee_machine,2026-06-12 07:16,2026-06-12 07:23,7,1.48,0.1727,Morning coffee
heat_pump_hot_water,2026-06-12 07:24,2026-06-12 08:04,40,1.6,1.0667,Hot-water tank reheat
tv,2026-06-12 20:04,2026-06-12 23:10,186,0.125,0.3875,Evening TV / streaming
kettle,2026-06-12 20:59,2026-06-12 21:02,3,2.0,0.1,Evening tea
dishwasher,2026-06-12 21:39,2026-06-12 23:14,95,2.0,0.988,Dishwasher
phone_tablet_charging,2026-06-13 00:12,2026-06-13 01:36,84,0.01,0.014,Phone overnight
phone_tablet_charging,2026-06-13 00:14,2026-06-13 01:20,66,0.012,0.0132,Tablet overnight
kettle,2026-06-13 08:33,2026-06-13 08:37,4,2.0,0.1333,Morning tea / hot water
coffee_machine,2026-06-13 08:41,2026-06-13 08:47,6,1.06,0.106,Morning coffee
heat_pump_hot_water,2026-06-13 08:44,2026-06-13 09:28,44,1.6,1.1733,Hot-water tank reheat
coffee_machine,2026-06-13 09:32,2026-06-13 09:38,6,1.28,0.128,Second weekend coffee
washing_machine,2026-06-13 22:17,2026-06-14 00:01,104,2.0,0.7807,Laundry before the trip
tv,2026-06-13 22:47,2026-06-14 00:25,98,0.127,0.2074,Evening TV / streaming
phone_tablet_charging,2026-06-14 00:15,2026-06-14 01:28,73,0.01,0.0122,Phone overnight
phone_tablet_charging,2026-06-14 00:17,2026-06-14 01:47,90,0.012,0.018,Tablet overnight
heat_pump_hot_water,2026-06-14 02:00,2026-06-14 02:37,37,1.6,0.9867,Hot-water tank reheat
kettle,2026-06-14 04:21,2026-06-14 04:25,4,2.0,0.1333,Morning tea / hot water
coffee_machine,2026-06-14 04:25,2026-06-14 04:31,6,1.02,0.102,Morning coffee
phone_tablet_charging,2026-06-14 04:45,2026-06-14 06:05,80,0.015,0.02,Power bank before trip
heat_pump_hot_water,2026-06-16 18:53,2026-06-16 20:06,73,1.6,1.9467,Hot-water tank reheat
oven,2026-06-16 19:13,2026-06-16 20:08,55,2.14,1.2127,Cooking dinner
laptop,2026-06-16 19:27,2026-06-16 20:31,64,0.08,0.0693,"Catching up after the trip: e-mails, bookings, packing list"
washing_machine,2026-06-16 19:38,2026-06-16 21:17,99,2.0,0.614,"Laundry after the trip (Paris, France)"
kettle,2026-06-16 19:40,2026-06-16 19:44,4,2.0,0.1333,Catching up after the trip: tea
tv,2026-06-16 20:25,2026-06-16 22:20,115,0.106,0.2032,Evening TV / streaming
tv,2026-06-16 20:28,2026-06-16 21:00,32,0.135,0.072,Winding down after the trip
phone_tablet_charging,2026-06-16 22:42,2026-06-17 00:12,90,0.01,0.015,Phone overnight
kettle,2026-06-17 06:30,2026-06-17 06:35,5,2.0,0.1667,Morning tea / hot water
coffee_machine,2026-06-17 06:37,2026-06-17 06:43,6,1.33,0.133,Morning coffee
heat_pump_hot_water,2026-06-17 06:37,2026-06-17 07:12,35,1.6,0.9333,Hot-water tank reheat
laptop,2026-06-17 08:39,2026-06-17 12:33,234,0.08,0.2657,Work from home
coffee_machine,2026-06-17 11:17,2026-06-17 11:23,6,1.3,0.13,Mid-morning coffee
kettle,2026-06-17 12:38,2026-06-17 12:42,4,2.0,0.1333,Lunch break
laptop,2026-06-17 13:17,2026-06-17 17:26,249,0.08,0.2564,Work from home
kettle,2026-06-17 15:17,2026-06-17 15:20,3,2.0,0.1,Afternoon tea
laptop,2026-06-17 17:11,2026-06-17 17:46,35,0.059,0.0281,"Trip preparation: e-mails, bookings, packing list"
kettle,2026-06-17 17:58,2026-06-17 18:03,5,2.0,0.1667,Trip preparation: tea
kettle,2026-06-17 21:19,2026-06-17 21:22,3,2.0,0.1,Evening tea
washing_machine,2026-06-17 21:19,2026-06-17 23:05,106,2.0,0.8473,Laundry before the trip
phone_tablet_charging,2026-06-17 22:47,2026-06-18 00:01,74,0.01,0.0123,Phone overnight
phone_tablet_charging,2026-06-18 00:35,2026-06-18 01:55,80,0.015,0.02,Power bank before trip
kettle,2026-06-18 07:15,2026-06-18 07:19,4,2.0,0.1333,Morning tea / hot water
coffee_machine,2026-06-18 07:21,2026-06-18 07:27,6,1.47,0.147,Morning coffee
heat_pump_hot_water,2026-06-18 07:31,2026-06-18 08:22,51,1.6,1.36,Hot-water tank reheat
heat_pump_hot_water,2026-06-19 22:52,2026-06-19 23:23,31,1.6,0.8267,Hot-water tank reheat
heat_pump_hot_water,2026-06-21 02:00,2026-06-21 02:39,39,1.6,1.04,Hot-water tank reheat
phone_tablet_charging,2026-06-21 23:00,2026-06-22 00:22,82,0.01,0.0137,Phone overnight
laptop,2026-06-21 23:04,2026-06-21 23:10,6,0.058,0.0055,"Catching up after the trip: e-mails, bookings, packing list"
kettle,2026-06-22 04:53,2026-06-22 04:58,5,2.0,0.1667,Morning tea / hot water
coffee_machine,2026-06-22 04:58,2026-06-22 05:03,5,1.34,0.1117,Morning coffee
heat_pump_hot_water,2026-06-22 05:16,2026-06-22 05:59,43,1.6,1.1467,Hot-water tank reheat
phone_tablet_charging,2026-06-22 05:20,2026-06-22 06:40,80,0.015,0.02,Power bank before trip
heat_pump_hot_water,2026-06-23 21:53,2026-06-23 22:24,31,1.6,0.8267,Hot-water tank reheat
heat_pump_hot_water,2026-06-25 14:24,2026-06-25 14:55,31,1.6,0.8267,Hot-water tank reheat
laptop,2026-06-25 18:27,2026-06-25 19:04,37,0.067,0.0362,"Catching up after the trip: e-mails, bookings, packing list"
oven,2026-06-25 18:27,2026-06-25 18:50,23,2.02,0.606,Catching up after the trip: cooking / using up food
kettle,2026-06-25 19:02,2026-06-25 19:05,3,2.0,0.1,Catching up after the trip: tea
tv,2026-06-25 19:14,2026-06-25 21:07,113,0.101,0.1902,Winding down after the trip
dishwasher,2026-06-25 21:19,2026-06-25 22:56,97,2.0,1.0547,Dishwasher
phone_tablet_charging,2026-06-25 22:50,2026-06-26 00:30,100,0.01,0.0167,Phone overnight
kettle,2026-06-26 06:35,2026-06-26 06:40,5,2.0,0.1667,Morning tea / hot water
coffee_machine,2026-06-26 06:42,2026-06-26 06:50,8,1.4,0.1867,Morning coffee
heat_pump_hot_water,2026-06-26 06:51,2026-06-26 07:29,38,1.6,1.0133,Hot-water tank reheat
oven,2026-06-26 19:34,2026-06-26 20:03,29,2.09,0.7315,Cooking dinner
phone_tablet_charging,2026-06-26 23:06,2026-06-27 00:35,89,0.01,0.0148,Phone overnight
kettle,2026-06-27 08:45,2026-06-27 08:50,5,2.0,0.1667,Morning tea / hot water
coffee_machine,2026-06-27 08:48,2026-06-27 08:55,7,1.46,0.1703,Morning coffee
heat_pump_hot_water,2026-06-27 08:59,2026-06-27 09:44,45,1.6,1.2,Hot-water tank reheat
coffee_machine,2026-06-27 09:55,2026-06-27 10:03,8,1.06,0.1413,Second weekend coffee
oven,2026-06-27 17:58,2026-06-27 19:00,62,2.08,1.3173,Cooking for guests (Movie night @ mine)
laptop,2026-06-27 18:02,2026-06-27 19:25,83,0.063,0.0733,"Trip preparation: e-mails, bookings, packing list"
oven,2026-06-27 18:26,2026-06-27 18:58,32,2.34,0.897,Trip preparation: cooking / using up food
kettle,2026-06-27 19:13,2026-06-27 19:16,3,2.0,0.1,Trip preparation: tea
washing_machine,2026-06-27 20:00,2026-06-27 21:41,101,2.0,0.6807,Laundry before the trip
phone_tablet_charging,2026-06-27 20:16,2026-06-27 21:36,80,0.015,0.02,Power bank before trip
tv,2026-06-27 20:21,2026-06-27 23:13,172,0.105,0.301,Movie night
dishwasher,2026-06-27 21:27,2026-06-27 23:05,98,2.0,1.088,Dishwasher
heat_pump_hot_water,2026-06-27 22:08,2026-06-27 22:42,34,1.6,0.9067,Hot-water tank reheat
kettle,2026-06-27 22:30,2026-06-27 22:33,3,2.0,0.1,Tea for guests
kettle,2026-06-27 22:38,2026-06-27 22:42,4,2.0,0.1333,Tea for guests
kettle,2026-06-27 22:44,2026-06-27 22:48,4,2.0,0.1333,Tea for guests
kettle,2026-06-27 23:04,2026-06-27 23:07,3,2.0,0.1,Tea for guests
phone_tablet_charging,2026-06-27 23:56,2026-06-28 01:36,100,0.01,0.0167,Phone overnight
kettle,2026-06-28 04:25,2026-06-28 04:30,5,2.0,0.1667,Morning tea / hot water
coffee_machine,2026-06-28 04:28,2026-06-28 04:34,6,1.3,0.13,Morning coffee
heat_pump_hot_water,2026-06-28 04:28,2026-06-28 05:17,49,1.6,1.3067,Hot-water tank reheat
heat_pump_hot_water,2026-06-29 21:09,2026-06-29 21:40,31,1.6,0.8267,Hot-water tank reheat
washing_machine,2026-06-30 17:46,2026-06-30 19:32,106,2.0,0.8473,"Laundry after the trip (Prague, Czechia)"
oven,2026-06-30 18:01,2026-06-30 18:39,38,2.07,0.897,Cooking dinner
kettle,2026-06-30 18:33,2026-06-30 18:37,4,2.0,0.1333,Evening tea
oven,2026-06-30 18:33,2026-06-30 19:13,40,2.13,0.9585,Catching up after the trip: cooking / using up food
laptop,2026-06-30 18:35,2026-06-30 20:16,101,0.06,0.0785,"Catching up after the trip: e-mails, bookings, packing list"
kettle,2026-06-30 19:25,2026-06-30 19:30,5,2.0,0.1667,Catching up after the trip: tea
tv,2026-06-30 19:44,2026-06-30 21:36,112,0.095,0.1773,Winding down after the trip
laptop,2026-06-30 21:37,2026-06-30 22:52,75,0.078,0.0821,"Personal laptop (e-mails, booking trips)"
phone_tablet_charging,2026-06-30 23:05,2026-07-01 00:48,103,0.01,0.0172,Phone overnight
phone_tablet_charging,2026-06-30 23:07,2026-07-01 00:23,76,0.012,0.0152,Tablet overnight
kettle,2026-07-01 07:13,2026-07-01 07:17,4,2.0,0.1333,Morning tea / hot water
heat_pump_hot_water,2026-07-01 07:15,2026-07-01 08:08,53,1.6,1.4133,Hot-water tank reheat
coffee_machine,2026-07-01 07:25,2026-07-01 07:31,6,1.46,0.146,Morning coffee
laptop,2026-07-01 08:47,2026-07-01 12:14,207,0.08,0.2345,Work from home
coffee_machine,2026-07-01 11:14,2026-07-01 11:20,6,1.36,0.136,Mid-morning coffee
kettle,2026-07-01 12:19,2026-07-01 12:23,4,2.0,0.1333,Lunch break
coffee_machine,2026-07-01 12:44,2026-07-01 12:50,6,1.09,0.109,Post-lunch coffee
laptop,2026-07-01 12:52,2026-07-01 16:54,242,0.08,0.2133,Work from home
kettle,2026-07-01 14:23,2026-07-01 14:26,3,2.0,0.1,Afternoon tea
laptop,2026-07-01 21:23,2026-07-01 21:50,27,0.067,0.0238,"Personal laptop (e-mails, booking trips)"
phone_tablet_charging,2026-07-01 22:22,2026-07-01 23:53,91,0.01,0.0152,Phone overnight
kettle,2026-07-02 07:20,2026-07-02 07:25,5,2.0,0.1667,Morning tea / hot water
coffee_machine,2026-07-02 07:22,2026-07-02 07:28,6,1.09,0.109,Morning coffee
heat_pump_hot_water,2026-07-02 07:33,2026-07-02 08:24,51,1.6,1.36,Hot-water tank reheat
kettle,2026-07-02 18:11,2026-07-02 18:16,5,2.0,0.1667,Evening tea
dishwasher,2026-07-02 20:48,2026-07-02 22:26,98,2.0,1.088,Dishwasher
tv,2026-07-02 21:34,2026-07-02 22:44,70,0.091,0.1062,Evening TV / streaming
laptop,2026-07-02 22:05,2026-07-02 22:24,19,0.069,0.0196,"Personal laptop (e-mails, booking trips)"
phone_tablet_charging,2026-07-02 23:10,2026-07-03 00:51,101,0.01,0.0168,Phone overnight
kettle,2026-07-03 07:01,2026-07-03 07:04,3,2.0,0.1,Morning tea / hot water
coffee_machine,2026-07-03 07:02,2026-07-03 07:10,8,1.38,0.184,Morning coffee
heat_pump_hot_water,2026-07-03 07:18,2026-07-03 08:01,43,1.6,1.1467,Hot-water tank reheat
laptop,2026-07-03 08:58,2026-07-03 12:42,224,0.061,0.1759,Work from home
coffee_machine,2026-07-03 11:36,2026-07-03 11:43,7,1.04,0.1213,Mid-morning coffee
kettle,2026-07-03 12:47,2026-07-03 12:51,4,2.0,0.1333,Lunch break
laptop,2026-07-03 13:22,2026-07-03 15:17,115,0.078,0.1233,Work from home
oven,2026-07-03 18:03,2026-07-03 18:52,49,2.46,1.271,Cooking dinner
kettle,2026-07-03 18:31,2026-07-03 18:36,5,2.0,0.1667,Evening tea
laptop,2026-07-03 21:35,2026-07-03 22:37,62,0.06,0.0549,"Personal laptop (e-mails, booking trips)"
phone_tablet_charging,2026-07-03 23:23,2026-07-04 01:04,101,0.01,0.0168,Phone overnight
phone_tablet_charging,2026-07-03 23:28,2026-07-04 00:50,82,0.01,0.0137,Paul's phone
kettle,2026-07-04 08:10,2026-07-04 08:13,3,2.0,0.1,Morning tea / hot water
coffee_machine,2026-07-04 08:15,2026-07-04 08:21,6,1.22,0.122,Morning coffee
heat_pump_hot_water,2026-07-04 08:29,2026-07-04 09:47,78,1.6,2.08,Hot-water tank reheat
coffee_machine,2026-07-04 08:39,2026-07-04 08:46,7,1.22,0.1423,Coffee for Paul
coffee_machine,2026-07-04 10:03,2026-07-04 10:10,7,1.12,0.1307,Second weekend coffee
washing_machine,2026-07-04 11:14,2026-07-04 12:56,102,2.0,0.714,Weekly laundry
oven,2026-07-04 18:21,2026-07-04 18:48,27,2.09,0.7315,Cooking dinner
dishwasher,2026-07-04 22:13,2026-07-04 23:50,97,2.0,1.0547,Dishwasher
phone_tablet_charging,2026-07-04 23:44,2026-07-05 01:09,85,0.01,0.0142,Phone overnight
phone_tablet_charging,2026-07-04 23:49,2026-07-05 01:25,96,0.01,0.016,Paul's phone
heat_pump_hot_water,2026-07-05 02:00,2026-07-05 02:39,39,1.6,1.04,Hot-water tank reheat
kettle,2026-07-05 08:14,2026-07-05 08:18,4,2.0,0.1333,Morning tea / hot water
coffee_machine,2026-07-05 08:21,2026-07-05 08:28,7,1.08,0.126,Morning coffee
coffee_machine,2026-07-05 08:35,2026-07-05 08:41,6,1.02,0.102,Coffee for Paul
heat_pump_hot_water,2026-07-05 08:49,2026-07-05 09:41,52,1.6,1.3867,Hot-water tank reheat
coffee_machine,2026-07-05 09:51,2026-07-05 09:56,5,1.33,0.1108,Second weekend coffee
washing_machine,2026-07-05 17:05,2026-07-05 18:55,110,2.0,0.9807,Bed sheets after Paul
kettle,2026-07-05 18:45,2026-07-05 18:49,4,2.0,0.1333,Evening tea
tv,2026-07-05 21:27,2026-07-05 22:54,87,0.136,0.1972,Evening TV / streaming
phone_tablet_charging,2026-07-05 23:04,2026-07-06 00:24,80,0.01,0.0133,Phone overnight
phone_tablet_charging,2026-07-05 23:06,2026-07-06 00:17,71,0.012,0.0142,Tablet overnight
kettle,2026-07-06 06:27,2026-07-06 06:31,4,2.0,0.1333,Morning tea / hot water
coffee_machine,2026-07-06 06:38,2026-07-06 06:46,8,1.21,0.1613,Morning coffee
heat_pump_hot_water,2026-07-06 06:48,2026-07-06 07:36,48,1.6,1.28,Hot-water tank reheat
laptop,2026-07-06 18:22,2026-07-06 19:31,69,0.08,0.0828,"Trip preparation: e-mails, bookings, packing list"
kettle,2026-07-06 18:36,2026-07-06 18:40,4,2.0,0.1333,Evening tea
oven,2026-07-06 18:40,2026-07-06 19:09,29,2.13,0.7455,Cooking dinner
oven,2026-07-06 18:43,2026-07-06 19:03,20,2.19,0.6205,Trip preparation: cooking / using up food
kettle,2026-07-06 19:05,2026-07-06 19:08,3,2.0,0.1,Trip preparation: tea
tv,2026-07-06 19:35,2026-07-06 20:39,64,0.112,0.1195,Evening TV / streaming
phone_tablet_charging,2026-07-06 22:34,2026-07-07 00:19,105,0.01,0.0175,Phone overnight
phone_tablet_charging,2026-07-06 22:36,2026-07-06 23:52,76,0.012,0.0152,Tablet overnight
phone_tablet_charging,2026-07-06 23:10,2026-07-07 00:30,80,0.015,0.02,Power bank before trip
kettle,2026-07-07 04:29,2026-07-07 04:32,3,2.0,0.1,Morning tea / hot water
coffee_machine,2026-07-07 04:35,2026-07-07 04:42,7,1.18,0.1377,Morning coffee
heat_pump_hot_water,2026-07-07 04:52,2026-07-07 05:25,33,1.6,0.88,Hot-water tank reheat
heat_pump_hot_water,2026-07-10 17:05,2026-07-10 18:21,76,1.6,2.0267,Hot-water tank reheat
kettle,2026-07-10 18:22,2026-07-10 18:26,4,2.0,0.1333,Catching up after the trip: tea
washing_machine,2026-07-10 18:30,2026-07-10 20:10,100,2.0,0.6473,"Laundry after the trip (Berlin, Germany)"
laptop,2026-07-10 18:36,2026-07-10 19:16,40,0.08,0.0445,"Catching up after the trip: e-mails, bookings, packing list"
kettle,2026-07-10 19:13,2026-07-10 19:16,3,2.0,0.1,Evening tea
tv,2026-07-10 19:23,2026-07-10 21:14,111,0.123,0.2275,Winding down after the trip
dishwasher,2026-07-10 21:45,2026-07-10 23:16,91,2.0,0.8547,Dishwasher
tv,2026-07-10 21:45,2026-07-10 22:20,35,0.135,0.0788,Evening TV / streaming
phone_tablet_charging,2026-07-10 23:22,2026-07-11 00:49,87,0.01,0.0145,Phone overnight
heat_pump_hot_water,2026-07-11 08:46,2026-07-11 09:22,36,1.6,0.96,Hot-water tank reheat
coffee_machine,2026-07-11 08:47,2026-07-11 08:55,8,1.47,0.196,Morning coffee
washing_machine,2026-07-11 10:47,2026-07-11 12:27,100,2.0,0.6473,Weekly laundry
heat_pump_hot_water,2026-07-11 18:31,2026-07-11 19:02,31,1.6,0.8267,Hot-water tank reheat
tv,2026-07-11 19:17,2026-07-11 20:47,90,0.125,0.1875,Evening TV / streaming
oven,2026-07-11 19:31,2026-07-11 19:57,26,2.22,0.74,Cooking dinner
laptop,2026-07-11 20:43,2026-07-11 21:19,36,0.06,0.0326,"Personal laptop (e-mails, booking trips)"
phone_tablet_charging,2026-07-12 00:29,2026-07-12 01:51,82,0.01,0.0137,Phone overnight
phone_tablet_charging,2026-07-12 00:31,2026-07-12 02:08,97,0.012,0.0194,Tablet overnight
heat_pump_hot_water,2026-07-12 05:25,2026-07-12 05:56,31,1.6,0.8267,Hot-water tank reheat
coffee_machine,2026-07-12 08:15,2026-07-12 08:21,6,1.48,0.148,Morning coffee
kettle,2026-07-12 08:15,2026-07-12 08:18,3,2.0,0.1,Morning tea / hot water
coffee_machine,2026-07-12 09:44,2026-07-12 09:51,7,1.04,0.1213,Second weekend coffee
heat_pump_hot_water,2026-07-12 16:06,2026-07-12 16:37,31,1.6,0.8267,Hot-water tank reheat
oven,2026-07-12 18:29,2026-07-12 19:08,39,2.06,0.927,Cooking dinner
tv,2026-07-12 20:18,2026-07-12 22:51,153,0.095,0.2422,Evening TV / streaming
laptop,2026-07-12 20:40,2026-07-12 21:10,30,0.055,0.0235,"Personal laptop (e-mails, booking trips)"
phone_tablet_charging,2026-07-12 22:44,2026-07-13 00:30,106,0.01,0.0177,Phone overnight
kettle,2026-07-13 06:42,2026-07-13 06:46,4,2.0,0.1333,Morning tea / hot water
coffee_machine,2026-07-13 06:45,2026-07-13 06:55,10,1.27,0.2117,Morning coffee
heat_pump_hot_water,2026-07-13 06:58,2026-07-13 07:37,39,1.6,1.04,Hot-water tank reheat
laptop,2026-07-13 08:15,2026-07-13 12:17,242,0.08,0.2858,Work from home
kettle,2026-07-13 12:22,2026-07-13 12:26,4,2.0,0.1333,Lunch break
coffee_machine,2026-07-13 12:49,2026-07-13 12:55,6,1.21,0.121,Post-lunch coffee
laptop,2026-07-13 12:57,2026-07-13 16:00,183,0.08,0.2115,Work from home
kettle,2026-07-13 15:19,2026-07-13 15:22,3,2.0,0.1,Afternoon tea
laptop,2026-07-13 17:15,2026-07-13 17:48,33,0.075,0.0365,"Trip preparation: e-mails, bookings, packing list"
phone_tablet_charging,2026-07-13 17:29,2026-07-13 18:49,80,0.015,0.02,Power bank before trip
kettle,2026-07-13 18:12,2026-07-13 18:17,5,2.0,0.1667,Trip preparation: tea
kettle,2026-07-13 18:34,2026-07-13 18:37,3,2.0,0.1,Evening tea
washing_machine,2026-07-13 20:00,2026-07-13 21:44,104,2.0,0.7807,Laundry before the trip
dishwasher,2026-07-13 20:58,2026-07-13 22:36,98,2.0,1.088,Dishwasher
phone_tablet_charging,2026-07-13 22:29,2026-07-13 23:51,82,0.01,0.0137,Phone overnight
phone_tablet_charging,2026-07-13 22:31,2026-07-14 00:02,91,0.012,0.0182,Tablet overnight
kettle,2026-07-14 04:30,2026-07-14 04:33,3,2.0,0.1,Morning tea / hot water
coffee_machine,2026-07-14 04:41,2026-07-14 04:49,8,1.03,0.1373,Morning coffee
heat_pump_hot_water,2026-07-14 04:43,2026-07-14 05:33,50,1.6,1.3333,Hot-water tank reheat
laptop,2026-07-15 18:29,2026-07-15 19:33,64,0.059,0.0516,"Catching up after the trip: e-mails, bookings, packing list"
oven,2026-07-15 18:38,2026-07-15 18:58,20,2.03,0.5752,Catching up after the trip: cooking / using up food
kettle,2026-07-15 18:55,2026-07-15 18:59,4,2.0,0.1333,Catching up after the trip: tea
tv,2026-07-15 19:08,2026-07-15 20:23,75,0.132,0.165,Winding down after the trip
washing_machine,2026-07-15 19:37,2026-07-15 21:17,100,2.0,0.6473,"Laundry after the trip (Hamburg, Germany)"
oven,2026-07-15 19:44,2026-07-15 20:14,30,2.05,0.7175,Cooking dinner
heat_pump_hot_water,2026-07-15 19:51,2026-07-15 20:22,31,1.6,0.8267,Hot-water tank reheat
tv,2026-07-15 20:04,2026-07-15 21:56,112,0.141,0.2632,Evening TV / streaming
laptop,2026-07-15 21:39,2026-07-15 22:53,74,0.069,0.0694,"Personal laptop (e-mails, booking trips)"
phone_tablet_charging,2026-07-15 22:47,2026-07-16 00:22,95,0.01,0.0158,Phone overnight
phone_tablet_charging,2026-07-15 22:49,2026-07-16 00:21,92,0.012,0.0184,Tablet overnight
kettle,2026-07-16 06:58,2026-07-16 07:02,4,2.0,0.1333,Morning tea / hot water
coffee_machine,2026-07-16 07:09,2026-07-16 07:18,9,1.25,0.1875,Morning coffee
heat_pump_hot_water,2026-07-16 07:10,2026-07-16 07:43,33,1.6,0.88,Hot-water tank reheat
kettle,2026-07-16 20:06,2026-07-16 20:10,4,2.0,0.1333,Evening tea
tv,2026-07-16 20:34,2026-07-16 22:50,136,0.136,0.3083,Evening TV / streaming
phone_tablet_charging,2026-07-16 22:40,2026-07-17 00:13,93,0.01,0.0155,Phone overnight
kettle,2026-07-17 06:27,2026-07-17 06:32,5,2.0,0.1667,Morning tea / hot water
coffee_machine,2026-07-17 06:41,2026-07-17 06:48,7,1.2,0.14,Morning coffee
heat_pump_hot_water,2026-07-17 06:43,2026-07-17 07:24,41,1.6,1.0933,Hot-water tank reheat
laptop,2026-07-17 08:48,2026-07-17 13:06,258,0.08,0.2743,Work from home
kettle,2026-07-17 13:11,2026-07-17 13:16,5,2.0,0.1667,Lunch break
coffee_machine,2026-07-17 13:40,2026-07-17 13:46,6,1.13,0.113,Post-lunch coffee
laptop,2026-07-17 13:48,2026-07-17 17:44,236,0.08,0.2537,Work from home
kettle,2026-07-17 16:22,2026-07-17 16:27,5,2.0,0.1667,Afternoon tea
laptop,2026-07-17 18:04,2026-07-17 19:08,64,0.079,0.0761,Catching up after hours
dishwasher,2026-07-17 21:07,2026-07-17 22:42,95,2.0,0.988,Dishwasher
phone_tablet_charging,2026-07-17 23:38,2026-07-18 00:56,78,0.01,0.013,Phone overnight
kettle,2026-07-18 06:50,2026-07-18 06:55,5,2.0,0.1667,Morning tea / hot water
heat_pump_hot_water,2026-07-18 06:52,2026-07-18 07:46,54,1.6,1.44,Hot-water tank reheat
coffee_machine,2026-07-18 07:04,2026-07-18 07:11,7,1.34,0.1563,Morning coffee
lighting,2026-07-18 09:50,2026-07-18 12:46,176,0.06,0.176,Lights left on when leaving
kettle,2026-07-18 18:27,2026-07-18 18:31,4,2.0,0.1333,Evening tea
phone_tablet_charging,2026-07-18 23:56,2026-07-19 01:18,82,0.01,0.0137,Phone overnight
heat_pump_hot_water,2026-07-19 02:00,2026-07-19 02:44,44,1.6,1.1733,Hot-water tank reheat
kettle,2026-07-19 08:10,2026-07-19 08:14,4,2.0,0.1333,Morning tea / hot water
coffee_machine,2026-07-19 08:24,2026-07-19 08:31,7,1.47,0.1715,Morning coffee
coffee_machine,2026-07-19 09:22,2026-07-19 09:28,6,1.06,0.106,Second weekend coffee
heat_pump_hot_water,2026-07-19 12:00,2026-07-19 12:31,31,1.6,0.8267,Hot-water tank reheat
laptop,2026-07-19 17:15,2026-07-19 17:54,39,0.059,0.0345,"Trip preparation: e-mails, bookings, packing list"
oven,2026-07-19 17:21,2026-07-19 17:52,31,2.29,0.8397,Trip preparation: cooking / using up food
kettle,2026-07-19 18:30,2026-07-19 18:34,4,2.0,0.1333,Trip preparation: tea
phone_tablet_charging,2026-07-19 20:16,2026-07-19 21:36,80,0.015,0.02,Power bank before trip
dishwasher,2026-07-19 21:06,2026-07-19 22:46,100,2.0,1.1547,Dishwasher
phone_tablet_charging,2026-07-19 23:41,2026-07-20 01:17,96,0.01,0.016,Phone overnight
kettle,2026-07-20 04:24,2026-07-20 04:28,4,2.0,0.1333,Morning tea / hot water
coffee_machine,2026-07-20 04:39,2026-07-20 04:46,7,1.19,0.1388,Morning coffee
heat_pump_hot_water,2026-07-20 04:43,2026-07-20 05:24,41,1.6,1.0933,Hot-water tank reheat
heat_pump_hot_water,2026-07-21 21:23,2026-07-21 21:54,31,1.6,0.8267,Hot-water tank reheat
laptop,2026-07-22 18:36,2026-07-22 19:49,73,0.051,0.0536,"Catching up after the trip: e-mails, bookings, packing list"
oven,2026-07-22 18:39,2026-07-22 19:34,55,2.27,1.2863,Cooking dinner
kettle,2026-07-22 19:25,2026-07-22 19:29,4,2.0,0.1333,Catching up after the trip: tea
tv,2026-07-22 20:03,2026-07-22 22:05,122,0.119,0.242,Winding down after the trip
kettle,2026-07-22 20:59,2026-07-22 21:02,3,2.0,0.1,Evening tea
laptop,2026-07-22 21:36,2026-07-22 22:32,56,0.078,0.0564,"Personal laptop (e-mails, booking trips)"
phone_tablet_charging,2026-07-22 23:16,2026-07-23 01:03,107,0.01,0.0178,Phone overnight
kettle,2026-07-23 06:13,2026-07-23 06:17,4,2.0,0.1333,Morning tea / hot water
heat_pump_hot_water,2026-07-23 06:17,2026-07-23 07:05,48,1.6,1.28,Hot-water tank reheat
coffee_machine,2026-07-23 06:27,2026-07-23 06:36,9,1.11,0.1665,Morning coffee
laptop,2026-07-23 18:00,2026-07-23 18:08,8,0.063,0.0081,"Trip preparation: e-mails, bookings, packing list"
kettle,2026-07-23 20:46,2026-07-23 20:50,4,2.0,0.1333,Evening tea
tv,2026-07-23 20:56,2026-07-23 23:25,149,0.103,0.2558,Evening TV / streaming
heat_pump_hot_water,2026-07-23 21:29,2026-07-23 22:00,31,1.6,0.8267,Hot-water tank reheat
phone_tablet_charging,2026-07-23 23:15,2026-07-24 00:57,102,0.01,0.017,Phone overnight
phone_tablet_charging,2026-07-24 05:20,2026-07-24 06:40,80,0.015,0.02,Power bank before trip
kettle,2026-07-24 06:53,2026-07-24 06:56,3,2.0,0.1,Morning tea / hot water
coffee_machine,2026-07-24 07:06,2026-07-24 07:13,7,1.04,0.1213,Morning coffee
laptop,2026-07-24 08:15,2026-07-24 12:47,272,0.08,0.3026,Work from home
heat_pump_hot_water,2026-07-24 08:29,2026-07-24 09:00,31,1.6,0.8267,Hot-water tank reheat
heat_pump_hot_water,2026-07-25 21:08,2026-07-25 21:39,31,1.6,0.8267,Hot-water tank reheat
heat_pump_hot_water,2026-07-26 13:39,2026-07-26 14:10,31,1.6,0.8267,Hot-water tank reheat
phone_tablet_charging,2026-07-27 00:11,2026-07-27 01:29,78,0.01,0.013,Phone overnight
coffee_machine,2026-07-27 07:06,2026-07-27 07:15,9,1.27,0.1905,Morning coffee
kettle,2026-07-27 07:06,2026-07-27 07:10,4,2.0,0.1333,Morning tea / hot water
heat_pump_hot_water,2026-07-27 07:13,2026-07-27 07:49,36,1.6,0.96,Hot-water tank reheat
washing_machine,2026-07-27 07:55,2026-07-27 09:35,100,2.0,0.6473,"Laundry after the trip (Berlin, Germany)"
laptop,2026-07-27 08:35,2026-07-27 12:49,254,0.072,0.2069,Work from home
coffee_machine,2026-07-27 10:32,2026-07-27 10:38,6,1.44,0.144,Mid-morning coffee
kettle,2026-07-27 12:54,2026-07-27 12:58,4,2.0,0.1333,Lunch break
coffee_machine,2026-07-27 13:13,2026-07-27 13:20,7,1.13,0.1318,Post-lunch coffee
laptop,2026-07-27 13:21,2026-07-27 17:17,236,0.07,0.1907,Work from home
kettle,2026-07-27 15:09,2026-07-27 15:12,3,2.0,0.1,Afternoon tea
phone_tablet_charging,2026-07-27 15:47,2026-07-27 17:07,80,0.015,0.02,Power bank before trip
laptop,2026-07-27 17:24,2026-07-27 18:32,68,0.06,0.0523,"Trip preparation: e-mails, bookings, packing list"
kettle,2026-07-27 17:36,2026-07-27 17:39,3,2.0,0.1,Trip preparation: tea
kettle,2026-07-27 18:42,2026-07-27 18:46,4,2.0,0.1333,Evening tea
washing_machine,2026-07-27 20:00,2026-07-27 21:40,100,2.0,0.6473,Laundry before the trip
dishwasher,2026-07-27 20:34,2026-07-27 22:10,96,2.0,1.0213,Dishwasher
tv,2026-07-27 20:57,2026-07-27 22:15,78,0.148,0.1924,Evening TV / streaming
phone_tablet_charging,2026-07-27 22:05,2026-07-27 23:34,89,0.01,0.0148,Phone overnight
phone_tablet_charging,2026-07-27 22:07,2026-07-27 23:20,73,0.012,0.0146,Tablet overnight
kettle,2026-07-28 06:59,2026-07-28 07:04,5,2.0,0.1667,Morning tea / hot water
coffee_machine,2026-07-28 07:05,2026-07-28 07:11,6,1.28,0.128,Morning coffee
laptop,2026-07-28 08:13,2026-07-28 12:31,258,0.08,0.2979,Work from home
kettle,2026-07-28 12:36,2026-07-28 12:40,4,2.0,0.1333,Lunch break
coffee_machine,2026-07-28 12:57,2026-07-28 13:06,9,1.13,0.1695,Post-lunch coffee
laptop,2026-07-28 13:05,2026-07-28 14:50,105,0.08,0.1221,Work from home
heat_pump_hot_water,2026-07-30 19:11,2026-07-30 20:55,104,1.6,2.7733,Hot-water tank reheat
laptop,2026-07-30 19:33,2026-07-30 20:40,67,0.078,0.0766,"Catching up after the trip: e-mails, bookings, packing list"
kettle,2026-07-30 20:24,2026-07-30 20:27,3,2.0,0.1,Catching up after the trip: tea
laptop,2026-07-30 21:14,2026-07-30 21:56,42,0.059,0.0337,"Personal laptop (e-mails, booking trips)"
tv,2026-07-30 21:35,2026-07-30 23:37,122,0.106,0.2155,Winding down after the trip
phone_tablet_charging,2026-07-30 23:44,2026-07-31 01:10,86,0.01,0.0143,Phone overnight
phone_tablet_charging,2026-07-30 23:46,2026-07-31 01:26,100,0.012,0.02,Tablet overnight
kettle,2026-07-31 06:47,2026-07-31 06:50,3,2.0,0.1,Morning tea / hot water
coffee_machine,2026-07-31 06:55,2026-07-31 07:00,5,1.04,0.0867,Morning coffee
heat_pump_hot_water,2026-07-31 07:06,2026-07-31 07:41,35,1.6,0.9333,Hot-water tank reheat
laptop,2026-07-31 08:01,2026-07-31 12:34,273,0.077,0.2503,Work from home
coffee_machine,2026-07-31 10:06,2026-07-31 10:16,10,1.33,0.2217,Mid-morning coffee
kettle,2026-07-31 12:39,2026-07-31 12:44,5,2.0,0.1667,Lunch break
coffee_machine,2026-07-31 13:12,2026-07-31 13:20,8,1.0,0.1333,Post-lunch coffee
laptop,2026-07-31 13:20,2026-07-31 17:49,269,0.08,0.2976,Work from home
kettle,2026-07-31 15:25,2026-07-31 15:29,4,2.0,0.1333,Afternoon tea
oven,2026-07-31 17:50,2026-07-31 18:22,32,2.39,0.9162,Cooking dinner
kettle,2026-07-31 18:56,2026-07-31 18:59,3,2.0,0.1,Evening tea
phone_tablet_charging,2026-07-31 23:36,2026-08-01 01:00,84,0.01,0.014,Phone overnight
kettle,2026-08-01 07:16,2026-08-01 07:20,4,2.0,0.1333,Morning tea / hot water
coffee_machine,2026-08-01 07:23,2026-08-01 07:28,5,1.17,0.0975,Morning coffee
heat_pump_hot_water,2026-08-01 07:33,2026-08-01 08:22,49,1.6,1.3067,Hot-water tank reheat
heat_pump_hot_water,2026-08-01 19:43,2026-08-01 20:14,31,1.6,0.8267,Hot-water tank reheat
tv,2026-08-01 20:37,2026-08-01 22:07,90,0.131,0.1965,Evening TV / streaming
kettle,2026-08-01 21:05,2026-08-01 21:09,4,2.0,0.1333,Evening tea
laptop,2026-08-01 21:21,2026-08-01 21:59,38,0.059,0.032,"Personal laptop (e-mails, booking trips)"
dishwasher,2026-08-01 21:57,2026-08-01 23:34,97,2.0,1.0547,Dishwasher
phone_tablet_charging,2026-08-01 23:28,2026-08-02 00:55,87,0.01,0.0145,Phone overnight
phone_tablet_charging,2026-08-01 23:30,2026-08-02 01:05,95,0.012,0.019,Tablet overnight
kettle,2026-08-02 08:17,2026-08-02 08:20,3,2.0,0.1,Morning tea / hot water
coffee_machine,2026-08-02 08:20,2026-08-02 08:27,7,1.49,0.1738,Morning coffee
heat_pump_hot_water,2026-08-02 08:30,2026-08-02 09:23,53,1.6,1.4133,Hot-water tank reheat
coffee_machine,2026-08-02 09:30,2026-08-02 09:38,8,1.0,0.1333,Second weekend coffee
phone_tablet_charging,2026-08-02 15:00,2026-08-02 16:20,80,0.015,0.02,Power bank before trip
laptop,2026-08-02 17:08,2026-08-02 18:15,67,0.08,0.0768,"Trip preparation: e-mails, bookings, packing list"
oven,2026-08-02 17:20,2026-08-02 18:11,51,2.0,1.1,Trip preparation: cooking / using up food
kettle,2026-08-02 17:38,2026-08-02 17:42,4,2.0,0.1333,Trip preparation: tea
kettle,2026-08-02 19:09,2026-08-02 19:13,4,2.0,0.1333,Evening tea
tv,2026-08-02 19:49,2026-08-02 22:11,142,0.104,0.2461,Evening TV / streaming
washing_machine,2026-08-02 20:00,2026-08-02 21:44,104,2.0,0.7807,Laundry before the trip
phone_tablet_charging,2026-08-02 22:35,2026-08-02 23:52,77,0.01,0.0128,Phone overnight
phone_tablet_charging,2026-08-02 22:37,2026-08-03 00:17,100,0.012,0.02,Tablet overnight
kettle,2026-08-03 06:49,2026-08-03 06:52,3,2.0,0.1,Morning tea / hot water
coffee_machine,2026-08-03 06:56,2026-08-03 07:02,6,1.42,0.142,Morning coffee
heat_pump_hot_water,2026-08-03 07:07,2026-08-03 07:55,48,1.6,1.28,Hot-water tank reheat
laptop,2026-08-04 20:07,2026-08-04 20:56,49,0.064,0.0421,"Catching up after the trip: e-mails, bookings, packing list"
tv,2026-08-04 20:33,2026-08-04 22:10,97,0.104,0.1681,Evening TV / streaming
heat_pump_hot_water,2026-08-04 21:00,2026-08-04 21:31,31,1.6,0.8267,Hot-water tank reheat
tv,2026-08-04 21:21,2026-08-04 22:10,49,0.11,0.0898,Winding down after the trip
kettle,2026-08-04 21:27,2026-08-04 21:30,3,2.0,0.1,Catching up after the trip: tea
washing_machine,2026-08-04 21:45,2026-08-04 23:30,105,2.0,0.814,"Laundry after the trip (Kraków, Poland)"
phone_tablet_charging,2026-08-04 22:00,2026-08-04 23:25,85,0.01,0.0142,Phone overnight
kettle,2026-08-05 06:59,2026-08-05 07:03,4,2.0,0.1333,Morning tea / hot water
coffee_machine,2026-08-05 07:21,2026-08-05 07:31,10,1.07,0.1783,Morning coffee
laptop,2026-08-05 08:15,2026-08-05 12:55,280,0.08,0.3414,Work from home
heat_pump_hot_water,2026-08-05 08:34,2026-08-05 09:05,31,1.6,0.8267,Hot-water tank reheat
coffee_machine,2026-08-05 10:13,2026-08-05 10:18,5,1.44,0.12,Mid-morning coffee
kettle,2026-08-05 13:00,2026-08-05 13:04,4,2.0,0.1333,Lunch break
coffee_machine,2026-08-05 13:12,2026-08-05 13:19,7,1.4,0.1633,Post-lunch coffee
laptop,2026-08-05 13:20,2026-08-05 17:59,279,0.063,0.2217,Work from home
kettle,2026-08-05 15:13,2026-08-05 15:17,4,2.0,0.1333,Afternoon tea
kettle,2026-08-05 18:31,2026-08-05 18:36,5,2.0,0.1667,Evening tea
heat_pump_hot_water,2026-08-05 21:38,2026-08-05 22:13,35,1.6,0.9333,Hot-water tank reheat
phone_tablet_charging,2026-08-05 23:11,2026-08-06 00:26,75,0.01,0.0125,Phone overnight
phone_tablet_charging,2026-08-05 23:13,2026-08-06 00:46,93,0.012,0.0186,Tablet overnight
kettle,2026-08-06 06:52,2026-08-06 06:56,4,2.0,0.1333,Morning tea / hot water
coffee_machine,2026-08-06 07:01,2026-08-06 07:07,6,1.46,0.146,Morning coffee
heat_pump_hot_water,2026-08-06 07:46,2026-08-06 08:17,31,1.6,0.8267,Hot-water tank reheat
oven,2026-08-06 19:01,2026-08-06 19:21,20,2.38,0.6743,Cooking dinner
dishwasher,2026-08-06 20:49,2026-08-06 22:23,94,2.0,0.9547,Dishwasher
tv,2026-08-06 20:58,2026-08-06 21:54,56,0.12,0.112,Evening TV / streaming
phone_tablet_charging,2026-08-06 22:20,2026-08-06 23:36,76,0.01,0.0127,Phone overnight
phone_tablet_charging,2026-08-06 22:22,2026-08-06 23:32,70,0.012,0.014,Tablet overnight
kettle,2026-08-07 06:27,2026-08-07 06:30,3,2.0,0.1,Morning tea / hot water
heat_pump_hot_water,2026-08-07 06:32,2026-08-07 07:15,43,1.6,1.1467,Hot-water tank reheat
coffee_machine,2026-08-07 06:33,2026-08-07 06:40,7,1.26,0.147,Morning coffee
laptop,2026-08-07 09:09,2026-08-07 12:26,197,0.076,0.176,Work from home
kettle,2026-08-07 12:31,2026-08-07 12:35,4,2.0,0.1333,Lunch break
coffee_machine,2026-08-07 12:58,2026-08-07 13:03,5,1.34,0.1117,Post-lunch coffee
laptop,2026-08-07 13:06,2026-08-07 16:35,209,0.075,0.1961,Work from home
kettle,2026-08-07 14:50,2026-08-07 14:53,3,2.0,0.1,Afternoon tea
laptop,2026-08-07 16:55,2026-08-07 17:18,23,0.07,0.0248,Catching up after hours
phone_tablet_charging,2026-08-07 23:08,2026-08-08 00:21,73,0.01,0.0122,Phone overnight
phone_tablet_charging,2026-08-07 23:10,2026-08-08 00:19,69,0.012,0.0138,Tablet overnight
phone_tablet_charging,2026-08-07 23:13,2026-08-08 00:50,97,0.01,0.0162,Paul's phone
kettle,2026-08-08 08:22,2026-08-08 08:26,4,2.0,0.1333,Morning tea / hot water
coffee_machine,2026-08-08 08:24,2026-08-08 08:32,8,1.44,0.192,Morning coffee
heat_pump_hot_water,2026-08-08 08:28,2026-08-08 09:45,77,1.6,2.0533,Hot-water tank reheat
coffee_machine,2026-08-08 08:49,2026-08-08 08:58,9,1.09,0.1635,Coffee for Paul
coffee_machine,2026-08-08 10:11,2026-08-08 10:18,7,1.43,0.1668,Second weekend coffee
heat_pump_hot_water,2026-08-08 18:10,2026-08-08 18:41,31,1.6,0.8267,Hot-water tank reheat
oven,2026-08-08 18:57,2026-08-08 19:54,57,2.36,1.416,Dinner at home w/ Paul
oven,2026-08-08 19:03,2026-08-08 19:53,50,2.09,1.1147,Cooking night w/ Paul
oven,2026-08-08 19:17,2026-08-08 19:55,38,2.16,0.936,Cooking dinner
dishwasher,2026-08-08 21:51,2026-08-08 23:24,93,2.0,0.9213,Dishwasher
phone_tablet_charging,2026-08-08 23:22,2026-08-09 00:55,93,0.01,0.0155,Phone overnight
phone_tablet_charging,2026-08-08 23:24,2026-08-09 00:59,95,0.012,0.019,Tablet overnight
phone_tablet_charging,2026-08-08 23:27,2026-08-09 01:13,106,0.01,0.0177,Paul's phone
heat_pump_hot_water,2026-08-09 05:50,2026-08-09 06:21,31,1.6,0.8267,Hot-water tank reheat
kettle,2026-08-09 08:48,2026-08-09 08:52,4,2.0,0.1333,Morning tea / hot water
coffee_machine,2026-08-09 08:53,2026-08-09 09:02,9,1.03,0.1545,Morning coffee
coffee_machine,2026-08-09 09:25,2026-08-09 09:31,6,1.42,0.142,Coffee for Paul
heat_pump_hot_water,2026-08-09 09:32,2026-08-09 10:22,50,1.6,1.3333,Hot-water tank reheat
coffee_machine,2026-08-09 09:58,2026-08-09 10:04,6,1.11,0.111,Second weekend coffee
washing_machine,2026-08-09 11:08,2026-08-09 12:49,101,2.0,0.6807,Weekly laundry
washing_machine,2026-08-09 17:44,2026-08-09 19:34,110,2.0,0.9807,Bed sheets after Paul
tv,2026-08-09 19:42,2026-08-09 21:38,116,0.126,0.2436,Evening TV / streaming
laptop,2026-08-09 21:31,2026-08-09 22:11,40,0.08,0.0472,"Personal laptop (e-mails, booking trips)"
phone_tablet_charging,2026-08-09 23:18,2026-08-10 00:43,85,0.01,0.0142,Phone overnight
kettle,2026-08-10 07:03,2026-08-10 07:07,4,2.0,0.1333,Morning tea / hot water
coffee_machine,2026-08-10 07:12,2026-08-10 07:18,6,1.45,0.145,Morning coffee
heat_pump_hot_water,2026-08-10 07:17,2026-08-10 08:02,45,1.6,1.2,Hot-water tank reheat
phone_tablet_charging,2026-08-10 22:49,2026-08-11 00:04,75,0.01,0.0125,Phone overnight
phone_tablet_charging,2026-08-10 22:51,2026-08-10 23:56,65,0.012,0.013,Tablet overnight
heat_pump_hot_water,2026-08-11 01:04,2026-08-11 01:35,31,1.6,0.8267,Hot-water tank reheat
kettle,2026-08-11 07:07,2026-08-11 07:12,5,2.0,0.1667,Morning tea / hot water
coffee_machine,2026-08-11 07:15,2026-08-11 07:21,6,1.17,0.117,Morning coffee
heat_pump_hot_water,2026-08-11 13:07,2026-08-11 13:38,31,1.6,0.8267,Hot-water tank reheat
laptop,2026-08-11 17:46,2026-08-11 18:45,59,0.051,0.0444,"Trip preparation: e-mails, bookings, packing list"
kettle,2026-08-11 18:44,2026-08-11 18:48,4,2.0,0.1333,Trip preparation: tea
dishwasher,2026-08-11 21:05,2026-08-11 22:40,95,2.0,0.988,Dishwasher
washing_machine,2026-08-11 22:16,2026-08-12 00:01,105,2.0,0.814,Laundry before the trip
phone_tablet_charging,2026-08-11 22:36,2026-08-12 00:20,104,0.01,0.0173,Phone overnight
phone_tablet_charging,2026-08-11 23:48,2026-08-12 01:08,80,0.015,0.02,Power bank before trip
kettle,2026-08-12 05:07,2026-08-12 05:11,4,2.0,0.1333,Morning tea / hot water
coffee_machine,2026-08-12 05:18,2026-08-12 05:25,7,1.43,0.1668,Morning coffee
heat_pump_hot_water,2026-08-12 05:30,2026-08-12 06:07,37,1.6,0.9867,Hot-water tank reheat
laptop,2026-08-13 20:51,2026-08-13 21:54,63,0.078,0.0701,"Catching up after the trip: e-mails, bookings, packing list"
heat_pump_hot_water,2026-08-13 21:22,2026-08-13 21:53,31,1.6,0.8267,Hot-water tank reheat
oven,2026-08-13 21:24,2026-08-13 22:11,47,2.32,1.16,Catching up after the trip: cooking / using up food
tv,2026-08-13 21:37,2026-08-13 23:06,89,0.125,0.1854,Winding down after the trip
kettle,2026-08-13 21:39,2026-08-13 21:42,3,2.0,0.1,Catching up after the trip: tea
phone_tablet_charging,2026-08-13 22:56,2026-08-14 00:41,105,0.01,0.0175,Phone overnight
phone_tablet_charging,2026-08-13 22:58,2026-08-14 00:04,66,0.012,0.0132,Tablet overnight
kettle,2026-08-14 06:57,2026-08-14 07:00,3,2.0,0.1,Morning tea / hot water
coffee_machine,2026-08-14 07:03,2026-08-14 07:10,7,1.47,0.1715,Morning coffee
heat_pump_hot_water,2026-08-14 07:19,2026-08-14 07:51,32,1.6,0.8533,Hot-water tank reheat
laptop,2026-08-14 08:19,2026-08-14 12:29,250,0.08,0.2483,Work from home
washing_machine,2026-08-14 08:19,2026-08-14 10:03,104,2.0,0.7807,"Laundry after the trip (Wrocław, Poland)"
coffee_machine,2026-08-14 10:02,2026-08-14 10:08,6,1.36,0.136,Mid-morning coffee
kettle,2026-08-14 12:34,2026-08-14 12:38,4,2.0,0.1333,Lunch break
laptop,2026-08-14 13:10,2026-08-14 16:45,215,0.08,0.2374,Work from home
kettle,2026-08-14 16:00,2026-08-14 16:05,5,2.0,0.1667,Afternoon tea
phone_tablet_charging,2026-08-14 23:14,2026-08-15 00:38,84,0.01,0.014,Phone overnight
kettle,2026-08-15 08:18,2026-08-15 08:22,4,2.0,0.1333,Morning tea / hot water
coffee_machine,2026-08-15 08:28,2026-08-15 08:34,6,1.07,0.107,Morning coffee
heat_pump_hot_water,2026-08-15 08:32,2026-08-15 09:21,49,1.6,1.3067,Hot-water tank reheat
kettle,2026-08-15 18:35,2026-08-15 18:39,4,2.0,0.1333,Evening tea
phone_tablet_charging,2026-08-15 23:15,2026-08-16 00:39,84,0.01,0.014,Phone overnight
phone_tablet_charging,2026-08-15 23:17,2026-08-16 00:35,78,0.012,0.0156,Tablet overnight
heat_pump_hot_water,2026-08-16 02:00,2026-08-16 02:39,39,1.6,1.04,Hot-water tank reheat
kettle,2026-08-16 08:23,2026-08-16 08:27,4,2.0,0.1333,Morning tea / hot water
coffee_machine,2026-08-16 08:29,2026-08-16 08:37,8,1.4,0.1867,Morning coffee
coffee_machine,2026-08-16 10:18,2026-08-16 10:24,6,1.16,0.116,Second weekend coffee
heat_pump_hot_water,2026-08-16 10:31,2026-08-16 11:02,31,1.6,0.8267,Hot-water tank reheat
laptop,2026-08-16 17:19,2026-08-16 18:27,68,0.075,0.07,"Trip preparation: e-mails, bookings, packing list"
kettle,2026-08-16 17:34,2026-08-16 17:39,5,2.0,0.1667,Trip preparation: tea
washing_machine,2026-08-16 20:00,2026-08-16 21:44,104,2.0,0.7807,Laundry before the trip
phone_tablet_charging,2026-08-16 21:57,2026-08-16 23:17,80,0.015,0.02,Power bank before trip
phone_tablet_charging,2026-08-16 23:34,2026-08-17 01:12,98,0.01,0.0163,Phone overnight
phone_tablet_charging,2026-08-16 23:36,2026-08-17 01:15,99,0.012,0.0198,Tablet overnight
coffee_machine,2026-08-17 05:47,2026-08-17 05:54,7,1.02,0.119,Morning coffee
kettle,2026-08-17 05:49,2026-08-17 05:53,4,2.0,0.1333,Morning tea / hot water
heat_pump_hot_water,2026-08-17 05:56,2026-08-17 06:42,46,1.6,1.2267,Hot-water tank reheat
heat_pump_hot_water,2026-08-18 22:32,2026-08-18 23:03,31,1.6,0.8267,Hot-water tank reheat
heat_pump_hot_water,2026-08-20 15:03,2026-08-20 15:34,31,1.6,0.8267,Hot-water tank reheat
laptop,2026-08-20 22:43,2026-08-20 23:34,51,0.08,0.0596,"Catching up after the trip: e-mails, bookings, packing list"
tv,2026-08-20 23:15,2026-08-20 23:34,19,0.128,0.0405,Winding down after the trip
kettle,2026-08-20 23:20,2026-08-20 23:23,3,2.0,0.1,Evening tea
phone_tablet_charging,2026-08-20 23:24,2026-08-21 00:50,86,0.01,0.0143,Phone overnight
kettle,2026-08-20 23:26,2026-08-20 23:31,5,2.0,0.1667,Catching up after the trip: tea
phone_tablet_charging,2026-08-20 23:26,2026-08-21 00:56,90,0.012,0.018,Tablet overnight
kettle,2026-08-21 07:14,2026-08-21 07:18,4,2.0,0.1333,Morning tea / hot water
coffee_machine,2026-08-21 07:22,2026-08-21 07:30,8,1.3,0.1733,Morning coffee
heat_pump_hot_water,2026-08-21 07:22,2026-08-21 07:56,34,1.6,0.9067,Hot-water tank reheat
laptop,2026-08-21 08:11,2026-08-21 12:09,238,0.078,0.2024,Work from home
coffee_machine,2026-08-21 10:17,2026-08-21 10:25,8,1.5,0.2,Mid-morning coffee
kettle,2026-08-21 12:14,2026-08-21 12:17,3,2.0,0.1,Lunch break
laptop,2026-08-21 12:50,2026-08-21 17:34,284,0.08,0.3328,Work from home
kettle,2026-08-21 14:14,2026-08-21 14:17,3,2.0,0.1,Afternoon tea
phone_tablet_charging,2026-08-21 14:25,2026-08-21 15:45,80,0.015,0.02,Power bank before trip
laptop,2026-08-21 17:26,2026-08-21 18:04,38,0.052,0.0277,"Trip preparation: e-mails, bookings, packing list"
kettle,2026-08-21 18:10,2026-08-21 18:13,3,2.0,0.1,Trip preparation: tea
kettle,2026-08-21 19:02,2026-08-21 19:06,4,2.0,0.1333,Evening tea
oven,2026-08-21 19:36,2026-08-21 20:26,50,2.26,1.2053,Cooking dinner
washing_machine,2026-08-21 20:00,2026-08-21 21:41,101,2.0,0.6807,Laundry before the trip
dishwasher,2026-08-21 20:49,2026-08-21 22:27,98,2.0,1.088,Dishwasher
tv,2026-08-21 20:59,2026-08-21 22:25,86,0.081,0.1161,Evening TV / streaming
laptop,2026-08-21 21:09,2026-08-21 21:50,41,0.08,0.0481,"Personal laptop (e-mails, booking trips)"
phone_tablet_charging,2026-08-21 23:49,2026-08-22 01:05,76,0.01,0.0127,Phone overnight
kettle,2026-08-22 04:18,2026-08-22 04:21,3,2.0,0.1,Morning tea / hot water
coffee_machine,2026-08-22 04:25,2026-08-22 04:32,7,1.47,0.1715,Morning coffee
heat_pump_hot_water,2026-08-22 04:27,2026-08-22 05:20,53,1.6,1.4133,Hot-water tank reheat
heat_pump_hot_water,2026-08-23 02:00,2026-08-23 02:34,34,1.6,0.9067,Hot-water tank reheat
heat_pump_hot_water,2026-08-24 18:34,2026-08-24 19:05,31,1.6,0.8267,Hot-water tank reheat
heat_pump_hot_water,2026-08-26 11:05,2026-08-26 11:36,31,1.6,0.8267,Hot-water tank reheat
heat_pump_hot_water,2026-08-28 03:36,2026-08-28 04:07,31,1.6,0.8267,Hot-water tank reheat
heat_pump_hot_water,2026-08-29 20:07,2026-08-29 20:38,31,1.6,0.8267,Hot-water tank reheat
phone_tablet_charging,2026-08-30 01:05,2026-08-30 02:24,79,0.01,0.0132,Phone overnight
phone_tablet_charging,2026-08-30 01:07,2026-08-30 02:39,92,0.012,0.0184,Tablet overnight
kettle,2026-08-30 07:32,2026-08-30 07:36,4,2.0,0.1333,Morning tea / hot water
heat_pump_hot_water,2026-08-30 07:35,2026-08-30 08:25,50,1.6,1.3333,Hot-water tank reheat
coffee_machine,2026-08-30 07:37,2026-08-30 07:45,8,1.48,0.1973,Morning coffee
phone_tablet_charging,2026-08-30 14:50,2026-08-30 16:10,80,0.015,0.02,Power bank before trip
laptop,2026-08-30 17:14,2026-08-30 18:08,54,0.064,0.0492,"Trip preparation: e-mails, bookings, packing list"
oven,2026-08-30 17:31,2026-08-30 18:04,33,2.03,0.812,Trip preparation: cooking / using up food
washing_machine,2026-08-30 17:32,2026-08-30 19:17,105,2.0,0.814,Extra load before the trip
kettle,2026-08-30 17:47,2026-08-30 17:50,3,2.0,0.1,Evening tea
kettle,2026-08-30 17:49,2026-08-30 17:52,3,2.0,0.1,Trip preparation: tea
laptop,2026-08-30 18:03,2026-08-30 18:50,47,0.069,0.0436,"Catching up after the trip: e-mails, bookings, packing list"
oven,2026-08-30 18:45,2026-08-30 19:05,20,2.3,0.6517,Catching up after the trip: cooking / using up food
kettle,2026-08-30 18:47,2026-08-30 18:50,3,2.0,0.1,Catching up after the trip: tea
washing_machine,2026-08-30 20:00,2026-08-30 21:45,105,2.0,0.814,Laundry before the trip
tv,2026-08-30 20:30,2026-08-30 21:39,69,0.137,0.1576,Winding down after the trip
phone_tablet_charging,2026-08-30 23:09,2026-08-31 00:48,99,0.01,0.0165,Phone overnight
phone_tablet_charging,2026-08-30 23:11,2026-08-31 00:22,71,0.012,0.0142,Tablet overnight
kettle,2026-08-31 04:44,2026-08-31 04:47,3,2.0,0.1,Morning tea / hot water
coffee_machine,2026-08-31 04:47,2026-08-31 04:57,10,1.46,0.2433,Morning coffee
heat_pump_hot_water,2026-08-31 04:57,2026-08-31 05:46,49,1.6,1.3067,Hot-water tank reheat
laptop,2026-09-01 18:36,2026-09-01 19:28,52,0.077,0.0569,"Catching up after the trip: e-mails, bookings, packing list"
tv,2026-09-01 19:49,2026-09-01 20:43,54,0.109,0.0981,Winding down after the trip
washing_machine,2026-09-01 19:49,2026-09-01 21:33,104,2.0,0.7807,"Laundry after the trip (London, UK)"
kettle,2026-09-01 19:53,2026-09-01 19:58,5,2.0,0.1667,Catching up after the trip: tea
heat_pump_hot_water,2026-09-01 20:03,2026-09-01 20:34,31,1.6,0.8267,Hot-water tank reheat
tv,2026-09-01 20:23,2026-09-01 21:46,83,0.106,0.1466,Evening TV / streaming
laptop,2026-09-01 21:34,2026-09-01 22:23,49,0.08,0.0605,"Personal laptop (e-mails, booking trips)"
phone_tablet_charging,2026-09-02 00:08,2026-09-02 01:25,77,0.01,0.0128,Phone overnight
phone_tablet_charging,2026-09-02 00:10,2026-09-02 01:30,80,0.012,0.016,Tablet overnight
kettle,2026-09-02 06:57,2026-09-02 07:01,4,2.0,0.1333,Morning tea / hot water
heat_pump_hot_water,2026-09-02 07:04,2026-09-02 07:37,33,1.6,0.88,Hot-water tank reheat
coffee_machine,2026-09-02 07:05,2026-09-02 07:11,6,1.42,0.142,Morning coffee
laptop,2026-09-02 08:37,2026-09-02 12:29,232,0.08,0.1992,Work from home
coffee_machine,2026-09-02 11:18,2026-09-02 11:26,8,1.31,0.1747,Mid-morning coffee
kettle,2026-09-02 12:34,2026-09-02 12:37,3,2.0,0.1,Lunch break
laptop,2026-09-02 12:54,2026-09-02 17:26,272,0.069,0.232,Work from home
kettle,2026-09-02 14:54,2026-09-02 14:58,4,2.0,0.1333,Afternoon tea
kettle,2026-09-02 17:46,2026-09-02 17:51,5,2.0,0.1667,Evening tea
phone_tablet_charging,2026-09-02 22:31,2026-09-03 00:14,103,0.01,0.0172,Phone overnight
phone_tablet_charging,2026-09-02 22:33,2026-09-02 23:40,67,0.012,0.0134,Tablet overnight
kettle,2026-09-03 07:07,2026-09-03 07:12,5,2.0,0.1667,Morning tea / hot water
coffee_machine,2026-09-03 07:13,2026-09-03 07:18,5,1.12,0.0933,Morning coffee
heat_pump_hot_water,2026-09-03 07:26,2026-09-03 08:16,50,1.6,1.3333,Hot-water tank reheat
kettle,2026-09-03 18:34,2026-09-03 18:37,3,2.0,0.1,Evening tea
tv,2026-09-03 19:48,2026-09-03 22:05,137,0.122,0.2786,Evening TV / streaming
dishwasher,2026-09-03 21:35,2026-09-03 23:15,100,2.0,1.1547,Dishwasher
phone_tablet_charging,2026-09-03 23:18,2026-09-04 00:55,97,0.01,0.0162,Phone overnight
kettle,2026-09-04 06:58,2026-09-04 07:02,4,2.0,0.1333,Morning tea / hot water
coffee_machine,2026-09-04 06:59,2026-09-04 07:05,6,1.07,0.107,Morning coffee
heat_pump_hot_water,2026-09-04 07:06,2026-09-04 07:52,46,1.6,1.2267,Hot-water tank reheat
laptop,2026-09-04 08:27,2026-09-04 12:56,269,0.08,0.3219,Work from home
coffee_machine,2026-09-04 10:15,2026-09-04 10:21,6,1.41,0.141,Mid-morning coffee
kettle,2026-09-04 13:01,2026-09-04 13:04,3,2.0,0.1,Lunch break
laptop,2026-09-04 13:31,2026-09-04 17:34,243,0.075,0.2506,Work from home
kettle,2026-09-04 15:32,2026-09-04 15:37,5,2.0,0.1667,Afternoon tea
phone_tablet_charging,2026-09-05 00:17,2026-09-05 01:52,95,0.01,0.0158,Phone overnight
phone_tablet_charging,2026-09-05 00:19,2026-09-05 01:58,99,0.012,0.0198,Tablet overnight
kettle,2026-09-05 07:25,2026-09-05 07:30,5,2.0,0.1667,Morning tea / hot water
coffee_machine,2026-09-05 07:26,2026-09-05 07:32,6,1.21,0.121,Morning coffee
heat_pump_hot_water,2026-09-05 07:29,2026-09-05 08:22,53,1.6,1.4133,Hot-water tank reheat
kettle,2026-09-05 19:35,2026-09-05 19:38,3,2.0,0.1,Evening tea
phone_tablet_charging,2026-09-05 23:14,2026-09-06 00:46,92,0.01,0.0153,Phone overnight
heat_pump_hot_water,2026-09-06 02:00,2026-09-06 02:39,39,1.6,1.04,Hot-water tank reheat
kettle,2026-09-06 07:55,2026-09-06 07:58,3,2.0,0.1,Morning tea / hot water
coffee_machine,2026-09-06 08:01,2026-09-06 08:09,8,1.17,0.156,Morning coffee
coffee_machine,2026-09-06 09:14,2026-09-06 09:21,7,1.45,0.1692,Second weekend coffee
heat_pump_hot_water,2026-09-06 09:44,2026-09-06 10:15,31,1.6,0.8267,Hot-water tank reheat
washing_machine,2026-09-06 12:00,2026-09-06 13:43,103,2.0,0.7473,Weekly laundry
oven,2026-09-06 12:28,2026-09-06 13:22,54,2.29,1.2595,Weekend roast
kettle,2026-09-06 18:09,2026-09-06 18:13,4,2.0,0.1333,Evening tea
tv,2026-09-06 19:16,2026-09-06 21:10,114,0.097,0.1843,Evening TV / streaming
dishwasher,2026-09-06 21:23,2026-09-06 22:57,94,2.0,0.9547,Dishwasher
phone_tablet_charging,2026-09-06 22:54,2026-09-07 00:18,84,0.01,0.014,Phone overnight
kettle,2026-09-07 06:51,2026-09-07 06:55,4,2.0,0.1333,Morning tea / hot water
coffee_machine,2026-09-07 06:59,2026-09-07 07:06,7,1.21,0.1412,Morning coffee
heat_pump_hot_water,2026-09-07 07:08,2026-09-07 07:54,46,1.6,1.2267,Hot-water tank reheat
laptop,2026-09-07 08:21,2026-09-07 13:03,282,0.074,0.2708,Work from home
kettle,2026-09-07 13:08,2026-09-07 13:11,3,2.0,0.1,Lunch break
laptop,2026-09-07 13:34,2026-09-07 16:40,186,0.08,0.2277,Work from home
kettle,2026-09-07 15:15,2026-09-07 15:19,4,2.0,0.1333,Afternoon tea
laptop,2026-09-07 17:00,2026-09-07 17:31,31,0.08,0.0386,Catching up after hours
kettle,2026-09-07 19:36,2026-09-07 19:41,5,2.0,0.1667,Evening tea
laptop,2026-09-07 21:03,2026-09-07 22:14,71,0.075,0.0705,"Personal laptop (e-mails, booking trips)"
phone_tablet_charging,2026-09-07 22:36,2026-09-08 00:09,93,0.01,0.0155,Phone overnight
phone_tablet_charging,2026-09-07 22:38,2026-09-07 23:40,62,0.012,0.0124,Tablet overnight
kettle,2026-09-08 06:54,2026-09-08 06:58,4,2.0,0.1333,Morning tea / hot water
heat_pump_hot_water,2026-09-08 07:03,2026-09-08 07:53,50,1.6,1.3333,Hot-water tank reheat
coffee_machine,2026-09-08 07:07,2026-09-08 07:14,7,1.5,0.175,Morning coffee
tv,2026-09-08 21:00,2026-09-08 22:40,100,0.136,0.2267,Evening TV / streaming
dishwasher,2026-09-08 21:30,2026-09-08 23:06,96,2.0,1.0213,Dishwasher
phone_tablet_charging,2026-09-08 23:01,2026-09-09 00:22,81,0.01,0.0135,Phone overnight
kettle,2026-09-09 06:54,2026-09-09 06:58,4,2.0,0.1333,Morning tea / hot water
coffee_machine,2026-09-09 06:58,2026-09-09 07:04,6,1.31,0.131,Morning coffee
heat_pump_hot_water,2026-09-09 07:05,2026-09-09 07:50,45,1.6,1.2,Hot-water tank reheat
laptop,2026-09-09 08:24,2026-09-09 12:13,229,0.08,0.219,Work from home
coffee_machine,2026-09-09 10:21,2026-09-09 10:26,5,1.06,0.0883,Mid-morning coffee
kettle,2026-09-09 12:18,2026-09-09 12:22,4,2.0,0.1333,Lunch break
coffee_machine,2026-09-09 12:57,2026-09-09 13:04,7,1.14,0.133,Post-lunch coffee
laptop,2026-09-09 13:05,2026-09-09 17:01,236,0.08,0.2688,Work from home
kettle,2026-09-09 14:25,2026-09-09 14:29,4,2.0,0.1333,Afternoon tea
laptop,2026-09-09 17:21,2026-09-09 18:10,49,0.068,0.0444,"Trip preparation: e-mails, bookings, packing list"
kettle,2026-09-09 17:30,2026-09-09 17:34,4,2.0,0.1333,Trip preparation: tea
phone_tablet_charging,2026-09-09 18:41,2026-09-09 20:01,80,0.015,0.02,Power bank before trip
washing_machine,2026-09-09 21:20,2026-09-09 23:01,101,2.0,0.6807,Laundry before the trip
laptop,2026-09-09 21:22,2026-09-09 22:28,66,0.068,0.0644,"Personal laptop (e-mails, booking trips)"
heat_pump_hot_water,2026-09-09 21:37,2026-09-09 22:15,38,1.6,1.0133,Hot-water tank reheat
phone_tablet_charging,2026-09-09 23:08,2026-09-10 00:22,74,0.01,0.0123,Phone overnight
phone_tablet_charging,2026-09-09 23:10,2026-09-10 00:11,61,0.012,0.0122,Tablet overnight
kettle,2026-09-10 07:17,2026-09-10 07:21,4,2.0,0.1333,Morning tea / hot water
coffee_machine,2026-09-10 07:21,2026-09-10 07:27,6,1.19,0.119,Morning coffee
laptop,2026-09-10 09:14,2026-09-10 12:16,182,0.064,0.1422,Work from home
kettle,2026-09-10 12:21,2026-09-10 12:24,3,2.0,0.1,Lunch break
laptop,2026-09-10 12:49,2026-09-10 17:14,265,0.059,0.2022,Work from home
kettle,2026-09-10 14:37,2026-09-10 14:41,4,2.0,0.1333,Afternoon tea
heat_pump_hot_water,2026-09-13 16:17,2026-09-13 17:58,101,1.6,2.6933,Hot-water tank reheat
washing_machine,2026-09-13 17:26,2026-09-13 19:10,104,2.0,0.7807,"Laundry after the trip (Berlin, Germany)"
kettle,2026-09-13 17:36,2026-09-13 17:40,4,2.0,0.1333,Evening tea
laptop,2026-09-13 18:13,2026-09-13 19:23,70,0.08,0.0748,"Catching up after the trip: e-mails, bookings, packing list"
kettle,2026-09-13 19:05,2026-09-13 19:09,4,2.0,0.1333,Catching up after the trip: tea
tv,2026-09-13 19:16,2026-09-13 20:17,61,0.119,0.121,Winding down after the trip
washing_machine,2026-09-13 19:39,2026-09-13 21:25,106,2.0,0.8473,Second load after the trip
phone_tablet_charging,2026-09-13 23:07,2026-09-14 00:26,79,0.01,0.0132,Phone overnight
coffee_machine,2026-09-14 07:07,2026-09-14 07:12,5,1.5,0.125,Morning coffee
kettle,2026-09-14 07:08,2026-09-14 07:12,4,2.0,0.1333,Morning tea / hot water
heat_pump_hot_water,2026-09-14 07:24,2026-09-14 08:02,38,1.6,1.0133,Hot-water tank reheat
laptop,2026-09-14 17:00,2026-09-14 17:47,47,0.079,0.0525,"Trip preparation: e-mails, bookings, packing list"
phone_tablet_charging,2026-09-14 17:57,2026-09-14 19:17,80,0.015,0.02,Power bank before trip
kettle,2026-09-14 18:27,2026-09-14 18:30,3,2.0,0.1,Trip preparation: tea
washing_machine,2026-09-14 20:00,2026-09-14 21:39,99,2.0,0.614,Laundry before the trip
oven,2026-09-14 20:11,2026-09-14 20:31,20,2.43,0.6885,Cooking dinner
tv,2026-09-14 20:42,2026-09-14 21:48,66,0.14,0.154,Evening TV / streaming
dishwasher,2026-09-14 21:07,2026-09-14 22:41,94,2.0,0.9547,Dishwasher
phone_tablet_charging,2026-09-14 22:53,2026-09-15 00:32,99,0.01,0.0165,Phone overnight
kettle,2026-09-15 04:55,2026-09-15 04:59,4,2.0,0.1333,Morning tea / hot water
coffee_machine,2026-09-15 05:07,2026-09-15 05:16,9,1.27,0.1905,Morning coffee
heat_pump_hot_water,2026-09-15 05:08,2026-09-15 06:00,52,1.6,1.3867,Hot-water tank reheat
heat_pump_hot_water,2026-09-16 21:55,2026-09-16 22:26,31,1.6,0.8267,Hot-water tank reheat
heat_pump_hot_water,2026-09-18 14:26,2026-09-18 14:57,31,1.6,0.8267,Hot-water tank reheat
oven,2026-09-18 20:04,2026-09-18 20:24,20,2.41,0.6828,Catching up after the trip: cooking / using up food
laptop,2026-09-18 20:11,2026-09-18 21:09,58,0.062,0.0495,"Catching up after the trip: e-mails, bookings, packing list"
kettle,2026-09-18 20:36,2026-09-18 20:39,3,2.0,0.1,Evening tea
laptop,2026-09-18 20:41,2026-09-18 21:25,44,0.056,0.0331,"Personal laptop (e-mails, booking trips)"
kettle,2026-09-18 20:47,2026-09-18 20:50,3,2.0,0.1,Catching up after the trip: tea
tv,2026-09-18 21:09,2026-09-18 22:42,93,0.11,0.1705,Winding down after the trip
tv,2026-09-18 21:49,2026-09-18 23:00,71,0.12,0.142,Evening TV / streaming
phone_tablet_charging,2026-09-18 22:50,2026-09-19 00:20,90,0.01,0.015,Phone overnight
phone_tablet_charging,2026-09-18 22:52,2026-09-19 00:17,85,0.012,0.017,Tablet overnight
kettle,2026-09-19 08:24,2026-09-19 08:28,4,2.0,0.1333,Morning tea / hot water
coffee_machine,2026-09-19 08:27,2026-09-19 08:35,8,1.1,0.1467,Morning coffee
heat_pump_hot_water,2026-09-19 08:37,2026-09-19 09:14,37,1.6,0.9867,Hot-water tank reheat
heat_pump_hot_water,2026-09-19 18:31,2026-09-19 19:02,31,1.6,0.8267,Hot-water tank reheat
kettle,2026-09-19 19:40,2026-09-19 19:45,5,2.0,0.1667,Evening tea
tv,2026-09-19 20:29,2026-09-19 22:43,134,0.126,0.2814,Evening TV / streaming
laptop,2026-09-19 21:42,2026-09-19 22:19,37,0.063,0.0337,"Personal laptop (e-mails, booking trips)"
phone_tablet_charging,2026-09-20 00:21,2026-09-20 01:49,88,0.01,0.0147,Phone overnight
phone_tablet_charging,2026-09-20 00:23,2026-09-20 01:57,94,0.012,0.0188,Tablet overnight
heat_pump_hot_water,2026-09-20 05:33,2026-09-20 06:04,31,1.6,0.8267,Hot-water tank reheat
kettle,2026-09-20 08:21,2026-09-20 08:26,5,2.0,0.1667,Morning tea / hot water
coffee_machine,2026-09-20 08:30,2026-09-20 08:35,5,1.07,0.0892,Morning coffee
coffee_machine,2026-09-20 09:31,2026-09-20 09:38,7,1.43,0.1668,Second weekend coffee
lighting,2026-09-20 09:49,2026-09-20 11:50,121,0.06,0.121,Lights left on when leaving
heat_pump_hot_water,2026-09-20 13:37,2026-09-20 14:08,31,1.6,0.8267,Hot-water tank reheat
tv,2026-09-20 19:55,2026-09-20 21:50,115,0.117,0.2243,Evening TV / streaming
phone_tablet_charging,2026-09-20 22:40,2026-09-21 00:20,100,0.01,0.0167,Phone overnight
kettle,2026-09-21 06:46,2026-09-21 06:51,5,2.0,0.1667,Morning tea / hot water
coffee_machine,2026-09-21 06:59,2026-09-21 07:06,7,1.37,0.1598,Morning coffee
heat_pump_hot_water,2026-09-21 07:08,2026-09-21 07:51,43,1.6,1.1467,Hot-water tank reheat
heat_pump_hot_water,2026-09-21 20:38,2026-09-21 21:09,31,1.6,0.8267,Hot-water tank reheat
phone_tablet_charging,2026-09-21 22:14,2026-09-21 23:58,104,0.01,0.0173,Phone overnight
kettle,2026-09-22 06:33,2026-09-22 06:37,4,2.0,0.1333,Morning tea / hot water
coffee_machine,2026-09-22 06:39,2026-09-22 06:44,5,1.05,0.0875,Morning coffee
heat_pump_hot_water,2026-09-22 06:48,2026-09-22 07:23,35,1.6,0.9333,Hot-water tank reheat
dishwasher,2026-09-22 20:50,2026-09-22 22:29,99,2.0,1.1213,Dishwasher
kettle,2026-09-22 22:22,2026-09-22 22:26,4,2.0,0.1333,Evening tea
phone_tablet_charging,2026-09-22 22:43,2026-09-22 23:56,73,0.01,0.0122,Phone overnight
kettle,2026-09-23 06:38,2026-09-23 06:42,4,2.0,0.1333,Morning tea / hot water
heat_pump_hot_water,2026-09-23 06:43,2026-09-23 07:24,41,1.6,1.0933,Hot-water tank reheat
coffee_machine,2026-09-23 06:52,2026-09-23 06:57,5,1.21,0.1008,Morning coffee
kettle,2026-09-23 20:07,2026-09-23 20:11,4,2.0,0.1333,Evening tea
tv,2026-09-23 20:40,2026-09-23 22:01,81,0.101,0.1364,Evening TV / streaming
phone_tablet_charging,2026-09-23 22:07,2026-09-23 23:36,89,0.01,0.0148,Phone overnight
kettle,2026-09-24 06:51,2026-09-24 06:55,4,2.0,0.1333,Morning tea / hot water
coffee_machine,2026-09-24 06:54,2026-09-24 07:02,8,1.22,0.1627,Morning coffee
heat_pump_hot_water,2026-09-24 07:07,2026-09-24 07:50,43,1.6,1.1467,Hot-water tank reheat
heat_pump_hot_water,2026-09-24 22:27,2026-09-24 22:58,31,1.6,0.8267,Hot-water tank reheat
phone_tablet_charging,2026-09-24 23:26,2026-09-25 01:05,99,0.01,0.0165,Phone overnight
phone_tablet_charging,2026-09-24 23:28,2026-09-25 00:32,64,0.012,0.0128,Tablet overnight
heat_pump_space_heating,2026-09-25 06:00,2026-09-25 07:21,81,3.0,2.6833,Space heating (thermostat)
kettle,2026-09-25 06:25,2026-09-25 06:29,4,2.0,0.1333,Morning tea / hot water
coffee_machine,2026-09-25 06:27,2026-09-25 06:34,7,1.29,0.1505,Morning coffee
heat_pump_hot_water,2026-09-25 07:21,2026-09-25 07:52,31,1.6,0.8267,Hot-water tank reheat
heat_pump_space_heating,2026-09-25 07:52,2026-09-25 08:00,8,1.129,0.1426,Space heating (thermostat)
laptop,2026-09-25 08:45,2026-09-25 12:35,230,0.066,0.188,Work from home
kettle,2026-09-25 12:40,2026-09-25 12:43,3,2.0,0.1,Lunch break
laptop,2026-09-25 13:03,2026-09-25 17:11,248,0.08,0.2931,Work from home
kettle,2026-09-25 14:23,2026-09-25 14:27,4,2.0,0.1333,Afternoon tea
laptop,2026-09-25 17:31,2026-09-25 18:23,52,0.076,0.0577,Catching up after hours
phone_tablet_charging,2026-09-26 00:08,2026-09-26 01:22,74,0.01,0.0123,Phone overnight
phone_tablet_charging,2026-09-26 00:13,2026-09-26 01:27,74,0.01,0.0123,Paul's phone
heat_pump_space_heating,2026-09-26 06:00,2026-09-26 06:50,50,2.205,1.2653,Space heating (thermostat)
kettle,2026-09-26 06:59,2026-09-26 07:03,4,2.0,0.1333,Morning tea / hot water
coffee_machine,2026-09-26 07:05,2026-09-26 07:13,8,1.47,0.196,Morning coffee
heat_pump_hot_water,2026-09-26 07:20,2026-09-26 08:39,79,1.6,2.1067,Hot-water tank reheat
coffee_machine,2026-09-26 07:28,2026-09-26 07:35,7,1.17,0.1365,Coffee for Paul
oven,2026-09-26 18:33,2026-09-26 19:28,55,2.42,1.3713,Cooking dinner
oven,2026-09-26 18:46,2026-09-26 19:21,35,2.28,0.912,Cooking night w/ Paul
tv,2026-09-26 20:50,2026-09-26 22:44,114,0.083,0.1577,Evening TV / streaming
dishwasher,2026-09-26 21:03,2026-09-26 22:38,95,2.0,0.988,Dishwasher
phone_tablet_charging,2026-09-26 22:34,2026-09-27 00:20,106,0.01,0.0177,Phone overnight
phone_tablet_charging,2026-09-26 22:39,2026-09-27 00:03,84,0.01,0.014,Paul's phone
heat_pump_hot_water,2026-09-27 02:00,2026-09-27 02:40,40,1.6,1.0667,Hot-water tank reheat
heat_pump_space_heating,2026-09-27 06:37,2026-09-27 07:05,28,1.482,0.5699,Space heating (thermostat)
kettle,2026-09-27 08:25,2026-09-27 08:28,3,2.0,0.1,Morning tea / hot water
coffee_machine,2026-09-27 08:44,2026-09-27 08:53,9,1.17,0.1755,Morning coffee
coffee_machine,2026-09-27 08:50,2026-09-27 08:56,6,1.2,0.12,Coffee for Paul
heat_pump_hot_water,2026-09-27 09:10,2026-09-27 10:10,60,1.6,1.6,Hot-water tank reheat
coffee_machine,2026-09-27 09:32,2026-09-27 09:40,8,1.3,0.1733,Second weekend coffee
washing_machine,2026-09-27 10:56,2026-09-27 12:39,103,2.0,0.7473,Weekly laundry
washing_machine,2026-09-27 17:37,2026-09-27 19:25,108,2.0,0.914,Bed sheets after Paul
oven,2026-09-27 19:09,2026-09-27 19:38,29,2.29,0.8015,Cooking dinner
kettle,2026-09-27 19:10,2026-09-27 19:14,4,2.0,0.1333,Evening tea
laptop,2026-09-27 21:33,2026-09-27 22:17,44,0.073,0.0411,"Personal laptop (e-mails, booking trips)"
phone_tablet_charging,2026-09-27 22:10,2026-09-27 23:55,105,0.01,0.0175,Phone overnight
heat_pump_space_heating,2026-09-28 06:00,2026-09-28 06:33,33,1.631,0.7093,Space heating (thermostat)
kettle,2026-09-28 06:48,2026-09-28 06:53,5,2.0,0.1667,Morning tea / hot water
coffee_machine,2026-09-28 06:56,2026-09-28 07:02,6,1.09,0.109,Morning coffee
heat_pump_hot_water,2026-09-28 07:01,2026-09-28 07:53,52,1.6,1.3867,Hot-water tank reheat
laptop,2026-09-28 09:01,2026-09-28 12:23,202,0.08,0.1912,Work from home
heat_pump_space_heating,2026-09-28 09:37,2026-09-28 09:57,20,1.481,0.4089,Space heating (thermostat)
kettle,2026-09-28 12:28,2026-09-28 12:31,3,2.0,0.1,Lunch break
laptop,2026-09-28 13:09,2026-09-28 16:51,222,0.08,0.2348,Work from home
kettle,2026-09-28 15:05,2026-09-28 15:08,3,2.0,0.1,Afternoon tea
phone_tablet_charging,2026-09-28 16:54,2026-09-28 18:14,80,0.015,0.02,Power bank before trip
washing_machine,2026-09-28 17:26,2026-09-28 19:06,100,2.0,0.6473,Extra load before the trip
laptop,2026-09-28 17:28,2026-09-28 18:10,42,0.061,0.0346,"Trip preparation: e-mails, bookings, packing list"
oven,2026-09-28 17:39,2026-09-28 18:06,27,2.43,0.8505,Trip preparation: cooking / using up food
kettle,2026-09-28 18:08,2026-09-28 18:12,4,2.0,0.1333,Trip preparation: tea
kettle,2026-09-28 19:42,2026-09-28 19:45,3,2.0,0.1,Evening tea
washing_machine,2026-09-28 20:00,2026-09-28 21:39,99,2.0,0.614,Laundry before the trip
heat_pump_hot_water,2026-09-28 20:05,2026-09-28 20:43,38,1.6,1.0133,Hot-water tank reheat
phone_tablet_charging,2026-09-28 23:34,2026-09-29 00:52,78,0.01,0.013,Phone overnight
phone_tablet_charging,2026-09-28 23:36,2026-09-29 01:07,91,0.012,0.0182,Tablet overnight
kettle,2026-09-29 06:53,2026-09-29 06:57,4,2.0,0.1333,Morning tea / hot water
coffee_machine,2026-09-29 07:05,2026-09-29 07:12,7,1.4,0.1633,Morning coffee
laptop,2026-09-29 08:55,2026-09-29 12:38,223,0.076,0.2185,Work from home
coffee_machine,2026-09-29 10:57,2026-09-29 11:05,8,1.31,0.1747,Mid-morning coffee
kettle,2026-09-29 12:43,2026-09-29 12:47,4,2.0,0.1333,Lunch break
coffee_machine,2026-09-29 13:05,2026-09-29 13:13,8,1.38,0.184,Post-lunch coffee
laptop,2026-09-29 13:13,2026-09-29 14:50,97,0.075,0.0858,Work from home
heat_pump_space_heating,2026-09-30 23:19,2026-09-30 23:40,21,1.481,0.4312,Space heating (thermostat)
heat_pump_space_heating,2026-10-01 03:19,2026-10-01 03:42,23,1.481,0.4694,Space heating (thermostat)
heat_pump_space_heating,2026-10-01 07:02,2026-10-01 07:25,23,1.482,0.4708,Space heating (thermostat)
heat_pump_space_heating,2026-10-01 23:48,2026-10-02 00:13,25,1.483,0.5124,Space heating (thermostat)
heat_pump_space_heating,2026-10-02 02:26,2026-10-02 02:54,28,1.48,0.5718,Space heating (thermostat)
heat_pump_space_heating,2026-10-02 04:47,2026-10-02 05:17,30,1.481,0.6122,Space heating (thermostat)
heat_pump_space_heating,2026-10-02 07:04,2026-10-02 07:34,30,1.483,0.6145,Space heating (thermostat)
heat_pump_space_heating,2026-10-02 15:10,2026-10-02 15:30,20,2.4,0.8,Space heating (thermostat)
heat_pump_hot_water,2026-10-02 17:50,2026-10-02 19:36,106,1.6,2.8267,Hot-water tank reheat
laptop,2026-10-02 18:16,2026-10-02 18:48,32,0.077,0.034,"Catching up after the trip: e-mails, bookings, packing list"
kettle,2026-10-02 18:30,2026-10-02 18:34,4,2.0,0.1333,Catching up after the trip: tea
heat_pump_space_heating,2026-10-02 19:36,2026-10-02 20:48,72,3.0,2.6219,Space heating (thermostat)
dishwasher,2026-10-02 21:58,2026-10-02 23:31,93,2.0,0.9213,Dishwasher
kettle,2026-10-02 23:03,2026-10-02 23:08,5,2.0,0.1667,Evening tea
phone_tablet_charging,2026-10-03 00:00,2026-10-03 01:37,97,0.01,0.0162,Phone overnight
phone_tablet_charging,2026-10-03 00:02,2026-10-03 01:39,97,0.012,0.0194,Tablet overnight
heat_pump_space_heating,2026-10-03 06:00,2026-10-03 07:40,100,3.0,3.1826,Space heating (thermostat)
kettle,2026-10-03 08:38,2026-10-03 08:43,5,2.0,0.1667,Morning tea / hot water
coffee_machine,2026-10-03 08:41,2026-10-03 08:49,8,1.3,0.1733,Morning coffee
heat_pump_space_heating,2026-10-03 10:34,2026-10-03 10:55,21,1.48,0.431,Space heating (thermostat)
heat_pump_space_heating,2026-10-03 17:29,2026-10-03 17:51,22,1.481,0.4503,Space heating (thermostat)
kettle,2026-10-03 19:40,2026-10-03 19:45,5,2.0,0.1667,Evening tea
heat_pump_space_heating,2026-10-03 20:46,2026-10-03 21:12,26,1.483,0.5305,Space heating (thermostat)
heat_pump_hot_water,2026-10-03 22:15,2026-10-03 22:46,31,1.6,0.8267,Hot-water tank reheat
phone_tablet_charging,2026-10-03 23:07,2026-10-04 00:25,78,0.01,0.013,Phone overnight
heat_pump_space_heating,2026-10-04 06:00,2026-10-04 07:17,77,3.0,2.344,Space heating (thermostat)
coffee_machine,2026-10-04 08:27,2026-10-04 08:37,10,1.37,0.2283,Morning coffee
kettle,2026-10-04 08:28,2026-10-04 08:32,4,2.0,0.1333,Morning tea / hot water
heat_pump_hot_water,2026-10-04 08:43,2026-10-04 09:31,48,1.6,1.28,Hot-water tank reheat
coffee_machine,2026-10-04 09:41,2026-10-04 09:47,6,1.21,0.121,Second weekend coffee
oven,2026-10-04 11:45,2026-10-04 12:51,66,2.31,1.5015,Weekend roast
laptop,2026-10-04 17:01,2026-10-04 18:08,67,0.074,0.0712,"Trip preparation: e-mails, bookings, packing list"
washing_machine,2026-10-04 17:23,2026-10-04 19:09,106,2.0,0.8473,Extra load before the trip
oven,2026-10-04 17:31,2026-10-04 17:57,26,2.0,0.6667,Trip preparation: cooking / using up food
kettle,2026-10-04 17:45,2026-10-04 17:49,4,2.0,0.1333,Trip preparation: tea
phone_tablet_charging,2026-10-04 22:31,2026-10-05 00:11,100,0.01,0.0167,Phone overnight
phone_tablet_charging,2026-10-05 03:37,2026-10-05 04:57,80,0.015,0.02,Power bank before trip
coffee_machine,2026-10-05 06:27,2026-10-05 06:32,5,1.27,0.1058,Morning coffee
kettle,2026-10-05 06:27,2026-10-05 06:30,3,2.0,0.1,Morning tea / hot water
laptop,2026-10-05 08:58,2026-10-05 12:13,195,0.057,0.144,Work from home
coffee_machine,2026-10-05 10:29,2026-10-05 10:34,5,1.47,0.1225,Mid-morning coffee
kettle,2026-10-05 12:18,2026-10-05 12:22,4,2.0,0.1333,Lunch break
coffee_machine,2026-10-05 12:43,2026-10-05 12:49,6,1.41,0.141,Post-lunch coffee
laptop,2026-10-05 12:51,2026-10-05 14:50,119,0.075,0.1278,Work from home
heat_pump_hot_water,2026-10-06 17:41,2026-10-06 19:07,86,1.6,2.2933,Hot-water tank reheat
laptop,2026-10-06 18:05,2026-10-06 19:19,74,0.065,0.0578,"Catching up after the trip: e-mails, bookings, packing list"
oven,2026-10-06 18:19,2026-10-06 18:45,26,2.45,0.8167,Catching up after the trip: cooking / using up food
washing_machine,2026-10-06 18:51,2026-10-06 20:31,100,2.0,0.6473,"Laundry after the trip (Helsinki, Finland)"
kettle,2026-10-06 18:56,2026-10-06 19:01,5,2.0,0.1667,Catching up after the trip: tea
heat_pump_space_heating,2026-10-06 19:07,2026-10-06 20:10,63,3.0,2.395,Space heating (thermostat)
tv,2026-10-06 19:44,2026-10-06 20:15,31,0.118,0.061,Winding down after the trip
dishwasher,2026-10-06 20:54,2026-10-06 22:32,98,2.0,1.088,Dishwasher
phone_tablet_charging,2026-10-06 22:25,2026-10-06 23:44,79,0.01,0.0132,Phone overnight
phone_tablet_charging,2026-10-06 22:27,2026-10-07 00:05,98,0.012,0.0196,Tablet overnight
heat_pump_space_heating,2026-10-07 06:00,2026-10-07 06:40,40,2.217,1.0273,Space heating (thermostat)
kettle,2026-10-07 06:23,2026-10-07 06:26,3,2.0,0.1,Morning tea / hot water
coffee_machine,2026-10-07 06:25,2026-10-07 06:30,5,1.23,0.1025,Morning coffee
heat_pump_hot_water,2026-10-07 06:40,2026-10-07 07:15,35,1.6,0.9333,Hot-water tank reheat
heat_pump_space_heating,2026-10-07 07:15,2026-10-07 07:20,5,1.089,0.0874,Space heating (thermostat)
laptop,2026-10-07 08:27,2026-10-07 12:35,248,0.08,0.2341,Work from home
kettle,2026-10-07 12:40,2026-10-07 12:43,3,2.0,0.1,Lunch break
coffee_machine,2026-10-07 13:02,2026-10-07 13:10,8,1.28,0.1707,Post-lunch coffee
laptop,2026-10-07 13:10,2026-10-07 18:13,303,0.08,0.3307,Work from home
kettle,2026-10-07 15:47,2026-10-07 15:51,4,2.0,0.1333,Afternoon tea
kettle,2026-10-07 21:20,2026-10-07 21:24,4,2.0,0.1333,Evening tea
heat_pump_space_heating,2026-10-07 22:16,2026-10-07 22:31,15,1.482,0.325,Space heating (thermostat)
phone_tablet_charging,2026-10-07 22:47,2026-10-08 00:20,93,0.01,0.0155,Phone overnight
heat_pump_space_heating,2026-10-08 06:00,2026-10-08 07:02,62,3.0,2.0524,Space heating (thermostat)
kettle,2026-10-08 06:44,2026-10-08 06:48,4,2.0,0.1333,Morning tea / hot water
coffee_machine,2026-10-08 06:55,2026-10-08 07:02,7,1.25,0.1458,Morning coffee
heat_pump_hot_water,2026-10-08 07:02,2026-10-08 07:52,50,1.6,1.3333,Hot-water tank reheat
heat_pump_space_heating,2026-10-08 07:52,2026-10-08 08:17,25,1.396,0.4936,Space heating (thermostat)
laptop,2026-10-08 08:32,2026-10-08 12:39,247,0.08,0.2917,Work from home
coffee_machine,2026-10-08 10:29,2026-10-08 10:37,8,1.11,0.148,Mid-morning coffee
kettle,2026-10-08 12:44,2026-10-08 12:49,5,2.0,0.1667,Lunch break
coffee_machine,2026-10-08 13:10,2026-10-08 13:16,6,1.49,0.149,Post-lunch coffee
laptop,2026-10-08 13:18,2026-10-08 16:21,183,0.078,0.183,Work from home
kettle,2026-10-08 15:08,2026-10-08 15:12,4,2.0,0.1333,Afternoon tea
kettle,2026-10-08 17:53,2026-10-08 17:57,4,2.0,0.1333,Evening tea
phone_tablet_charging,2026-10-08 22:44,2026-10-09 00:09,85,0.01,0.0142,Phone overnight
heat_pump_space_heating,2026-10-09 06:00,2026-10-09 06:49,49,2.387,1.292,Space heating (thermostat)
coffee_machine,2026-10-09 07:11,2026-10-09 07:19,8,1.22,0.1627,Morning coffee
kettle,2026-10-09 07:11,2026-10-09 07:15,4,2.0,0.1333,Morning tea / hot water
heat_pump_hot_water,2026-10-09 07:20,2026-10-09 08:12,52,1.6,1.3867,Hot-water tank reheat
laptop,2026-10-09 08:24,2026-10-09 12:24,240,0.08,0.2726,Work from home
kettle,2026-10-09 12:29,2026-10-09 12:32,3,2.0,0.1,Lunch break
coffee_machine,2026-10-09 12:55,2026-10-09 13:02,7,1.2,0.14,Post-lunch coffee
laptop,2026-10-09 13:03,2026-10-09 18:10,307,0.08,0.3562,Work from home
kettle,2026-10-09 15:48,2026-10-09 15:53,5,2.0,0.1667,Afternoon tea
kettle,2026-10-09 17:57,2026-10-09 18:02,5,2.0,0.1667,Evening tea
heat_pump_space_heating,2026-10-09 20:24,2026-10-09 20:44,20,1.482,0.4103,Space heating (thermostat)
tv,2026-10-09 21:08,2026-10-09 23:58,170,0.141,0.3995,Evening TV / streaming
laptop,2026-10-09 21:44,2026-10-09 22:36,52,0.058,0.0401,"Personal laptop (e-mails, booking trips)"
phone_tablet_charging,2026-10-09 23:48,2026-10-10 01:08,80,0.01,0.0133,Phone overnight
heat_pump_space_heating,2026-10-10 06:00,2026-10-10 06:41,41,2.211,1.0444,Space heating (thermostat)
heat_pump_hot_water,2026-10-10 08:25,2026-10-10 09:22,57,1.6,1.52,Hot-water tank reheat
kettle,2026-10-10 08:32,2026-10-10 08:36,4,2.0,0.1333,Morning tea / hot water
coffee_machine,2026-10-10 08:38,2026-10-10 08:44,6,1.16,0.116,Morning coffee
coffee_machine,2026-10-10 09:59,2026-10-10 10:09,10,1.47,0.245,Second weekend coffee
washing_machine,2026-10-10 10:57,2026-10-10 12:43,106,2.0,0.8473,Weekly laundry
tv,2026-10-10 20:23,2026-10-10 23:15,172,0.135,0.387,Evening TV / streaming
laptop,2026-10-10 21:02,2026-10-10 22:13,71,0.06,0.063,"Personal laptop (e-mails, booking trips)"
dishwasher,2026-10-10 21:48,2026-10-10 23:22,94,2.0,0.9547,Dishwasher
phone_tablet_charging,2026-10-10 23:40,2026-10-11 01:15,95,0.01,0.0158,Phone overnight
heat_pump_hot_water,2026-10-11 02:00,2026-10-11 02:42,42,1.6,1.12,Hot-water tank reheat
heat_pump_space_heating,2026-10-11 06:00,2026-10-11 06:37,37,2.107,0.9169,Space heating (thermostat)
kettle,2026-10-11 08:12,2026-10-11 08:15,3,2.0,0.1,Morning tea / hot water
coffee_machine,2026-10-11 08:15,2026-10-11 08:22,7,1.49,0.1738,Morning coffee
heat_pump_hot_water,2026-10-11 09:05,2026-10-11 09:36,31,1.6,0.8267,Hot-water tank reheat
coffee_machine,2026-10-11 09:28,2026-10-11 09:36,8,1.17,0.156,Second weekend coffee
kettle,2026-10-11 19:05,2026-10-11 19:09,4,2.0,0.1333,Evening tea
laptop,2026-10-11 21:32,2026-10-11 22:21,49,0.059,0.0386,"Personal laptop (e-mails, booking trips)"
heat_pump_space_heating,2026-10-11 22:01,2026-10-11 22:20,19,1.481,0.3894,Space heating (thermostat)
phone_tablet_charging,2026-10-11 23:04,2026-10-12 00:28,84,0.01,0.014,Phone overnight
phone_tablet_charging,2026-10-11 23:06,2026-10-12 00:22,76,0.012,0.0152,Tablet overnight
heat_pump_space_heating,2026-10-12 06:00,2026-10-12 06:35,35,1.973,0.8327,Space heating (thermostat)
kettle,2026-10-12 07:13,2026-10-12 07:18,5,2.0,0.1667,Morning tea / hot water
coffee_machine,2026-10-12 07:22,2026-10-12 07:28,6,1.22,0.122,Morning coffee
heat_pump_hot_water,2026-10-12 07:31,2026-10-12 08:22,51,1.6,1.36,Hot-water tank reheat
laptop,2026-10-12 08:10,2026-10-12 12:17,247,0.072,0.2246,Work from home
kettle,2026-10-12 12:22,2026-10-12 12:25,3,2.0,0.1,Lunch break
coffee_machine,2026-10-12 12:51,2026-10-12 12:56,5,1.21,0.1008,Post-lunch coffee
laptop,2026-10-12 12:59,2026-10-12 16:30,211,0.08,0.2359,Work from home
kettle,2026-10-12 14:31,2026-10-12 14:35,4,2.0,0.1333,Afternoon tea
kettle,2026-10-12 18:03,2026-10-12 18:07,4,2.0,0.1333,Evening tea
heat_pump_space_heating,2026-10-12 19:11,2026-10-12 19:31,20,1.482,0.4092,Space heating (thermostat)
phone_tablet_charging,2026-10-12 22:11,2026-10-12 23:56,105,0.01,0.0175,Phone overnight
heat_pump_space_heating,2026-10-13 06:00,2026-10-13 07:15,75,3.0,2.3912,Space heating (thermostat)
kettle,2026-10-13 07:08,2026-10-13 07:11,3,2.0,0.1,Morning tea / hot water
coffee_machine,2026-10-13 07:12,2026-10-13 07:20,8,1.37,0.1827,Morning coffee
heat_pump_hot_water,2026-10-13 07:19,2026-10-13 08:15,56,1.6,1.4933,Hot-water tank reheat
laptop,2026-10-13 08:26,2026-10-13 12:24,238,0.08,0.2659,Work from home
kettle,2026-10-13 12:29,2026-10-13 12:32,3,2.0,0.1,Lunch break
coffee_machine,2026-10-13 12:51,2026-10-13 12:57,6,1.28,0.128,Post-lunch coffee
laptop,2026-10-13 12:59,2026-10-13 16:45,226,0.076,0.1946,Work from home
kettle,2026-10-13 14:54,2026-10-13 14:57,3,2.0,0.1,Afternoon tea
oven,2026-10-13 17:56,2026-10-13 18:34,38,2.0,0.8667,Cooking dinner
heat_pump_space_heating,2026-10-13 20:38,2026-10-13 21:02,24,1.482,0.4898,Space heating (thermostat)
dishwasher,2026-10-13 21:29,2026-10-13 23:03,94,2.0,0.9547,Dishwasher
phone_tablet_charging,2026-10-13 23:00,2026-10-14 00:13,73,0.01,0.0122,Phone overnight
phone_tablet_charging,2026-10-13 23:02,2026-10-14 00:34,92,0.012,0.0184,Tablet overnight
heat_pump_space_heating,2026-10-14 06:00,2026-10-14 06:52,52,2.735,1.5854,Space heating (thermostat)
kettle,2026-10-14 06:45,2026-10-14 06:48,3,2.0,0.1,Morning tea / hot water
coffee_machine,2026-10-14 06:47,2026-10-14 06:52,5,1.14,0.095,Morning coffee
heat_pump_hot_water,2026-10-14 06:52,2026-10-14 07:44,52,1.6,1.3867,Hot-water tank reheat
heat_pump_space_heating,2026-10-14 07:44,2026-10-14 08:01,17,1.289,0.3229,Space heating (thermostat)
heat_pump_space_heating,2026-10-14 14:57,2026-10-14 15:16,19,1.481,0.3892,Space heating (thermostat)
heat_pump_space_heating,2026-10-14 18:40,2026-10-14 19:03,23,1.483,0.4707,Space heating (thermostat)
heat_pump_space_heating,2026-10-14 21:04,2026-10-14 21:26,22,1.483,0.4564,Space heating (thermostat)
kettle,2026-10-14 21:19,2026-10-14 21:23,4,2.0,0.1333,Evening tea
phone_tablet_charging,2026-10-14 22:42,2026-10-14 23:55,73,0.01,0.0122,Phone overnight
phone_tablet_charging,2026-10-14 22:44,2026-10-15 00:07,83,0.012,0.0166,Tablet overnight
heat_pump_hot_water,2026-10-14 23:11,2026-10-14 23:42,31,1.6,0.8267,Hot-water tank reheat
heat_pump_space_heating,2026-10-15 06:00,2026-10-15 07:17,77,3.0,2.475,Space heating (thermostat)
coffee_machine,2026-10-15 07:11,2026-10-15 07:18,7,1.2,0.14,Morning coffee
heat_pump_hot_water,2026-10-15 07:17,2026-10-15 07:49,32,1.6,0.8533,Hot-water tank reheat
heat_pump_space_heating,2026-10-15 07:49,2026-10-15 08:05,16,1.215,0.2954,Space heating (thermostat)
heat_pump_space_heating,2026-10-15 10:19,2026-10-15 10:40,21,1.48,0.4321,Space heating (thermostat)
heat_pump_space_heating,2026-10-15 17:53,2026-10-15 18:15,22,1.482,0.4524,Space heating (thermostat)
heat_pump_space_heating,2026-10-15 20:32,2026-10-15 20:55,23,1.48,0.4703,Space heating (thermostat)
tv,2026-10-15 21:19,2026-10-15 22:21,62,0.133,0.1374,Evening TV / streaming
laptop,2026-10-15 21:24,2026-10-15 21:55,31,0.058,0.0252,"Personal laptop (e-mails, booking trips)"
kettle,2026-10-15 21:43,2026-10-15 21:48,5,2.0,0.1667,Evening tea
phone_tablet_charging,2026-10-15 22:11,2026-10-15 23:38,87,0.01,0.0145,Phone overnight
heat_pump_space_heating,2026-10-16 06:00,2026-10-16 06:55,55,2.748,1.6092,Space heating (thermostat)
kettle,2026-10-16 06:50,2026-10-16 06:55,5,2.0,0.1667,Morning tea / hot water
coffee_machine,2026-10-16 06:55,2026-10-16 07:00,5,1.39,0.1158,Morning coffee
heat_pump_hot_water,2026-10-16 07:12,2026-10-16 07:56,44,1.6,1.1733,Hot-water tank reheat
laptop,2026-10-16 08:38,2026-10-16 12:30,232,0.073,0.2157,Work from home
heat_pump_space_heating,2026-10-16 10:01,2026-10-16 10:22,21,1.481,0.4292,Space heating (thermostat)
kettle,2026-10-16 12:35,2026-10-16 12:40,5,2.0,0.1667,Lunch break
coffee_machine,2026-10-16 13:01,2026-10-16 13:07,6,1.24,0.124,Post-lunch coffee
laptop,2026-10-16 13:09,2026-10-16 18:09,300,0.08,0.2976,Work from home
kettle,2026-10-16 15:28,2026-10-16 15:32,4,2.0,0.1333,Afternoon tea
heat_pump_space_heating,2026-10-16 19:02,2026-10-16 19:23,21,1.481,0.4314,Space heating (thermostat)
kettle,2026-10-16 21:21,2026-10-16 21:25,4,2.0,0.1333,Evening tea
laptop,2026-10-16 21:49,2026-10-16 22:58,69,0.08,0.0822,"Personal laptop (e-mails, booking trips)"
phone_tablet_charging,2026-10-16 22:53,2026-10-17 00:37,104,0.01,0.0173,Phone overnight
phone_tablet_charging,2026-10-16 22:58,2026-10-17 00:35,97,0.01,0.0162,Paul's phone
heat_pump_space_heating,2026-10-17 06:00,2026-10-17 06:49,49,2.495,1.3376,Space heating (thermostat)
kettle,2026-10-17 07:59,2026-10-17 08:02,3,2.0,0.1,Morning tea / hot water
coffee_machine,2026-10-17 08:15,2026-10-17 08:20,5,1.15,0.0958,Morning coffee
heat_pump_hot_water,2026-10-17 08:18,2026-10-17 09:44,86,1.6,2.2933,Hot-water tank reheat
coffee_machine,2026-10-17 08:38,2026-10-17 08:47,9,1.39,0.2085,Coffee for Paul
coffee_machine,2026-10-17 09:22,2026-10-17 09:28,6,1.3,0.13,Second weekend coffee
washing_machine,2026-10-17 11:38,2026-10-17 13:20,102,2.0,0.714,Weekly laundry
heat_pump_hot_water,2026-10-17 17:08,2026-10-17 17:39,31,1.6,0.8267,Hot-water tank reheat
oven,2026-10-17 17:30,2026-10-17 17:57,27,2.19,0.7665,Cooking dinner
kettle,2026-10-17 17:54,2026-10-17 17:57,3,2.0,0.1,Evening tea
oven,2026-10-17 18:53,2026-10-17 19:30,37,2.09,0.8708,Cooking night w/ Paul
dishwasher,2026-10-17 22:01,2026-10-17 23:39,98,2.0,1.088,Dishwasher
phone_tablet_charging,2026-10-18 00:24,2026-10-18 01:50,86,0.01,0.0143,Phone overnight
phone_tablet_charging,2026-10-18 00:26,2026-10-18 01:29,63,0.012,0.0126,Tablet overnight
phone_tablet_charging,2026-10-18 00:29,2026-10-18 01:56,87,0.01,0.0145,Paul's phone
heat_pump_space_heating,2026-10-18 06:00,2026-10-18 06:14,14,2.282,0.4724,Space heating (thermostat)
heat_pump_hot_water,2026-10-18 06:14,2026-10-18 06:45,31,1.6,0.8267,Hot-water tank reheat
heat_pump_space_heating,2026-10-18 06:45,2026-10-18 07:18,33,1.859,0.7618,Space heating (thermostat)
coffee_machine,2026-10-18 06:55,2026-10-18 07:01,6,1.35,0.135,Morning coffee
kettle,2026-10-18 06:57,2026-10-18 07:00,3,2.0,0.1,Morning tea / hot water
coffee_machine,2026-10-18 07:17,2026-10-18 07:25,8,1.25,0.1667,Coffee for Paul
heat_pump_hot_water,2026-10-18 07:39,2026-10-18 08:39,60,1.6,1.6,Hot-water tank reheat
heat_pump_space_heating,2026-10-18 09:54,2026-10-18 10:19,25,1.48,0.5125,Space heating (thermostat)
heat_pump_space_heating,2026-10-18 12:36,2026-10-18 13:02,26,1.484,0.5322,Space heating (thermostat)
washing_machine,2026-10-18 13:37,2026-10-18 15:25,108,2.0,0.914,Bed sheets after Paul
heat_pump_space_heating,2026-10-18 16:34,2026-10-18 17:00,26,1.481,0.5318,Space heating (thermostat)
heat_pump_space_heating,2026-10-18 19:11,2026-10-18 19:36,25,1.48,0.5095,Space heating (thermostat)
tv,2026-10-18 21:34,2026-10-18 23:07,93,0.15,0.2325,Evening TV / streaming
heat_pump_space_heating,2026-10-18 21:59,2026-10-18 22:24,25,1.481,0.5125,Space heating (thermostat)
phone_tablet_charging,2026-10-18 22:57,2026-10-19 00:32,95,0.01,0.0158,Phone overnight
heat_pump_space_heating,2026-10-19 06:00,2026-10-19 07:16,76,3.0,2.364,Space heating (thermostat)
kettle,2026-10-19 07:12,2026-10-19 07:16,4,2.0,0.1333,Morning tea / hot water
coffee_machine,2026-10-19 07:23,2026-10-19 07:29,6,1.3,0.13,Morning coffee
heat_pump_hot_water,2026-10-19 07:35,2026-10-19 08:27,52,1.6,1.3867,Hot-water tank reheat
heat_pump_space_heating,2026-10-19 09:08,2026-10-19 09:35,27,1.48,0.5503,Space heating (thermostat)
heat_pump_space_heating,2026-10-19 11:50,2026-10-19 12:14,24,1.481,0.4918,Space heating (thermostat)
heat_pump_space_heating,2026-10-19 16:41,2026-10-19 17:03,22,1.481,0.4514,Space heating (thermostat)
heat_pump_space_heating,2026-10-19 19:05,2026-10-19 19:30,25,1.482,0.5139,Space heating (thermostat)
kettle,2026-10-19 19:28,2026-10-19 19:31,3,2.0,0.1,Evening tea
washing_machine,2026-10-19 20:00,2026-10-19 21:40,100,2.0,0.6473,Laundry before the trip
phone_tablet_charging,2026-10-19 20:23,2026-10-19 21:43,80,0.015,0.02,Power bank before trip
dishwasher,2026-10-19 20:39,2026-10-19 22:18,99,2.0,1.1213,Dishwasher
laptop,2026-10-19 21:29,2026-10-19 21:54,25,0.06,0.0196,"Personal laptop (e-mails, booking trips)"
phone_tablet_charging,2026-10-19 22:10,2026-10-19 23:26,76,0.01,0.0127,Phone overnight
heat_pump_space_heating,2026-10-20 06:00,2026-10-20 07:11,71,3.0,2.6778,Space heating (thermostat)
kettle,2026-10-20 06:47,2026-10-20 06:51,4,2.0,0.1333,Morning tea / hot water
coffee_machine,2026-10-20 06:50,2026-10-20 06:58,8,1.03,0.1373,Morning coffee
heat_pump_hot_water,2026-10-20 07:11,2026-10-20 07:58,47,1.6,1.2533,Hot-water tank reheat
heat_pump_space_heating,2026-10-20 07:58,2026-10-20 08:44,46,1.67,0.9992,Space heating (thermostat)
laptop,2026-10-20 08:49,2026-10-20 12:43,234,0.077,0.2119,Work from home
kettle,2026-10-20 12:48,2026-10-20 12:51,3,2.0,0.1,Lunch break
coffee_machine,2026-10-20 13:12,2026-10-20 13:18,6,1.35,0.135,Post-lunch coffee
laptop,2026-10-20 13:20,2026-10-20 14:50,90,0.08,0.0923,Work from home
heat_pump_space_heating,2026-10-20 16:48,2026-10-20 17:12,24,1.481,0.4902,Space heating (thermostat)
heat_pump_space_heating,2026-10-20 18:56,2026-10-20 19:25,29,1.481,0.592,Space heating (thermostat)
heat_pump_space_heating,2026-10-20 20:56,2026-10-20 21:27,31,1.485,0.6322,Space heating (thermostat)
heat_pump_space_heating,2026-10-21 06:00,2026-10-21 07:48,108,3.0,3.5748,Space heating (thermostat)
heat_pump_space_heating,2026-10-21 09:20,2026-10-21 09:48,28,1.484,0.5728,Space heating (thermostat)
heat_pump_hot_water,2026-10-21 17:01,2026-10-21 17:32,31,1.6,0.8267,Hot-water tank reheat
heat_pump_space_heating,2026-10-21 17:38,2026-10-21 18:01,23,1.481,0.4685,Space heating (thermostat)
heat_pump_space_heating,2026-10-21 20:12,2026-10-21 20:36,24,1.482,0.4899,Space heating (thermostat)
heat_pump_space_heating,2026-10-22 06:00,2026-10-22 07:18,78,3.0,2.4675,Space heating (thermostat)
heat_pump_space_heating,2026-10-22 09:15,2026-10-22 09:38,23,1.482,0.4723,Space heating (thermostat)
heat_pump_space_heating,2026-10-22 18:32,2026-10-22 18:52,20,1.482,0.4105,Space heating (thermostat)
heat_pump_space_heating,2026-10-22 21:56,2026-10-22 22:17,21,1.482,0.4305,Space heating (thermostat)
heat_pump_space_heating,2026-10-23 06:00,2026-10-23 06:47,47,2.398,1.245,Space heating (thermostat)
heat_pump_hot_water,2026-10-23 09:32,2026-10-23 10:03,31,1.6,0.8267,Hot-water tank reheat
heat_pump_space_heating,2026-10-23 10:03,2026-10-23 10:23,20,1.518,0.4176,Space heating (thermostat)
laptop,2026-10-23 18:26,2026-10-23 19:24,58,0.052,0.043,"Catching up after the trip: e-mails, bookings, packing list"
washing_machine,2026-10-23 18:56,2026-10-23 20:37,101,2.0,0.6807,"Laundry after the trip (Brussels, Belgium)"
kettle,2026-10-23 19:21,2026-10-23 19:26,5,2.0,0.1667,Catching up after the trip: tea
tv,2026-10-23 19:45,2026-10-23 21:31,106,0.126,0.2226,Winding down after the trip
laptop,2026-10-23 21:11,2026-10-23 22:01,50,0.08,0.0511,"Personal laptop (e-mails, booking trips)"
kettle,2026-10-23 21:28,2026-10-23 21:33,5,2.0,0.1667,Evening tea
phone_tablet_charging,2026-10-23 23:05,2026-10-24 00:39,94,0.01,0.0157,Phone overnight
phone_tablet_charging,2026-10-23 23:07,2026-10-24 00:35,88,0.012,0.0176,Tablet overnight
heat_pump_space_heating,2026-10-24 06:58,2026-10-24 07:18,20,1.48,0.4085,Space heating (thermostat)
kettle,2026-10-24 08:30,2026-10-24 08:35,5,2.0,0.1667,Morning tea / hot water
coffee_machine,2026-10-24 08:35,2026-10-24 08:42,7,1.02,0.119,Morning coffee
heat_pump_hot_water,2026-10-24 08:44,2026-10-24 09:29,45,1.6,1.2,Hot-water tank reheat
heat_pump_space_heating,2026-10-24 10:56,2026-10-24 11:17,21,1.482,0.4293,Space heating (thermostat)
heat_pump_space_heating,2026-10-24 15:04,2026-10-24 15:25,21,1.48,0.4286,Space heating (thermostat)
phone_tablet_charging,2026-10-24 16:17,2026-10-24 17:37,80,0.015,0.02,Power bank before trip
heat_pump_hot_water,2026-10-24 17:03,2026-10-24 17:34,31,1.6,0.8267,Hot-water tank reheat
laptop,2026-10-24 17:21,2026-10-24 18:09,48,0.058,0.0386,"Trip preparation: e-mails, bookings, packing list"
oven,2026-10-24 17:29,2026-10-24 18:04,35,2.37,0.948,Trip preparation: cooking / using up food
kettle,2026-10-24 18:20,2026-10-24 18:24,4,2.0,0.1333,Trip preparation: tea
kettle,2026-10-24 19:20,2026-10-24 19:25,5,2.0,0.1667,Evening tea
washing_machine,2026-10-24 20:00,2026-10-24 21:42,102,2.0,0.714,Laundry before the trip
tv,2026-10-24 20:47,2026-10-24 22:09,82,0.1,0.1367,Evening TV / streaming
phone_tablet_charging,2026-10-24 23:03,2026-10-25 00:44,101,0.01,0.0168,Phone overnight
heat_pump_hot_water,2026-10-25 03:55,2026-10-25 04:26,31,1.6,0.8267,Hot-water tank reheat
kettle,2026-10-25 05:23,2026-10-25 05:28,5,2.0,0.1667,Morning tea / hot water
coffee_machine,2026-10-25 05:32,2026-10-25 05:39,7,1.21,0.1412,Morning coffee
heat_pump_space_heating,2026-10-25 06:00,2026-10-25 07:02,62,2.73,1.7537,Space heating (thermostat)
heat_pump_space_heating,2026-10-25 08:48,2026-10-25 09:13,25,1.483,0.5113,Space heating (thermostat)
heat_pump_hot_water,2026-10-25 12:16,2026-10-25 12:47,31,1.6,0.8267,Hot-water tank reheat
heat_pump_space_heating,2026-10-25 16:36,2026-10-25 16:57,21,1.482,0.4306,Space heating (thermostat)
heat_pump_space_heating,2026-10-25 19:16,2026-10-25 19:40,24,1.48,0.4882,Space heating (thermostat)
heat_pump_space_heating,2026-10-25 21:44,2026-10-25 22:09,25,1.481,0.5095,Space heating (thermostat)
heat_pump_space_heating,2026-10-26 06:00,2026-10-26 07:02,62,2.889,1.8232,Space heating (thermostat)
heat_pump_space_heating,2026-10-26 09:13,2026-10-26 09:35,22,1.48,0.4518,Space heating (thermostat)
heat_pump_space_heating,2026-10-26 16:13,2026-10-26 16:33,20,1.481,0.4092,Space heating (thermostat)
heat_pump_space_heating,2026-10-26 18:53,2026-10-26 19:17,24,1.482,0.4916,Space heating (thermostat)
heat_pump_space_heating,2026-10-26 21:12,2026-10-26 21:37,25,1.48,0.5122,Space heating (thermostat)
heat_pump_hot_water,2026-10-27 04:47,2026-10-27 05:18,31,1.6,0.8267,Hot-water tank reheat
heat_pump_space_heating,2026-10-27 06:00,2026-10-27 07:05,65,3.0,1.9597,Space heating (thermostat)
heat_pump_space_heating,2026-10-27 08:59,2026-10-27 09:24,25,1.481,0.5092,Space heating (thermostat)
heat_pump_space_heating,2026-10-27 12:31,2026-10-27 12:52,21,1.48,0.4297,Space heating (thermostat)
heat_pump_space_heating,2026-10-27 16:09,2026-10-27 16:32,23,1.481,0.4701,Space heating (thermostat)
heat_pump_space_heating,2026-10-27 18:35,2026-10-27 19:00,25,1.481,0.5095,Space heating (thermostat)
heat_pump_space_heating,2026-10-27 20:50,2026-10-27 21:15,25,1.481,0.5125,Space heating (thermostat)
heat_pump_space_heating,2026-10-28 06:00,2026-10-28 07:10,70,3.0,2.1677,Space heating (thermostat)
heat_pump_space_heating,2026-10-28 09:06,2026-10-28 09:30,24,1.483,0.4904,Space heating (thermostat)
heat_pump_space_heating,2026-10-28 12:46,2026-10-28 13:08,22,1.481,0.4503,Space heating (thermostat)
heat_pump_space_heating,2026-10-28 15:45,2026-10-28 16:09,24,1.48,0.4894,Space heating (thermostat)
heat_pump_space_heating,2026-10-28 18:15,2026-10-28 18:39,24,1.48,0.4912,Space heating (thermostat)
laptop,2026-10-28 19:31,2026-10-28 20:20,49,0.064,0.0401,"Catching up after the trip: e-mails, bookings, packing list"
kettle,2026-10-28 20:11,2026-10-28 20:14,3,2.0,0.1,Catching up after the trip: tea
tv,2026-10-28 20:17,2026-10-28 21:34,77,0.105,0.1348,Winding down after the trip
heat_pump_hot_water,2026-10-28 20:20,2026-10-28 20:51,31,1.6,0.8267,Hot-water tank reheat
tv,2026-10-28 20:29,2026-10-28 21:09,40,0.121,0.0807,Evening TV / streaming
heat_pump_space_heating,2026-10-28 21:36,2026-10-28 22:00,24,1.483,0.49,Space heating (thermostat)
phone_tablet_charging,2026-10-28 22:33,2026-10-28 23:56,83,0.01,0.0138,Phone overnight
heat_pump_space_heating,2026-10-29 06:00,2026-10-29 06:51,51,2.542,1.3969,Space heating (thermostat)
kettle,2026-10-29 07:17,2026-10-29 07:20,3,2.0,0.1,Morning tea / hot water
coffee_machine,2026-10-29 07:26,2026-10-29 07:33,7,1.4,0.1633,Morning coffee
heat_pump_hot_water,2026-10-29 07:32,2026-10-29 08:08,36,1.6,0.96,Hot-water tank reheat
heat_pump_space_heating,2026-10-29 10:01,2026-10-29 10:21,20,1.482,0.412,Space heating (thermostat)
heat_pump_space_heating,2026-10-29 17:50,2026-10-29 18:12,22,1.481,0.4514,Space heating (thermostat)
oven,2026-10-29 19:06,2026-10-29 19:52,46,2.33,1.165,Cooking dinner
kettle,2026-10-29 19:20,2026-10-29 19:24,4,2.0,0.1333,Evening tea
dishwasher,2026-10-29 21:20,2026-10-29 22:51,91,2.0,0.8547,Dishwasher
phone_tablet_charging,2026-10-29 23:35,2026-10-30 00:54,79,0.01,0.0132,Phone overnight
heat_pump_space_heating,2026-10-30 06:00,2026-10-30 06:58,58,2.774,1.7046,Space heating (thermostat)
kettle,2026-10-30 06:52,2026-10-30 06:57,5,2.0,0.1667,Morning tea / hot water
heat_pump_hot_water,2026-10-30 06:58,2026-10-30 07:46,48,1.6,1.28,Hot-water tank reheat
coffee_machine,2026-10-30 07:02,2026-10-30 07:07,5,1.05,0.0875,Morning coffee
heat_pump_space_heating,2026-10-30 07:46,2026-10-30 07:55,9,1.139,0.1604,Space heating (thermostat)
laptop,2026-10-30 08:23,2026-10-30 12:15,232,0.08,0.2465,Work from home
coffee_machine,2026-10-30 10:32,2026-10-30 10:38,6,1.32,0.132,Mid-morning coffee
kettle,2026-10-30 12:20,2026-10-30 12:24,4,2.0,0.1333,Lunch break
laptop,2026-10-30 13:00,2026-10-30 18:22,322,0.08,0.2844,Work from home
kettle,2026-10-30 14:39,2026-10-30 14:43,4,2.0,0.1333,Afternoon tea
laptop,2026-10-30 17:22,2026-10-30 18:47,85,0.066,0.074,"Trip preparation: e-mails, bookings, packing list"
phone_tablet_charging,2026-10-30 17:28,2026-10-30 18:48,80,0.015,0.02,Power bank before trip
oven,2026-10-30 17:30,2026-10-30 18:02,32,2.15,0.8242,Trip preparation: cooking / using up food
kettle,2026-10-30 17:36,2026-10-30 17:39,3,2.0,0.1,Trip preparation: tea
kettle,2026-10-30 18:36,2026-10-30 18:40,4,2.0,0.1333,Evening tea
heat_pump_space_heating,2026-10-30 22:04,2026-10-30 22:26,22,1.483,0.4515,Space heating (thermostat)
phone_tablet_charging,2026-10-31 00:43,2026-10-31 02:08,85,0.01,0.0142,Phone overnight
heat_pump_space_heating,2026-10-31 06:00,2026-10-31 06:49,49,2.349,1.2805,Space heating (thermostat)
kettle,2026-10-31 08:17,2026-10-31 08:20,3,2.0,0.1,Morning tea / hot water
coffee_machine,2026-10-31 08:27,2026-10-31 08:33,6,1.13,0.113,Morning coffee
heat_pump_hot_water,2026-10-31 08:31,2026-10-31 09:27,56,1.6,1.4933,Hot-water tank reheat
heat_pump_space_heating,2026-10-31 09:40,2026-10-31 10:01,21,1.481,0.4301,Space heating (thermostat)
coffee_machine,2026-10-31 10:04,2026-10-31 10:09,5,1.11,0.0925,Second weekend coffee
washing_machine,2026-10-31 11:25,2026-10-31 13:07,102,2.0,0.714,Weekly laundry
heat_pump_space_heating,2026-10-31 18:29,2026-10-31 18:53,24,1.481,0.4921,Space heating (thermostat)
heat_pump_space_heating,2026-10-31 20:41,2026-10-31 21:08,27,1.482,0.551,Space heating (thermostat)
heat_pump_hot_water,2026-11-01 02:00,2026-11-01 02:34,34,1.6,0.9067,Hot-water tank reheat
heat_pump_space_heating,2026-11-01 06:00,2026-11-01 07:35,95,3.0,3.1254,Space heating (thermostat)
heat_pump_space_heating,2026-11-01 09:05,2026-11-01 09:33,28,1.481,0.5725,Space heating (thermostat)
heat_pump_space_heating,2026-11-01 16:19,2026-11-01 16:39,20,1.481,0.409,Space heating (thermostat)
heat_pump_space_heating,2026-11-01 19:27,2026-11-01 19:49,22,1.482,0.4504,Space heating (thermostat)
heat_pump_space_heating,2026-11-01 22:12,2026-11-01 22:30,18,1.483,0.3827,Space heating (thermostat)
heat_pump_space_heating,2026-11-02 06:00,2026-11-02 06:48,48,2.498,1.3021,Space heating (thermostat)
heat_pump_space_heating,2026-11-02 09:41,2026-11-02 10:00,19,1.481,0.3913,Space heating (thermostat)
heat_pump_hot_water,2026-11-02 18:34,2026-11-02 19:05,31,1.6,0.8267,Hot-water tank reheat
heat_pump_space_heating,2026-11-02 19:05,2026-11-02 19:27,22,1.537,0.4592,Space heating (thermostat)
laptop,2026-11-02 22:14,2026-11-02 23:08,54,0.08,0.0624,"Personal laptop (e-mails, booking trips)"
laptop,2026-11-02 22:14,2026-11-02 23:12,58,0.067,0.0531,"Catching up after the trip: e-mails, bookings, packing list"
kettle,2026-11-02 22:36,2026-11-02 22:40,4,2.0,0.1333,Catching up after the trip: tea
kettle,2026-11-02 22:54,2026-11-02 22:59,5,2.0,0.1667,Evening tea
phone_tablet_charging,2026-11-02 23:02,2026-11-03 00:33,91,0.01,0.0152,Phone overnight
heat_pump_space_heating,2026-11-03 00:27,2026-11-03 00:42,15,2.44,0.274,Space heating (thermostat)
heat_pump_space_heating,2026-11-03 06:00,2026-11-03 06:35,35,2.122,0.8912,Space heating (thermostat)
kettle,2026-11-03 06:26,2026-11-03 06:30,4,2.0,0.1333,Morning tea / hot water
coffee_machine,2026-11-03 06:29,2026-11-03 06:36,7,1.12,0.1307,Morning coffee
heat_pump_hot_water,2026-11-03 06:42,2026-11-03 07:21,39,1.6,1.04,Hot-water tank reheat
washing_machine,2026-11-03 07:15,2026-11-03 08:58,103,2.0,0.7473,"Laundry after the trip (Łódź, Poland)"
laptop,2026-11-03 08:47,2026-11-03 12:29,222,0.08,0.2744,Work from home
coffee_machine,2026-11-03 10:39,2026-11-03 10:47,8,1.12,0.1493,Mid-morning coffee
kettle,2026-11-03 12:34,2026-11-03 12:38,4,2.0,0.1333,Lunch break
laptop,2026-11-03 12:54,2026-11-03 17:11,257,0.066,0.2055,Work from home
heat_pump_space_heating,2026-11-03 13:35,2026-11-03 13:55,20,1.481,0.4115,Space heating (thermostat)
kettle,2026-11-03 15:02,2026-11-03 15:05,3,2.0,0.1,Afternoon tea
heat_pump_space_heating,2026-11-03 18:27,2026-11-03 18:48,21,1.482,0.4317,Space heating (thermostat)
tv,2026-11-03 19:43,2026-11-03 21:26,103,0.121,0.2077,Evening TV / streaming
kettle,2026-11-03 19:47,2026-11-03 19:51,4,2.0,0.1333,Evening tea
phone_tablet_charging,2026-11-03 22:47,2026-11-04 00:09,82,0.01,0.0137,Phone overnight
phone_tablet_charging,2026-11-03 22:49,2026-11-03 23:53,64,0.012,0.0128,Tablet overnight
heat_pump_space_heating,2026-11-04 06:00,2026-11-04 07:00,60,2.853,1.7916,Space heating (thermostat)
coffee_machine,2026-11-04 06:50,2026-11-04 06:57,7,1.28,0.1493,Morning coffee
kettle,2026-11-04 06:50,2026-11-04 06:53,3,2.0,0.1,Morning tea / hot water
heat_pump_hot_water,2026-11-04 07:09,2026-11-04 08:07,58,1.6,1.5467,Hot-water tank reheat
heat_pump_space_heating,2026-11-04 08:56,2026-11-04 09:21,25,1.481,0.5124,Space heating (thermostat)
heat_pump_space_heating,2026-11-04 16:41,2026-11-04 17:02,21,1.481,0.4297,Space heating (thermostat)
kettle,2026-11-04 20:07,2026-11-04 20:12,5,2.0,0.1667,Evening tea
heat_pump_space_heating,2026-11-04 20:34,2026-11-04 20:57,23,1.482,0.4692,Space heating (thermostat)
phone_tablet_charging,2026-11-04 22:28,2026-11-04 23:42,74,0.01,0.0123,Phone overnight
heat_pump_space_heating,2026-11-05 06:00,2026-11-05 06:47,47,3.0,1.6955,Space heating (thermostat)
kettle,2026-11-05 06:33,2026-11-05 06:38,5,2.0,0.1667,Morning tea / hot water
coffee_machine,2026-11-05 06:35,2026-11-05 06:41,6,1.29,0.129,Morning coffee
heat_pump_hot_water,2026-11-05 06:47,2026-11-05 07:36,49,1.6,1.3067,Hot-water tank reheat
heat_pump_space_heating,2026-11-05 07:36,2026-11-05 08:12,36,1.601,0.7633,Space heating (thermostat)
heat_pump_space_heating,2026-11-05 09:53,2026-11-05 10:19,26,1.482,0.5325,Space heating (thermostat)
heat_pump_space_heating,2026-11-05 15:57,2026-11-05 16:17,20,1.481,0.41,Space heating (thermostat)
heat_pump_space_heating,2026-11-05 19:31,2026-11-05 19:53,22,1.482,0.4521,Space heating (thermostat)
dishwasher,2026-11-05 20:47,2026-11-05 22:25,98,2.0,1.088,Dishwasher
kettle,2026-11-05 21:08,2026-11-05 21:11,3,2.0,0.1,Evening tea
phone_tablet_charging,2026-11-05 22:18,2026-11-06 00:05,107,0.01,0.0178,Phone overnight
heat_pump_space_heating,2026-11-06 06:00,2026-11-06 07:03,63,3.0,2.0127,Space heating (thermostat)
kettle,2026-11-06 06:35,2026-11-06 06:39,4,2.0,0.1333,Morning tea / hot water
coffee_machine,2026-11-06 06:47,2026-11-06 06:52,5,1.03,0.0858,Morning coffee
heat_pump_hot_water,2026-11-06 07:03,2026-11-06 07:49,46,1.6,1.2267,Hot-water tank reheat
heat_pump_space_heating,2026-11-06 07:49,2026-11-06 08:10,21,1.326,0.4053,Space heating (thermostat)
laptop,2026-11-06 08:44,2026-11-06 12:48,244,0.074,0.2056,Work from home
heat_pump_space_heating,2026-11-06 10:26,2026-11-06 10:49,23,1.48,0.47,Space heating (thermostat)
kettle,2026-11-06 12:53,2026-11-06 12:57,4,2.0,0.1333,Lunch break
coffee_machine,2026-11-06 13:24,2026-11-06 13:30,6,1.11,0.111,Post-lunch coffee
laptop,2026-11-06 13:32,2026-11-06 17:24,232,0.073,0.2148,Work from home
kettle,2026-11-06 16:17,2026-11-06 16:21,4,2.0,0.1333,Afternoon tea
heat_pump_space_heating,2026-11-06 20:09,2026-11-06 20:33,24,1.483,0.49,Space heating (thermostat)
phone_tablet_charging,2026-11-07 00:28,2026-11-07 02:05,97,0.01,0.0162,Phone overnight
heat_pump_space_heating,2026-11-07 06:00,2026-11-07 07:20,80,3.0,2.4876,Space heating (thermostat)
heat_pump_space_heating,2026-11-07 08:54,2026-11-07 09:19,25,1.481,0.5196,Space heating (thermostat)
kettle,2026-11-07 09:15,2026-11-07 09:19,4,2.0,0.1333,Morning tea / hot water
coffee_machine,2026-11-07 09:20,2026-11-07 09:26,6,1.38,0.138,Morning coffee
heat_pump_hot_water,2026-11-07 09:34,2026-11-07 10:28,54,1.6,1.44,Hot-water tank reheat
coffee_machine,2026-11-07 10:51,2026-11-07 10:58,7,1.07,0.1248,Second weekend coffee
washing_machine,2026-11-07 10:54,2026-11-07 12:37,103,2.0,0.7473,Weekly laundry
heat_pump_space_heating,2026-11-07 17:48,2026-11-07 18:10,22,1.481,0.4524,Space heating (thermostat)
tv,2026-11-07 20:14,2026-11-07 22:17,123,0.106,0.2173,Evening TV / streaming
heat_pump_space_heating,2026-11-07 20:48,2026-11-07 21:12,24,1.482,0.4905,Space heating (thermostat)
phone_tablet_charging,2026-11-07 22:33,2026-11-07 23:58,85,0.01,0.0142,Phone overnight
phone_tablet_charging,2026-11-07 22:35,2026-11-07 23:41,66,0.012,0.0132,Tablet overnight
heat_pump_hot_water,2026-11-08 02:00,2026-11-08 02:40,40,1.6,1.0667,Hot-water tank reheat
heat_pump_space_heating,2026-11-08 06:00,2026-11-08 07:16,76,3.0,2.3815,Space heating (thermostat)
kettle,2026-11-08 07:10,2026-11-08 07:14,4,2.0,0.1333,Morning tea / hot water
coffee_machine,2026-11-08 07:23,2026-11-08 07:32,9,1.29,0.1935,Morning coffee
heat_pump_hot_water,2026-11-08 08:11,2026-11-08 08:42,31,1.6,0.8267,Hot-water tank reheat
heat_pump_space_heating,2026-11-08 09:21,2026-11-08 09:48,27,1.48,0.5519,Space heating (thermostat)
heat_pump_space_heating,2026-11-08 12:14,2026-11-08 12:38,24,1.481,0.491,Space heating (thermostat)
heat_pump_space_heating,2026-11-08 15:23,2026-11-08 15:48,25,1.482,0.5114,Space heating (thermostat)
washing_machine,2026-11-08 17:25,2026-11-08 19:09,104,2.0,0.7807,Extra load before the trip
laptop,2026-11-08 17:26,2026-11-08 18:48,82,0.064,0.0742,"Trip preparation: e-mails, bookings, packing list"
phone_tablet_charging,2026-11-08 17:45,2026-11-08 19:05,80,0.015,0.02,Power bank before trip
kettle,2026-11-08 17:52,2026-11-08 17:55,3,2.0,0.1,Trip preparation: tea
kettle,2026-11-08 19:27,2026-11-08 19:31,4,2.0,0.1333,Evening tea
heat_pump_space_heating,2026-11-08 19:49,2026-11-08 20:10,21,1.48,0.4376,Space heating (thermostat)
washing_machine,2026-11-08 20:00,2026-11-08 21:45,105,2.0,0.814,Laundry before the trip
tv,2026-11-08 20:47,2026-11-08 22:10,83,0.107,0.148,Evening TV / streaming
laptop,2026-11-08 21:14,2026-11-08 21:30,16,0.062,0.0152,"Personal laptop (e-mails, booking trips)"
phone_tablet_charging,2026-11-08 22:00,2026-11-08 23:40,100,0.01,0.0167,Phone overnight
heat_pump_space_heating,2026-11-09 06:00,2026-11-09 06:49,49,3.0,1.7212,Space heating (thermostat)
heat_pump_hot_water,2026-11-09 06:49,2026-11-09 07:40,51,1.6,1.36,Hot-water tank reheat
kettle,2026-11-09 06:50,2026-11-09 06:53,3,2.0,0.1,Morning tea / hot water
coffee_machine,2026-11-09 06:53,2026-11-09 07:00,7,1.09,0.1272,Morning coffee
heat_pump_space_heating,2026-11-09 07:40,2026-11-09 08:05,25,1.477,0.512,Space heating (thermostat)
heat_pump_space_heating,2026-11-09 10:02,2026-11-09 10:27,25,1.482,0.5132,Space heating (thermostat)
heat_pump_space_heating,2026-11-09 12:32,2026-11-09 12:56,24,1.483,0.4899,Space heating (thermostat)
heat_pump_space_heating,2026-11-09 15:06,2026-11-09 15:30,24,1.481,0.4919,Space heating (thermostat)
heat_pump_space_heating,2026-11-09 17:25,2026-11-09 17:50,25,1.481,0.5116,Space heating (thermostat)
heat_pump_space_heating,2026-11-09 19:37,2026-11-09 20:02,25,1.481,0.5116,Space heating (thermostat)
heat_pump_space_heating,2026-11-09 21:57,2026-11-09 22:22,25,1.484,0.5107,Space heating (thermostat)
heat_pump_space_heating,2026-11-10 06:00,2026-11-10 07:01,61,2.768,1.7495,Space heating (thermostat)
heat_pump_space_heating,2026-11-10 08:51,2026-11-10 09:16,25,1.481,0.5125,Space heating (thermostat)
heat_pump_space_heating,2026-11-10 11:22,2026-11-10 11:46,24,1.484,0.4905,Space heating (thermostat)
heat_pump_space_heating,2026-11-10 14:16,2026-11-10 14:39,23,1.482,0.471,Space heating (thermostat)
heat_pump_space_heating,2026-11-10 16:48,2026-11-10 17:13,25,1.48,0.5106,Space heating (thermostat)
heat_pump_space_heating,2026-11-10 19:02,2026-11-10 19:28,26,1.481,0.5316,Space heating (thermostat)
heat_pump_space_heating,2026-11-10 21:10,2026-11-10 21:39,29,1.481,0.5892,Space heating (thermostat)
heat_pump_hot_water,2026-11-10 21:55,2026-11-10 22:26,31,1.6,0.8267,Hot-water tank reheat
heat_pump_space_heating,2026-11-11 06:00,2026-11-11 07:14,74,3.0,2.3202,Space heating (thermostat)
heat_pump_space_heating,2026-11-11 08:59,2026-11-11 09:25,26,1.482,0.5305,Space heating (thermostat)
heat_pump_space_heating,2026-11-11 11:20,2026-11-11 11:45,25,1.481,0.51,Space heating (thermostat)
heat_pump_space_heating,2026-11-11 13:50,2026-11-11 14:15,25,1.483,0.5106,Space heating (thermostat)
heat_pump_space_heating,2026-11-11 16:09,2026-11-11 16:35,26,1.482,0.5304,Space heating (thermostat)
heat_pump_space_heating,2026-11-11 18:22,2026-11-11 18:48,26,1.482,0.5326,Space heating (thermostat)
heat_pump_space_heating,2026-11-11 20:35,2026-11-11 21:01,26,1.482,0.5305,Space heating (thermostat)
heat_pump_space_heating,2026-11-12 06:00,2026-11-12 07:21,81,3.0,2.5741,Space heating (thermostat)
heat_pump_space_heating,2026-11-12 09:00,2026-11-12 09:27,27,1.484,0.5509,Space heating (thermostat)
heat_pump_space_heating,2026-11-12 11:28,2026-11-12 11:53,25,1.48,0.5098,Space heating (thermostat)
heat_pump_space_heating,2026-11-12 14:19,2026-11-12 14:26,7,1.483,0.164,Space heating (thermostat)
heat_pump_hot_water,2026-11-12 14:26,2026-11-12 14:57,31,1.6,0.8267,Hot-water tank reheat
heat_pump_space_heating,2026-11-12 14:57,2026-11-12 15:16,19,1.397,0.3777,Space heating (thermostat)
heat_pump_space_heating,2026-11-12 17:29,2026-11-12 17:54,25,1.481,0.5102,Space heating (thermostat)
heat_pump_space_heating,2026-11-12 19:47,2026-11-12 20:12,25,1.482,0.51,Space heating (thermostat)
kettle,2026-11-12 20:42,2026-11-12 20:47,5,2.0,0.1667,Evening tea
dishwasher,2026-11-12 20:53,2026-11-12 22:33,100,2.0,1.1547,Dishwasher
laptop,2026-11-12 21:23,2026-11-12 21:51,28,0.054,0.0232,"Personal laptop (e-mails, booking trips)"
phone_tablet_charging,2026-11-12 22:24,2026-11-12 23:43,79,0.01,0.0132,Phone overnight
phone_tablet_charging,2026-11-12 22:26,2026-11-12 23:33,67,0.012,0.0134,Tablet overnight
heat_pump_hot_water,2026-11-13 03:34,2026-11-13 04:05,31,1.6,0.8267,Hot-water tank reheat
heat_pump_space_heating,2026-11-13 06:00,2026-11-13 07:06,66,3.0,2.0434,Space heating (thermostat)
kettle,2026-11-13 06:55,2026-11-13 06:59,4,2.0,0.1333,Morning tea / hot water
coffee_machine,2026-11-13 06:59,2026-11-13 07:06,7,1.07,0.1248,Morning coffee
heat_pump_space_heating,2026-11-13 08:46,2026-11-13 09:14,28,1.481,0.5714,Space heating (thermostat)
heat_pump_hot_water,2026-11-13 10:04,2026-11-13 10:35,31,1.6,0.8267,Hot-water tank reheat
heat_pump_space_heating,2026-11-13 13:34,2026-11-13 13:53,19,1.48,0.3892,Space heating (thermostat)
heat_pump_space_heating,2026-11-13 17:57,2026-11-13 18:19,22,1.482,0.45,Space heating (thermostat)
tv,2026-11-13 19:00,2026-11-13 19:16,16,0.105,0.028,Evening TV / streaming
heat_pump_space_heating,2026-11-13 20:56,2026-11-13 21:19,23,1.483,0.4706,Space heating (thermostat)
phone_tablet_charging,2026-11-13 23:31,2026-11-14 01:03,92,0.01,0.0153,Phone overnight
phone_tablet_charging,2026-11-13 23:33,2026-11-14 00:39,66,0.012,0.0132,Tablet overnight
heat_pump_space_heating,2026-11-14 06:00,2026-11-14 06:58,58,2.703,1.6409,Space heating (thermostat)
kettle,2026-11-14 08:03,2026-11-14 08:07,4,2.0,0.1333,Morning tea / hot water
heat_pump_hot_water,2026-11-14 08:10,2026-11-14 08:55,45,1.6,1.2,Hot-water tank reheat
coffee_machine,2026-11-14 08:16,2026-11-14 08:24,8,1.5,0.2,Morning coffee
coffee_machine,2026-11-14 09:10,2026-11-14 09:19,9,1.29,0.1935,Second weekend coffee
heat_pump_space_heating,2026-11-14 10:18,2026-11-14 10:40,22,1.481,0.4493,Space heating (thermostat)
heat_pump_space_heating,2026-11-14 16:07,2026-11-14 16:28,21,1.481,0.4305,Space heating (thermostat)
heat_pump_hot_water,2026-11-14 21:33,2026-11-14 22:07,34,1.6,0.9067,Hot-water tank reheat
dishwasher,2026-11-14 21:48,2026-11-14 23:22,94,2.0,0.9547,Dishwasher
kettle,2026-11-14 22:20,2026-11-14 22:24,4,2.0,0.1333,Tea for guests
kettle,2026-11-14 22:22,2026-11-14 22:26,4,2.0,0.1333,Tea for guests
kettle,2026-11-14 23:40,2026-11-14 23:44,4,2.0,0.1333,Tea for guests
phone_tablet_charging,2026-11-14 23:49,2026-11-15 01:11,82,0.01,0.0137,Phone overnight
heat_pump_hot_water,2026-11-15 03:57,2026-11-15 04:28,31,1.6,0.8267,Hot-water tank reheat
heat_pump_space_heating,2026-11-15 06:00,2026-11-15 07:00,60,2.51,1.623,Space heating (thermostat)
kettle,2026-11-15 07:50,2026-11-15 07:53,3,2.0,0.1,Morning tea / hot water
coffee_machine,2026-11-15 07:53,2026-11-15 08:01,8,1.26,0.168,Morning coffee
heat_pump_space_heating,2026-11-15 09:06,2026-11-15 09:31,25,1.484,0.5177,Space heating (thermostat)
coffee_machine,2026-11-15 09:23,2026-11-15 09:31,8,1.0,0.1333,Second weekend coffee
heat_pump_hot_water,2026-11-15 10:27,2026-11-15 10:58,31,1.6,0.8267,Hot-water tank reheat
heat_pump_space_heating,2026-11-15 11:34,2026-11-15 12:00,26,1.481,0.5319,Space heating (thermostat)
heat_pump_space_heating,2026-11-15 14:19,2026-11-15 14:43,24,1.48,0.4904,Space heating (thermostat)
heat_pump_space_heating,2026-11-15 17:09,2026-11-15 17:27,18,1.482,0.3693,Space heating (thermostat)
oven,2026-11-15 17:10,2026-11-15 17:33,23,2.07,0.621,Trip preparation: cooking / using up food
laptop,2026-11-15 17:12,2026-11-15 18:00,48,0.077,0.0568,"Trip preparation: e-mails, bookings, packing list"
kettle,2026-11-15 18:14,2026-11-15 18:17,3,2.0,0.1,Trip preparation: tea
phone_tablet_charging,2026-11-15 18:43,2026-11-15 20:03,80,0.015,0.02,Power bank before trip
heat_pump_space_heating,2026-11-15 19:33,2026-11-15 20:04,31,1.482,0.6335,Space heating (thermostat)
washing_machine,2026-11-15 20:00,2026-11-15 21:41,101,2.0,0.6807,Laundry before the trip
heat_pump_space_heating,2026-11-15 22:14,2026-11-15 22:30,16,1.482,0.3613,Space heating (thermostat)
phone_tablet_charging,2026-11-15 22:20,2026-11-16 00:06,106,0.01,0.0177,Phone overnight
phone_tablet_charging,2026-11-15 22:22,2026-11-15 23:44,82,0.012,0.0164,Tablet overnight
kettle,2026-11-16 04:53,2026-11-16 04:57,4,2.0,0.1333,Morning tea / hot water
coffee_machine,2026-11-16 04:58,2026-11-16 05:05,7,1.19,0.1388,Morning coffee
heat_pump_hot_water,2026-11-16 05:07,2026-11-16 05:52,45,1.6,1.2,Hot-water tank reheat
heat_pump_space_heating,2026-11-16 13:15,2026-11-16 13:38,23,1.48,0.4689,Space heating (thermostat)
heat_pump_space_heating,2026-11-16 16:57,2026-11-16 17:21,24,1.481,0.4896,Space heating (thermostat)
heat_pump_space_heating,2026-11-16 20:35,2026-11-16 20:58,23,1.48,0.4688,Space heating (thermostat)
heat_pump_space_heating,2026-11-17 00:21,2026-11-17 00:44,23,1.48,0.4695,Space heating (thermostat)
heat_pump_space_heating,2026-11-17 04:06,2026-11-17 04:28,22,1.48,0.4515,Space heating (thermostat)
heat_pump_space_heating,2026-11-17 07:38,2026-11-17 08:02,24,1.483,0.4924,Space heating (thermostat)
heat_pump_space_heating,2026-11-17 10:33,2026-11-17 10:58,25,1.481,0.512,Space heating (thermostat)
heat_pump_space_heating,2026-11-17 13:46,2026-11-17 14:11,25,1.482,0.511,Space heating (thermostat)
heat_pump_space_heating,2026-11-17 16:47,2026-11-17 17:13,26,1.483,0.5325,Space heating (thermostat)
heat_pump_space_heating,2026-11-17 19:25,2026-11-17 19:52,27,1.482,0.554,Space heating (thermostat)
heat_pump_space_heating,2026-11-17 22:00,2026-11-17 22:27,27,1.482,0.5523,Space heating (thermostat)
heat_pump_space_heating,2026-11-18 00:34,2026-11-18 01:02,28,1.482,0.5703,Space heating (thermostat)
heat_pump_space_heating,2026-11-18 03:05,2026-11-18 03:34,29,1.483,0.5922,Space heating (thermostat)
heat_pump_space_heating,2026-11-18 05:21,2026-11-18 05:54,33,1.481,0.6706,Space heating (thermostat)
heat_pump_space_heating,2026-11-18 07:33,2026-11-18 08:07,34,1.481,0.6923,Space heating (thermostat)
heat_pump_space_heating,2026-11-18 09:57,2026-11-18 10:26,29,1.482,0.5927,Space heating (thermostat)
heat_pump_space_heating,2026-11-18 13:03,2026-11-18 13:29,26,1.48,0.5305,Space heating (thermostat)
heat_pump_space_heating,2026-11-18 16:01,2026-11-18 16:28,27,1.481,0.5529,Space heating (thermostat)
heat_pump_hot_water,2026-11-18 17:43,2026-11-18 18:30,47,1.6,1.2533,Hot-water tank reheat
washing_machine,2026-11-18 18:22,2026-11-18 20:04,102,2.0,0.714,"Laundry after the trip (Munich, Germany)"
laptop,2026-11-18 18:23,2026-11-18 18:43,20,0.075,0.0221,"Catching up after the trip: e-mails, bookings, packing list"
heat_pump_space_heating,2026-11-18 18:30,2026-11-18 20:20,110,3.0,4.4543,Space heating (thermostat)
heat_pump_space_heating,2026-11-18 21:54,2026-11-18 22:23,29,1.482,0.5942,Space heating (thermostat)
phone_tablet_charging,2026-11-18 22:33,2026-11-18 23:50,77,0.01,0.0128,Phone overnight
heat_pump_hot_water,2026-11-19 03:08,2026-11-19 03:39,31,1.6,0.8267,Hot-water tank reheat
heat_pump_space_heating,2026-11-19 06:00,2026-11-19 07:33,93,3.0,2.9507,Space heating (thermostat)
kettle,2026-11-19 06:47,2026-11-19 06:52,5,2.0,0.1667,Morning tea / hot water
coffee_machine,2026-11-19 06:51,2026-11-19 06:57,6,1.18,0.118,Morning coffee
heat_pump_space_heating,2026-11-19 08:53,2026-11-19 09:28,35,1.482,0.7126,Space heating (thermostat)
heat_pump_hot_water,2026-11-19 10:24,2026-11-19 10:55,31,1.6,0.8267,Hot-water tank reheat
heat_pump_space_heating,2026-11-19 10:57,2026-11-19 11:27,30,1.48,0.6134,Space heating (thermostat)
heat_pump_space_heating,2026-11-19 13:46,2026-11-19 14:12,26,1.481,0.5301,Space heating (thermostat)
heat_pump_space_heating,2026-11-19 16:14,2026-11-19 16:45,31,1.484,0.6306,Space heating (thermostat)
washing_machine,2026-11-19 18:06,2026-11-19 19:46,100,2.0,0.6473,Extra load before the trip
oven,2026-11-19 18:08,2026-11-19 18:11,3,2.37,0.1185,Trip preparation: cooking / using up food
laptop,2026-11-19 18:09,2026-11-19 18:11,2,0.049,0.0016,"Trip preparation: e-mails, bookings, packing list"
oven,2026-11-19 18:10,2026-11-19 18:11,1,2.47,0.0412,Cooking dinner
heat_pump_space_heating,2026-11-19 18:45,2026-11-19 19:19,34,1.484,0.6914,Space heating (thermostat)
washing_machine,2026-11-19 20:00,2026-11-19 21:40,100,2.0,0.6473,Laundry before the trip
tv,2026-11-19 20:59,2026-11-19 22:47,108,0.106,0.1908,Evening TV / streaming
heat_pump_space_heating,2026-11-19 21:20,2026-11-19 21:28,8,1.482,0.1892,Space heating (thermostat)
heat_pump_hot_water,2026-11-19 21:28,2026-11-19 21:59,31,1.6,0.8267,Hot-water tank reheat
dishwasher,2026-11-19 21:29,2026-11-19 23:09,100,2.0,1.1547,Dishwasher
phone_tablet_charging,2026-11-19 21:58,2026-11-19 23:18,80,0.015,0.02,Power bank before trip
heat_pump_space_heating,2026-11-19 21:59,2026-11-19 22:22,23,1.284,0.4358,Space heating (thermostat)
phone_tablet_charging,2026-11-19 23:00,2026-11-20 00:36,96,0.01,0.016,Phone overnight
kettle,2026-11-20 07:10,2026-11-20 07:13,3,2.0,0.1,Morning tea / hot water
coffee_machine,2026-11-20 07:20,2026-11-20 07:29,9,1.02,0.153,Morning coffee
laptop,2026-11-20 09:10,2026-11-20 12:48,218,0.071,0.2088,Work from home
kettle,2026-11-20 12:53,2026-11-20 12:57,4,2.0,0.1333,Lunch break
coffee_machine,2026-11-20 13:15,2026-11-20 13:24,9,1.23,0.1845,Post-lunch coffee
laptop,2026-11-20 13:23,2026-11-20 14:50,87,0.08,0.1001,Work from home
heat_pump_space_heating,2026-11-20 15:34,2026-11-20 16:03,29,1.481,0.5897,Space heating (thermostat)
heat_pump_space_heating,2026-11-20 17:59,2026-11-20 18:29,30,1.483,0.6113,Space heating (thermostat)
heat_pump_space_heating,2026-11-20 20:15,2026-11-20 20:47,32,1.485,0.6533,Space heating (thermostat)
heat_pump_space_heating,2026-11-20 22:30,2026-11-20 23:03,33,1.484,0.6733,Space heating (thermostat)
heat_pump_space_heating,2026-11-21 00:43,2026-11-21 01:16,33,1.48,0.6716,Space heating (thermostat)
heat_pump_space_heating,2026-11-21 02:57,2026-11-21 03:30,33,1.484,0.6742,Space heating (thermostat)
heat_pump_space_heating,2026-11-21 05:08,2026-11-21 05:42,34,1.481,0.6926,Space heating (thermostat)
heat_pump_space_heating,2026-11-21 07:17,2026-11-21 07:52,35,1.482,0.7138,Space heating (thermostat)
heat_pump_space_heating,2026-11-21 09:26,2026-11-21 10:00,34,1.483,0.6948,Space heating (thermostat)
heat_pump_space_heating,2026-11-21 11:54,2026-11-21 12:24,30,1.482,0.6144,Space heating (thermostat)
heat_pump_space_heating,2026-11-21 14:40,2026-11-21 15:11,31,1.481,0.632,Space heating (thermostat)
heat_pump_space_heating,2026-11-21 17:00,2026-11-21 17:35,35,1.484,0.7147,Space heating (thermostat)
heat_pump_space_heating,2026-11-21 19:06,2026-11-21 19:43,37,1.483,0.7535,Space heating (thermostat)
heat_pump_space_heating,2026-11-21 21:14,2026-11-21 21:51,37,1.482,0.7534,Space heating (thermostat)
heat_pump_space_heating,2026-11-21 23:20,2026-11-21 23:58,38,1.482,0.7714,Space heating (thermostat)
heat_pump_space_heating,2026-11-22 01:28,2026-11-22 02:05,37,1.481,0.7529,Space heating (thermostat)
heat_pump_space_heating,2026-11-22 03:41,2026-11-22 04:14,33,1.48,0.6736,Space heating (thermostat)
heat_pump_space_heating,2026-11-22 05:53,2026-11-22 06:26,33,1.48,0.6721,Space heating (thermostat)
heat_pump_space_heating,2026-11-22 08:04,2026-11-22 08:39,35,1.482,0.7141,Space heating (thermostat)
heat_pump_space_heating,2026-11-22 10:14,2026-11-22 10:48,34,1.481,0.6928,Space heating (thermostat)
heat_pump_space_heating,2026-11-22 12:59,2026-11-22 13:27,28,1.482,0.5729,Space heating (thermostat)
heat_pump_space_heating,2026-11-22 16:03,2026-11-22 16:36,33,1.482,0.6728,Space heating (thermostat)
heat_pump_space_heating,2026-11-22 18:06,2026-11-22 18:45,39,1.485,0.7935,Space heating (thermostat)
heat_pump_space_heating,2026-11-22 20:10,2026-11-22 20:42,32,1.482,0.6786,Space heating (thermostat)
heat_pump_hot_water,2026-11-22 20:42,2026-11-22 22:13,91,1.6,2.4267,Hot-water tank reheat
laptop,2026-11-22 20:55,2026-11-22 21:52,57,0.073,0.0609,"Catching up after the trip: e-mails, bookings, packing list"
oven,2026-11-22 20:55,2026-11-22 21:39,44,2.25,1.0875,Catching up after the trip: cooking / using up food
tv,2026-11-22 21:12,2026-11-22 23:05,113,0.122,0.2298,Evening TV / streaming
kettle,2026-11-22 21:28,2026-11-22 21:31,3,2.0,0.1,Catching up after the trip: tea
kettle,2026-11-22 21:42,2026-11-22 21:45,3,2.0,0.1,Evening tea
heat_pump_space_heating,2026-11-22 22:13,2026-11-22 23:47,94,3.0,4.6098,Space heating (thermostat)
tv,2026-11-22 22:26,2026-11-22 23:05,39,0.115,0.0748,Winding down after the trip
phone_tablet_charging,2026-11-22 22:55,2026-11-23 00:31,96,0.01,0.016,Phone overnight
phone_tablet_charging,2026-11-22 22:57,2026-11-23 00:08,71,0.012,0.0142,Tablet overnight
heat_pump_space_heating,2026-11-22 23:57,2026-11-23 00:12,15,2.49,0.2992,Space heating (thermostat)
heat_pump_space_heating,2026-11-23 00:26,2026-11-23 00:41,15,2.447,0.2741,Space heating (thermostat)
heat_pump_space_heating,2026-11-23 06:00,2026-11-23 06:36,36,3.0,1.7281,Space heating (thermostat)
kettle,2026-11-23 06:27,2026-11-23 06:31,4,2.0,0.1333,Morning tea / hot water
heat_pump_hot_water,2026-11-23 06:36,2026-11-23 07:14,38,1.6,1.0133,Hot-water tank reheat
coffee_machine,2026-11-23 06:40,2026-11-23 06:47,7,1.31,0.1528,Morning coffee
heat_pump_space_heating,2026-11-23 07:14,2026-11-23 08:59,105,2.634,2.8214,Space heating (thermostat)
lighting,2026-11-23 07:51,2026-11-23 13:57,366,0.06,0.366,Lights left on when leaving
heat_pump_space_heating,2026-11-23 10:05,2026-11-23 10:52,47,1.482,0.9548,Space heating (thermostat)
heat_pump_space_heating,2026-11-23 12:01,2026-11-23 12:46,45,1.483,0.914,Space heating (thermostat)
heat_pump_space_heating,2026-11-23 14:00,2026-11-23 14:42,42,1.485,0.8557,Space heating (thermostat)
heat_pump_space_heating,2026-11-23 15:52,2026-11-23 16:37,45,1.485,0.9149,Space heating (thermostat)
heat_pump_space_heating,2026-11-23 17:42,2026-11-23 18:28,46,1.482,0.9344,Space heating (thermostat)
heat_pump_space_heating,2026-11-23 19:33,2026-11-23 20:16,43,1.485,0.8798,Space heating (thermostat)
heat_pump_hot_water,2026-11-23 20:16,2026-11-23 20:50,34,1.6,0.9067,Hot-water tank reheat
tv,2026-11-23 20:32,2026-11-23 21:46,74,0.12,0.148,Evening TV / streaming
heat_pump_space_heating,2026-11-23 20:50,2026-11-23 21:10,20,1.208,0.3677,Space heating (thermostat)
laptop,2026-11-23 20:53,2026-11-23 21:48,55,0.08,0.0611,"Personal laptop (e-mails, booking trips)"
phone_tablet_charging,2026-11-23 22:55,2026-11-24 00:21,86,0.01,0.0143,Phone overnight
phone_tablet_charging,2026-11-23 22:57,2026-11-24 00:13,76,0.012,0.0152,Tablet overnight
heat_pump_space_heating,2026-11-24 04:42,2026-11-24 05:24,42,1.484,0.8521,Space heating (thermostat)
heat_pump_space_heating,2026-11-24 06:00,2026-11-24 06:57,57,3.0,2.4355,Space heating (thermostat)
coffee_machine,2026-11-24 06:47,2026-11-24 06:55,8,1.21,0.1613,Morning coffee
kettle,2026-11-24 06:47,2026-11-24 06:50,3,2.0,0.1,Morning tea / hot water
heat_pump_hot_water,2026-11-24 06:57,2026-11-24 07:36,39,1.6,1.04,Hot-water tank reheat
heat_pump_space_heating,2026-11-24 07:36,2026-11-24 08:55,79,2.053,1.8762,Space heating (thermostat)
laptop,2026-11-24 09:30,2026-11-24 12:56,206,0.067,0.1642,Work from home
heat_pump_space_heating,2026-11-24 10:09,2026-11-24 10:51,42,1.483,0.856,Space heating (thermostat)
coffee_machine,2026-11-24 11:54,2026-11-24 12:01,7,1.36,0.1587,Mid-morning coffee
heat_pump_space_heating,2026-11-24 12:27,2026-11-24 13:04,37,1.48,0.7616,Space heating (thermostat)
kettle,2026-11-24 13:01,2026-11-24 13:04,3,2.0,0.1,Lunch break
coffee_machine,2026-11-24 13:29,2026-11-24 13:35,6,1.27,0.127,Post-lunch coffee
laptop,2026-11-24 13:37,2026-11-24 17:14,217,0.08,0.2097,Work from home
heat_pump_space_heating,2026-11-24 14:40,2026-11-24 15:17,37,1.48,0.7538,Space heating (thermostat)
kettle,2026-11-24 15:34,2026-11-24 15:37,3,2.0,0.1,Afternoon tea
heat_pump_space_heating,2026-11-24 16:50,2026-11-24 17:25,35,1.484,0.7132,Space heating (thermostat)
kettle,2026-11-24 18:44,2026-11-24 18:48,4,2.0,0.1333,Evening tea
heat_pump_space_heating,2026-11-24 19:01,2026-11-24 19:36,35,1.485,0.7146,Space heating (thermostat)
tv,2026-11-24 20:29,2026-11-24 22:12,103,0.095,0.1631,Evening TV / streaming
heat_pump_space_heating,2026-11-24 21:07,2026-11-24 21:41,34,1.483,0.6937,Space heating (thermostat)
phone_tablet_charging,2026-11-24 22:59,2026-11-25 00:38,99,0.01,0.0165,Phone overnight
heat_pump_space_heating,2026-11-25 06:00,2026-11-25 07:20,80,3.0,3.0589,Space heating (thermostat)
kettle,2026-11-25 07:01,2026-11-25 07:05,4,2.0,0.1333,Morning tea / hot water
coffee_machine,2026-11-25 07:10,2026-11-25 07:19,9,1.43,0.2145,Morning coffee
heat_pump_hot_water,2026-11-25 07:20,2026-11-25 08:15,55,1.6,1.4667,Hot-water tank reheat
heat_pump_space_heating,2026-11-25 08:15,2026-11-25 09:02,47,1.627,1.0016,Space heating (thermostat)
heat_pump_space_heating,2026-11-25 10:18,2026-11-25 10:54,36,1.485,0.7347,Space heating (thermostat)
heat_pump_space_heating,2026-11-25 12:20,2026-11-25 12:55,35,1.484,0.7143,Space heating (thermostat)
heat_pump_space_heating,2026-11-25 14:20,2026-11-25 14:57,37,1.485,0.7505,Space heating (thermostat)
heat_pump_space_heating,2026-11-25 16:13,2026-11-25 16:51,38,1.485,0.7739,Space heating (thermostat)
heat_pump_space_heating,2026-11-25 18:04,2026-11-25 18:33,29,1.486,0.6081,Space heating (thermostat)
oven,2026-11-25 18:26,2026-11-25 18:41,15,2.37,0.5925,Cooking dinner
heat_pump_space_heating,2026-11-25 20:05,2026-11-25 20:43,38,1.482,0.7726,Space heating (thermostat)
kettle,2026-11-25 21:19,2026-11-25 21:24,5,2.0,0.1667,Evening tea
dishwasher,2026-11-25 21:34,2026-11-25 23:07,93,2.0,0.9213,Dishwasher
heat_pump_hot_water,2026-11-25 21:35,2026-11-25 22:07,32,1.6,0.8533,Hot-water tank reheat
phone_tablet_charging,2026-11-25 23:05,2026-11-26 00:22,77,0.01,0.0128,Phone overnight
phone_tablet_charging,2026-11-25 23:07,2026-11-26 00:21,74,0.012,0.0148,Tablet overnight
heat_pump_space_heating,2026-11-26 06:00,2026-11-26 07:11,71,3.0,2.8041,Space heating (thermostat)
kettle,2026-11-26 07:02,2026-11-26 07:06,4,2.0,0.1333,Morning tea / hot water
heat_pump_hot_water,2026-11-26 07:11,2026-11-26 07:48,37,1.6,0.9867,Hot-water tank reheat
coffee_machine,2026-11-26 07:13,2026-11-26 07:18,5,1.07,0.0892,Morning coffee
heat_pump_space_heating,2026-11-26 07:48,2026-11-26 08:33,45,1.622,0.9555,Space heating (thermostat)
heat_pump_space_heating,2026-11-26 09:50,2026-11-26 10:26,36,1.484,0.734,Space heating (thermostat)
heat_pump_space_heating,2026-11-26 11:47,2026-11-26 12:21,34,1.485,0.695,Space heating (thermostat)
heat_pump_space_heating,2026-11-26 13:42,2026-11-26 14:17,35,1.481,0.7106,Space heating (thermostat)
heat_pump_space_heating,2026-11-26 15:37,2026-11-26 16:13,36,1.481,0.7304,Space heating (thermostat)
heat_pump_space_heating,2026-11-26 17:30,2026-11-26 18:05,35,1.484,0.7149,Space heating (thermostat)
laptop,2026-11-26 18:05,2026-11-26 19:09,64,0.054,0.0492,"Trip preparation: e-mails, bookings, packing list"
washing_machine,2026-11-26 18:07,2026-11-26 19:50,103,2.0,0.7473,Extra load before the trip
kettle,2026-11-26 18:45,2026-11-26 18:50,5,2.0,0.1667,Trip preparation: tea
kettle,2026-11-26 18:46,2026-11-26 18:50,4,2.0,0.1333,Evening tea
oven,2026-11-26 19:17,2026-11-26 20:27,70,2.27,1.589,Cooking dinner
washing_machine,2026-11-26 20:00,2026-11-26 21:39,99,2.0,0.614,Laundry before the trip
tv,2026-11-26 21:44,2026-11-26 23:16,92,0.101,0.1549,Evening TV / streaming
phone_tablet_charging,2026-11-26 23:06,2026-11-27 00:28,82,0.01,0.0137,Phone overnight
phone_tablet_charging,2026-11-26 23:08,2026-11-27 00:33,85,0.012,0.017,Tablet overnight
phone_tablet_charging,2026-11-27 05:20,2026-11-27 06:40,80,0.015,0.02,Power bank before trip
kettle,2026-11-27 05:31,2026-11-27 05:35,4,2.0,0.1333,Morning tea / hot water
coffee_machine,2026-11-27 05:36,2026-11-27 05:42,6,1.26,0.126,Morning coffee
heat_pump_hot_water,2026-11-27 05:46,2026-11-27 06:34,48,1.6,1.28,Hot-water tank reheat
heat_pump_space_heating,2026-11-27 06:34,2026-11-27 08:38,124,3.0,4.1579,Space heating (thermostat)
heat_pump_space_heating,2026-11-27 09:49,2026-11-27 10:28,39,1.484,0.7937,Space heating (thermostat)
heat_pump_space_heating,2026-11-27 11:46,2026-11-27 12:22,36,1.484,0.7356,Space heating (thermostat)
heat_pump_space_heating,2026-11-27 13:42,2026-11-27 14:17,35,1.484,0.7134,Space heating (thermostat)
heat_pump_space_heating,2026-11-27 15:37,2026-11-27 16:12,35,1.485,0.7135,Space heating (thermostat)
heat_pump_space_heating,2026-11-27 17:28,2026-11-27 18:06,38,1.483,0.7721,Space heating (thermostat)
heat_pump_space_heating,2026-11-27 19:15,2026-11-27 19:57,42,1.483,0.854,Space heating (thermostat)
heat_pump_space_heating,2026-11-27 21:05,2026-11-27 21:47,42,1.487,0.8566,Space heating (thermostat)
heat_pump_space_heating,2026-11-28 04:53,2026-11-28 05:38,45,1.484,0.9128,Space heating (thermostat)
heat_pump_space_heating,2026-11-28 06:00,2026-11-28 08:14,134,3.0,4.1988,Space heating (thermostat)
heat_pump_space_heating,2026-11-28 09:18,2026-11-28 10:07,49,1.485,0.9931,Space heating (thermostat)
heat_pump_space_heating,2026-11-28 11:19,2026-11-28 12:00,41,1.483,0.8347,Space heating (thermostat)
heat_pump_space_heating,2026-11-28 13:24,2026-11-28 14:00,36,1.484,0.7339,Space heating (thermostat)
heat_pump_space_heating,2026-11-28 15:26,2026-11-28 16:05,39,1.486,0.7924,Space heating (thermostat)
heat_pump_space_heating,2026-11-28 17:16,2026-11-28 17:58,42,1.482,0.8521,Space heating (thermostat)
heat_pump_space_heating,2026-11-28 19:07,2026-11-28 19:51,44,1.485,0.8907,Space heating (thermostat)
laptop,2026-11-28 20:04,2026-11-28 20:52,48,0.08,0.0597,"Catching up after the trip: e-mails, bookings, packing list"
tv,2026-11-28 21:02,2026-11-28 22:44,102,0.117,0.1989,Evening TV / streaming
heat_pump_space_heating,2026-11-28 21:12,2026-11-28 21:17,5,1.48,0.1205,Space heating (thermostat)
heat_pump_hot_water,2026-11-28 21:17,2026-11-28 21:48,31,1.6,0.8267,Hot-water tank reheat
kettle,2026-11-28 21:27,2026-11-28 21:31,4,2.0,0.1333,Catching up after the trip: tea
tv,2026-11-28 21:30,2026-11-28 22:47,77,0.112,0.1437,Winding down after the trip
heat_pump_space_heating,2026-11-28 21:48,2026-11-28 22:25,37,1.511,0.7624,Space heating (thermostat)
phone_tablet_charging,2026-11-28 22:48,2026-11-29 00:20,92,0.01,0.0153,Phone overnight
phone_tablet_charging,2026-11-28 22:50,2026-11-28 23:54,64,0.012,0.0128,Tablet overnight
heat_pump_space_heating,2026-11-29 06:00,2026-11-29 07:50,110,3.0,3.579,Space heating (thermostat)
kettle,2026-11-29 08:19,2026-11-29 08:23,4,2.0,0.1333,Morning tea / hot water
coffee_machine,2026-11-29 08:27,2026-11-29 08:33,6,1.11,0.111,Morning coffee
heat_pump_hot_water,2026-11-29 08:32,2026-11-29 09:27,55,1.6,1.4667,Hot-water tank reheat
heat_pump_space_heating,2026-11-29 09:27,2026-11-29 09:59,32,1.497,0.6656,Space heating (thermostat)
coffee_machine,2026-11-29 09:52,2026-11-29 10:01,9,1.32,0.198,Second weekend coffee
heat_pump_space_heating,2026-11-29 11:37,2026-11-29 12:09,32,1.482,0.6544,Space heating (thermostat)
heat_pump_space_heating,2026-11-29 13:48,2026-11-29 14:21,33,1.483,0.6711,Space heating (thermostat)
heat_pump_space_heating,2026-11-29 15:53,2026-11-29 16:28,35,1.48,0.712,Space heating (thermostat)
laptop,2026-11-29 17:11,2026-11-29 17:55,44,0.064,0.0416,"Trip preparation: e-mails, bookings, packing list"
kettle,2026-11-29 17:20,2026-11-29 17:24,4,2.0,0.1333,Trip preparation: tea
heat_pump_space_heating,2026-11-29 18:03,2026-11-29 18:39,36,1.483,0.7336,Space heating (thermostat)
washing_machine,2026-11-29 20:00,2026-11-29 21:43,103,2.0,0.7473,Laundry before the trip
heat_pump_space_heating,2026-11-29 20:03,2026-11-29 20:27,24,1.483,0.482,Space heating (thermostat)
tv,2026-11-29 20:10,2026-11-29 20:43,33,0.108,0.0594,Evening TV / streaming
phone_tablet_charging,2026-11-29 20:13,2026-11-29 21:33,80,0.015,0.02,Power bank before trip
heat_pump_space_heating,2026-11-29 22:08,2026-11-29 22:30,22,1.484,0.4833,Space heating (thermostat)
phone_tablet_charging,2026-11-29 22:19,2026-11-29 23:44,85,0.01,0.0142,Phone overnight
phone_tablet_charging,2026-11-29 22:21,2026-11-29 23:46,85,0.012,0.017,Tablet overnight
coffee_machine,2026-11-30 04:50,2026-11-30 04:57,7,1.2,0.14,Morning coffee
kettle,2026-11-30 04:50,2026-11-30 04:54,4,2.0,0.1333,Morning tea / hot water
heat_pump_hot_water,2026-11-30 05:03,2026-11-30 05:55,52,1.6,1.3867,Hot-water tank reheat
heat_pump_space_heating,2026-11-30 06:00,2026-11-30 07:57,117,3.0,3.8463,Space heating (thermostat)
heat_pump_space_heating,2026-11-30 09:08,2026-11-30 09:46,38,1.484,0.7762,Space heating (thermostat)
heat_pump_space_heating,2026-11-30 11:04,2026-11-30 11:39,35,1.484,0.7133,Space heating (thermostat)
heat_pump_space_heating,2026-11-30 13:03,2026-11-30 13:36,33,1.483,0.6741,Space heating (thermostat)
heat_pump_space_heating,2026-11-30 15:00,2026-11-30 15:34,34,1.486,0.6926,Space heating (thermostat)
heat_pump_space_heating,2026-11-30 16:52,2026-11-30 17:28,36,1.483,0.7332,Space heating (thermostat)
heat_pump_space_heating,2026-11-30 18:44,2026-11-30 19:20,36,1.484,0.7322,Space heating (thermostat)
heat_pump_space_heating,2026-11-30 20:39,2026-11-30 21:13,34,1.481,0.6937,Space heating (thermostat)
heat_pump_space_heating,2026-12-01 05:54,2026-12-01 07:45,111,3.0,3.58,Space heating (thermostat)
heat_pump_space_heating,2026-12-01 09:01,2026-12-01 09:38,37,1.484,0.752,Space heating (thermostat)
heat_pump_space_heating,2026-12-01 10:57,2026-12-01 11:32,35,1.482,0.7144,Space heating (thermostat)
heat_pump_space_heating,2026-12-01 12:52,2026-12-01 13:27,35,1.48,0.7123,Space heating (thermostat)
heat_pump_space_heating,2026-12-01 14:47,2026-12-01 15:23,36,1.482,0.7314,Space heating (thermostat)
heat_pump_space_heating,2026-12-01 16:41,2026-12-01 17:18,37,1.485,0.754,Space heating (thermostat)
heat_pump_space_heating,2026-12-01 18:31,2026-12-01 19:09,38,1.481,0.7708,Space heating (thermostat)
heat_pump_space_heating,2026-12-01 20:23,2026-12-01 21:00,37,1.481,0.7513,Space heating (thermostat)
heat_pump_hot_water,2026-12-01 21:45,2026-12-01 22:16,31,1.6,0.8267,Hot-water tank reheat
heat_pump_space_heating,2026-12-01 22:16,2026-12-01 22:31,15,1.489,0.3388,Space heating (thermostat)
heat_pump_space_heating,2026-12-02 05:56,2026-12-02 07:47,111,3.0,3.6299,Space heating (thermostat)
heat_pump_space_heating,2026-12-02 09:02,2026-12-02 09:38,36,1.48,0.7306,Space heating (thermostat)
heat_pump_space_heating,2026-12-02 11:00,2026-12-02 11:33,33,1.481,0.6736,Space heating (thermostat)
heat_pump_space_heating,2026-12-02 13:07,2026-12-02 13:37,30,1.482,0.612,Space heating (thermostat)
heat_pump_space_heating,2026-12-02 15:12,2026-12-02 15:42,30,1.481,0.6112,Space heating (thermostat)
heat_pump_space_heating,2026-12-02 17:14,2026-12-02 17:44,30,1.484,0.6133,Space heating (thermostat)
laptop,2026-12-02 18:17,2026-12-02 18:44,27,0.068,0.0273,"Catching up after the trip: e-mails, bookings, packing list"
oven,2026-12-02 18:30,2026-12-02 19:22,52,2.18,1.199,Catching up after the trip: cooking / using up food
kettle,2026-12-02 19:01,2026-12-02 19:04,3,2.0,0.1,Catching up after the trip: tea
tv,2026-12-02 19:13,2026-12-02 20:44,91,0.083,0.1259,Winding down after the trip
washing_machine,2026-12-02 19:35,2026-12-02 21:19,104,2.0,0.7807,"Laundry after the trip (Budapest, Hungary)"
tv,2026-12-02 19:40,2026-12-02 20:54,74,0.134,0.1653,Evening TV / streaming
dishwasher,2026-12-02 20:29,2026-12-02 22:09,100,2.0,1.1547,Dishwasher
kettle,2026-12-02 20:35,2026-12-02 20:39,4,2.0,0.1333,Evening tea
phone_tablet_charging,2026-12-02 22:00,2026-12-02 23:17,77,0.01,0.0128,Phone overnight
heat_pump_space_heating,2026-12-03 06:00,2026-12-03 07:12,72,3.0,2.2549,Space heating (thermostat)
kettle,2026-12-03 07:03,2026-12-03 07:08,5,2.0,0.1667,Morning tea / hot water
coffee_machine,2026-12-03 07:10,2026-12-03 07:17,7,1.13,0.1318,Morning coffee
heat_pump_hot_water,2026-12-03 07:13,2026-12-03 08:09,56,1.6,1.4933,Hot-water tank reheat
heat_pump_space_heating,2026-12-03 08:59,2026-12-03 09:28,29,1.482,0.5907,Space heating (thermostat)
heat_pump_space_heating,2026-12-03 11:14,2026-12-03 11:40,26,1.484,0.5328,Space heating (thermostat)
heat_pump_space_heating,2026-12-03 13:49,2026-12-03 14:15,26,1.483,0.53,Space heating (thermostat)
heat_pump_space_heating,2026-12-03 16:05,2026-12-03 16:33,28,1.481,0.5703,Space heating (thermostat)
heat_pump_space_heating,2026-12-03 18:13,2026-12-03 18:42,29,1.48,0.5925,Space heating (thermostat)
heat_pump_space_heating,2026-12-03 20:26,2026-12-03 20:55,29,1.481,0.5915,Space heating (thermostat)
tv,2026-12-03 21:20,2026-12-03 22:38,78,0.082,0.1066,Evening TV / streaming
phone_tablet_charging,2026-12-03 22:28,2026-12-03 23:41,73,0.01,0.0122,Phone overnight
heat_pump_space_heating,2026-12-04 06:00,2026-12-04 07:07,67,3.0,2.5476,Space heating (thermostat)
kettle,2026-12-04 06:59,2026-12-04 07:02,3,2.0,0.1,Morning tea / hot water
heat_pump_hot_water,2026-12-04 07:07,2026-12-04 07:54,47,1.6,1.2533,Hot-water tank reheat
coffee_machine,2026-12-04 07:09,2026-12-04 07:17,8,1.41,0.188,Morning coffee
heat_pump_space_heating,2026-12-04 07:54,2026-12-04 08:26,32,1.535,0.6652,Space heating (thermostat)
laptop,2026-12-04 08:48,2026-12-04 12:19,211,0.08,0.2515,Work from home
heat_pump_space_heating,2026-12-04 10:18,2026-12-04 10:45,27,1.481,0.5525,Space heating (thermostat)
coffee_machine,2026-12-04 11:13,2026-12-04 11:21,8,1.22,0.1627,Mid-morning coffee
kettle,2026-12-04 12:24,2026-12-04 12:27,3,2.0,0.1,Lunch break
coffee_machine,2026-12-04 12:47,2026-12-04 12:53,6,1.48,0.148,Post-lunch coffee
laptop,2026-12-04 12:55,2026-12-04 17:11,256,0.08,0.276,Work from home
heat_pump_space_heating,2026-12-04 13:28,2026-12-04 13:54,26,1.482,0.5336,Space heating (thermostat)
kettle,2026-12-04 14:25,2026-12-04 14:30,5,2.0,0.1667,Afternoon tea
heat_pump_space_heating,2026-12-04 16:24,2026-12-04 16:52,28,1.483,0.5718,Space heating (thermostat)
heat_pump_space_heating,2026-12-04 18:37,2026-12-04 19:07,30,1.483,0.6107,Space heating (thermostat)
kettle,2026-12-04 19:11,2026-12-04 19:16,5,2.0,0.1667,Evening tea
heat_pump_space_heating,2026-12-04 21:13,2026-12-04 21:40,27,1.481,0.5506,Space heating (thermostat)
laptop,2026-12-04 21:16,2026-12-04 22:07,51,0.048,0.0365,"Personal laptop (e-mails, booking trips)"
phone_tablet_charging,2026-12-05 00:50,2026-12-05 02:12,82,0.01,0.0137,Phone overnight
phone_tablet_charging,2026-12-05 00:52,2026-12-05 02:27,95,0.012,0.019,Tablet overnight
heat_pump_space_heating,2026-12-05 06:00,2026-12-05 06:48,48,3.0,1.789,Space heating (thermostat)
heat_pump_hot_water,2026-12-05 06:48,2026-12-05 07:19,31,1.6,0.8267,Hot-water tank reheat
heat_pump_space_heating,2026-12-05 07:19,2026-12-05 07:54,35,1.662,0.7649,Space heating (thermostat)
kettle,2026-12-05 07:52,2026-12-05 07:56,4,2.0,0.1333,Morning tea / hot water
coffee_machine,2026-12-05 08:00,2026-12-05 08:06,6,1.25,0.125,Morning coffee
coffee_machine,2026-12-05 09:04,2026-12-05 09:10,6,1.22,0.122,Second weekend coffee
heat_pump_space_heating,2026-12-05 10:03,2026-12-05 10:30,27,1.481,0.5532,Space heating (thermostat)
heat_pump_hot_water,2026-12-05 11:47,2026-12-05 12:18,31,1.6,0.8267,Hot-water tank reheat
heat_pump_space_heating,2026-12-05 12:50,2026-12-05 13:13,23,1.482,0.4724,Space heating (thermostat)
phone_tablet_charging,2026-12-05 15:00,2026-12-05 16:20,80,0.015,0.02,Power bank before trip
heat_pump_space_heating,2026-12-05 16:10,2026-12-05 16:32,22,1.48,0.4507,Space heating (thermostat)
laptop,2026-12-05 17:24,2026-12-05 18:27,63,0.077,0.0632,"Trip preparation: e-mails, bookings, packing list"
kettle,2026-12-05 17:54,2026-12-05 17:58,4,2.0,0.1333,Trip preparation: tea
oven,2026-12-05 18:57,2026-12-05 19:21,24,2.33,0.699,Cooking dinner
washing_machine,2026-12-05 20:00,2026-12-05 21:45,105,2.0,0.814,Laundry before the trip
kettle,2026-12-05 20:27,2026-12-05 20:30,3,2.0,0.1,Evening tea
dishwasher,2026-12-05 21:14,2026-12-05 22:52,98,2.0,1.088,Dishwasher
phone_tablet_charging,2026-12-06 00:39,2026-12-06 02:24,105,0.01,0.0175,Phone overnight
heat_pump_hot_water,2026-12-06 02:00,2026-12-06 02:39,39,1.6,1.04,Hot-water tank reheat
coffee_machine,2026-12-06 04:23,2026-12-06 04:30,7,1.03,0.1202,Morning coffee
kettle,2026-12-06 04:23,2026-12-06 04:26,3,2.0,0.1,Morning tea / hot water
heat_pump_hot_water,2026-12-06 04:36,2026-12-06 05:08,32,1.6,0.8533,Hot-water tank reheat
heat_pump_space_heating,2026-12-06 06:00,2026-12-06 07:05,65,2.801,1.8723,Space heating (thermostat)
heat_pump_space_heating,2026-12-06 08:48,2026-12-06 09:14,26,1.484,0.5334,Space heating (thermostat)
heat_pump_space_heating,2026-12-06 11:02,2026-12-06 11:28,26,1.48,0.5305,Space heating (thermostat)
heat_pump_space_heating,2026-12-06 13:32,2026-12-06 13:57,25,1.481,0.5112,Space heating (thermostat)
heat_pump_space_heating,2026-12-06 15:54,2026-12-06 16:20,26,1.481,0.5324,Space heating (thermostat)
heat_pump_space_heating,2026-12-06 18:00,2026-12-06 18:28,28,1.485,0.5722,Space heating (thermostat)
heat_pump_space_heating,2026-12-06 20:02,2026-12-06 20:31,29,1.483,0.591,Space heating (thermostat)
heat_pump_space_heating,2026-12-06 22:03,2026-12-06 22:30,27,1.483,0.5634,Space heating (thermostat)
heat_pump_space_heating,2026-12-07 06:00,2026-12-07 07:27,87,3.0,2.7647,Space heating (thermostat)
heat_pump_space_heating,2026-12-07 08:52,2026-12-07 09:23,31,1.481,0.6322,Space heating (thermostat)
heat_pump_space_heating,2026-12-07 10:57,2026-12-07 11:26,29,1.484,0.5912,Space heating (thermostat)
heat_pump_space_heating,2026-12-07 13:29,2026-12-07 13:56,27,1.48,0.5511,Space heating (thermostat)
heat_pump_space_heating,2026-12-07 15:40,2026-12-07 16:09,29,1.48,0.5917,Space heating (thermostat)
heat_pump_space_heating,2026-12-07 17:39,2026-12-07 18:09,30,1.481,0.6137,Space heating (thermostat)
heat_pump_space_heating,2026-12-07 19:37,2026-12-07 20:07,30,1.485,0.6142,Space heating (thermostat)
heat_pump_hot_water,2026-12-07 20:51,2026-12-07 21:22,31,1.6,0.8267,Hot-water tank reheat
heat_pump_space_heating,2026-12-07 21:35,2026-12-07 22:05,30,1.485,0.6133,Space heating (thermostat)
heat_pump_space_heating,2026-12-08 06:00,2026-12-08 07:30,90,3.0,2.9045,Space heating (thermostat)
heat_pump_space_heating,2026-12-08 08:57,2026-12-08 09:28,31,1.485,0.6314,Space heating (thermostat)
heat_pump_space_heating,2026-12-08 11:06,2026-12-08 11:33,27,1.481,0.5525,Space heating (thermostat)
heat_pump_space_heating,2026-12-08 13:40,2026-12-08 14:04,24,1.483,0.492,Space heating (thermostat)
heat_pump_space_heating,2026-12-08 16:21,2026-12-08 16:45,24,1.483,0.4919,Space heating (thermostat)
heat_pump_space_heating,2026-12-08 18:47,2026-12-08 19:11,24,1.48,0.4896,Space heating (thermostat)
heat_pump_space_heating,2026-12-08 21:22,2026-12-08 21:45,23,1.483,0.4723,Space heating (thermostat)
heat_pump_space_heating,2026-12-09 06:00,2026-12-09 06:57,57,2.781,1.6459,Space heating (thermostat)
heat_pump_space_heating,2026-12-09 09:14,2026-12-09 09:37,23,1.482,0.469,Space heating (thermostat)
heat_pump_space_heating,2026-12-09 12:16,2026-12-09 12:37,21,1.481,0.4309,Space heating (thermostat)
heat_pump_hot_water,2026-12-09 13:22,2026-12-09 13:53,31,1.6,0.8267,Hot-water tank reheat
heat_pump_space_heating,2026-12-09 16:05,2026-12-09 16:27,22,1.481,0.4493,Space heating (thermostat)
heat_pump_space_heating,2026-12-09 18:57,2026-12-09 19:18,21,1.481,0.433,Space heating (thermostat)
laptop,2026-12-09 19:24,2026-12-09 20:09,45,0.058,0.039,"Catching up after the trip: e-mails, bookings, packing list"
tv,2026-12-09 20:03,2026-12-09 21:01,58,0.121,0.117,Evening TV / streaming
kettle,2026-12-09 20:50,2026-12-09 20:53,3,2.0,0.1,Catching up after the trip: tea
kettle,2026-12-09 20:53,2026-12-09 20:57,4,2.0,0.1333,Evening tea
laptop,2026-12-09 21:08,2026-12-09 21:21,13,0.052,0.0097,"Personal laptop (e-mails, booking trips)"
tv,2026-12-09 21:40,2026-12-09 22:51,71,0.14,0.1657,Winding down after the trip
phone_tablet_charging,2026-12-09 22:41,2026-12-09 23:56,75,0.01,0.0125,Phone overnight
heat_pump_space_heating,2026-12-10 06:00,2026-12-10 06:46,46,2.465,1.2527,Space heating (thermostat)
kettle,2026-12-10 06:36,2026-12-10 06:39,3,2.0,0.1,Morning tea / hot water
coffee_machine,2026-12-10 06:49,2026-12-10 06:59,10,1.02,0.17,Morning coffee
heat_pump_hot_water,2026-12-10 06:55,2026-12-10 07:41,46,1.6,1.2267,Hot-water tank reheat
heat_pump_space_heating,2026-12-10 09:48,2026-12-10 10:10,22,1.481,0.4512,Space heating (thermostat)
heat_pump_space_heating,2026-12-10 13:19,2026-12-10 13:40,21,1.481,0.4306,Space heating (thermostat)
heat_pump_space_heating,2026-12-10 16:42,2026-12-10 17:04,22,1.48,0.4501,Space heating (thermostat)
kettle,2026-12-10 19:20,2026-12-10 19:23,3,2.0,0.1,Evening tea
tv,2026-12-10 19:55,2026-12-10 21:02,67,0.093,0.1038,Evening TV / streaming
heat_pump_space_heating,2026-12-10 20:29,2026-12-10 20:50,21,1.481,0.4296,Space heating (thermostat)
phone_tablet_charging,2026-12-10 22:50,2026-12-11 00:11,81,0.01,0.0135,Phone overnight
heat_pump_space_heating,2026-12-11 06:00,2026-12-11 06:48,48,2.45,1.2908,Space heating (thermostat)
kettle,2026-12-11 07:01,2026-12-11 07:05,4,2.0,0.1333,Morning tea / hot water
coffee_machine,2026-12-11 07:05,2026-12-11 07:10,5,1.36,0.1133,Morning coffee
heat_pump_hot_water,2026-12-11 07:18,2026-12-11 08:11,53,1.6,1.4133,Hot-water tank reheat
laptop,2026-12-11 09:05,2026-12-11 12:03,178,0.058,0.1462,Work from home
heat_pump_space_heating,2026-12-11 10:34,2026-12-11 10:55,21,1.48,0.4296,Space heating (thermostat)
coffee_machine,2026-12-11 11:05,2026-12-11 11:14,9,1.37,0.2055,Mid-morning coffee
kettle,2026-12-11 12:08,2026-12-11 12:13,5,2.0,0.1667,Lunch break
coffee_machine,2026-12-11 12:29,2026-12-11 12:36,7,1.46,0.1703,Post-lunch coffee
laptop,2026-12-11 12:37,2026-12-11 16:16,219,0.08,0.2274,Work from home
kettle,2026-12-11 14:22,2026-12-11 14:27,5,2.0,0.1667,Afternoon tea
heat_pump_space_heating,2026-12-11 18:03,2026-12-11 18:26,23,1.48,0.4683,Space heating (thermostat)
heat_pump_space_heating,2026-12-11 20:33,2026-12-11 20:57,24,1.482,0.4905,Space heating (thermostat)
dishwasher,2026-12-11 21:41,2026-12-11 23:12,91,2.0,0.8547,Dishwasher
phone_tablet_charging,2026-12-12 00:16,2026-12-12 01:45,89,0.01,0.0148,Phone overnight
phone_tablet_charging,2026-12-12 00:21,2026-12-12 01:42,81,0.01,0.0135,Paul's phone
heat_pump_space_heating,2026-12-12 06:00,2026-12-12 06:49,49,2.362,1.2914,Space heating (thermostat)
kettle,2026-12-12 09:02,2026-12-12 09:07,5,2.0,0.1667,Morning tea / hot water
coffee_machine,2026-12-12 09:14,2026-12-12 09:20,6,1.06,0.106,Morning coffee
heat_pump_hot_water,2026-12-12 09:15,2026-12-12 10:48,93,1.6,2.48,Hot-water tank reheat
coffee_machine,2026-12-12 09:19,2026-12-12 09:27,8,1.35,0.18,Coffee for Paul
coffee_machine,2026-12-12 10:46,2026-12-12 10:51,5,1.04,0.0867,Second weekend coffee
heat_pump_space_heating,2026-12-12 10:48,2026-12-12 11:14,26,1.584,0.5469,Space heating (thermostat)
washing_machine,2026-12-12 12:31,2026-12-12 14:14,103,2.0,0.7473,Weekly laundry
heat_pump_space_heating,2026-12-12 15:55,2026-12-12 16:18,23,1.48,0.4722,Space heating (thermostat)
oven,2026-12-12 18:09,2026-12-12 18:46,37,2.34,0.975,Cooking dinner
kettle,2026-12-12 18:20,2026-12-12 18:23,3,2.0,0.1,Evening tea
heat_pump_space_heating,2026-12-12 20:17,2026-12-12 20:43,26,1.483,0.5305,Space heating (thermostat)
phone_tablet_charging,2026-12-12 23:22,2026-12-13 00:35,73,0.01,0.0122,Phone overnight
phone_tablet_charging,2026-12-12 23:24,2026-12-13 00:38,74,0.012,0.0148,Tablet overnight
phone_tablet_charging,2026-12-12 23:27,2026-12-13 01:11,104,0.01,0.0173,Paul's phone
heat_pump_hot_water,2026-12-13 02:00,2026-12-13 02:37,37,1.6,0.9867,Hot-water tank reheat
heat_pump_space_heating,2026-12-13 06:00,2026-12-13 07:11,71,3.0,2.1597,Space heating (thermostat)
kettle,2026-12-13 09:02,2026-12-13 09:07,5,2.0,0.1667,Morning tea / hot water
heat_pump_hot_water,2026-12-13 09:16,2026-12-13 10:24,68,1.6,1.8133,Hot-water tank reheat
coffee_machine,2026-12-13 09:18,2026-12-13 09:24,6,1.44,0.144,Morning coffee
coffee_machine,2026-12-13 09:23,2026-12-13 09:30,7,1.4,0.1633,Coffee for Paul
heat_pump_space_heating,2026-12-13 10:24,2026-12-13 10:52,28,1.604,0.5963,Space heating (thermostat)
coffee_machine,2026-12-13 10:28,2026-12-13 10:34,6,1.08,0.108,Second weekend coffee
heat_pump_space_heating,2026-12-13 13:42,2026-12-13 14:06,24,1.481,0.4895,Space heating (thermostat)
lighting,2026-12-13 14:01,2026-12-13 19:08,307,0.06,0.307,Lights left on when leaving
washing_machine,2026-12-13 16:09,2026-12-13 17:58,109,2.0,0.9473,Bed sheets after Paul
heat_pump_space_heating,2026-12-13 17:23,2026-12-13 17:51,28,1.481,0.5722,Space heating (thermostat)
kettle,2026-12-13 18:38,2026-12-13 18:42,4,2.0,0.1333,Evening tea
heat_pump_space_heating,2026-12-13 19:49,2026-12-13 20:18,29,1.483,0.591,Space heating (thermostat)
tv,2026-12-13 20:10,2026-12-13 22:41,151,0.119,0.2995,Evening TV / streaming
heat_pump_space_heating,2026-12-13 22:28,2026-12-13 22:43,15,1.482,0.2657,Space heating (thermostat)
phone_tablet_charging,2026-12-13 22:45,2026-12-14 00:11,86,0.01,0.0143,Phone overnight
heat_pump_space_heating,2026-12-14 06:00,2026-12-14 06:53,53,3.0,1.8198,Space heating (thermostat)
kettle,2026-12-14 06:44,2026-12-14 06:49,5,2.0,0.1667,Morning tea / hot water
coffee_machine,2026-12-14 06:51,2026-12-14 06:58,7,1.15,0.1342,Morning coffee
heat_pump_hot_water,2026-12-14 06:53,2026-12-14 07:43,50,1.6,1.3333,Hot-water tank reheat
heat_pump_space_heating,2026-12-14 07:43,2026-12-14 08:07,24,1.4,0.4759,Space heating (thermostat)
heat_pump_space_heating,2026-12-14 09:44,2026-12-14 10:12,28,1.48,0.5715,Space heating (thermostat)
heat_pump_space_heating,2026-12-14 11:59,2026-12-14 12:25,26,1.48,0.5295,Space heating (thermostat)
heat_pump_space_heating,2026-12-14 14:39,2026-12-14 15:05,26,1.48,0.5317,Space heating (thermostat)
heat_pump_space_heating,2026-12-14 16:49,2026-12-14 17:18,29,1.482,0.5902,Space heating (thermostat)
heat_pump_space_heating,2026-12-14 19:02,2026-12-14 19:32,30,1.48,0.6125,Space heating (thermostat)
kettle,2026-12-14 19:41,2026-12-14 19:46,5,2.0,0.1667,Evening tea
heat_pump_hot_water,2026-12-14 20:10,2026-12-14 20:42,32,1.6,0.8533,Hot-water tank reheat
dishwasher,2026-12-14 20:29,2026-12-14 22:00,91,2.0,0.8547,Dishwasher
phone_tablet_charging,2026-12-14 22:00,2026-12-14 23:33,93,0.01,0.0155,Phone overnight
heat_pump_space_heating,2026-12-15 06:00,2026-12-15 07:14,74,3.0,2.6739,Space heating (thermostat)
kettle,2026-12-15 06:57,2026-12-15 07:01,4,2.0,0.1333,Morning tea / hot water
coffee_machine,2026-12-15 07:09,2026-12-15 07:17,8,1.14,0.152,Morning coffee
heat_pump_hot_water,2026-12-15 07:14,2026-12-15 07:53,39,1.6,1.04,Hot-water tank reheat
heat_pump_space_heating,2026-12-15 07:53,2026-12-15 08:18,25,1.35,0.4834,Space heating (thermostat)
heat_pump_space_heating,2026-12-15 09:41,2026-12-15 10:14,33,1.485,0.6713,Space heating (thermostat)
heat_pump_space_heating,2026-12-15 11:44,2026-12-15 12:15,31,1.483,0.6321,Space heating (thermostat)
heat_pump_space_heating,2026-12-15 13:55,2026-12-15 14:24,29,1.483,0.5921,Space heating (thermostat)
heat_pump_space_heating,2026-12-15 16:00,2026-12-15 16:31,31,1.484,0.6315,Space heating (thermostat)
heat_pump_space_heating,2026-12-15 18:01,2026-12-15 18:30,29,1.482,0.5914,Space heating (thermostat)
heat_pump_space_heating,2026-12-15 20:15,2026-12-15 20:44,29,1.481,0.5927,Space heating (thermostat)
kettle,2026-12-15 21:11,2026-12-15 21:15,4,2.0,0.1333,Evening tea
phone_tablet_charging,2026-12-15 22:56,2026-12-16 00:23,87,0.01,0.0145,Phone overnight
heat_pump_space_heating,2026-12-16 05:25,2026-12-16 07:19,114,3.0,3.616,Space heating (thermostat)
kettle,2026-12-16 07:01,2026-12-16 07:04,3,2.0,0.1,Morning tea / hot water
coffee_machine,2026-12-16 07:08,2026-12-16 07:15,7,1.44,0.168,Morning coffee
heat_pump_hot_water,2026-12-16 07:19,2026-12-16 08:07,48,1.6,1.28,Hot-water tank reheat
heat_pump_space_heating,2026-12-16 08:07,2026-12-16 08:56,49,1.598,1.0335,Space heating (thermostat)
laptop,2026-12-16 08:46,2026-12-16 12:40,234,0.073,0.2309,Work from home
heat_pump_space_heating,2026-12-16 10:16,2026-12-16 10:51,35,1.483,0.7144,Space heating (thermostat)
kettle,2026-12-16 12:45,2026-12-16 12:49,4,2.0,0.1333,Lunch break
heat_pump_space_heating,2026-12-16 12:59,2026-12-16 13:26,27,1.483,0.5464,Space heating (thermostat)
coffee_machine,2026-12-16 13:02,2026-12-16 13:09,7,1.49,0.1738,Post-lunch coffee
laptop,2026-12-16 13:10,2026-12-16 17:21,251,0.08,0.2442,Work from home
heat_pump_space_heating,2026-12-16 15:20,2026-12-16 15:50,30,1.482,0.605,Space heating (thermostat)
kettle,2026-12-16 15:23,2026-12-16 15:27,4,2.0,0.1333,Afternoon tea
heat_pump_space_heating,2026-12-16 17:27,2026-12-16 18:01,34,1.481,0.6901,Space heating (thermostat)
kettle,2026-12-16 18:16,2026-12-16 18:20,4,2.0,0.1333,Evening tea
heat_pump_space_heating,2026-12-16 19:42,2026-12-16 20:17,35,1.481,0.7118,Space heating (thermostat)
heat_pump_space_heating,2026-12-16 21:45,2026-12-16 22:21,36,1.482,0.7333,Space heating (thermostat)
phone_tablet_charging,2026-12-16 22:24,2026-12-17 00:09,105,0.01,0.0175,Phone overnight
heat_pump_space_heating,2026-12-17 06:00,2026-12-17 07:27,87,3.0,3.2037,Space heating (thermostat)
coffee_machine,2026-12-17 07:17,2026-12-17 07:25,8,1.26,0.168,Morning coffee
heat_pump_hot_water,2026-12-17 07:27,2026-12-17 08:27,60,1.6,1.6,Hot-water tank reheat
heat_pump_space_heating,2026-12-17 08:27,2026-12-17 09:15,48,1.623,1.0209,Space heating (thermostat)
heat_pump_space_heating,2026-12-17 10:31,2026-12-17 11:06,35,1.484,0.7144,Space heating (thermostat)
heat_pump_space_heating,2026-12-17 12:51,2026-12-17 13:19,28,1.48,0.5719,Space heating (thermostat)
heat_pump_space_heating,2026-12-17 15:36,2026-12-17 16:02,26,1.481,0.5303,Space heating (thermostat)
heat_pump_space_heating,2026-12-17 17:43,2026-12-17 18:07,24,1.482,0.5025,Space heating (thermostat)
oven,2026-12-17 18:00,2026-12-17 18:39,39,2.11,0.9495,Cooking dinner
kettle,2026-12-17 18:55,2026-12-17 19:00,5,2.0,0.1667,Evening tea
heat_pump_space_heating,2026-12-17 20:40,2026-12-17 21:12,32,1.484,0.6553,Space heating (thermostat)
tv,2026-12-17 20:45,2026-12-17 22:02,77,0.085,0.1091,Evening TV / streaming
dishwasher,2026-12-17 21:45,2026-12-17 23:22,97,2.0,1.0547,Dishwasher
phone_tablet_charging,2026-12-17 23:16,2026-12-18 00:47,91,0.01,0.0152,Phone overnight
heat_pump_space_heating,2026-12-18 06:00,2026-12-18 07:26,86,3.0,3.1157,Space heating (thermostat)
kettle,2026-12-18 07:10,2026-12-18 07:14,4,2.0,0.1333,Morning tea / hot water
coffee_machine,2026-12-18 07:16,2026-12-18 07:24,8,1.08,0.144,Morning coffee
heat_pump_hot_water,2026-12-18 07:26,2026-12-18 08:14,48,1.6,1.28,Hot-water tank reheat
laptop,2026-12-18 08:07,2026-12-18 12:48,281,0.08,0.2985,Work from home
heat_pump_space_heating,2026-12-18 08:14,2026-12-18 08:49,35,1.458,0.7067,Space heating (thermostat)
heat_pump_space_heating,2026-12-18 10:16,2026-12-18 10:47,31,1.484,0.6347,Space heating (thermostat)
coffee_machine,2026-12-18 10:31,2026-12-18 10:39,8,1.1,0.1467,Mid-morning coffee
heat_pump_space_heating,2026-12-18 12:32,2026-12-18 13:00,28,1.484,0.5793,Space heating (thermostat)
kettle,2026-12-18 12:53,2026-12-18 12:57,4,2.0,0.1333,Lunch break
coffee_machine,2026-12-18 13:15,2026-12-18 13:21,6,1.4,0.14,Post-lunch coffee
laptop,2026-12-18 13:23,2026-12-18 17:25,242,0.064,0.1954,Work from home
heat_pump_space_heating,2026-12-18 14:50,2026-12-18 15:18,28,1.484,0.5665,Space heating (thermostat)
kettle,2026-12-18 14:52,2026-12-18 14:57,5,2.0,0.1667,Afternoon tea
heat_pump_space_heating,2026-12-18 16:59,2026-12-18 17:30,31,1.484,0.6333,Space heating (thermostat)
kettle,2026-12-18 18:35,2026-12-18 18:38,3,2.0,0.1,Evening tea
heat_pump_space_heating,2026-12-18 19:19,2026-12-18 19:50,31,1.483,0.6316,Space heating (thermostat)
heat_pump_space_heating,2026-12-18 21:16,2026-12-18 21:47,31,1.481,0.6323,Space heating (thermostat)
phone_tablet_charging,2026-12-19 00:07,2026-12-19 01:37,90,0.01,0.015,Phone overnight
phone_tablet_charging,2026-12-19 00:09,2026-12-19 01:12,63,0.012,0.0126,Tablet overnight
heat_pump_space_heating,2026-12-19 06:00,2026-12-19 07:36,96,3.0,3.151,Space heating (thermostat)
kettle,2026-12-19 07:24,2026-12-19 07:27,3,2.0,0.1,Morning tea / hot water
coffee_machine,2026-12-19 07:27,2026-12-19 07:35,8,1.02,0.136,Morning coffee
heat_pump_hot_water,2026-12-19 07:41,2026-12-19 08:35,54,1.6,1.44,Hot-water tank reheat
heat_pump_space_heating,2026-12-19 08:58,2026-12-19 09:35,37,1.482,0.7532,Space heating (thermostat)
washing_machine,2026-12-19 10:30,2026-12-19 12:13,103,2.0,0.7473,Weekly laundry
heat_pump_space_heating,2026-12-19 11:59,2026-12-19 12:25,26,1.482,0.531,Space heating (thermostat)
heat_pump_space_heating,2026-12-19 14:45,2026-12-19 15:13,28,1.48,0.5725,Space heating (thermostat)
heat_pump_space_heating,2026-12-19 16:56,2026-12-19 17:27,31,1.484,0.6308,Space heating (thermostat)
oven,2026-12-19 19:04,2026-12-19 19:24,20,2.19,0.6205,Cooking dinner
kettle,2026-12-19 19:33,2026-12-19 19:36,3,2.0,0.1,Evening tea
heat_pump_space_heating,2026-12-19 19:55,2026-12-19 20:27,32,1.484,0.6537,Space heating (thermostat)
heat_pump_space_heating,2026-12-19 21:59,2026-12-19 22:30,31,1.48,0.6389,Space heating (thermostat)
phone_tablet_charging,2026-12-19 23:55,2026-12-20 01:34,99,0.01,0.0165,Phone overnight
phone_tablet_charging,2026-12-19 23:57,2026-12-20 01:03,66,0.012,0.0132,Tablet overnight
heat_pump_hot_water,2026-12-20 02:00,2026-12-20 02:44,44,1.6,1.1733,Hot-water tank reheat
heat_pump_space_heating,2026-12-20 06:00,2026-12-20 07:08,68,3.0,2.6272,Space heating (thermostat)
kettle,2026-12-20 06:57,2026-12-20 07:00,3,2.0,0.1,Morning tea / hot water
heat_pump_hot_water,2026-12-20 07:08,2026-12-20 07:39,31,1.6,0.8267,Hot-water tank reheat
coffee_machine,2026-12-20 07:10,2026-12-20 07:17,7,1.48,0.1727,Morning coffee
heat_pump_space_heating,2026-12-20 07:39,2026-12-20 08:17,38,1.555,0.7921,Space heating (thermostat)
heat_pump_space_heating,2026-12-20 09:46,2026-12-20 10:19,33,1.482,0.6715,Space heating (thermostat)
heat_pump_space_heating,2026-12-20 12:00,2026-12-20 12:29,29,1.482,0.5928,Space heating (thermostat)
heat_pump_space_heating,2026-12-20 14:24,2026-12-20 14:52,28,1.483,0.5702,Space heating (thermostat)
heat_pump_space_heating,2026-12-20 16:46,2026-12-20 17:14,28,1.484,0.5733,Space heating (thermostat)
heat_pump_space_heating,2026-12-20 19:02,2026-12-20 19:31,29,1.481,0.5908,Space heating (thermostat)
kettle,2026-12-20 19:51,2026-12-20 19:55,4,2.0,0.1333,Evening tea
tv,2026-12-20 20:51,2026-12-20 22:48,117,0.129,0.2515,Evening TV / streaming
laptop,2026-12-20 21:09,2026-12-20 21:48,39,0.08,0.0464,"Personal laptop (e-mails, booking trips)"
dishwasher,2026-12-20 21:20,2026-12-20 22:57,97,2.0,1.0547,Dishwasher
phone_tablet_charging,2026-12-20 22:51,2026-12-21 00:35,104,0.01,0.0173,Phone overnight
heat_pump_space_heating,2026-12-21 06:00,2026-12-21 07:08,68,3.0,2.4614,Space heating (thermostat)
kettle,2026-12-21 06:56,2026-12-21 07:00,4,2.0,0.1333,Morning tea / hot water
coffee_machine,2026-12-21 07:03,2026-12-21 07:10,7,1.1,0.1283,Morning coffee
heat_pump_hot_water,2026-12-21 07:08,2026-12-21 08:04,56,1.6,1.4933,Hot-water tank reheat
heat_pump_space_heating,2026-12-21 08:04,2026-12-21 08:38,34,1.524,0.7037,Space heating (thermostat)
laptop,2026-12-21 08:55,2026-12-21 12:54,239,0.064,0.1831,Work from home
heat_pump_space_heating,2026-12-21 10:13,2026-12-21 10:45,32,1.482,0.6516,Space heating (thermostat)
coffee_machine,2026-12-21 11:20,2026-12-21 11:28,8,1.47,0.196,Mid-morning coffee
heat_pump_space_heating,2026-12-21 12:39,2026-12-21 13:08,29,1.483,0.5965,Space heating (thermostat)
kettle,2026-12-21 12:59,2026-12-21 13:02,3,2.0,0.1,Lunch break
laptop,2026-12-21 13:30,2026-12-21 17:31,241,0.08,0.2654,Work from home
heat_pump_space_heating,2026-12-21 14:49,2026-12-21 15:20,31,1.483,0.6339,Space heating (thermostat)
kettle,2026-12-21 15:45,2026-12-21 15:49,4,2.0,0.1333,Afternoon tea
heat_pump_space_heating,2026-12-21 17:08,2026-12-21 17:40,32,1.482,0.6518,Space heating (thermostat)
heat_pump_space_heating,2026-12-21 19:04,2026-12-21 19:39,35,1.482,0.7132,Space heating (thermostat)
kettle,2026-12-21 19:44,2026-12-21 19:47,3,2.0,0.1,Evening tea
tv,2026-12-21 20:00,2026-12-21 21:29,89,0.117,0.1736,Evening TV / streaming
heat_pump_space_heating,2026-12-21 21:29,2026-12-21 22:01,32,1.482,0.6529,Space heating (thermostat)
phone_tablet_charging,2026-12-21 22:54,2026-12-22 00:16,82,0.01,0.0137,Phone overnight
heat_pump_space_heating,2026-12-22 06:00,2026-12-22 06:27,27,3.0,1.2862,Space heating (thermostat)
kettle,2026-12-22 06:21,2026-12-22 06:25,4,2.0,0.1333,Morning tea / hot water
heat_pump_hot_water,2026-12-22 06:27,2026-12-22 07:24,57,1.6,1.52,Hot-water tank reheat
coffee_machine,2026-12-22 06:34,2026-12-22 06:41,7,1.26,0.147,Morning coffee
heat_pump_space_heating,2026-12-22 07:24,2026-12-22 08:42,78,2.638,2.14,Space heating (thermostat)
heat_pump_space_heating,2026-12-22 10:00,2026-12-22 10:34,34,1.486,0.6944,Space heating (thermostat)
heat_pump_space_heating,2026-12-22 12:02,2026-12-22 12:33,31,1.483,0.6316,Space heating (thermostat)
heat_pump_space_heating,2026-12-22 14:11,2026-12-22 14:42,31,1.481,0.6325,Space heating (thermostat)
heat_pump_space_heating,2026-12-22 16:09,2026-12-22 16:42,33,1.48,0.6693,Space heating (thermostat)
heat_pump_space_heating,2026-12-22 18:05,2026-12-22 18:33,28,1.481,0.5714,Space heating (thermostat)
laptop,2026-12-22 18:07,2026-12-22 19:10,63,0.049,0.0447,"Trip preparation: e-mails, bookings, packing list"
kettle,2026-12-22 18:17,2026-12-22 18:21,4,2.0,0.1333,Evening tea
kettle,2026-12-22 18:40,2026-12-22 18:43,3,2.0,0.1,Trip preparation: tea
washing_machine,2026-12-22 20:00,2026-12-22 21:46,106,2.0,0.8473,Laundry before the trip
heat_pump_space_heating,2026-12-22 21:01,2026-12-22 21:33,32,1.481,0.6498,Space heating (thermostat)
phone_tablet_charging,2026-12-22 22:25,2026-12-22 23:56,91,0.01,0.0152,Phone overnight
phone_tablet_charging,2026-12-22 22:27,2026-12-22 23:27,60,0.012,0.012,Tablet overnight
phone_tablet_charging,2026-12-23 05:20,2026-12-23 06:40,80,0.015,0.02,Power bank before trip
heat_pump_space_heating,2026-12-23 06:00,2026-12-23 06:46,46,3.0,2.0373,Space heating (thermostat)
kettle,2026-12-23 06:40,2026-12-23 06:43,3,2.0,0.1,Morning tea / hot water
coffee_machine,2026-12-23 06:42,2026-12-23 06:48,6,1.19,0.119,Morning coffee
heat_pump_hot_water,2026-12-23 06:46,2026-12-23 07:34,48,1.6,1.28,Hot-water tank reheat
heat_pump_space_heating,2026-12-23 07:34,2026-12-23 08:35,61,2.153,1.5114,Space heating (thermostat)
laptop,2026-12-23 08:27,2026-12-23 12:47,260,0.08,0.2786,Work from home
heat_pump_space_heating,2026-12-23 10:05,2026-12-23 10:37,32,1.48,0.653,Space heating (thermostat)
heat_pump_space_heating,2026-12-23 12:30,2026-12-23 12:59,29,1.481,0.59,Space heating (thermostat)
heat_pump_space_heating,2026-12-23 14:38,2026-12-23 15:11,33,1.483,0.6714,Space heating (thermostat)
heat_pump_space_heating,2026-12-23 16:34,2026-12-23 17:11,37,1.486,0.7537,Space heating (thermostat)
heat_pump_space_heating,2026-12-23 18:25,2026-12-23 19:02,37,1.484,0.7534,Space heating (thermostat)
heat_pump_space_heating,2026-12-23 20:15,2026-12-23 20:55,40,1.484,0.8127,Space heating (thermostat)
heat_pump_space_heating,2026-12-23 22:05,2026-12-23 22:30,25,1.483,0.5468,Space heating (thermostat)
heat_pump_space_heating,2026-12-24 04:35,2026-12-24 05:38,63,1.488,1.2746,Space heating (thermostat)
heat_pump_space_heating,2026-12-24 06:00,2026-12-24 08:54,174,3.0,5.2376,Space heating (thermostat)
heat_pump_space_heating,2026-12-24 09:45,2026-12-24 10:56,71,1.485,1.4332,Space heating (thermostat)
heat_pump_space_heating,2026-12-24 11:53,2026-12-24 12:52,59,1.481,1.194,Space heating (thermostat)
heat_pump_space_heating,2026-12-24 13:56,2026-12-24 14:56,60,1.482,1.2046,Space heating (thermostat)
heat_pump_space_heating,2026-12-24 15:54,2026-12-24 17:04,70,1.484,1.4071,Space heating (thermostat)
heat_pump_space_heating,2026-12-24 17:55,2026-12-24 18:16,21,1.482,0.4859,Space heating (thermostat)
heat_pump_hot_water,2026-12-24 18:16,2026-12-24 18:47,31,1.6,0.8267,Hot-water tank reheat
heat_pump_space_heating,2026-12-24 18:47,2026-12-24 20:18,91,1.587,1.8694,Space heating (thermostat)
heat_pump_space_heating,2026-12-24 21:07,2026-12-24 22:30,83,1.489,1.6704,Space heating (thermostat)
heat_pump_space_heating,2026-12-25 03:24,2026-12-25 04:40,76,1.484,1.523,Space heating (thermostat)
heat_pump_space_heating,2026-12-25 05:31,2026-12-25 09:29,238,3.0,6.7576,Space heating (thermostat)
heat_pump_space_heating,2026-12-25 10:16,2026-12-25 11:29,73,1.485,1.4739,Space heating (thermostat)
heat_pump_space_heating,2026-12-25 12:28,2026-12-25 13:25,57,1.481,1.1548,Space heating (thermostat)
heat_pump_space_heating,2026-12-25 14:31,2026-12-25 15:29,58,1.48,1.1682,Space heating (thermostat)
heat_pump_space_heating,2026-12-25 16:27,2026-12-25 17:39,72,1.483,1.4458,Space heating (thermostat)
heat_pump_space_heating,2026-12-25 18:30,2026-12-25 19:47,77,1.481,1.537,Space heating (thermostat)
heat_pump_space_heating,2026-12-25 20:38,2026-12-25 21:59,81,1.487,1.6234,Space heating (thermostat)
heat_pump_space_heating,2026-12-26 03:18,2026-12-26 04:21,63,1.483,1.271,Space heating (thermostat)
heat_pump_space_heating,2026-12-26 05:23,2026-12-26 08:38,195,3.0,5.641,Space heating (thermostat)
heat_pump_space_heating,2026-12-26 09:35,2026-12-26 10:30,55,1.484,1.1153,Space heating (thermostat)
heat_pump_hot_water,2026-12-26 10:47,2026-12-26 11:18,31,1.6,0.8267,Hot-water tank reheat
heat_pump_space_heating,2026-12-26 11:36,2026-12-26 12:21,45,1.484,0.916,Space heating (thermostat)
heat_pump_space_heating,2026-12-26 13:35,2026-12-26 14:18,43,1.486,0.8739,Space heating (thermostat)
heat_pump_space_heating,2026-12-26 15:29,2026-12-26 16:11,42,1.485,0.8532,Space heating (thermostat)
heat_pump_space_heating,2026-12-26 17:21,2026-12-26 18:01,40,1.485,0.8145,Space heating (thermostat)
heat_pump_space_heating,2026-12-26 19:12,2026-12-26 19:51,39,1.482,0.7918,Space heating (thermostat)
heat_pump_space_heating,2026-12-26 21:03,2026-12-26 21:41,38,1.484,0.7739,Space heating (thermostat)
heat_pump_hot_water,2026-12-27 03:17,2026-12-27 03:48,31,1.6,0.8267,Hot-water tank reheat
heat_pump_space_heating,2026-12-27 05:44,2026-12-27 07:46,122,3.0,3.7674,Space heating (thermostat)
heat_pump_space_heating,2026-12-27 09:00,2026-12-27 09:38,38,1.484,0.7707,Space heating (thermostat)
heat_pump_space_heating,2026-12-27 10:55,2026-12-27 11:32,37,1.485,0.7522,Space heating (thermostat)
heat_pump_space_heating,2026-12-27 12:51,2026-12-27 13:28,37,1.483,0.7538,Space heating (thermostat)
heat_pump_space_heating,2026-12-27 14:42,2026-12-27 15:23,41,1.481,0.8314,Space heating (thermostat)
heat_pump_space_heating,2026-12-27 16:35,2026-12-27 17:16,41,1.486,0.8341,Space heating (thermostat)
laptop,2026-12-27 18:15,2026-12-27 18:40,25,0.058,0.021,"Catching up after the trip: e-mails, bookings, packing list"
heat_pump_space_heating,2026-12-27 18:32,2026-12-27 18:57,25,1.482,0.5268,Space heating (thermostat)
washing_machine,2026-12-27 18:42,2026-12-27 20:27,105,2.0,0.814,"Laundry after the trip (Łódź, Poland)"
kettle,2026-12-27 18:57,2026-12-27 19:02,5,2.0,0.1667,Catching up after the trip: tea
tv,2026-12-27 19:08,2026-12-27 21:03,115,0.127,0.2434,Winding down after the trip
washing_machine,2026-12-27 20:22,2026-12-27 22:05,103,2.0,0.7473,Second load after the trip
kettle,2026-12-27 20:25,2026-12-27 20:29,4,2.0,0.1333,Evening tea
laptop,2026-12-27 21:23,2026-12-27 22:05,42,0.08,0.0502,"Personal laptop (e-mails, booking trips)"
heat_pump_space_heating,2026-12-27 22:11,2026-12-27 22:30,19,1.485,0.4207,Space heating (thermostat)
phone_tablet_charging,2026-12-27 22:42,2026-12-28 00:16,94,0.01,0.0157,Phone overnight
heat_pump_space_heating,2026-12-28 06:00,2026-12-28 06:33,33,3.0,1.5276,Space heating (thermostat)
kettle,2026-12-28 06:21,2026-12-28 06:25,4,2.0,0.1333,Morning tea / hot water
heat_pump_hot_water,2026-12-28 06:33,2026-12-28 07:23,50,1.6,1.3333,Hot-water tank reheat
coffee_machine,2026-12-28 06:34,2026-12-28 06:40,6,1.26,0.126,Morning coffee
heat_pump_space_heating,2026-12-28 07:23,2026-12-28 08:30,67,2.429,1.7753,Space heating (thermostat)
laptop,2026-12-28 09:08,2026-12-28 12:45,217,0.08,0.2263,Work from home
heat_pump_space_heating,2026-12-28 10:09,2026-12-28 10:39,30,1.483,0.6131,Space heating (thermostat)
heat_pump_space_heating,2026-12-28 12:33,2026-12-28 13:00,27,1.483,0.5544,Space heating (thermostat)
kettle,2026-12-28 12:50,2026-12-28 12:54,4,2.0,0.1333,Lunch break
coffee_machine,2026-12-28 13:20,2026-12-28 13:28,8,1.15,0.1533,Post-lunch coffee
laptop,2026-12-28 13:28,2026-12-28 16:56,208,0.08,0.2243,Work from home
kettle,2026-12-28 14:56,2026-12-28 14:59,3,2.0,0.1,Afternoon tea
heat_pump_space_heating,2026-12-28 15:11,2026-12-28 15:41,30,1.481,0.6137,Space heating (thermostat)
heat_pump_space_heating,2026-12-28 17:24,2026-12-28 17:56,32,1.48,0.6508,Space heating (thermostat)
kettle,2026-12-28 18:05,2026-12-28 18:08,3,2.0,0.1,Evening tea
oven,2026-12-28 18:55,2026-12-28 19:20,25,2.29,0.7252,Cooking dinner
tv,2026-12-28 19:39,2026-12-28 21:57,138,0.115,0.2645,Evening TV / streaming
heat_pump_space_heating,2026-12-28 20:31,2026-12-28 21:02,31,1.48,0.6325,Space heating (thermostat)
dishwasher,2026-12-28 21:03,2026-12-28 22:36,93,2.0,0.9213,Dishwasher
laptop,2026-12-28 21:29,2026-12-28 22:44,75,0.08,0.0771,"Personal laptop (e-mails, booking trips)"
phone_tablet_charging,2026-12-28 22:34,2026-12-29 00:15,101,0.01,0.0168,Phone overnight
phone_tablet_charging,2026-12-28 22:36,2026-12-28 23:42,66,0.012,0.0132,Tablet overnight
heat_pump_space_heating,2026-12-29 05:45,2026-12-29 07:05,80,3.0,3.0336,Space heating (thermostat)
kettle,2026-12-29 06:41,2026-12-29 06:45,4,2.0,0.1333,Morning tea / hot water
coffee_machine,2026-12-29 06:46,2026-12-29 06:52,6,1.44,0.144,Morning coffee
heat_pump_hot_water,2026-12-29 07:05,2026-12-29 08:02,57,1.6,1.52,Hot-water tank reheat
heat_pump_space_heating,2026-12-29 08:02,2026-12-29 09:12,70,1.989,1.6521,Space heating (thermostat)
heat_pump_space_heating,2026-12-29 10:22,2026-12-29 11:00,38,1.486,0.7772,Space heating (thermostat)
heat_pump_space_heating,2026-12-29 12:26,2026-12-29 12:59,33,1.48,0.6716,Space heating (thermostat)
heat_pump_space_heating,2026-12-29 14:26,2026-12-29 15:00,34,1.482,0.6923,Space heating (thermostat)
heat_pump_space_heating,2026-12-29 16:21,2026-12-29 16:56,35,1.482,0.7132,Space heating (thermostat)
washing_machine,2026-12-29 18:07,2026-12-29 19:50,103,2.0,0.7473,Extra load before the trip
laptop,2026-12-29 18:10,2026-12-29 18:43,33,0.068,0.0309,"Trip preparation: e-mails, bookings, packing list"
phone_tablet_charging,2026-12-29 18:20,2026-12-29 19:40,80,0.015,0.02,Power bank before trip
oven,2026-12-29 18:37,2026-12-29 18:43,6,2.31,0.231,Trip preparation: cooking / using up food
oven,2026-12-29 18:41,2026-12-29 18:43,2,2.22,0.074,Cooking dinner
heat_pump_space_heating,2026-12-29 19:07,2026-12-29 19:43,36,1.48,0.7332,Space heating (thermostat)
heat_pump_space_heating,2026-12-29 20:57,2026-12-29 21:37,40,1.482,0.8114,Space heating (thermostat)
kettle,2026-12-29 22:16,2026-12-29 22:20,4,2.0,0.1333,Evening tea
washing_machine,2026-12-29 22:16,2026-12-30 00:01,105,2.0,0.814,Laundry before the trip
phone_tablet_charging,2026-12-29 22:21,2026-12-29 23:47,86,0.01,0.0143,Phone overnight
phone_tablet_charging,2026-12-29 22:23,2026-12-29 23:40,77,0.012,0.0154,Tablet overnight
heat_pump_space_heating,2026-12-30 05:37,2026-12-30 07:29,112,3.0,3.8055,Space heating (thermostat)
kettle,2026-12-30 07:23,2026-12-30 07:27,4,2.0,0.1333,Morning tea / hot water
coffee_machine,2026-12-30 07:27,2026-12-30 07:34,7,1.48,0.1727,Morning coffee
heat_pump_hot_water,2026-12-30 07:29,2026-12-30 08:19,50,1.6,1.3333,Hot-water tank reheat
heat_pump_space_heating,2026-12-30 08:19,2026-12-30 09:17,58,1.608,1.2216,Space heating (thermostat)
heat_pump_space_heating,2026-12-30 10:20,2026-12-30 11:07,47,1.481,0.9547,Space heating (thermostat)
heat_pump_space_heating,2026-12-30 12:26,2026-12-30 13:08,42,1.486,0.8531,Space heating (thermostat)
heat_pump_space_heating,2026-12-30 14:30,2026-12-30 15:14,44,1.485,0.8942,Space heating (thermostat)
heat_pump_space_heating,2026-12-30 16:22,2026-12-30 17:11,49,1.481,0.9897,Space heating (thermostat)
heat_pump_space_heating,2026-12-30 18:14,2026-12-30 19:09,55,1.486,1.1115,Space heating (thermostat)
heat_pump_space_heating,2026-12-30 20:12,2026-12-30 20:59,47,1.482,0.9509,Space heating (thermostat)
heat_pump_space_heating,2026-12-30 22:04,2026-12-30 22:30,26,1.488,0.5774,Space heating (thermostat)
heat_pump_space_heating,2026-12-31 04:42,2026-12-31 05:32,50,1.481,1.0116,Space heating (thermostat)
heat_pump_space_heating,2026-12-31 06:00,2026-12-31 08:36,156,3.0,4.8195,Space heating (thermostat)
heat_pump_space_heating,2026-12-31 09:33,2026-12-31 10:35,62,1.485,1.2539,Space heating (thermostat)
heat_pump_space_heating,2026-12-31 11:39,2026-12-31 12:32,53,1.486,1.0744,Space heating (thermostat)
heat_pump_space_heating,2026-12-31 13:43,2026-12-31 14:39,56,1.486,1.1317,Space heating (thermostat)
heat_pump_space_heating,2026-12-31 15:40,2026-12-31 16:44,64,1.487,1.2883,Space heating (thermostat)
heat_pump_space_heating,2026-12-31 17:42,2026-12-31 18:46,64,1.483,1.2919,Space heating (thermostat)
heat_pump_space_heating,2026-12-31 19:44,2026-12-31 20:44,60,1.485,1.2084,Space heating (thermostat)
heat_pump_space_heating,2026-12-31 21:42,2026-12-31 22:30,48,1.483,1.0055,Space heating (thermostat)
heat_pump_hot_water,2026-12-31 23:13,2026-12-31 23:44,31,1.6,0.8267,Hot-water tank reheat
