timestamp,period,weather_source,temp_out_c,cloud_cover_pct,shortwave_radiation_wm2,indoor_temp_c,heating_setpoint_c,occupancy,aleksandra_home_share,paul_home_share,guests,heat_pump_holiday_mode,fridge_kwh,heat_pump_space_heating_kwh,heat_pump_hot_water_kwh,kettle_kwh,coffee_machine_kwh,oven_kwh,washing_machine_kwh,dishwasher_kwh,tv_kwh,laptop_kwh,wifi_router_kwh,lighting_kwh,phone_tablet_charging_kwh,standby_kwh,total_kwh
2026-09-01T00:00:00+02:00,history,open-meteo historical API,17.4,48,0.0,23.94,18.0,away,0.0,0.0,0,0,0.0538,0.0,0.0,0.0,0.0,0.0,0.0,0.0,0.0,0.0,0.009,0.0,0.0,0.034,0.0968
2026-09-01T01:00:00+02:00,history,open-meteo historical API,17.1,99,0.0,23.81,18.0,away,0.0,0.0,0,0,0.0459,0.0,0.0,0.0,0.0,0.0,0.0,0.0,0.0,0.0,0.013,0.0,0.0,0.034,0.0929
2026-09-01T02:00:00+02:00,history,open-meteo historical API,16.6,95,0.0,23.67,18.0,away,0.0,0.0,0,0,0.0332,0.0,0.0,0.0,0.0,0.0,0.0,0.0,0.0,0.0,0.012,0.0,0.0,0.034,0.0793
2026-09-01T03:00:00+02:00,history,open-meteo historical API,16.5,100,0.0,23.54,18.0,away,0.0,0.0,0,0,0.0538,0.0,0.0,0.0,0.0,0.0,0.0,0.0,0.0,0.0,0.011,0.0,0.0,0.034,0.0988
2026-09-01T04:00:00+02:00,history,open-meteo historical API,16.4,98,0.0,23.4,18.0,away,0.0,0.0,0,0,0.0428,0.0,0.0,0.0,0.0,0.0,0.0,0.0,0.0,0.0,0.01,0.0,0.0,0.034,0.0868
2026-09-01T05:00:00+02:00,history,open-meteo historical API,16.2,99,0.0,23.26,18.0,away,0.0,0.0,0,0,0.0317,0.0,0.0,0.0,0.0,0.0,0.0,0.0,0.0,0.0,0.009,0.0,0.0,0.034,0.0747
2026-09-01T06:00:00+02:00,history,open-meteo historical API,16.0,0,0.0,23.12,21.0,away,0.0,0.0,0,0,0.0491,0.0,0.0,0.0,0.0,0.0,0.0,0.0,0.0,0.0,0.013,0.0,0.0,0.034,0.0961
2026-09-01T07:00:00+02:00,history,open-meteo historical API,16.1,0,55.0,23.04,21.0,away,0.0,0.0,0,0,0.0443,0.0,0.0,0.0,0.0,0.0,0.0,0.0,0.0,0.0,0.012,0.0,0.0,0.034,0.0903
2026-09-01T08:00:00+02:00,history,open-meteo historical API,17.2,1,191.0,23.05,21.0,away,0.0,0.0,0,0,0.0285,0.0,0.0,0.0,0.0,0.0,0.0,0.0,0.0,0.0,0.011,0.0,0.0,0.034,0.0735
2026-09-01T09:00:00+02:00,history,open-meteo historical API,18.4,14,343.0,23.19,21.0,away,0.0,0.0,0,0,0.0507,0.0,0.0,0.0,0.0,0.0,0.0,0.0,0.0,0.0,0.01,0.0,0.0,0.034,0.0947
2026-09-01T10:00:00+02:00,history,open-meteo historical API,19.3,13,449.0,23.42,21.0,away,0.0,0.0,0,0,0.0443,0.0,0.0,0.0,0.0,0.0,0.0,0.0,0.0,0.0,0.009,0.0,0.0,0.034,0.0873
2026-09-01T11:00:00+02:00,history,open-meteo historical API,19.9,34,580.0,23.72,21.0,away,0.0,0.0,0,0,0.0332,0.0,0.0,0.0,0.0,0.0,0.0,0.0,0.0,0.0,0.013,0.0,0.0,0.034,0.0803
2026-09-01T12:00:00+02:00,history,open-meteo historical API,19.2,71,547.0,23.99,21.0,away,0.0,0.0,0,0,0.0523,0.0,0.0,0.0,0.0,0.0,0.0,0.0,0.0,0.0,0.012,0.0,0.0,0.034,0.0983
2026-09-01T13:00:00+02:00,history,open-meteo historical API,19.4,16,465.0,24.17,21.0,home,0.67,0.0,0,0,0.0459,0.0,0.0,0.0,0.0,0.0,0.0,0.0,0.0,0.0,0.011,0.0,0.0,0.0367,0.0936
2026-09-01T14:00:00+02:00,history,open-meteo historical API,18.4,77,637.0,24.4,21.0,home,1.0,0.0,0,0,0.0412,0.0,0.0,0.0,0.0,0.0,0.7915,0.0,0.0,0.0,0.01,0.0,0.0,0.038,0.8807
2026-09-01T15:00:00+02:00,history,open-meteo historical API,17.7,18,381.0,24.38,21.0,home,1.0,0.0,0,0,0.0554,0.0,0.0,0.0,0.0,0.0,0.1558,0.0,0.0,0.0,0.009,0.0,0.0,0.038,0.2582
2026-09-01T16:00:00+02:00,history,open-meteo historical API,19.6,13,457.0,24.42,21.0,home,1.0,0.0,0,0,0.0507,0.0,0.5333,0.0,0.0,0.0,0.4698,0.0,0.0,0.0,0.013,0.0,0.0,0.038,1.1048
2026-09-01T17:00:00+02:00,history,open-meteo historical API,19.9,11,339.0,24.51,21.0,home,1.0,0.0,0,0,0.0412,0.0,0.2933,0.0,0.0,0.0,0.1342,0.0,0.0,0.0,0.012,0.0,0.0,0.038,0.5187
2026-09-01T18:00:00+02:00,history,open-meteo historical API,19.5,21,207.0,24.38,21.0,home,1.0,0.0,0,0,0.0776,0.0,0.0,0.0,0.0,0.0,0.0767,0.0,0.0,0.0,0.011,0.0,0.0,0.038,0.2033
2026-09-01T19:00:00+02:00,history,open-meteo historical API,18.5,10,72.0,24.27,21.0,home,1.0,0.0,0,0,0.0586,0.0,0.0,0.0,0.0,0.7822,0.0,0.0,0.0,0.0,0.01,0.102,0.0,0.038,0.9908
2026-09-01T20:00:00+02:00,history,open-meteo historical API,17.3,24,3.0,24.04,21.0,home,1.0,0.0,0,0,0.0554,0.0,0.0,0.1,0.0,0.0,0.0,0.0,0.0083,0.0,0.009,0.098,0.0,0.038,0.3087
2026-09-01T21:00:00+02:00,history,open-meteo historical API,17.2,45,0.0,23.84,21.0,home,1.0,0.0,0,0,0.0744,0.0,0.0,0.0,0.0,0.0,0.0,0.0,0.1,0.0,0.013,0.094,0.0,0.038,0.3194
2026-09-01T22:00:00+02:00,history,open-meteo historical API,16.6,37,0.0,23.66,19.5,home,1.0,0.0,0,0,0.0475,0.0,0.0,0.0,0.0,0.0,0.0,0.0,0.0617,0.0,0.012,0.0585,0.0042,0.036,0.2198
2026-09-01T23:00:00+02:00,history,open-meteo historical API,16.2,20,0.0,23.46,18.0,home,1.0,0.0,0,0,0.0332,0.0,0.0,0.0,0.0,0.0,0.0,0.0,0.0,0.0,0.011,0.0,0.01,0.03,0.0843
2026-09-02T00:00:00+02:00,history,open-meteo historical API,15.8,70,0.0,23.33,18.0,home,1.0,0.0,0,0,0.0523,0.0,0.0,0.0,0.0,0.0,0.0,0.0,0.0,0.0,0.01,0.0,0.0035,0.03,0.0958
2026-09-02T01:00:00+02:00,history,open-meteo historical API,15.4,91,0.0,23.2,18.0,home,1.0,0.0,0,0,0.0459,0.0,0.0,0.0,0.0,0.0,0.0,0.0,0.0,0.0,0.009,0.0,0.0,0.03,0.0849
2026-09-02T02:00:00+02:00,history,open-meteo historical API,15.0,92,0.0,23.06,18.0,home,1.0,0.0,0,0,0.0317,0.0,0.0,0.0,0.0,0.0,0.0,0.0,0.0,0.0,0.013,0.0,0.0,0.03,0.0747
2026-09-02T03:00:00+02:00,history,open-meteo historical API,14.8,48,0.0,22.92,18.0,home,1.0,0.0,0,0,0.0538,0.0,0.0,0.0,0.0,0.0,0.0,0.0,0.0,0.0,0.012,0.0,0.0,0.03,0.0958
2026-09-02T04:00:00+02:00,history,open-meteo historical API,14.1,2,0.0,22.76,18.0,home,1.0,0.0,0,0,0.0459,0.0,0.0,0.0,0.0,0.0,0.0,0.0,0.0,0.0,0.011,0.0,0.0,0.03,0.0869
2026-09-02T05:00:00+02:00,history,open-meteo historical API,13.9,1,0.0,22.6,18.0,home,1.0,0.0,0,0,0.0348,0.0,0.0,0.0,0.0,0.0,0.0,0.0,0.0,0.0,0.01,0.0,0.0,0.03,0.0748
2026-09-02T06:00:00+02:00,history,open-meteo historical API,13.6,2,0.0,22.46,21.0,home,1.0,0.0,0,0,0.0507,0.0,0.0533,0.1333,0.0493,0.0,0.0,0.0,0.0,0.0,0.009,0.0,0.0,0.0327,0.3283
2026-09-02T07:00:00+02:00,history,open-meteo historical API,14.1,0,53.0,22.51,21.0,home,1.0,0.0,0,0,0.0459,0.0,1.0933,0.0,0.1973,0.0,0.0,0.0,0.0,0.0,0.013,0.0,0.0,0.038,1.3876
2026-09-02T08:00:00+02:00,history,open-meteo historical API,15.5,3,186.0,22.53,21.0,away,0.25,0.0,0,0,0.0332,0.0,0.0,0.0,0.0,0.0,0.0,0.0,0.0,0.0,0.012,0.0,0.0,0.035,0.0803
2026-09-02T09:00:00+02:00,history,open-meteo historical API,17.1,16,334.0,22.64,21.0,away,0.0,0.0,0,0,0.0475,0.0,0.0,0.0,0.0,0.0,0.0,0.0,0.0,0.0,0.011,0.0,0.0,0.034,0.0925
2026-09-02T10:00:00+02:00,history,open-meteo historical API,18.6,9,445.0,22.86,21.0,away,0.0,0.0,0,0,0.0443,0.0,0.0,0.0,0.0,0.0,0.0,0.0,0.0,0.0,0.01,0.0,0.0,0.034,0.0883
2026-09-02T11:00:00+02:00,history,open-meteo historical API,19.8,6,575.0,23.18,21.0,away,0.0,0.0,0,0,0.0317,0.0,0.0,0.0,0.0,0.0,0.0,0.0,0.0,0.0,0.009,0.0,0.0,0.034,0.0747
2026-09-02T12:00:00+02:00,history,open-meteo historical API,20.4,100,645.0,23.52,21.0,away,0.0,0.0,0,0,0.0538,0.0,0.0,0.0,0.0,0.0,0.0,0.0,0.0,0.0,0.013,0.0,0.0,0.034,0.1008
2026-09-02T13:00:00+02:00,history,open-meteo historical API,20.3,100,407.0,23.75,21.0,away,0.0,0.0,0,0,0.0443,0.0,0.0,0.0,0.0,0.0,0.0,0.0,0.0,0.0,0.012,0.0,0.0,0.034,0.0903
2026-09-02T14:00:00+02:00,history,open-meteo historical API,20.4,20,250.0,23.92,21.0,away,0.0,0.0,0,0,0.0332,0.0,0.0,0.0,0.0,0.0,0.0,0.0,0.0,0.0,0.011,0.0,0.0,0.034,0.0783
2026-09-02T15:00:00+02:00,history,open-meteo historical API,21.2,16,548.0,24.2,21.0,away,0.0,0.0,0,0,0.0523,0.0,0.0,0.0,0.0,0.0,0.0,0.0,0.0,0.0,0.01,0.0,0.0,0.034,0.0963
2026-09-02T16:00:00+02:00,history,open-meteo historical API,21.2,17,467.0,24.46,21.0,away,0.0,0.0,0,0,0.0475,0.0,0.0,0.0,0.0,0.0,0.0,0.0,0.0,0.0,0.009,0.0,0.0,0.034,0.0905
2026-09-02T17:00:00+02:00,history,open-meteo historical API,20.7,13,342.0,24.62,21.0,away,0.0,0.0,0,0,0.0348,0.0,0.0,0.0,0.0,0.0,0.0,0.0,0.0,0.0,0.013,0.0,0.0,0.034,0.0818
2026-09-02T18:00:00+02:00,history,open-meteo historical API,19.8,30,201.0,24.67,21.0,away,0.0,0.0,0,0,0.0554,0.0,0.0,0.0,0.0,0.0,0.0,0.0,0.0,0.0,0.012,0.0,0.0,0.034,0.1014
2026-09-02T19:00:00+02:00,history,open-meteo historical API,18.3,99,70.0,24.61,21.0,away,0.0,0.0,0,0,0.0475,0.0,0.0,0.0,0.0,0.0,0.0,0.0,0.0,0.0,0.011,0.0,0.0,0.034,0.0925
2026-09-02T20:00:00+02:00,history,open-meteo historical API,17.1,100,2.0,24.47,21.0,away,0.0,0.0,0,0,0.0317,0.0,0.0,0.0,0.0,0.0,0.0,0.0,0.0,0.0,0.01,0.0,0.0,0.034,0.0757
2026-09-02T21:00:00+02:00,history,open-meteo historical API,16.7,95,0.0,24.24,21.0,home,0.67,0.0,0,0,0.0554,0.0,0.24,0.0,0.0,0.0,0.0,0.0,0.0,0.0,0.009,0.072,0.0,0.0367,0.4131
2026-09-02T22:00:00+02:00,history,open-meteo historical API,15.8,59,0.0,23.86,19.5,home,1.0,0.0,0,0,0.0459,0.0,0.5867,0.0,0.0,0.0,0.0,0.0,0.0,0.0,0.013,0.0832,0.0,0.038,0.7668
2026-09-02T23:00:00+02:00,history,open-meteo historical API,15.3,98,0.0,23.57,18.0,home,1.0,0.0,0,0,0.0348,0.0,0.0,0.0,0.0,0.0,0.0,0.0,0.0,0.0,0.012,0.015,0.0092,0.032,0.103
2026-09-03T00:00:00+02:00,history,open-meteo historical API,15.5,65,0.0,23.39,18.0,home,1.0,0.0,0,0,0.0507,0.0,0.0,0.0,0.0,0.0,0.0,0.0,0.0,0.0,0.011,0.0,0.0035,0.03,0.0952
2026-09-03T01:00:00+02:00,history,open-meteo historical API,14.6,98,0.0,23.23,18.0,home,1.0,0.0,0,0,0.0443,0.0,0.0,0.0,0.0,0.0,0.0,0.0,0.0,0.0,0.01,0.0,0.0,0.03,0.0843
2026-09-03T02:00:00+02:00,history,open-meteo historical API,13.7,95,0.0,23.05,18.0,home,1.0,0.0,0,0,0.0317,0.0,0.0,0.0,0.0,0.0,0.0,0.0,0.0,0.0,0.009,0.0,0.0,0.03,0.0707
2026-09-03T03:00:00+02:00,history,open-meteo historical API,13.3,59,0.0,22.87,18.0,home,1.0,0.0,0,0,0.0538,0.0,0.0,0.0,0.0,0.0,0.0,0.0,0.0,0.0,0.013,0.0,0.0,0.03,0.0968
2026-09-03T04:00:00+02:00,history,open-meteo historical API,12.5,100,0.0,22.67,18.0,home,1.0,0.0,0,0,0.0443,0.0,0.0,0.0,0.0,0.0,0.0,0.0,0.0,0.0,0.012,0.0,0.0,0.03,0.0863
2026-09-03T05:00:00+02:00,history,open-meteo historical API,12.1,97,0.0,22.48,18.0,home,1.0,0.0,0,0,0.0332,0.0,0.0,0.0,0.0,0.0,0.0,0.0,0.0,0.0,0.011,0.0,0.0,0.03,0.0743
2026-09-03T06:00:00+02:00,history,open-meteo historical API,12.6,42,0.0,22.31,21.0,home,1.0,0.0,0,0,0.0538,0.0,0.0,0.1667,0.1657,0.0,0.0,0.0,0.0,0.0,0.01,0.0,0.0,0.0333,0.4295
2026-09-03T07:00:00+02:00,history,open-meteo historical API,13.1,30,40.0,22.38,21.0,home,1.0,0.0,0,0,0.0459,0.0,0.8267,0.0,0.0237,0.0,0.4082,0.0,0.0,0.0,0.009,0.0,0.005,0.038,1.3564
2026-09-03T08:00:00+02:00,history,open-meteo historical API,14.5,62,173.0,22.52,21.0,home,1.0,0.0,0,0,0.0332,0.0,0.0,0.0,0.0,0.0,0.1383,0.0,0.0,0.043,0.013,0.0,0.015,0.038,0.2806
2026-09-03T09:00:00+02:00,history,open-meteo historical API,16.6,38,323.0,22.73,21.0,home,1.0,0.0,0,0,0.0538,0.0,0.0,0.0,0.0,0.0,0.0675,0.0,0.0,0.0628,0.012,0.0,0.015,0.038,0.2492
2026-09-03T10:00:00+02:00,history,open-meteo historical API,18.7,93,471.0,23.03,21.0,home,1.0,0.0,0,0,0.0475,0.0,0.0,0.0,0.0,0.0,0.0,0.0,0.0,0.0738,0.011,0.03,0.0,0.038,0.2003
2026-09-03T11:00:00+02:00,history,open-meteo historical API,19.8,23,522.0,23.4,21.0,home,1.0,0.0,0,0,0.0396,0.0,0.0,0.0,0.0,0.0,0.0,0.0,0.0,0.0733,0.01,0.0,0.0,0.038,0.1609
2026-09-03T12:00:00+02:00,history,open-meteo historical API,20.5,5,611.0,23.79,21.0,home,1.0,0.0,0,0,0.0554,0.0,0.0,0.1,0.133,0.0,0.0,0.0,0.0,0.0344,0.009,0.0,0.0,0.038,0.3698
2026-09-03T13:00:00+02:00,history,open-meteo historical API,21.2,51,687.0,24.2,21.0,home,1.0,0.0,0,0,0.0491,0.0,0.0,0.0,0.0,0.0,0.0,0.0,0.0,0.0593,0.013,0.0,0.0,0.038,0.1594
2026-09-03T14:00:00+02:00,history,open-meteo historical API,21.9,34,671.0,24.53,21.0,home,1.0,0.0,0,0,0.0428,0.0,0.0,0.0,0.0,0.0,0.0,0.0,0.0,0.0711,0.012,0.0,0.0,0.038,0.1639
2026-09-03T15:00:00+02:00,history,open-meteo historical API,21.9,57,543.0,24.79,21.0,away,0.33,0.0,0,0,0.0523,0.0,0.0,0.0,0.0,0.0,0.0,0.0,0.0,0.0131,0.011,0.0,0.0,0.0353,0.1116
2026-09-03T16:00:00+02:00,history,open-meteo historical API,21.6,94,437.0,25.01,21.0,away,0.0,0.0,0,0,0.0475,0.0,0.0,0.0,0.0,0.0,0.0,0.0,0.0,0.0,0.01,0.0,0.0,0.034,0.0915
2026-09-03T17:00:00+02:00,history,open-meteo historical API,21.2,83,259.0,25.14,21.0,away,0.0,0.0,0,0,0.0348,0.0,0.0,0.0,0.0,0.0,0.0,0.0,0.0,0.0,0.009,0.0,0.0,0.034,0.0778
2026-09-03T18:00:00+02:00,history,open-meteo historical API,20.5,91,174.0,25.17,21.0,away,0.0,0.0,0,0,0.0523,0.0,0.0,0.0,0.0,0.0,0.0,0.0,0.0,0.0,0.013,0.0,0.0,0.034,0.0993
2026-09-03T19:00:00+02:00,history,open-meteo historical API,19.1,91,55.0,25.1,21.0,away,0.0,0.0,0,0,0.0443,0.0,0.0,0.0,0.0,0.0,0.0,0.0,0.0,0.0,0.012,0.0,0.0,0.034,0.0903
2026-09-03T20:00:00+02:00,history,open-meteo historical API,18.2,91,2.0,24.98,21.0,away,0.0,0.0,0,0,0.0332,0.0,0.0,0.0,0.0,0.0,0.0,0.0,0.0,0.0,0.011,0.0,0.0,0.034,0.0783
2026-09-03T21:00:00+02:00,history,open-meteo historical API,17.5,52,0.0,24.83,21.0,away,0.0,0.0,0,0,0.0523,0.0,0.0,0.0,0.0,0.0,0.0,0.0,0.0,0.0,0.01,0.0,0.0,0.034,0.0963
2026-09-03T22:00:00+02:00,history,open-meteo historical API,17.3,52,0.0,24.68,19.5,away,0.0,0.0,0,0,0.0475,0.0,0.0,0.0,0.0,0.0,0.0,0.0,0.0,0.0,0.009,0.0,0.0,0.034,0.0905
2026-09-03T23:00:00+02:00,history,open-meteo historical API,16.8,31,0.0,24.53,18.0,away,0.0,0.0,0,0,0.0348,0.0,0.0,0.0,0.0,0.0,0.0,0.0,0.0,0.0,0.013,0.0,0.0,0.034,0.0818
2026-09-04T00:00:00+02:00,history,open-meteo historical API,16.5,54,0.0,24.37,18.0,away,0.0,0.0,0,0,0.0507,0.0,0.0,0.0,0.0,0.0,0.0,0.0,0.0,0.0,0.012,0.0,0.0,0.034,0.0967
2026-09-04T01:00:00+02:00,history,open-meteo historical API,15.9,95,0.0,24.2,18.0,away,0.0,0.0,0,0,0.0443,0.0,0.0,0.0,0.0,0.0,0.0,0.0,0.0,0.0,0.011,0.0,0.0,0.034,0.0893
2026-09-04T02:00:00+02:00,history,open-meteo historical API,15.9,99,0.0,24.03,18.0,away,0.0,0.0,0,0,0.0348,0.0,0.0,0.0,0.0,0.0,0.0,0.0,0.0,0.0,0.01,0.0,0.0,0.034,0.0788
2026-09-04T03:00:00+02:00,history,open-meteo historical API,16.0,100,0.0,23.87,18.0,away,0.0,0.0,0,0,0.0523,0.0,0.0,0.0,0.0,0.0,0.0,0.0,0.0,0.0,0.009,0.0,0.0,0.034,0.0953
2026-09-04T04:00:00+02:00,history,open-meteo historical API,15.7,99,0.0,23.7,18.0,away,0.0,0.0,0,0,0.0459,0.0,0.0,0.0,0.0,0.0,0.0,0.0,0.0,0.0,0.013,0.0,0.0,0.034,0.0929
2026-09-04T05:00:00+02:00,history,open-meteo historical API,15.9,100,0.0,23.55,18.0,away,0.0,0.0,0,0,0.0301,0.0,0.0,0.0,0.0,0.0,0.0,0.0,0.0,0.0,0.012,0.0,0.0,0.034,0.0761
2026-09-04T06:00:00+02:00,history,open-meteo historical API,16.0,100,0.0,23.4,21.0,away,0.0,0.0,0,0,0.0523,0.0,0.0,0.0,0.0,0.0,0.0,0.0,0.0,0.0,0.011,0.0,0.0,0.034,0.0973
2026-09-04T07:00:00+02:00,history,open-meteo historical API,16.2,100,21.0,23.28,21.0,away,0.0,0.0,0,0,0.0443,0.0,0.0,0.0,0.0,0.0,0.0,0.0,0.0,0.0,0.01,0.0,0.0,0.034,0.0883
2026-09-04T08:00:00+02:00,history,open-meteo historical API,17.5,100,55.0,23.22,21.0,away,0.0,0.0,0,0,0.0332,0.0,0.0,0.0,0.0,0.0,0.0,0.0,0.0,0.0,0.009,0.0,0.0,0.034,0.0763
2026-09-04T09:00:00+02:00,history,open-meteo historical API,18.5,100,143.0,23.23,21.0,away,0.0,0.0,0,0,0.0475,0.0,0.0,0.0,0.0,0.0,0.0,0.0,0.0,0.0,0.013,0.0,0.0,0.034,0.0945
2026-09-04T10:00:00+02:00,history,open-meteo historical API,18.5,100,159.0,23.25,21.0,away,0.0,0.0,0,0,0.0475,0.0,0.0,0.0,0.0,0.0,0.0,0.0,0.0,0.0,0.012,0.0,0.0,0.034,0.0935
2026-09-04T11:00:00+02:00,history,open-meteo historical API,18.6,100,116.0,23.27,21.0,away,0.0,0.0,0,0,0.0301,0.0,0.0,0.0,0.0,0.0,0.0,0.0,0.0,0.0,0.011,0.0,0.0,0.034,0.0751
2026-09-04T12:00:00+02:00,history,open-meteo historical API,19.7,93,279.0,23.42,21.0,away,0.0,0.0,0,0,0.0554,0.0,0.0,0.0,0.0,0.0,0.0,0.0,0.0,0.0,0.01,0.0,0.0,0.034,0.0994
2026-09-04T13:00:00+02:00,history,open-meteo historical API,21.4,100,540.0,23.68,21.0,away,0.0,0.0,0,0,0.0475,0.0,0.0,0.0,0.0,0.0,0.0,0.0,0.0,0.0,0.009,0.0,0.0,0.034,0.0905
2026-09-04T14:00:00+02:00,history,open-meteo historical API,21.2,100,177.0,23.82,21.0,away,0.0,0.0,0,0,0.0364,0.0,0.0,0.0,0.0,0.0,0.0,0.0,0.0,0.0,0.013,0.0,0.0,0.034,0.0834
2026-09-04T15:00:00+02:00,history,open-meteo historical API,20.9,96,235.0,23.96,21.0,away,0.0,0.0,0,0,0.0554,0.0,0.2667,0.0,0.0,0.0,0.0,0.0,0.0,0.0,0.012,0.0,0.0,0.034,0.3681
2026-09-04T16:00:00+02:00,history,open-meteo historical API,21.7,100,345.0,24.14,21.0,away,0.0,0.0,0,0,0.0475,0.0,0.56,0.0,0.0,0.0,0.0,0.0,0.0,0.0,0.011,0.0,0.0,0.034,0.6525
2026-09-04T17:00:00+02:00,history,open-meteo historical API,22.1,100,208.0,24.26,21.0,away,0.0,0.0,0,0,0.0348,0.0,0.0,0.0,0.0,0.0,0.0,0.0,0.0,0.0,0.01,0.0,0.0,0.034,0.0788
2026-09-04T18:00:00+02:00,history,open-meteo historical API,21.2,98,88.0,24.3,21.0,away,0.0,0.0,0,0,0.0507,0.0,0.0,0.0,0.0,0.0,0.0,0.0,0.0,0.0,0.009,0.0,0.0,0.034,0.0937
2026-09-04T19:00:00+02:00,history,open-meteo historical API,21.0,100,37.0,24.29,21.0,away,0.0,0.0,0,0,0.0459,0.0,0.0,0.0,0.0,0.0,0.0,0.0,0.0,0.0,0.013,0.0,0.0,0.034,0.0929
2026-09-04T20:00:00+02:00,history,open-meteo historical API,21.6,97,0.0,24.27,21.0,away,0.0,0.0,0,0,0.0348,0.0,0.0,0.0,0.0,0.0,0.0,0.0,0.0,0.0,0.012,0.0,0.0,0.034,0.0808
2026-09-04T21:00:00+02:00,history,open-meteo historical API,21.7,98,0.0,24.25,21.0,away,0.0,0.0,0,0,0.0523,0.0,0.0,0.0,0.0,0.0,0.0,0.0,0.0,0.0,0.011,0.0,0.0,0.034,0.0973
2026-09-04T22:00:00+02:00,history,open-meteo historical API,19.3,99,0.0,24.14,19.5,home,0.67,0.0,0,0,0.0443,0.0,0.0,0.0,0.0,0.0,0.0,0.0,0.0,0.0,0.01,0.0513,0.0,0.0367,0.1423
2026-09-04T23:00:00+02:00,history,open-meteo historical API,19.3,99,0.0,23.94,18.0,home,1.0,0.0,0,0,0.0332,0.0,0.0,0.0,0.0,0.0,0.0,0.0,0.0,0.0,0.009,0.0159,0.0092,0.032,0.0993
2026-09-05T00:00:00+02:00,history,open-meteo historical API,19.1,100,0.0,23.78,18.0,home,1.0,0.0,0,0,0.0523,0.0,0.0,0.0,0.0,0.0,0.0,0.0,0.0,0.0,0.013,0.0,0.005,0.03,0.1003
2026-09-05T01:00:00+02:00,history,open-meteo historical API,18.9,94,0.0,23.61,18.0,home,1.0,0.0,0,0,0.0428,0.0,0.0,0.0,0.0,0.0,0.0,0.0,0.0,0.0,0.012,0.0,0.0,0.03,0.0848
2026-09-05T02:00:00+02:00,history,open-meteo historical API,17.3,100,0.0,23.46,18.0,home,1.0,0.0,0,0,0.0317,0.0,0.0,0.0,0.0,0.0,0.0,0.0,0.0,0.0,0.011,0.0,0.0,0.03,0.0727
2026-09-05T03:00:00+02:00,history,open-meteo historical API,17.5,100,0.0,23.37,18.0,home,1.0,0.0,0,0,0.0491,0.0,0.0,0.0,0.0,0.0,0.0,0.0,0.0,0.0,0.01,0.0,0.0,0.03,0.0891
2026-09-05T04:00:00+02:00,history,open-meteo historical API,17.1,100,0.0,23.28,18.0,home,1.0,0.0,0,0,0.0459,0.0,0.0,0.0,0.0,0.0,0.0,0.0,0.0,0.0,0.009,0.0,0.0,0.03,0.0849
2026-09-05T05:00:00+02:00,history,open-meteo historical API,17.0,100,0.0,23.19,18.0,home,1.0,0.0,0,0,0.0317,0.0,0.0,0.0,0.0,0.0,0.0,0.0,0.0,0.0,0.013,0.0,0.0,0.03,0.0747
2026-09-05T06:00:00+02:00,history,open-meteo historical API,16.7,100,0.0,23.1,21.0,home,1.0,0.0,0,0,0.0491,0.0,0.0,0.0,0.0,0.0,0.0,0.0,0.0,0.0,0.012,0.0,0.0,0.03,0.0911
2026-09-05T07:00:00+02:00,history,open-meteo historical API,16.4,80,28.0,23.04,21.0,home,1.0,0.0,0,0,0.0443,0.0,0.0,0.1,0.0235,0.0,0.0,0.0,0.0,0.0,0.011,0.0,0.0,0.032,0.2108
2026-09-05T08:00:00+02:00,history,open-meteo historical API,16.5,6,167.0,23.17,21.0,home,1.0,0.0,0,0,0.038,0.0,1.0667,0.0,0.1645,0.0,0.0,0.0,0.0,0.0,0.01,0.0,0.0,0.038,1.3172
2026-09-05T09:00:00+02:00,history,open-meteo historical API,17.2,28,324.0,23.31,21.0,home,0.5,0.0,0,0,0.0523,0.0,0.0,0.0,0.0833,0.0,0.0,0.0,0.0,0.0,0.009,0.0,0.0,0.036,0.1806
2026-09-05T10:00:00+02:00,history,open-meteo historical API,17.8,16,391.0,23.48,21.0,away,0.5,0.0,0,0,0.0428,0.0,0.0,0.0,0.0,0.0,0.0,0.0,0.0,0.0,0.013,0.0,0.0,0.036,0.0918
2026-09-05T11:00:00+02:00,history,open-meteo historical API,18.5,23,536.0,23.82,21.0,home,1.0,0.0,0,0,0.0396,0.0,0.0,0.0,0.0,0.0,0.514,0.0,0.0,0.0,0.012,0.0,0.0,0.038,0.6036
2026-09-05T12:00:00+02:00,history,open-meteo historical API,19.3,23,600.0,24.08,21.0,home,1.0,0.0,0,0,0.0618,0.0,0.0,0.0,0.0,0.0,0.1333,0.0,0.0,0.0,0.011,0.0,0.0,0.038,0.2441
2026-09-05T13:00:00+02:00,history,open-meteo historical API,19.7,12,623.0,24.21,21.0,home,1.0,0.0,0,0,0.0491,0.0,0.0,0.0,0.0,0.0,0.0,0.0,0.0,0.0,0.01,0.0,0.0,0.038,0.0971
2026-09-05T14:00:00+02:00,history,open-meteo historical API,19.5,34,626.0,24.31,21.0,home,0.92,0.0,0,0,0.038,0.0,0.0,0.0,0.0,0.0,0.0,0.0,0.0,0.0,0.009,0.0,0.0,0.0377,0.0847
2026-09-05T15:00:00+02:00,history,open-meteo historical API,19.7,59,499.0,24.47,21.0,away,0.0,0.0,0,0,0.0538,0.0,0.3467,0.0,0.0,0.0,0.0,0.0,0.0,0.0,0.013,0.0,0.0,0.034,0.4475
2026-09-05T16:00:00+02:00,history,open-meteo historical API,19.5,61,447.0,24.59,21.0,away,0.5,0.5,0,0,0.0475,0.0,0.48,0.0,0.0,0.0,0.0,0.0,0.0,0.0,0.012,0.0,0.0,0.036,0.5755
2026-09-05T17:00:00+02:00,history,open-meteo historical API,14.5,98,293.0,24.21,21.0,home+Paul,1.0,1.0,0,0,0.0507,0.0,0.0,0.0,0.0,0.0,0.0,0.0,0.0,0.0,0.011,0.03,0.0,0.038,0.1297
2026-09-05T18:00:00+02:00,history,open-meteo historical API,14.9,5,66.0,23.87,21.0,home+Paul,1.0,1.0,0,0,0.0744,0.0,0.0,0.0,0.0,0.6125,0.0,0.0,0.0,0.0,0.01,0.0192,0.0,0.038,0.7541
2026-09-05T19:00:00+02:00,history,open-meteo historical API,15.2,8,62.0,23.99,21.0,home+Paul,1.0,1.0,0,0,0.0586,0.0,0.0,0.0,0.0,0.7758,0.0,0.0,0.0,0.0,0.009,0.1104,0.0,0.038,0.9918
2026-09-05T20:00:00+02:00,history,open-meteo historical API,15.6,70,1.0,23.81,21.0,home+Paul,1.0,1.0,0,0,0.0554,0.0,0.0,0.0,0.0,0.0,0.0,0.0,0.0,0.0,0.013,0.132,0.0,0.038,0.2384
2026-09-05T21:00:00+02:00,history,open-meteo historical API,15.2,81,0.0,23.58,21.0,home+Paul,1.0,1.0,0,0,0.0554,0.0,0.0,0.0,0.0,0.0,0.0,0.0,0.047,0.0009,0.012,0.1272,0.0,0.038,0.2805
2026-09-05T22:00:00+02:00,history,open-meteo historical API,14.1,90,0.0,23.49,19.5,home+Paul,1.0,1.0,0,0,0.0475,0.0,0.0,0.0,0.0,0.0,0.0,0.368,0.094,0.0263,0.011,0.0918,0.0,0.038,0.6766
2026-09-05T23:00:00+02:00,history,open-meteo historical API,13.7,58,0.0,23.55,18.0,home+Paul,1.0,1.0,0,0,0.0364,0.0,0.0,0.0,0.0,0.0,0.0,0.7162,0.0235,0.0,0.01,0.0441,0.0121,0.036,0.8783
2026-09-06T00:00:00+02:00,history,open-meteo historical API,13.4,73,0.0,23.45,18.0,home+Paul,1.0,1.0,0,0,0.0538,0.0,0.0,0.0,0.0,0.0,0.0,0.0038,0.0,0.0,0.009,0.0,0.0312,0.03,0.1278
2026-09-06T01:00:00+02:00,history,open-meteo historical API,13.1,24,0.0,23.28,18.0,home+Paul,1.0,1.0,0,0,0.0428,0.0,0.0,0.0,0.0,0.0,0.0,0.0,0.0,0.0,0.013,0.0,0.0033,0.03,0.0891
2026-09-06T02:00:00+02:00,history,open-meteo historical API,12.2,100,0.0,23.1,18.0,home+Paul,1.0,1.0,0,0,0.0332,0.0,0.8533,0.0,0.0,0.0,0.0,0.0,0.0,0.0,0.012,0.0,0.0,0.03,0.9286
2026-09-06T03:00:00+02:00,history,open-meteo historical API,12.6,77,0.0,22.92,18.0,home+Paul,1.0,1.0,0,0,0.0523,0.0,0.0,0.0,0.0,0.0,0.0,0.0,0.0,0.0,0.011,0.0,0.0,0.03,0.0933
2026-09-06T04:00:00+02:00,history,open-meteo historical API,12.2,29,0.0,22.74,18.0,home+Paul,1.0,1.0,0,0,0.0428,0.0,0.0,0.0,0.0,0.0,0.0,0.0,0.0,0.0,0.01,0.0,0.0,0.03,0.0828
2026-09-06T05:00:00+02:00,history,open-meteo historical API,12.0,64,0.0,22.56,18.0,home+Paul,1.0,1.0,0,0,0.0317,0.0,0.0,0.0,0.0,0.0,0.0,0.0,0.0,0.0,0.009,0.0,0.0,0.03,0.0707
2026-09-06T06:00:00+02:00,history,open-meteo historical API,12.0,78,0.0,22.39,21.0,home+Paul,1.0,1.0,0,0,0.0475,0.0,0.0,0.0,0.0,0.0,0.0,0.0,0.0,0.0,0.013,0.0,0.0,0.03,0.0905
2026-09-06T07:00:00+02:00,history,open-meteo historical API,12.3,100,34.0,22.24,21.0,home+Paul,1.0,1.0,0,0,0.0443,0.0,0.0,0.0,0.0,0.0,0.0,0.0,0.0,0.0,0.012,0.0,0.0,0.03,0.0863
2026-09-06T08:00:00+02:00,history,open-meteo historical API,12.6,95,60.0,22.17,21.0,home+Paul,1.0,1.0,0,0,0.0301,0.0,0.08,0.1333,0.2045,0.0,0.0,0.0,0.0,0.0,0.011,0.0159,0.0,0.034,0.5088
2026-09-06T09:00:00+02:00,history,open-meteo historical API,13.2,100,123.0,22.27,21.0,home+Paul,1.0,1.0,0,0,0.0523,0.0,1.52,0.0,0.1893,0.0,0.0,0.0,0.0,0.0,0.01,0.0306,0.0,0.038,1.8402
2026-09-06T10:00:00+02:00,history,open-meteo historical API,14.3,98,208.0,22.41,21.0,home+Paul,1.0,1.0,0,0,0.0459,0.0,0.0,0.0,0.096,0.0,0.0,0.0,0.0,0.0,0.009,0.0294,0.0,0.038,0.2183
2026-09-06T11:00:00+02:00,history,open-meteo historical API,15.5,27,284.0,22.53,21.0,away,0.08,0.08,0,0,0.0317,0.0,0.0,0.0,0.0,0.0,0.0,0.0,0.0,0.0,0.013,0.0,0.0,0.0343,0.079
2026-09-06T12:00:00+02:00,history,open-meteo historical API,17.3,27,546.0,22.76,21.0,away,0.0,0.0,0,0,0.0475,0.0,0.0,0.0,0.0,0.0,0.0,0.0,0.0,0.0,0.012,0.0,0.0,0.034,0.0935
2026-09-06T13:00:00+02:00,history,open-meteo historical API,18.1,45,635.0,23.07,21.0,away,0.0,0.0,0,0,0.0443,0.0,0.0,0.0,0.0,0.0,0.0,0.0,0.0,0.0,0.011,0.0,0.0,0.034,0.0893
2026-09-06T14:00:00+02:00,history,open-meteo historical API,18.3,38,584.0,23.37,21.0,away,0.5,0.5,0,0,0.0348,0.0,0.0,0.0,0.0,0.0,0.0,0.0,0.0,0.0,0.01,0.0,0.0,0.036,0.0808
2026-09-06T15:00:00+02:00,history,open-meteo historical API,18.7,27,542.0,23.62,21.0,home+Paul,1.0,1.0,0,0,0.0602,0.0,0.0,0.0,0.0,0.0,0.0,0.0,0.0,0.0,0.009,0.0,0.0,0.038,0.1072
2026-09-06T16:00:00+02:00,history,open-meteo historical API,18.0,35,423.0,23.73,21.0,home+Paul,1.0,1.0,0,0,0.0507,0.0,0.0,0.0,0.0,0.0,0.0,0.0,0.0,0.0,0.013,0.0,0.0,0.038,0.1017
2026-09-06T17:00:00+02:00,history,open-meteo historical API,17.3,46,292.0,23.72,21.0,home+Paul,1.0,1.0,0,0,0.0396,0.0,0.0,0.0,0.0,0.0,0.0,0.0,0.0,0.0,0.012,0.0,0.0,0.038,0.0896
2026-09-06T18:00:00+02:00,history,open-meteo historical API,15.5,38,146.0,23.56,21.0,home+Paul,1.0,1.0,0,0,0.057,0.0,0.0,0.0,0.0,0.0,0.0,0.0,0.0,0.0,0.011,0.0264,0.0,0.038,0.1324
2026-09-06T19:00:00+02:00,history,open-meteo historical API,15.4,23,49.0,23.48,21.0,home+Paul,1.0,1.0,0,0,0.0491,0.0,0.0,0.0,0.0,0.0,0.0,0.0,0.0,0.0,0.01,0.1272,0.0,0.038,0.2243
2026-09-06T20:00:00+02:00,history,open-meteo historical API,14.7,41,0.0,23.45,21.0,home+Paul,1.0,1.0,0,0,0.038,0.0,0.0,0.0,0.0,0.0,0.0,0.0,0.104,0.0,0.009,0.1224,0.0,0.038,0.3114
2026-09-06T21:00:00+02:00,history,open-meteo historical API,14.5,30,0.0,23.45,21.0,home+Paul,1.0,1.0,0,0,0.0586,0.0,0.0,0.1333,0.0,0.0,0.0,0.0,0.104,0.0,0.013,0.1176,0.0,0.038,0.4645
2026-09-06T22:00:00+02:00,history,open-meteo historical API,14.1,27,0.0,23.44,19.5,home+Paul,1.0,1.0,0,0,0.0475,0.0,0.0,0.0,0.0,0.0,0.0,0.0,0.052,0.0,0.012,0.0846,0.0,0.038,0.2341
2026-09-06T23:00:00+02:00,history,open-meteo historical API,13.7,23,0.0,23.34,18.0,home+Paul,1.0,1.0,0,0,0.0364,0.0,0.0,0.0,0.0,0.0,0.0,0.0,0.0,0.0,0.011,0.027,0.0201,0.034,0.1285
2026-09-07T00:00:00+02:00,history,open-meteo historical API,12.8,48,0.0,23.18,18.0,home+Paul,1.0,1.0,0,0,0.0538,0.0,0.0,0.0,0.0,0.0,0.0,0.0,0.0,0.0,0.01,0.0,0.0269,0.03,0.1208
2026-09-07T01:00:00+02:00,history,open-meteo historical API,12.2,56,0.0,22.99,18.0,home+Paul,1.0,1.0,0,0,0.0459,0.0,0.0,0.0,0.0,0.0,0.0,0.0,0.0,0.0,0.009,0.0,0.0,0.03,0.0849
2026-09-07T02:00:00+02:00,history,open-meteo historical API,11.6,59,0.0,22.8,18.0,home+Paul,1.0,1.0,0,0,0.0285,0.0,0.0,0.0,0.0,0.0,0.0,0.0,0.0,0.0,0.013,0.0,0.0,0.03,0.0715
2026-09-07T03:00:00+02:00,history,open-meteo historical API,11.0,42,0.0,22.59,18.0,home+Paul,1.0,1.0,0,0,0.0507,0.0,0.0,0.0,0.0,0.0,0.0,0.0,0.0,0.0,0.012,0.0,0.0,0.03,0.0927
2026-09-07T04:00:00+02:00,history,open-meteo historical API,10.4,49,0.0,22.37,18.0,home+Paul,1.0,1.0,0,0,0.0428,0.0,0.0,0.0,0.0,0.0,0.0,0.0,0.0,0.0,0.011,0.0,0.0,0.03,0.0838
2026-09-07T05:00:00+02:00,history,open-meteo historical API,10.0,60,0.0,22.14,18.0,home+Paul,1.0,1.0,0,0,0.0301,0.0,0.0,0.0,0.0,0.0,0.0,0.0,0.0,0.0,0.01,0.0,0.0,0.03,0.0701
2026-09-07T06:00:00+02:00,history,open-meteo historical API,9.6,53,0.0,21.92,21.0,home+Paul,1.0,1.0,0,0,0.0507,0.0,0.0,0.0,0.0,0.0,0.0,0.0,0.0,0.0,0.009,0.0,0.0,0.03,0.0897
2026-09-07T07:00:00+02:00,history,open-meteo historical API,10.2,91,39.0,21.86,21.0,home+Paul,1.0,1.0,0,0,0.0475,0.0,1.1467,0.1,0.348,0.0,0.0,0.0,0.0,0.0,0.013,0.0306,0.0,0.038,1.7238
2026-09-07T08:00:00+02:00,history,open-meteo historical API,11.2,63,150.0,21.9,21.0,home+Paul,1.0,1.0,0,0,0.0332,0.0,0.88,0.0,0.0,0.0,0.0,0.0,0.0,0.0495,0.012,0.0,0.0,0.038,1.0127
2026-09-07T09:00:00+02:00,history,open-meteo historical API,13.4,83,304.0,22.02,21.0,home+Paul,1.0,1.0,0,0,0.0554,0.0,0.0,0.0,0.0,0.0,0.0,0.0,0.0,0.1059,0.011,0.0,0.0,0.038,0.2103
2026-09-07T10:00:00+02:00,history,open-meteo historical API,15.3,71,415.0,22.27,21.0,home+Paul,1.0,1.0,0,0,0.0475,0.0,0.0,0.0,0.0,0.0,0.0,0.0,0.0,0.1016,0.01,0.0,0.0,0.038,0.1971
2026-09-07T11:00:00+02:00,history,open-meteo historical API,17.0,73,547.0,22.62,21.0,home+Paul,0.75,0.75,0,0,0.038,0.0,0.0,0.0,0.0,0.0,0.0,0.0,0.0,0.0627,0.009,0.0,0.0,0.037,0.1467
2026-09-07T12:00:00+02:00,history,open-meteo historical API,18.2,95,622.0,22.96,21.0,away,0.25,0.0,0,0,0.0538,0.0,0.0,0.0,0.0,0.0,0.0,0.0,0.0,0.0097,0.013,0.0078,0.0,0.035,0.1194
2026-09-07T13:00:00+02:00,history,open-meteo historical API,19.0,73,627.0,23.32,21.0,home,1.0,0.0,0,0,0.0459,0.0,0.0,0.0,0.0,0.0,0.0,0.0,0.0,0.0478,0.012,0.0,0.0,0.038,0.1438
2026-09-07T14:00:00+02:00,history,open-meteo historical API,19.1,11,468.0,23.6,21.0,home,1.0,0.0,0,0,0.0412,0.0,0.0,0.0,0.0,0.0,0.0,0.0,0.0,0.0444,0.011,0.0,0.0,0.038,0.1346
2026-09-07T15:00:00+02:00,history,open-meteo historical API,19.6,56,564.0,23.84,21.0,home,1.0,0.0,0,0,0.0554,0.0,0.0,0.0,0.0,0.0,0.0,0.0,0.0,0.0502,0.01,0.0,0.0,0.038,0.1537
2026-09-07T16:00:00+02:00,history,open-meteo historical API,19.7,83,469.0,24.0,21.0,home,1.0,0.0,0,0,0.0491,0.0,0.0,0.0,0.0,0.0,0.0,0.0,0.0,0.0521,0.009,0.0,0.0,0.038,0.1482
2026-09-07T17:00:00+02:00,history,open-meteo historical API,19.6,66,329.0,24.0,21.0,home,1.0,0.0,0,0,0.0364,0.0,0.0,0.0,0.0,0.0,0.0,0.0,0.0,0.0344,0.013,0.0,0.0,0.038,0.1219
2026-09-07T18:00:00+02:00,history,open-meteo historical API,19.2,55,184.0,23.95,21.0,home,1.0,0.0,0,0,0.0586,0.0,0.0,0.0,0.0,0.0,0.0,0.0,0.0,0.0,0.012,0.0238,0.0,0.038,0.1324
2026-09-07T19:00:00+02:00,history,open-meteo historical API,17.5,82,52.0,23.81,21.0,home,1.0,0.0,0,0,0.0491,0.0,0.0,0.0,0.0,0.0,0.0,0.0,0.0,0.0,0.011,0.098,0.0,0.038,0.1961
2026-09-07T20:00:00+02:00,history,open-meteo historical API,16.6,73,0.0,23.6,21.0,home,1.0,0.0,0,0,0.0396,0.0,0.0,0.0,0.0,0.0,0.0,0.0,0.0,0.0,0.01,0.094,0.0,0.038,0.1816
2026-09-07T21:00:00+02:00,history,open-meteo historical API,16.4,87,0.0,23.52,21.0,home,1.0,0.0,0,0,0.0586,0.0,0.0,0.0,0.0,0.0,0.0,0.548,0.0,0.0,0.009,0.09,0.0,0.038,0.7436
2026-09-07T22:00:00+02:00,history,open-meteo historical API,15.9,100,0.0,23.56,19.5,home,1.0,0.0,0,0,0.0475,0.0,0.0,0.0,0.0,0.0,0.0,0.5055,0.0,0.0,0.013,0.0864,0.0017,0.038,0.6921
2026-09-07T23:00:00+02:00,history,open-meteo historical API,15.6,100,0.0,23.45,18.0,home,1.0,0.0,0,0,0.0364,0.0,0.0,0.0,0.0,0.0,0.0,0.0012,0.0,0.0,0.012,0.0,0.01,0.03,0.0896
2026-09-08T00:00:00+02:00,history,open-meteo historical API,15.2,98,0.0,23.31,18.0,home,1.0,0.0,0,0,0.0475,0.0,0.0,0.0,0.0,0.0,0.0,0.0,0.0,0.0,0.011,0.0,0.0048,0.03,0.0933
2026-09-08T01:00:00+02:00,history,open-meteo historical API,14.6,85,0.0,23.15,18.0,home,1.0,0.0,0,0,0.0428,0.0,0.0,0.0,0.0,0.0,0.0,0.0,0.0,0.0,0.01,0.0,0.0,0.03,0.0828
2026-09-08T02:00:00+02:00,history,open-meteo historical API,13.6,45,0.0,22.98,18.0,home,1.0,0.0,0,0,0.0317,0.0,0.0,0.0,0.0,0.0,0.0,0.0,0.0,0.0,0.009,0.0,0.0,0.03,0.0707
2026-09-08T03:00:00+02:00,history,open-meteo historical API,13.5,55,0.0,22.81,18.0,home,1.0,0.0,0,0,0.0507,0.0,0.0,0.0,0.0,0.0,0.0,0.0,0.0,0.0,0.013,0.0,0.0,0.03,0.0937
2026-09-08T04:00:00+02:00,history,open-meteo historical API,13.4,2,0.0,22.63,18.0,home,1.0,0.0,0,0,0.0443,0.0,0.0,0.0,0.0,0.0,0.0,0.0,0.0,0.0,0.012,0.0,0.0,0.03,0.0863
2026-09-08T05:00:00+02:00,history,open-meteo historical API,13.0,16,0.0,22.45,18.0,home,1.0,0.0,0,0,0.0301,0.0,0.0,0.0,0.0,0.0,0.0,0.0,0.0,0.0,0.011,0.0,0.0,0.03,0.0711
2026-09-08T06:00:00+02:00,history,open-meteo historical API,13.0,13,0.0,22.31,21.0,home,1.0,0.0,0,0,0.0507,0.0,0.4,0.1333,0.1947,0.0,0.0,0.0,0.0,0.0,0.01,0.0,0.0,0.034,0.8227
2026-09-08T07:00:00+02:00,history,open-meteo historical API,13.5,3,37.0,22.31,21.0,home,1.0,0.0,0,0,0.0443,0.0,1.0133,0.0,0.0,0.0,0.0,0.0,0.0,0.0,0.009,0.0,0.0,0.038,1.1047
2026-09-08T08:00:00+02:00,history,open-meteo historical API,14.9,0,165.0,22.3,21.0,away,0.17,0.0,0,0,0.0364,0.0,0.0,0.0,0.0,0.0,0.0,0.0,0.0,0.0,0.013,0.0,0.0,0.0347,0.0841
2026-09-08T09:00:00+02:00,history,open-meteo historical API,16.8,0,319.0,22.4,21.0,away,0.0,0.0,0,0,0.0491,0.0,0.0,0.0,0.0,0.0,0.0,0.0,0.0,0.0,0.012,0.0,0.0,0.034,0.0951
2026-09-08T10:00:00+02:00,history,open-meteo historical API,19.0,9,460.0,22.64,21.0,away,0.0,0.0,0,0,0.0428,0.0,0.0,0.0,0.0,0.0,0.0,0.0,0.0,0.0,0.011,0.0,0.0,0.034,0.0878
2026-09-08T11:00:00+02:00,history,open-meteo historical API,20.8,0,570.0,23.0,21.0,away,0.0,0.0,0,0,0.0317,0.0,0.0,0.0,0.0,0.0,0.0,0.0,0.0,0.0,0.01,0.0,0.0,0.034,0.0757
2026-09-08T12:00:00+02:00,history,open-meteo historical API,22.3,20,640.0,23.42,21.0,away,0.0,0.0,0,0,0.0538,0.0,0.0,0.0,0.0,0.0,0.0,0.0,0.0,0.0,0.009,0.0,0.0,0.034,0.0968
2026-09-08T13:00:00+02:00,history,open-meteo historical API,23.6,34,666.0,23.89,21.0,away,0.0,0.0,0,0,0.0459,0.0,0.0,0.0,0.0,0.0,0.0,0.0,0.0,0.0,0.013,0.0,0.0,0.034,0.0929
2026-09-08T14:00:00+02:00,history,open-meteo historical API,25.6,12,642.0,24.38,21.0,away,0.0,0.0,0,0,0.0364,0.0,0.0,0.0,0.0,0.0,0.0,0.0,0.0,0.0,0.012,0.0,0.0,0.034,0.0824
2026-09-08T15:00:00+02:00,history,open-meteo historical API,26.0,23,577.0,24.83,21.0,away,0.0,0.0,0,0,0.0523,0.0,0.0,0.0,0.0,0.0,0.0,0.0,0.0,0.0,0.011,0.0,0.0,0.034,0.0973
2026-09-08T16:00:00+02:00,history,open-meteo historical API,26.1,69,468.0,25.2,21.0,away,0.0,0.0,0,0,0.0459,0.0,0.0,0.0,0.0,0.0,0.0,0.0,0.0,0.0,0.01,0.0,0.0,0.034,0.0899
2026-09-08T17:00:00+02:00,history,open-meteo historical API,25.7,21,326.0,25.47,21.0,away,0.17,0.0,0,0,0.0348,0.0,0.0,0.0,0.0,0.0,0.0,0.0,0.0,0.0,0.009,0.0,0.0,0.0347,0.0785
2026-09-08T18:00:00+02:00,history,open-meteo historical API,24.5,39,183.0,25.58,21.0,home,1.0,0.0,0,0,0.0586,0.0,0.0,0.0,0.0,0.0,0.0,0.0,0.0,0.0,0.013,0.0266,0.0,0.038,0.1362
2026-09-08T19:00:00+02:00,history,open-meteo historical API,22.5,96,50.0,25.55,21.0,away,0.17,0.0,0,0,0.0459,0.0,0.0,0.0,0.0,0.0,0.0,0.0,0.0,0.0,0.012,0.015,0.0,0.0347,0.1076
2026-09-08T20:00:00+02:00,history,open-meteo historical API,21.6,99,0.0,25.5,21.0,away,0.0,0.0,0,0,0.0317,0.0,0.0,0.0,0.0,0.0,0.0,0.0,0.0,0.0,0.011,0.0,0.0,0.034,0.0767
2026-09-08T21:00:00+02:00,history,open-meteo historical API,21.1,90,0.0,25.44,21.0,away,0.0,0.0,0,0,0.0554,0.0,0.0,0.0,0.0,0.0,0.0,0.0,0.0,0.0,0.01,0.0,0.0,0.034,0.0994
2026-09-08T22:00:00+02:00,history,open-meteo historical API,20.2,99,0.0,25.33,19.5,away,0.42,0.0,0,0,0.0475,0.0,0.0,0.0,0.0,0.0,0.0,0.0,0.0,0.0,0.009,0.025,0.0075,0.0357,0.1247
2026-09-08T23:00:00+02:00,history,open-meteo historical API,19.3,100,0.0,25.08,18.0,home,1.0,0.0,0,0,0.038,0.0,0.0,0.0,0.0,0.0,0.0,0.0,0.0,0.0,0.013,0.0096,0.025,0.0313,0.1169
2026-09-09T00:00:00+02:00,history,open-meteo historical API,19.1,100,0.0,24.87,18.0,home,1.0,0.0,0,0,0.0538,0.0,0.0,0.0,0.0,0.0,0.0,0.0,0.0,0.0,0.012,0.0,0.0158,0.03,0.1117
2026-09-09T01:00:00+02:00,history,open-meteo historical API,18.8,98,0.0,24.66,18.0,home,1.0,0.0,0,0,0.0475,0.0,0.0,0.0,0.0,0.0,0.0,0.0,0.0,0.0,0.011,0.0,0.0,0.03,0.0885
2026-09-09T02:00:00+02:00,history,open-meteo historical API,18.5,95,0.0,24.44,18.0,home,1.0,0.0,0,0,0.0332,0.0,0.0,0.0,0.0,0.0,0.0,0.0,0.0,0.0,0.01,0.0,0.0,0.03,0.0733
2026-09-09T03:00:00+02:00,history,open-meteo historical API,18.4,66,0.0,24.22,18.0,home,1.0,0.0,0,0,0.0538,0.0,0.0,0.0,0.0,0.0,0.0,0.0,0.0,0.0,0.009,0.0,0.0,0.03,0.0928
2026-09-09T04:00:00+02:00,history,open-meteo historical API,18.1,2,0.0,24.0,18.0,home,1.0,0.0,0,0,0.0443,0.0,0.0,0.0,0.0,0.0,0.0,0.0,0.0,0.0,0.013,0.0,0.0,0.03,0.0873
2026-09-09T05:00:00+02:00,history,open-meteo historical API,17.7,0,0.0,23.84,18.0,home,0.83,0.0,0,0,0.0364,0.0,0.4533,0.1,0.12,0.0,0.0,0.0,0.0,0.0,0.012,0.0384,0.0,0.0353,0.7955
2026-09-09T06:00:00+02:00,history,open-meteo historical API,17.6,0,0.0,23.75,21.0,away,0.0,0.0,0,0,0.0523,0.0,0.72,0.0,0.0,0.0,0.0,0.0,0.0,0.0,0.011,0.0,0.0,0.034,0.8173
2026-09-09T07:00:00+02:00,history,open-meteo historical API,18.3,0,36.0,23.69,21.0,away,0.0,0.0,0,0,0.0443,0.0,0.0,0.0,0.0,0.0,0.0,0.0,0.0,0.0,0.01,0.0,0.0,0.034,0.0883
2026-09-09T08:00:00+02:00,history,open-meteo historical API,20.2,1,164.0,23.76,21.0,away,0.0,0.0,0,0,0.0348,0.0,0.0,0.0,0.0,0.0,0.0,0.0,0.0,0.0,0.009,0.0,0.0,0.034,0.0778
2026-09-09T09:00:00+02:00,history,open-meteo historical API,22.4,9,315.0,23.97,21.0,away,0.0,0.0,0,0,0.0491,0.0,0.0,0.0,0.0,0.0,0.0,0.0,0.0,0.0,0.013,0.0,0.0,0.034,0.0961
2026-09-09T10:00:00+02:00,history,open-meteo historical API,24.4,21,436.0,24.29,21.0,away,0.0,0.0,0,0,0.0443,0.0,0.0,0.0,0.0,0.0,0.0,0.0,0.0,0.0,0.012,0.0,0.0,0.034,0.0903
2026-09-09T11:00:00+02:00,history,open-meteo historical API,25.4,6,504.0,24.7,21.0,away,0.0,0.0,0,0,0.0332,0.0,0.0,0.0,0.0,0.0,0.0,0.0,0.0,0.0,0.011,0.0,0.0,0.034,0.0783
2026-09-09T12:00:00+02:00,history,open-meteo historical API,26.5,2,609.0,25.17,21.0,away,0.0,0.0,0,0,0.057,0.0,0.0,0.0,0.0,0.0,0.0,0.0,0.0,0.0,0.01,0.0,0.0,0.034,0.101
2026-09-09T13:00:00+02:00,history,open-meteo historical API,27.2,2,650.0,25.67,21.0,away,0.0,0.0,0,0,0.0491,0.0,0.0,0.0,0.0,0.0,0.0,0.0,0.0,0.0,0.009,0.0,0.0,0.034,0.0921
2026-09-09T14:00:00+02:00,history,open-meteo historical API,28.1,2,614.0,26.17,21.0,away,0.0,0.0,0,0,0.0364,0.0,0.0,0.0,0.0,0.0,0.0,0.0,0.0,0.0,0.013,0.0,0.0,0.034,0.0834
2026-09-09T15:00:00+02:00,history,open-meteo historical API,27.9,61,564.0,26.6,21.0,away,0.0,0.0,0,0,0.0538,0.0,0.0,0.0,0.0,0.0,0.0,0.0,0.0,0.0,0.012,0.0,0.0,0.034,0.0998
2026-09-09T16:00:00+02:00,history,open-meteo historical API,27.1,37,371.0,26.91,21.0,away,0.0,0.0,0,0,0.0459,0.0,0.0,0.0,0.0,0.0,0.0,0.0,0.0,0.0,0.011,0.0,0.0,0.034,0.0909
2026-09-09T17:00:00+02:00,history,open-meteo historical API,26.4,43,309.0,27.13,21.0,away,0.0,0.0,0,0,0.0364,0.0,0.0,0.0,0.0,0.0,0.0,0.0,0.0,0.0,0.01,0.0,0.0,0.034,0.0804
2026-09-09T18:00:00+02:00,history,open-meteo historical API,24.9,45,150.0,27.22,21.0,away,0.0,0.0,0,0,0.057,0.0,0.0,0.0,0.0,0.0,0.0,0.0,0.0,0.0,0.009,0.0,0.0,0.034,0.1
2026-09-09T19:00:00+02:00,history,open-meteo historical API,23.0,82,38.0,27.2,21.0,away,0.0,0.0,0,0,0.0475,0.0,0.0,0.0,0.0,0.0,0.0,0.0,0.0,0.0,0.013,0.0,0.0,0.034,0.0945
2026-09-09T20:00:00+02:00,history,open-meteo historical API,21.9,37,0.0,27.12,21.0,away,0.0,0.0,0,0,0.0428,0.0,0.0,0.0,0.0,0.0,0.0,0.0,0.0,0.0,0.012,0.0,0.0,0.034,0.0888
2026-09-09T21:00:00+02:00,history,open-meteo historical API,20.8,20,0.0,27.01,21.0,away,0.0,0.0,0,0,0.0554,0.0,0.0,0.0,0.0,0.0,0.0,0.0,0.0,0.0,0.011,0.0,0.0,0.034,0.1004
2026-09-09T22:00:00+02:00,history,open-meteo historical API,19.7,16,0.0,26.86,19.5,away,0.17,0.0,0,0,0.0475,0.0,0.0,0.0,0.0,0.0,0.0,0.0,0.0,0.0,0.01,0.0092,0.0,0.0347,0.1014
2026-09-09T23:00:00+02:00,history,open-meteo historical API,18.8,55,0.0,26.51,18.0,home,1.0,0.0,0,0,0.0396,0.0,0.0,0.0,0.0,0.0,0.0,0.0,0.0,0.0,0.009,0.022,0.0083,0.0327,0.1116
2026-09-10T00:00:00+02:00,history,open-meteo historical API,17.9,100,0.0,26.17,18.0,home,1.0,0.0,0,0,0.0554,0.0,0.0,0.0,0.0,0.0,0.0,0.0,0.0,0.0,0.013,0.0,0.005,0.03,0.1034
2026-09-10T01:00:00+02:00,history,open-meteo historical API,17.2,100,0.0,25.8,18.0,home,1.0,0.0,0,0,0.0491,0.0,0.0,0.0,0.0,0.0,0.0,0.0,0.0,0.0,0.012,0.0,0.0,0.03,0.0911
2026-09-10T02:00:00+02:00,history,open-meteo historical API,15.5,100,0.0,25.4,18.0,home,1.0,0.0,0,0,0.0364,0.0,0.0,0.0,0.0,0.0,0.0,0.0,0.0,0.0,0.011,0.0,0.0,0.03,0.0774
2026-09-10T03:00:00+02:00,history,open-meteo historical API,15.7,100,0.0,25.01,18.0,home,1.0,0.0,0,0,0.0523,0.0,0.0,0.0,0.0,0.0,0.0,0.0,0.0,0.0,0.01,0.0,0.0,0.03,0.0923
2026-09-10T04:00:00+02:00,history,open-meteo historical API,15.4,100,0.0,24.62,18.0,home,1.0,0.0,0,0,0.0443,0.0,0.0,0.0,0.0,0.0,0.0,0.0,0.0,0.0,0.009,0.0,0.0,0.03,0.0833
2026-09-10T05:00:00+02:00,history,open-meteo historical API,15.0,100,0.0,24.23,18.0,home,1.0,0.0,0,0,0.0332,0.0,0.0,0.0,0.0,0.0,0.0,0.0,0.0,0.0,0.013,0.0,0.0,0.03,0.0763
2026-09-10T06:00:00+02:00,history,open-meteo historical API,14.5,100,0.0,23.84,21.0,home,1.0,0.0,0,0,0.0538,0.0,0.0,0.0,0.0,0.0,0.0,0.0,0.0,0.0,0.012,0.0052,0.0,0.0313,0.1024
2026-09-10T07:00:00+02:00,history,open-meteo historical API,14.1,99,4.0,23.58,21.0,home,0.67,0.0,0,0,0.0459,0.0,1.0667,0.1,0.1747,0.0,0.0,0.0,0.0,0.0,0.011,0.02,0.0,0.0367,1.4549
2026-09-10T08:00:00+02:00,history,open-meteo historical API,13.7,43,57.0,23.4,21.0,away,0.0,0.0,0,0,0.0285,0.0,0.16,0.0,0.0,0.0,0.0,0.0,0.0,0.0,0.01,0.0,0.0,0.034,0.2325
2026-09-10T09:00:00+02:00,history,open-meteo historical API,15.4,25,263.0,23.42,21.0,home,0.92,0.0,0,0,0.057,0.0,0.0,0.0,0.0,0.0,0.0,0.0,0.0,0.0382,0.009,0.0,0.0,0.0377,0.1419
2026-09-10T10:00:00+02:00,history,open-meteo historical API,16.9,78,428.0,23.54,21.0,home,1.0,0.0,0,0,0.0491,0.0,0.0,0.0,0.0,0.0,0.0,0.0,0.0,0.0448,0.013,0.0,0.0,0.038,0.1449
2026-09-10T11:00:00+02:00,history,open-meteo historical API,17.6,58,472.0,23.65,21.0,home,1.0,0.0,0,0,0.0364,0.0,0.0,0.0,0.0,0.0,0.0,0.0,0.0,0.0422,0.012,0.0,0.0,0.038,0.1286
2026-09-10T12:00:00+02:00,history,open-meteo historical API,18.1,95,499.0,23.78,21.0,home,1.0,0.0,0,0,0.0554,0.0,0.0,0.1667,0.0,0.0,0.0,0.0,0.0,0.0346,0.011,0.0306,0.0,0.038,0.3363
2026-09-10T13:00:00+02:00,history,open-meteo historical API,17.5,98,364.0,23.93,21.0,home,1.0,0.0,0,0,0.0491,0.0,0.0,0.0,0.147,0.0,0.0,0.0,0.0,0.0381,0.01,0.0294,0.0,0.038,0.3115
2026-09-10T14:00:00+02:00,history,open-meteo historical API,17.8,96,315.0,23.98,21.0,home,1.0,0.0,0,0,0.0412,0.0,0.0,0.0,0.0,0.0,0.0,0.0,0.0,0.0532,0.009,0.0282,0.0,0.038,0.1695
2026-09-10T15:00:00+02:00,history,open-meteo historical API,18.3,100,425.0,24.01,21.0,home,1.0,0.0,0,0,0.0554,0.0,0.0,0.1333,0.0,0.0,0.0,0.0,0.0,0.0441,0.013,0.027,0.0,0.038,0.3109
2026-09-10T16:00:00+02:00,history,open-meteo historical API,17.9,99,240.0,23.98,21.0,home,1.0,0.0,0,0,0.0459,0.0,0.0,0.0,0.0,0.0,0.0,0.0,0.0,0.065,0.012,0.0324,0.0,0.038,0.1933
2026-09-10T17:00:00+02:00,history,open-meteo historical API,17.3,95,224.0,23.92,21.0,home,1.0,0.0,0,0,0.0396,0.0,0.0,0.0,0.0,0.0,0.0,0.0,0.0,0.0748,0.011,0.0312,0.0,0.038,0.1946
2026-09-10T18:00:00+02:00,history,open-meteo historical API,16.4,80,143.0,23.76,21.0,home,1.0,0.0,0,0,0.0586,0.0,0.0,0.0,0.0,0.0,0.0,0.0,0.0,0.0,0.01,0.06,0.0,0.038,0.1666
2026-09-10T19:00:00+02:00,history,open-meteo historical API,15.5,14,30.0,23.75,21.0,home,1.0,0.0,0,0,0.0475,0.0,0.0,0.0,0.0,0.7595,0.0,0.0,0.0,0.0,0.009,0.096,0.0,0.038,0.95
2026-09-10T20:00:00+02:00,history,open-meteo historical API,14.2,2,0.0,23.53,21.0,home,1.0,0.0,0,0,0.0396,0.0,0.0,0.0,0.0,0.0,0.0,0.0,0.0943,0.0,0.013,0.092,0.0,0.038,0.2768
2026-09-10T21:00:00+02:00,history,open-meteo historical API,13.4,1,0.0,23.48,21.0,home,1.0,0.0,0,0,0.0554,0.0,0.0,0.1667,0.0,0.0,0.0,0.612,0.0825,0.0088,0.012,0.11,0.0,0.038,1.0853
2026-09-10T22:00:00+02:00,history,open-meteo historical API,12.8,6,0.0,23.52,19.5,home,1.0,0.0,0,0,0.0475,0.0,0.0,0.0,0.0,0.0,0.0,0.5078,0.0,0.0682,0.011,0.0848,0.0033,0.038,0.7606
2026-09-10T23:00:00+02:00,history,open-meteo historical API,12.2,12,0.0,23.38,18.0,home,1.0,0.0,0,0,0.0364,0.0,0.0,0.0,0.0,0.0,0.0,0.0015,0.0,0.0,0.01,0.0,0.0218,0.03,0.0997
2026-09-11T00:00:00+02:00,history,open-meteo historical API,11.6,61,0.0,23.15,18.0,home,1.0,0.0,0,0,0.0554,0.0,0.0,0.0,0.0,0.0,0.0,0.0,0.0,0.0,0.009,0.0,0.0047,0.03,0.0991
2026-09-11T01:00:00+02:00,history,open-meteo historical API,11.2,56,0.0,22.91,18.0,home,1.0,0.0,0,0,0.0443,0.0,0.0,0.0,0.0,0.0,0.0,0.0,0.0,0.0,0.013,0.0,0.0,0.03,0.0873
2026-09-11T02:00:00+02:00,history,open-meteo historical API,10.2,60,0.0,22.65,18.0,home,1.0,0.0,0,0,0.0317,0.0,0.0,0.0,0.0,0.0,0.0,0.0,0.0,0.0,0.012,0.0,0.0,0.03,0.0737
2026-09-11T03:00:00+02:00,history,open-meteo historical API,9.7,33,0.0,22.38,18.0,home,1.0,0.0,0,0,0.0507,0.0,0.0,0.0,0.0,0.0,0.0,0.0,0.0,0.0,0.011,0.0,0.0,0.03,0.0917
2026-09-11T04:00:00+02:00,history,open-meteo historical API,9.2,92,0.0,22.11,18.0,home,1.0,0.0,0,0,0.0443,0.0,0.0,0.0,0.0,0.0,0.0,0.0,0.0,0.0,0.01,0.0,0.0,0.03,0.0843
2026-09-11T05:00:00+02:00,history,open-meteo historical API,8.9,93,0.0,21.83,18.0,home,1.0,0.0,0,0,0.0317,0.0,0.0,0.0,0.0,0.0,0.0,0.0,0.0,0.0,0.009,0.0,0.0,0.03,0.0707
2026-09-11T06:00:00+02:00,history,open-meteo historical API,8.6,84,0.0,21.57,21.0,home,1.0,0.0,0,0,0.0491,0.0,0.0,0.1667,0.0,0.0,0.0,0.0,0.0,0.0,0.013,0.0,0.0,0.032,0.2608
2026-09-11T07:00:00+02:00,history,open-meteo historical API,9.0,88,29.0,21.62,21.0,home,1.0,0.0,0,0,0.0475,0.0,1.2,0.0,0.1552,0.0,0.6615,0.0,0.0,0.0,0.012,0.0276,0.0,0.038,2.1418
2026-09-11T08:00:00+02:00,history,open-meteo historical API,10.0,76,146.0,21.67,21.0,home,1.0,0.0,0,0,0.0348,0.0,0.2933,0.0,0.0,0.0,0.1783,0.0,0.0,0.023,0.011,0.0,0.015,0.038,0.5935
2026-09-11T09:00:00+02:00,history,open-meteo historical API,12.4,99,299.0,21.76,21.0,home,1.0,0.0,0,0,0.057,0.0,0.0,0.0,0.0,0.0,0.0075,0.0,0.0,0.0442,0.01,0.0318,0.015,0.038,0.2035
2026-09-11T10:00:00+02:00,history,open-meteo historical API,14.1,100,399.0,21.93,21.0,home,1.0,0.0,0,0,0.0475,0.0,0.0,0.0,0.0,0.0,0.0,0.0,0.0,0.0434,0.009,0.0306,0.005,0.038,0.1735
2026-09-11T11:00:00+02:00,history,open-meteo historical API,15.4,99,477.0,22.17,21.0,home,1.0,0.0,0,0,0.0364,0.0,0.0,0.0,0.0,0.0,0.0,0.0,0.0,0.0423,0.013,0.0294,0.0,0.038,0.1592
2026-09-11T12:00:00+02:00,history,open-meteo historical API,16.1,100,507.0,22.46,21.0,home,1.0,0.0,0,0,0.0507,0.0,0.0,0.1333,0.2235,0.0,0.0,0.0,0.0,0.013,0.012,0.0282,0.0,0.038,0.4987
2026-09-11T13:00:00+02:00,history,open-meteo historical API,16.1,100,363.0,22.73,21.0,home,1.0,0.0,0,0,0.0459,0.0,0.0,0.0,0.0,0.0,0.0,0.0,0.0,0.0498,0.011,0.027,0.0,0.038,0.1717
2026-09-11T14:00:00+02:00,history,open-meteo historical API,15.9,100,251.0,22.82,21.0,home,0.5,0.0,0,0,0.0348,0.0,0.0,0.0,0.0,0.0,0.0,0.0,0.0,0.0163,0.01,0.0162,0.0,0.036,0.1133
2026-09-11T15:00:00+02:00,history,open-meteo historical API,16.0,100,216.0,22.82,21.0,away,0.0,0.0,0,0,0.0491,0.0,0.0,0.0,0.0,0.0,0.0,0.0,0.0,0.0,0.009,0.0,0.0,0.034,0.0921
2026-09-11T16:00:00+02:00,history,open-meteo historical API,15.7,100,111.0,22.77,21.0,away,0.0,0.0,0,0,0.0459,0.0,0.0,0.0,0.0,0.0,0.0,0.0,0.0,0.0,0.013,0.0,0.0,0.034,0.0929
2026-09-11T17:00:00+02:00,history,open-meteo historical API,15.8,100,130.0,22.7,21.0,away,0.0,0.0,0,0,0.0301,0.0,0.0,0.0,0.0,0.0,0.0,0.0,0.0,0.0,0.012,0.0,0.0,0.034,0.0761
2026-09-11T18:00:00+02:00,history,open-meteo historical API,14.6,100,17.0,22.56,21.0,away,0.0,0.0,0,0,0.0491,0.0,0.0,0.0,0.0,0.0,0.0,0.0,0.0,0.0,0.011,0.0,0.0,0.034,0.0941
2026-09-11T19:00:00+02:00,history,open-meteo historical API,13.5,100,7.0,22.38,21.0,away,0.0,0.0,0,0,0.0428,0.0,0.0,0.0,0.0,0.0,0.0,0.0,0.0,0.0,0.01,0.0,0.0,0.034,0.0868
2026-09-11T20:00:00+02:00,history,open-meteo historical API,13.2,100,0.0,22.18,21.0,away,0.0,0.0,0,0,0.0301,0.0,0.0,0.0,0.0,0.0,0.0,0.0,0.0,0.0,0.009,0.0,0.0,0.034,0.0731
2026-09-11T21:00:00+02:00,history,open-meteo historical API,13.1,100,0.0,21.99,21.0,away,0.0,0.0,0,0,0.0491,0.0,0.0,0.0,0.0,0.0,0.0,0.0,0.0,0.0,0.013,0.0,0.0,0.034,0.0961
2026-09-11T22:00:00+02:00,history,open-meteo historical API,12.8,100,0.0,21.8,19.5,away,0.0,0.0,0,0,0.0443,0.0,0.0,0.0,0.0,0.0,0.0,0.0,0.0,0.0,0.012,0.0,0.0,0.034,0.0903
2026-09-11T23:00:00+02:00,history,open-meteo historical API,12.5,100,0.0,21.61,18.0,away,0.0,0.0,0,0,0.0317,0.0,0.0,0.0,0.0,0.0,0.0,0.0,0.0,0.0,0.011,0.0,0.0,0.034,0.0767
2026-09-12T00:00:00+02:00,history,open-meteo historical API,12.3,100,0.0,21.41,18.0,away,0.0,0.0,0,0,0.0459,0.0,0.0,0.0,0.0,0.0,0.0,0.0,0.0,0.0,0.01,0.0,0.0,0.034,0.0899
2026-09-12T01:00:00+02:00,history,open-meteo historical API,12.1,100,0.0,21.21,18.0,away,0.0,0.0,0,0,0.0428,0.0,0.0,0.0,0.0,0.0,0.0,0.0,0.0,0.0,0.009,0.0,0.0,0.034,0.0858
2026-09-12T02:00:00+02:00,history,open-meteo historical API,11.7,100,0.0,21.01,18.0,away,0.0,0.0,0,0,0.0301,0.0,0.0,0.0,0.0,0.0,0.0,0.0,0.0,0.0,0.013,0.0,0.0,0.034,0.0771
2026-09-12T03:00:00+02:00,history,open-meteo historical API,11.6,100,0.0,20.81,18.0,away,0.0,0.0,0,0,0.0475,0.0,0.0,0.0,0.0,0.0,0.0,0.0,0.0,0.0,0.012,0.0,0.0,0.034,0.0935
2026-09-12T04:00:00+02:00,history,open-meteo historical API,11.3,100,0.0,20.61,18.0,away,0.0,0.0,0,0,0.0428,0.0,0.0,0.0,0.0,0.0,0.0,0.0,0.0,0.0,0.011,0.0,0.0,0.034,0.0878
2026-09-12T05:00:00+02:00,history,open-meteo historical API,11.1,100,0.0,20.41,18.0,away,0.0,0.0,0,0,0.0301,0.0,0.0,0.0,0.0,0.0,0.0,0.0,0.0,0.0,0.01,0.0,0.0,0.034,0.0741
2026-09-12T06:00:00+02:00,history,open-meteo historical API,10.9,80,0.0,21.06,21.0,away,0.0,0.0,0,0,0.0443,0.6823,0.0,0.0,0.0,0.0,0.0,0.0,0.0,0.0,0.009,0.0,0.0,0.034,0.7696
2026-09-12T07:00:00+02:00,history,open-meteo historical API,10.9,23,18.0,21.1,21.0,away,0.0,0.0,0,0,0.0428,0.0,0.0,0.0,0.0,0.0,0.0,0.0,0.0,0.0,0.013,0.0,0.0,0.034,0.0898
2026-09-12T08:00:00+02:00,history,open-meteo historical API,11.5,48,149.0,21.0,21.0,away,0.0,0.0,0,0,0.0317,0.0,0.0,0.0,0.0,0.0,0.0,0.0,0.0,0.0,0.012,0.0,0.0,0.034,0.0777
2026-09-12T09:00:00+02:00,history,open-meteo historical API,13.4,38,282.0,21.02,21.0,away,0.0,0.0,0,0,0.0459,0.0,0.0,0.0,0.0,0.0,0.0,0.0,0.0,0.0,0.011,0.0,0.0,0.034,0.0909
2026-09-12T10:00:00+02:00,history,open-meteo historical API,15.6,25,430.0,21.19,21.0,away,0.0,0.0,0,0,0.0443,0.0,0.0,0.0,0.0,0.0,0.0,0.0,0.0,0.0,0.01,0.0,0.0,0.034,0.0883
2026-09-12T11:00:00+02:00,history,open-meteo historical API,16.8,17,549.0,21.46,21.0,away,0.0,0.0,0,0,0.0269,0.0,0.0,0.0,0.0,0.0,0.0,0.0,0.0,0.0,0.009,0.0,0.0,0.034,0.0699
2026-09-12T12:00:00+02:00,history,open-meteo historical API,17.5,36,622.0,21.78,21.0,away,0.0,0.0,0,0,0.0443,0.0,0.0,0.0,0.0,0.0,0.0,0.0,0.0,0.0,0.013,0.0,0.0,0.034,0.0913
2026-09-12T13:00:00+02:00,history,open-meteo historical API,17.9,42,622.0,22.11,21.0,away,0.0,0.0,0,0,0.0428,0.0,0.0,0.0,0.0,0.0,0.0,0.0,0.0,0.0,0.012,0.0,0.0,0.034,0.0888
2026-09-12T14:00:00+02:00,history,open-meteo historical API,18.3,100,528.0,22.37,21.0,away,0.0,0.0,0,0,0.0301,0.0,0.0,0.0,0.0,0.0,0.0,0.0,0.0,0.0,0.011,0.0,0.0,0.034,0.0751
2026-09-12T15:00:00+02:00,history,open-meteo historical API,17.6,100,281.0,22.48,21.0,away,0.0,0.0,0,0,0.0523,0.0,0.0,0.0,0.0,0.0,0.0,0.0,0.0,0.0,0.01,0.0,0.0,0.034,0.0963
2026-09-12T16:00:00+02:00,history,open-meteo historical API,17.1,92,150.0,22.5,21.0,away,0.0,0.0,0,0,0.0459,0.0,0.0,0.0,0.0,0.0,0.0,0.0,0.0,0.0,0.009,0.0,0.0,0.034,0.0889
2026-09-12T17:00:00+02:00,history,open-meteo historical API,17.1,6,204.0,22.52,21.0,away,0.0,0.0,0,0,0.0332,0.0,0.2133,0.0,0.0,0.0,0.0,0.0,0.0,0.0,0.013,0.0,0.0,0.034,0.2936
2026-09-12T18:00:00+02:00,history,open-meteo historical API,16.1,5,162.0,22.49,21.0,away,0.0,0.0,0,0,0.0475,0.0,0.6133,0.0,0.0,0.0,0.0,0.0,0.0,0.0,0.012,0.0,0.0,0.034,0.7068
2026-09-12T19:00:00+02:00,history,open-meteo historical API,14.2,3,35.0,22.36,21.0,away,0.0,0.0,0,0,0.0443,0.0,0.0,0.0,0.0,0.0,0.0,0.0,0.0,0.0,0.011,0.0,0.0,0.034,0.0893
2026-09-12T20:00:00+02:00,history,open-meteo historical API,13.4,2,0.0,22.18,21.0,away,0.0,0.0,0,0,0.0301,0.0,0.0,0.0,0.0,0.0,0.0,0.0,0.0,0.0,0.01,0.0,0.0,0.034,0.0741
2026-09-12T21:00:00+02:00,history,open-meteo historical API,12.6,2,0.0,21.97,21.0,away,0.0,0.0,0,0,0.0475,0.0,0.0,0.0,0.0,0.0,0.0,0.0,0.0,0.0,0.009,0.0,0.0,0.034,0.0905
2026-09-12T22:00:00+02:00,history,open-meteo historical API,12.0,1,0.0,21.76,19.5,away,0.0,0.0,0,0,0.0443,0.0,0.0,0.0,0.0,0.0,0.0,0.0,0.0,0.0,0.013,0.0,0.0,0.034,0.0913
2026-09-12T23:00:00+02:00,history,open-meteo historical API,11.4,2,0.0,21.54,18.0,away,0.0,0.0,0,0,0.0317,0.0,0.0,0.0,0.0,0.0,0.0,0.0,0.0,0.0,0.012,0.0,0.0,0.034,0.0777
2026-09-13T00:00:00+02:00,history,open-meteo historical API,10.9,2,0.0,21.31,18.0,away,0.0,0.0,0,0,0.0459,0.0,0.0,0.0,0.0,0.0,0.0,0.0,0.0,0.0,0.011,0.0,0.0,0.034,0.0909
2026-09-13T01:00:00+02:00,history,open-meteo historical API,10.6,5,0.0,21.07,18.0,away,0.0,0.0,0,0,0.0412,0.0,0.0,0.0,0.0,0.0,0.0,0.0,0.0,0.0,0.01,0.0,0.0,0.034,0.0852
2026-09-13T02:00:00+02:00,history,open-meteo historical API,9.9,99,0.0,20.83,18.0,away,0.0,0.0,0,0,0.0269,0.0,0.0,0.0,0.0,0.0,0.0,0.0,0.0,0.0,0.009,0.0,0.0,0.034,0.0699
2026-09-13T03:00:00+02:00,history,open-meteo historical API,11.0,98,0.0,20.62,18.0,away,0.0,0.0,0,0,0.0491,0.0,0.0,0.0,0.0,0.0,0.0,0.0,0.0,0.0,0.013,0.0,0.0,0.034,0.0961
2026-09-13T04:00:00+02:00,history,open-meteo historical API,11.6,96,0.0,20.43,18.0,away,0.0,0.0,0,0,0.0443,0.0,0.0,0.0,0.0,0.0,0.0,0.0,0.0,0.0,0.012,0.0,0.0,0.034,0.0903
2026-09-13T05:00:00+02:00,history,open-meteo historical API,11.3,98,0.0,20.24,18.0,away,0.0,0.0,0,0,0.0269,0.0,0.0,0.0,0.0,0.0,0.0,0.0,0.0,0.0,0.011,0.0,0.0,0.034,0.0719
2026-09-13T06:00:00+02:00,history,open-meteo historical API,11.6,100,0.0,21.03,21.0,away,0.0,0.0,0,0,0.0475,0.7756,0.0,0.0,0.0,0.0,0.0,0.0,0.0,0.0,0.01,0.0,0.0,0.034,0.8671
2026-09-13T07:00:00+02:00,history,open-meteo historical API,12.0,100,14.0,21.14,21.0,away,0.0,0.0,0,0,0.0412,0.0,0.0,0.0,0.0,0.0,0.0,0.0,0.0,0.0,0.009,0.0,0.0,0.034,0.0842
2026-09-13T08:00:00+02:00,history,open-meteo historical API,12.7,100,69.0,21.02,21.0,away,0.0,0.0,0,0,0.0317,0.0,0.0,0.0,0.0,0.0,0.0,0.0,0.0,0.0,0.013,0.0,0.0,0.034,0.0787
2026-09-13T09:00:00+02:00,history,open-meteo historical API,14.1,99,147.0,20.99,21.0,away,0.0,0.0,0,0,0.0491,0.0,0.0,0.0,0.0,0.0,0.0,0.0,0.0,0.0,0.012,0.0,0.0,0.034,0.0951
2026-09-13T10:00:00+02:00,history,open-meteo historical API,15.9,98,261.0,21.07,21.0,away,0.0,0.0,0,0,0.0412,0.0,0.8267,0.0,0.0,0.0,0.0,0.0,0.0,0.0,0.011,0.0,0.0,0.034,0.9128
2026-09-13T11:00:00+02:00,history,open-meteo historical API,17.8,98,445.0,21.29,21.0,away,0.0,0.0,0,0,0.0301,0.0,0.0,0.0,0.0,0.0,0.0,0.0,0.0,0.0,0.01,0.0,0.0,0.034,0.0741
2026-09-13T12:00:00+02:00,history,open-meteo historical API,18.8,98,487.0,21.58,21.0,away,0.0,0.0,0,0,0.0475,0.0,0.0,0.0,0.0,0.0,0.0,0.0,0.0,0.0,0.009,0.0,0.0,0.034,0.0905
2026-09-13T13:00:00+02:00,history,open-meteo historical API,19.3,100,540.0,21.87,21.0,away,0.0,0.0,0,0,0.0443,0.0,0.0,0.0,0.0,0.0,0.0,0.0,0.0,0.0,0.013,0.0,0.0,0.034,0.0913
2026-09-13T14:00:00+02:00,history,open-meteo historical API,18.9,100,297.0,22.04,21.0,away,0.0,0.0,0,0,0.0317,0.0,0.0,0.0,0.0,0.0,0.0,0.0,0.0,0.0,0.012,0.0,0.0,0.034,0.0777
2026-09-13T15:00:00+02:00,history,open-meteo historical API,18.4,100,126.0,22.1,21.0,away,0.0,0.0,0,0,0.0475,0.0,0.0,0.0,0.0,0.0,0.0,0.0,0.0,0.0,0.011,0.0,0.0,0.034,0.0925
2026-09-13T16:00:00+02:00,history,open-meteo historical API,18.5,96,155.0,22.14,21.0,away,0.0,0.0,0,0,0.0412,0.0,0.0,0.0,0.0,0.0,0.0,0.0,0.0,0.0,0.01,0.0,0.0,0.034,0.0852
2026-09-13T17:00:00+02:00,history,open-meteo historical API,18.6,98,162.0,22.19,21.0,away,0.0,0.0,0,0,0.0301,0.0,0.0,0.0,0.0,0.0,0.0,0.0,0.0,0.0,0.009,0.0,0.0,0.034,0.0731
2026-09-13T18:00:00+02:00,history,open-meteo historical API,17.8,100,61.0,22.17,21.0,away,0.0,0.0,0,0,0.0507,0.0,0.0,0.0,0.0,0.0,0.0,0.0,0.0,0.0,0.013,0.0,0.0,0.034,0.0977
2026-09-13T19:00:00+02:00,history,open-meteo historical API,17.1,88,11.0,22.1,21.0,away,0.0,0.0,0,0,0.0443,0.0,0.0,0.0,0.0,0.0,0.0,0.0,0.0,0.0,0.012,0.0,0.0,0.034,0.0903
2026-09-13T20:00:00+02:00,history,open-meteo historical API,16.7,100,0.0,22.01,21.0,away,0.0,0.0,0,0,0.0301,0.0,0.0,0.0,0.0,0.0,0.0,0.0,0.0,0.0,0.011,0.0,0.0,0.034,0.0751
2026-09-13T21:00:00+02:00,history,open-meteo historical API,16.3,100,0.0,21.91,21.0,away,0.0,0.0,0,0,0.0507,0.0,0.0,0.0,0.0,0.0,0.0,0.0,0.0,0.0,0.01,0.0,0.0,0.034,0.0947
2026-09-13T22:00:00+02:00,history,open-meteo historical API,15.9,100,0.0,21.81,19.5,home,0.67,0.0,0,0,0.0428,0.0,0.0,0.0,0.0,0.0,0.0,0.0,0.0,0.0,0.009,0.0485,0.0,0.0367,0.1369
2026-09-13T23:00:00+02:00,history,open-meteo historical API,15.5,97,0.0,21.75,18.0,home,1.0,0.0,0,0,0.0348,0.0,0.0,0.0,0.0,0.0,0.0,0.0,0.0,0.0,0.013,0.015,0.0198,0.032,0.1146
2026-09-14T00:00:00+02:00,history,open-meteo historical API,15.1,100,0.0,21.66,18.0,home,1.0,0.0,0,0,0.0475,0.0,0.0,0.0,0.0,0.0,0.0,0.0,0.0,0.0,0.012,0.0,0.0079,0.03,0.0974
2026-09-14T01:00:00+02:00,history,open-meteo historical API,14.8,100,0.0,21.55,18.0,home,1.0,0.0,0,0,0.0412,0.0,0.0,0.0,0.0,0.0,0.0,0.0,0.0,0.0,0.011,0.0,0.0,0.03,0.0822
2026-09-14T02:00:00+02:00,history,open-meteo historical API,14.0,100,0.0,21.43,18.0,home,1.0,0.0,0,0,0.0301,0.0,0.0,0.0,0.0,0.0,0.0,0.0,0.0,0.0,0.01,0.0,0.0,0.03,0.0701
2026-09-14T03:00:00+02:00,history,open-meteo historical API,14.1,100,0.0,21.31,18.0,home,1.0,0.0,0,0,0.0491,0.0,0.0,0.0,0.0,0.0,0.0,0.0,0.0,0.0,0.009,0.0,0.0,0.03,0.0881
2026-09-14T04:00:00+02:00,history,open-meteo historical API,14.0,98,0.0,21.19,18.0,home,1.0,0.0,0,0,0.0443,0.0,0.0,0.0,0.0,0.0,0.0,0.0,0.0,0.0,0.013,0.0,0.0,0.03,0.0873
2026-09-14T05:00:00+02:00,history,open-meteo historical API,13.8,96,0.0,21.07,18.0,home,1.0,0.0,0,0,0.0269,0.0,0.0,0.0,0.0,0.0,0.0,0.0,0.0,0.0,0.012,0.0,0.0,0.03,0.0689
2026-09-14T06:00:00+02:00,history,open-meteo historical API,13.1,73,0.0,20.95,21.0,home,1.0,0.0,0,0,0.0459,0.0,0.1333,0.1333,0.1342,0.0,0.0,0.0,0.0,0.0,0.011,0.0,0.0,0.0327,0.4904
2026-09-14T07:00:00+02:00,history,open-meteo historical API,13.4,55,19.0,20.96,21.0,home,1.0,0.0,0,0,0.0459,0.0,0.9067,0.0,0.0,0.0,0.0,0.0,0.0,0.0,0.01,0.0,0.0,0.038,1.0006
2026-09-14T08:00:00+02:00,history,open-meteo historical API,14.3,63,115.0,20.94,21.0,away,0.25,0.0,0,0,0.0317,0.0,0.0,0.0,0.0,0.0,0.0,0.0,0.0,0.0,0.009,0.0,0.0,0.035,0.0757
2026-09-14T09:00:00+02:00,history,open-meteo historical API,15.8,93,224.0,20.98,21.0,away,0.0,0.0,0,0,0.0459,0.0,0.0,0.0,0.0,0.0,0.0,0.0,0.0,0.0,0.013,0.0,0.0,0.034,0.0929
2026-09-14T10:00:00+02:00,history,open-meteo historical API,17.1,64,266.0,21.11,21.0,away,0.0,0.0,0,0,0.0412,0.0,0.0,0.0,0.0,0.0,0.0,0.0,0.0,0.0,0.012,0.0,0.0,0.034,0.0872
2026-09-14T11:00:00+02:00,history,open-meteo historical API,18.6,100,447.0,21.34,21.0,away,0.0,0.0,0,0,0.0317,0.0,0.0,0.0,0.0,0.0,0.0,0.0,0.0,0.0,0.011,0.0,0.0,0.034,0.0767
2026-09-14T12:00:00+02:00,history,open-meteo historical API,18.9,100,358.0,21.55,21.0,away,0.0,0.0,0,0,0.0475,0.0,0.0,0.0,0.0,0.0,0.0,0.0,0.0,0.0,0.01,0.0,0.0,0.034,0.0915
2026-09-14T13:00:00+02:00,history,open-meteo historical API,19.2,100,281.0,21.71,21.0,away,0.0,0.0,0,0,0.0412,0.0,0.0,0.0,0.0,0.0,0.0,0.0,0.0,0.0,0.009,0.0,0.0,0.034,0.0842
2026-09-14T14:00:00+02:00,history,open-meteo historical API,18.5,100,227.0,21.83,21.0,away,0.0,0.0,0,0,0.0317,0.0,0.0,0.0,0.0,0.0,0.0,0.0,0.0,0.0,0.013,0.0,0.0,0.034,0.0787
2026-09-14T15:00:00+02:00,history,open-meteo historical API,18.4,100,210.0,21.92,21.0,away,0.0,0.0,0,0,0.0507,0.0,0.0,0.0,0.0,0.0,0.0,0.0,0.0,0.0,0.012,0.0,0.0,0.034,0.0967
2026-09-14T16:00:00+02:00,history,open-meteo historical API,18.7,95,159.0,21.99,21.0,away,0.0,0.0,0,0,0.0428,0.0,0.0,0.0,0.0,0.0,0.0,0.0,0.0,0.0,0.011,0.0,0.0,0.034,0.0878
2026-09-14T17:00:00+02:00,history,open-meteo historical API,19.0,24,213.0,22.08,21.0,away,0.0,0.0,0,0,0.0301,0.0,0.0,0.0,0.0,0.0,0.0,0.0,0.0,0.0,0.01,0.0,0.0,0.034,0.0741
2026-09-14T18:00:00+02:00,history,open-meteo historical API,18.5,41,128.0,22.13,21.0,home,0.83,0.0,0,0,0.0538,0.0,0.0,0.0,0.0,0.0,0.0,0.0,0.0,0.0,0.009,0.0465,0.0,0.0373,0.1467
2026-09-14T19:00:00+02:00,history,open-meteo historical API,17.4,26,24.0,22.15,21.0,home,1.0,0.0,0,0,0.0443,0.0,0.0,0.0,0.0,0.0,0.0,0.0,0.0,0.0,0.013,0.108,0.0,0.038,0.2033
2026-09-14T20:00:00+02:00,history,open-meteo historical API,16.5,23,0.0,22.31,21.0,home,1.0,0.0,0,0,0.038,0.0,0.0,0.1333,0.0,0.0,0.514,0.0,0.0,0.0,0.012,0.104,0.0,0.038,0.8393
2026-09-14T21:00:00+02:00,history,open-meteo historical API,16.2,31,0.0,22.4,21.0,home,1.0,0.0,0,0,0.0554,0.0,0.0,0.0,0.0,0.0,0.1333,0.0,0.0,0.0,0.011,0.1,0.015,0.038,0.3527
2026-09-14T22:00:00+02:00,history,open-meteo historical API,15.4,77,0.0,22.55,19.5,home,1.0,0.0,0,0,0.0459,0.0,0.0,0.0,0.0,0.0,0.0,0.6505,0.0,0.0,0.01,0.0624,0.0238,0.036,0.8286
2026-09-14T23:00:00+02:00,history,open-meteo historical API,14.9,81,0.0,22.68,18.0,home,1.0,0.0,0,0,0.0332,0.0,0.0,0.0,0.0,0.0,0.0,0.4042,0.0,0.0,0.009,0.0,0.024,0.03,0.5004
2026-09-15T00:00:00+02:00,history,open-meteo historical API,14.4,73,0.0,22.55,18.0,home,1.0,0.0,0,0,0.0491,0.0,0.0,0.0,0.0,0.0,0.0,0.0,0.0,0.0,0.013,0.0,0.0005,0.03,0.0926
2026-09-15T01:00:00+02:00,history,open-meteo historical API,14.0,98,0.0,22.4,18.0,home,1.0,0.0,0,0,0.0443,0.0,0.0,0.0,0.0,0.0,0.0,0.0,0.0,0.0,0.012,0.0,0.0,0.03,0.0863
2026-09-15T02:00:00+02:00,history,open-meteo historical API,13.7,98,0.0,22.25,18.0,home,1.0,0.0,0,0,0.0317,0.0,0.0,0.0,0.0,0.0,0.0,0.0,0.0,0.0,0.011,0.0,0.0,0.03,0.0727
2026-09-15T03:00:00+02:00,history,open-meteo historical API,13.5,93,0.0,22.1,18.0,home,1.0,0.0,0,0,0.0538,0.0,0.0,0.0,0.0,0.0,0.0,0.0,0.0,0.0,0.01,0.0,0.0,0.03,0.0938
2026-09-15T04:00:00+02:00,history,open-meteo historical API,13.4,85,0.0,21.94,18.0,home,1.0,0.0,0,0,0.0428,0.0,0.0,0.0,0.0,0.0,0.0,0.0,0.0,0.0,0.009,0.0,0.0,0.03,0.0818
2026-09-15T05:00:00+02:00,history,open-meteo historical API,13.2,77,0.0,21.81,18.0,home,1.0,0.0,0,0,0.0317,0.0,0.1867,0.1667,0.118,0.0,0.0,0.0,0.0,0.0,0.013,0.0315,0.0,0.034,0.5815
2026-09-15T06:00:00+02:00,history,open-meteo historical API,12.7,69,0.0,21.76,17.7,away,0.33,0.0,0,1,0.0554,0.0,0.5333,0.0,0.0,0.0,0.0,0.0,0.0,0.0,0.012,0.0252,0.0,0.026,0.652
2026-09-15T07:00:00+02:00,history,open-meteo historical API,12.8,77,16.0,21.6,16.0,away,0.0,0.0,0,1,0.0428,0.0,0.0,0.0,0.0,0.0,0.0,0.0,0.0,0.0,0.011,0.0,0.0,0.02,0.0738
2026-09-15T08:00:00+02:00,history,open-meteo historical API,13.6,95,111.0,21.5,16.0,away,0.0,0.0,0,1,0.0269,0.0,0.0,0.0,0.0,0.0,0.0,0.0,0.0,0.0,0.01,0.0,0.0,0.02,0.0569
2026-09-15T09:00:00+02:00,history,open-meteo historical API,15.3,63,235.0,21.53,16.0,away,0.0,0.0,0,1,0.0491,0.0,0.0,0.0,0.0,0.0,0.0,0.0,0.0,0.0,0.009,0.0,0.0,0.02,0.0781
2026-09-15T10:00:00+02:00,history,open-meteo historical API,16.9,40,324.0,21.66,16.0,away,0.0,0.0,0,1,0.0443,0.0,0.0,0.0,0.0,0.0,0.0,0.0,0.0,0.0,0.013,0.0,0.0,0.02,0.0773
2026-09-15T11:00:00+02:00,history,open-meteo historical API,18.3,57,469.0,21.89,16.0,away,0.0,0.0,0,1,0.0269,0.0,0.0,0.0,0.0,0.0,0.0,0.0,0.0,0.0,0.012,0.0,0.0,0.02,0.0589
2026-09-15T12:00:00+02:00,history,open-meteo historical API,19.3,55,527.0,22.2,16.0,away,0.0,0.0,0,1,0.0475,0.0,0.0,0.0,0.0,0.0,0.0,0.0,0.0,0.0,0.011,0.0,0.0,0.02,0.0785
2026-09-15T13:00:00+02:00,history,open-meteo historical API,20.1,42,581.0,22.53,16.0,away,0.0,0.0,0,1,0.0412,0.0,0.0,0.0,0.0,0.0,0.0,0.0,0.0,0.0,0.01,0.0,0.0,0.02,0.0712
2026-09-15T14:00:00+02:00,history,open-meteo historical API,20.0,100,512.0,22.81,16.0,away,0.0,0.0,0,1,0.0301,0.0,0.0,0.0,0.0,0.0,0.0,0.0,0.0,0.0,0.009,0.0,0.0,0.02,0.0591
2026-09-15T15:00:00+02:00,history,open-meteo historical API,19.5,100,316.0,22.98,16.0,away,0.0,0.0,0,1,0.0491,0.0,0.0,0.0,0.0,0.0,0.0,0.0,0.0,0.0,0.013,0.0,0.0,0.02,0.0821
2026-09-15T16:00:00+02:00,history,open-meteo historical API,19.3,5,220.0,23.08,16.0,away,0.0,0.0,0,1,0.0443,0.0,0.0,0.0,0.0,0.0,0.0,0.0,0.0,0.0,0.012,0.0,0.0,0.02,0.0763
2026-09-15T17:00:00+02:00,history,open-meteo historical API,19.3,20,285.0,23.18,16.0,away,0.0,0.0,0,1,0.0348,0.0,0.0,0.0,0.0,0.0,0.0,0.0,0.0,0.0,0.011,0.0,0.0,0.02,0.0658
2026-09-15T18:00:00+02:00,history,open-meteo historical API,18.7,12,131.0,23.19,16.0,away,0.0,0.0,0,1,0.0491,0.0,0.0,0.0,0.0,0.0,0.0,0.0,0.0,0.0,0.01,0.0,0.0,0.02,0.0791
2026-09-15T19:00:00+02:00,history,open-meteo historical API,17.6,32,24.0,23.11,16.0,away,0.0,0.0,0,1,0.0428,0.0,0.0,0.0,0.0,0.0,0.0,0.0,0.0,0.0,0.009,0.0,0.0,0.02,0.0718
2026-09-15T20:00:00+02:00,history,open-meteo historical API,16.7,1,0.0,22.99,16.0,away,0.0,0.0,0,1,0.0301,0.0,0.0,0.0,0.0,0.0,0.0,0.0,0.0,0.0,0.013,0.0,0.0,0.02,0.0631
2026-09-15T21:00:00+02:00,history,open-meteo historical API,15.9,0,0.0,22.85,16.0,away,0.0,0.0,0,1,0.0475,0.0,0.0,0.0,0.0,0.0,0.0,0.0,0.0,0.0,0.012,0.0,0.0,0.02,0.0795
2026-09-15T22:00:00+02:00,history,open-meteo historical API,15.2,0,0.0,22.69,16.0,away,0.0,0.0,0,1,0.0428,0.0,0.0,0.0,0.0,0.0,0.0,0.0,0.0,0.0,0.011,0.0,0.0,0.02,0.0738
2026-09-15T23:00:00+02:00,history,open-meteo historical API,14.6,1,0.0,22.53,16.0,away,0.0,0.0,0,1,0.0301,0.0,0.0,0.0,0.0,0.0,0.0,0.0,0.0,0.0,0.01,0.0,0.0,0.02,0.0601
2026-09-16T00:00:00+02:00,history,open-meteo historical API,14.2,3,0.0,22.35,16.0,away,0.0,0.0,0,1,0.0491,0.0,0.0,0.0,0.0,0.0,0.0,0.0,0.0,0.0,0.009,0.0,0.0,0.02,0.0781
2026-09-16T01:00:00+02:00,history,open-meteo historical API,13.8,3,0.0,22.17,16.0,away,0.0,0.0,0,1,0.0459,0.0,0.0,0.0,0.0,0.0,0.0,0.0,0.0,0.0,0.013,0.0,0.0,0.02,0.0789
2026-09-16T02:00:00+02:00,history,open-meteo historical API,13.2,0,0.0,21.98,16.0,away,0.0,0.0,0,1,0.0285,0.0,0.0,0.0,0.0,0.0,0.0,0.0,0.0,0.0,0.012,0.0,0.0,0.02,0.0605
2026-09-16T03:00:00+02:00,history,open-meteo historical API,13.0,0,0.0,21.78,16.0,away,0.0,0.0,0,1,0.0491,0.0,0.0,0.0,0.0,0.0,0.0,0.0,0.0,0.0,0.011,0.0,0.0,0.02,0.0801
2026-09-16T04:00:00+02:00,history,open-meteo historical API,12.6,0,0.0,21.59,16.0,away,0.0,0.0,0,1,0.0428,0.0,0.0,0.0,0.0,0.0,0.0,0.0,0.0,0.0,0.01,0.0,0.0,0.02,0.0728
2026-09-16T05:00:00+02:00,history,open-meteo historical API,12.4,0,0.0,21.39,16.0,away,0.0,0.0,0,1,0.0269,0.0,0.0,0.0,0.0,0.0,0.0,0.0,0.0,0.0,0.009,0.0,0.0,0.02,0.0559
2026-09-16T06:00:00+02:00,history,open-meteo historical API,12.2,0,0.0,21.19,16.0,away,0.0,0.0,0,1,0.0475,0.0,0.0,0.0,0.0,0.0,0.0,0.0,0.0,0.0,0.013,0.0,0.0,0.02,0.0805
2026-09-16T07:00:00+02:00,history,open-meteo historical API,12.5,0,21.0,21.03,16.0,away,0.0,0.0,0,1,0.0428,0.0,0.0,0.0,0.0,0.0,0.0,0.0,0.0,0.0,0.012,0.0,0.0,0.02,0.0748
2026-09-16T08:00:00+02:00,history,open-meteo historical API,13.9,0,138.0,20.98,16.0,away,0.0,0.0,0,1,0.0285,0.0,0.0,0.0,0.0,0.0,0.0,0.0,0.0,0.0,0.011,0.0,0.0,0.02,0.0595
2026-09-16T09:00:00+02:00,history,open-meteo historical API,15.8,0,286.0,21.07,16.0,away,0.0,0.0,0,1,0.0443,0.0,0.0,0.0,0.0,0.0,0.0,0.0,0.0,0.0,0.01,0.0,0.0,0.02,0.0743
2026-09-16T10:00:00+02:00,history,open-meteo historical API,17.9,3,425.0,21.29,16.0,away,0.0,0.0,0,1,0.0443,0.0,0.0,0.0,0.0,0.0,0.0,0.0,0.0,0.0,0.009,0.0,0.0,0.02,0.0733
2026-09-16T11:00:00+02:00,history,open-meteo historical API,19.9,0,533.0,21.62,16.0,away,0.0,0.0,0,1,0.0301,0.0,0.0,0.0,0.0,0.0,0.0,0.0,0.0,0.0,0.013,0.0,0.0,0.02,0.0631
2026-09-16T12:00:00+02:00,history,open-meteo historical API,21.4,0,603.0,22.03,16.0,away,0.0,0.0,0,1,0.0459,0.0,0.0,0.0,0.0,0.0,0.0,0.0,0.0,0.0,0.012,0.0,0.0,0.02,0.0779
2026-09-16T13:00:00+02:00,history,open-meteo historical API,22.6,9,628.0,22.48,16.0,away,0.0,0.0,0,1,0.0443,0.0,0.0,0.0,0.0,0.0,0.0,0.0,0.0,0.0,0.011,0.0,0.0,0.02,0.0753
2026-09-16T14:00:00+02:00,history,open-meteo historical API,24.0,23,597.0,22.93,16.0,away,0.0,0.0,0,1,0.0301,0.0,0.0,0.0,0.0,0.0,0.0,0.0,0.0,0.0,0.01,0.0,0.0,0.02,0.0601
2026-09-16T15:00:00+02:00,history,open-meteo historical API,24.1,18,526.0,23.33,16.0,away,0.0,0.0,0,1,0.0491,0.0,0.0,0.0,0.0,0.0,0.0,0.0,0.0,0.0,0.009,0.0,0.0,0.02,0.0781
2026-09-16T16:00:00+02:00,history,open-meteo historical API,24.0,43,422.0,23.65,16.0,away,0.0,0.0,0,1,0.0459,0.0,0.0,0.0,0.0,0.0,0.0,0.0,0.0,0.0,0.013,0.0,0.0,0.02,0.0789
2026-09-16T17:00:00+02:00,history,open-meteo historical API,23.6,82,285.0,23.87,16.0,away,0.0,0.0,0,1,0.0332,0.0,0.0,0.0,0.0,0.0,0.0,0.0,0.0,0.0,0.012,0.0,0.0,0.02,0.0653
2026-09-16T18:00:00+02:00,history,open-meteo historical API,22.3,98,103.0,23.95,16.0,away,0.0,0.0,0,1,0.0523,0.0,0.0,0.0,0.0,0.0,0.0,0.0,0.0,0.0,0.011,0.0,0.0,0.02,0.0833
2026-09-16T19:00:00+02:00,history,open-meteo historical API,21.1,24,14.0,23.94,16.0,away,0.0,0.0,0,1,0.0459,0.0,0.0,0.0,0.0,0.0,0.0,0.0,0.0,0.0,0.01,0.0,0.0,0.02,0.0759
2026-09-16T20:00:00+02:00,history,open-meteo historical API,20.3,80,0.0,23.89,16.0,away,0.0,0.0,0,1,0.0332,0.0,0.0,0.0,0.0,0.0,0.0,0.0,0.0,0.0,0.009,0.0,0.0,0.02,0.0623
2026-09-16T21:00:00+02:00,history,open-meteo historical API,19.9,70,0.0,23.83,16.0,away,0.0,0.0,0,1,0.0538,0.0,0.0,0.0,0.0,0.0,0.0,0.0,0.0,0.0,0.013,0.0,0.0,0.02,0.0868
2026-09-16T22:00:00+02:00,history,open-meteo historical API,19.4,83,0.0,23.76,16.0,away,0.0,0.0,0,1,0.0459,0.0,0.0,0.0,0.0,0.0,0.0,0.0,0.0,0.0,0.012,0.0,0.0,0.02,0.0779
2026-09-16T23:00:00+02:00,history,open-meteo historical API,18.3,100,0.0,23.66,16.0,away,0.0,0.0,0,1,0.0364,0.0,0.0,0.0,0.0,0.0,0.0,0.0,0.0,0.0,0.011,0.0,0.0,0.02,0.0674
2026-09-17T00:00:00+02:00,history,open-meteo historical API,17.5,98,0.0,23.55,16.0,away,0.0,0.0,0,1,0.0475,0.0,0.0,0.0,0.0,0.0,0.0,0.0,0.0,0.0,0.01,0.0,0.0,0.02,0.0775
2026-09-17T01:00:00+02:00,history,open-meteo historical API,16.9,100,0.0,23.41,16.0,away,0.0,0.0,0,1,0.0443,0.0,0.0,0.0,0.0,0.0,0.0,0.0,0.0,0.0,0.009,0.0,0.0,0.02,0.0733
2026-09-17T02:00:00+02:00,history,open-meteo historical API,15.8,100,0.0,23.26,16.0,away,0.0,0.0,0,1,0.0348,0.0,0.0,0.0,0.0,0.0,0.0,0.0,0.0,0.0,0.013,0.0,0.0,0.02,0.0678
2026-09-17T03:00:00+02:00,history,open-meteo historical API,15.9,100,0.0,23.11,16.0,away,0.0,0.0,0,1,0.0507,0.0,0.0,0.0,0.0,0.0,0.0,0.0,0.0,0.0,0.012,0.0,0.0,0.02,0.0827
2026-09-17T04:00:00+02:00,history,open-meteo historical API,15.9,100,0.0,22.97,16.0,away,0.0,0.0,0,1,0.0428,0.0,0.0,0.0,0.0,0.0,0.0,0.0,0.0,0.0,0.011,0.0,0.0,0.02,0.0738
2026-09-17T05:00:00+02:00,history,open-meteo historical API,15.4,100,0.0,22.81,16.0,away,0.0,0.0,0,1,0.0332,0.0,0.0,0.0,0.0,0.0,0.0,0.0,0.0,0.0,0.01,0.0,0.0,0.02,0.0633
2026-09-17T06:00:00+02:00,history,open-meteo historical API,13.8,100,0.0,22.62,16.0,away,0.0,0.0,0,1,0.0491,0.0,0.0,0.0,0.0,0.0,0.0,0.0,0.0,0.0,0.009,0.0,0.0,0.02,0.0781
2026-09-17T07:00:00+02:00,history,open-meteo historical API,13.5,100,4.0,22.43,16.0,away,0.0,0.0,0,1,0.0443,0.0,0.0,0.0,0.0,0.0,0.0,0.0,0.0,0.0,0.013,0.0,0.0,0.02,0.0773
2026-09-17T08:00:00+02:00,history,open-meteo historical API,13.3,100,22.0,22.25,16.0,away,0.0,0.0,0,1,0.0285,0.0,0.0,0.0,0.0,0.0,0.0,0.0,0.0,0.0,0.012,0.0,0.0,0.02,0.0605
2026-09-17T09:00:00+02:00,history,open-meteo historical API,13.8,100,51.0,22.12,16.0,away,0.0,0.0,0,1,0.0507,0.0,0.0,0.0,0.0,0.0,0.0,0.0,0.0,0.0,0.011,0.0,0.0,0.02,0.0817
2026-09-17T10:00:00+02:00,history,open-meteo historical API,15.1,98,206.0,22.11,16.0,away,0.0,0.0,0,1,0.0412,0.0,0.0,0.0,0.0,0.0,0.0,0.0,0.0,0.0,0.01,0.0,0.0,0.02,0.0712
2026-09-17T11:00:00+02:00,history,open-meteo historical API,15.8,100,382.0,22.19,16.0,away,0.0,0.0,0,1,0.0332,0.0,0.0,0.0,0.0,0.0,0.0,0.0,0.0,0.0,0.009,0.0,0.0,0.02,0.0623
2026-09-17T12:00:00+02:00,history,open-meteo historical API,16.8,100,280.0,22.28,16.0,away,0.0,0.0,0,1,0.0491,0.0,0.0,0.0,0.0,0.0,0.0,0.0,0.0,0.0,0.013,0.0,0.0,0.02,0.0821
2026-09-17T13:00:00+02:00,history,open-meteo historical API,17.3,100,282.0,22.38,16.0,away,0.0,0.0,0,1,0.0412,0.0,0.0,0.0,0.0,0.0,0.0,0.0,0.0,0.0,0.012,0.0,0.0,0.02,0.0732
2026-09-17T14:00:00+02:00,history,open-meteo historical API,17.6,91,361.0,22.52,16.0,away,0.0,0.0,0,1,0.0301,0.0,0.0,0.0,0.0,0.0,0.0,0.0,0.0,0.0,0.011,0.0,0.0,0.02,0.0611
2026-09-17T15:00:00+02:00,history,open-meteo historical API,17.9,18,394.0,22.68,16.0,away,0.0,0.0,0,1,0.0491,0.0,0.0,0.0,0.0,0.0,0.0,0.0,0.0,0.0,0.01,0.0,0.0,0.02,0.0791
2026-09-17T16:00:00+02:00,history,open-meteo historical API,18.2,39,384.0,22.83,16.0,away,0.0,0.0,0,1,0.0443,0.0,0.0,0.0,0.0,0.0,0.0,0.0,0.0,0.0,0.009,0.0,0.0,0.02,0.0733
2026-09-17T17:00:00+02:00,history,open-meteo historical API,17.8,23,240.0,22.89,16.0,away,0.0,0.0,0,1,0.0317,0.0,0.0,0.0,0.0,0.0,0.0,0.0,0.0,0.0,0.013,0.0,0.0,0.02,0.0647
2026-09-17T18:00:00+02:00,history,open-meteo historical API,16.9,9,117.0,22.85,16.0,away,0.0,0.0,0,1,0.0507,0.0,0.0,0.0,0.0,0.0,0.0,0.0,0.0,0.0,0.012,0.0,0.0,0.02,0.0827
2026-09-17T19:00:00+02:00,history,open-meteo historical API,15.4,5,19.0,22.72,16.0,away,0.0,0.0,0,1,0.0459,0.0,0.0,0.0,0.0,0.0,0.0,0.0,0.0,0.0,0.011,0.0,0.0,0.02,0.0769
2026-09-17T20:00:00+02:00,history,open-meteo historical API,14.8,9,0.0,22.58,18.9,home,0.58,0.0,0,1,0.0332,0.0,0.9333,0.0,0.0,0.0,0.0,0.0,0.0,0.0,0.01,0.0595,0.0,0.0305,1.0666
2026-09-17T21:00:00+02:00,history,open-meteo historical API,14.1,28,0.0,22.52,21.0,home,1.0,0.0,0,0,0.0538,0.0,0.9067,0.1333,0.0,0.0,0.0,0.0,0.0,0.0,0.009,0.098,0.0,0.038,1.2388
2026-09-17T22:00:00+02:00,history,open-meteo historical API,13.3,8,0.0,22.41,19.5,home,1.0,0.0,0,0,0.0475,0.0,0.0,0.0,0.0,0.0,0.0,0.0,0.0,0.0,0.013,0.0752,0.0017,0.038,0.1754
2026-09-17T23:00:00+02:00,history,open-meteo historical API,12.7,6,0.0,22.25,18.0,home,1.0,0.0,0,0,0.0317,0.0,0.0,0.0,0.0,0.0,0.0,0.0,0.0,0.0,0.012,0.0,0.01,0.03,0.0837
2026-09-18T00:00:00+02:00,history,open-meteo historical API,12.1,3,0.0,22.06,18.0,home,1.0,0.0,0,0,0.0507,0.0,0.0,0.0,0.0,0.0,0.0,0.0,0.0,0.0,0.011,0.0,0.0042,0.03,0.0958
2026-09-18T01:00:00+02:00,history,open-meteo historical API,11.8,4,0.0,21.87,18.0,home,1.0,0.0,0,0,0.0443,0.0,0.0,0.0,0.0,0.0,0.0,0.0,0.0,0.0,0.01,0.0,0.0,0.03,0.0843
2026-09-18T02:00:00+02:00,history,open-meteo historical API,11.5,16,0.0,21.67,18.0,home,1.0,0.0,0,0,0.0301,0.0,0.0,0.0,0.0,0.0,0.0,0.0,0.0,0.0,0.009,0.0,0.0,0.03,0.0691
2026-09-18T03:00:00+02:00,history,open-meteo historical API,11.2,14,0.0,21.46,18.0,home,1.0,0.0,0,0,0.0475,0.0,0.0,0.0,0.0,0.0,0.0,0.0,0.0,0.0,0.013,0.0,0.0,0.03,0.0905
2026-09-18T04:00:00+02:00,history,open-meteo historical API,10.8,1,0.0,21.26,18.0,home,1.0,0.0,0,0,0.0428,0.0,0.0,0.0,0.0,0.0,0.0,0.0,0.0,0.0,0.012,0.0,0.0,0.03,0.0848
2026-09-18T05:00:00+02:00,history,open-meteo historical API,10.6,51,0.0,21.05,18.0,home,1.0,0.0,0,0,0.0285,0.0,0.0,0.0,0.0,0.0,0.0,0.0,0.0,0.0,0.011,0.0,0.0,0.03,0.0695
2026-09-18T06:00:00+02:00,history,open-meteo historical API,10.4,22,0.0,20.85,21.0,home,1.0,0.0,0,0,0.0475,0.0,0.0,0.0,0.0,0.0,0.0,0.0,0.0,0.0,0.01,0.0,0.0,0.03,0.0875
2026-09-18T07:00:00+02:00,history,open-meteo historical API,10.7,41,18.0,20.79,21.0,home,1.0,0.0,0,0,0.0459,0.0,0.96,0.1667,0.21,0.0,0.0,0.0,0.0,0.0,0.009,0.0,0.0,0.038,1.4296
2026-09-18T08:00:00+02:00,history,open-meteo historical API,11.8,2,123.0,20.85,21.0,home,1.0,0.0,0,0,0.0332,0.0,0.0,0.0,0.0,0.0,0.624,0.0,0.0,0.015,0.013,0.0,0.0,0.038,0.7233
2026-09-18T09:00:00+02:00,history,open-meteo historical API,13.6,5,279.0,21.14,21.0,home,1.0,0.0,0,0,0.0538,0.0,0.0,0.0,0.0,0.0,0.1383,0.0,0.0,0.0517,0.012,0.0,0.0,0.038,0.2939
2026-09-18T10:00:00+02:00,history,open-meteo historical API,15.8,23,417.0,21.42,21.0,home,1.0,0.0,0,0,0.0475,0.0,0.0,0.0,0.0,0.0,0.085,0.0,0.0,0.0532,0.011,0.0,0.0,0.038,0.2347
2026-09-18T11:00:00+02:00,history,open-meteo historical API,17.8,92,528.0,21.76,21.0,home,1.0,0.0,0,0,0.0348,0.0,0.0,0.0,0.0,0.0,0.0,0.0,0.0,0.0472,0.01,0.0324,0.0,0.038,0.1624
2026-09-18T12:00:00+02:00,history,open-meteo historical API,19.2,44,545.0,22.18,21.0,home,1.0,0.0,0,0,0.0507,0.0,0.0,0.1333,0.2083,0.0,0.0,0.0,0.0,0.0201,0.009,0.0,0.0,0.038,0.4594
2026-09-18T13:00:00+02:00,history,open-meteo historical API,19.9,50,502.0,22.63,21.0,home,1.0,0.0,0,0,0.0459,0.0,0.0,0.0,0.0,0.0,0.0,0.0,0.0,0.0666,0.013,0.0,0.0,0.038,0.1635
2026-09-18T14:00:00+02:00,history,open-meteo historical API,20.8,75,469.0,23.0,21.0,home,1.0,0.0,0,0,0.0364,0.0,0.0,0.1,0.0,0.0,0.0,0.0,0.0,0.0651,0.012,0.0,0.0,0.038,0.2515
2026-09-18T15:00:00+02:00,history,open-meteo historical API,21.2,99,442.0,23.37,21.0,home,1.0,0.0,0,0,0.0586,0.0,0.0,0.0,0.0,0.0,0.0,0.0,0.0,0.0641,0.011,0.0276,0.0,0.038,0.1993
2026-09-18T16:00:00+02:00,history,open-meteo historical API,21.1,98,308.0,23.59,21.0,home,1.0,0.0,0,0,0.0586,0.0,0.0,0.0,0.0,0.0,0.0,0.0,0.0,0.0537,0.01,0.033,0.0,0.038,0.1933
2026-09-18T17:00:00+02:00,history,open-meteo historical API,20.5,91,186.0,23.69,21.0,home,1.0,0.0,0,0,0.0538,0.0,0.0,0.0,0.0,0.3483,0.0,0.0,0.0,0.0,0.009,0.0318,0.0,0.038,0.481
2026-09-18T18:00:00+02:00,history,open-meteo historical API,19.1,69,103.0,23.97,21.0,home,1.0,0.0,0,0,0.076,0.0,0.0,0.0,0.0,1.0102,0.0,0.0,0.0,0.0,0.013,0.068,0.0,0.038,1.2052
2026-09-18T19:00:00+02:00,history,open-meteo historical API,17.6,77,16.0,24.0,21.0,home+guests,1.0,0.0,5,0,0.0618,0.0,0.0,0.0,0.0,0.0,0.0,0.0,0.0,0.0,0.012,0.1372,0.0,0.038,0.249
2026-09-18T20:00:00+02:00,history,open-meteo historical API,17.3,96,0.0,24.0,21.0,home+guests,1.0,0.0,5,0,0.057,0.0,0.0,0.0,0.0,0.0,0.0,0.0,0.0,0.0,0.011,0.1316,0.0,0.038,0.2376
2026-09-18T21:00:00+02:00,history,open-meteo historical API,16.7,98,0.0,23.98,21.0,home+guests,1.0,0.0,5,0,0.0665,0.0,0.9067,0.0,0.0,0.0,0.0,0.0,0.0,0.0,0.01,0.126,0.0,0.038,1.1472
2026-09-18T22:00:00+02:00,history,open-meteo historical API,15.9,75,0.0,23.97,19.5,home+guests,1.0,0.0,5,0,0.0538,0.0,0.0,0.3,0.0,0.0,0.0,0.0,0.0,0.0,0.009,0.1512,0.0,0.038,0.552
2026-09-18T23:00:00+02:00,history,open-meteo historical API,15.0,9,0.0,23.95,18.0,home+guests,1.0,0.0,5,0,0.0491,0.0,0.0,0.0,0.0,0.0,0.0,0.368,0.0,0.0,0.013,0.1179,0.015,0.038,0.601
2026-09-19T00:00:00+02:00,history,open-meteo historical API,14.5,17,0.0,23.86,18.0,home,1.0,0.0,0,0,0.0523,0.0,0.0,0.0,0.0,0.0,0.0,0.484,0.0,0.0,0.012,0.0175,0.0348,0.032,0.6325
2026-09-19T01:00:00+02:00,history,open-meteo historical API,14.0,2,0.0,23.6,18.0,home,1.0,0.0,0,0,0.0443,0.0,0.0,0.0,0.0,0.0,0.0,0.0027,0.0,0.0,0.011,0.0,0.0159,0.03,0.1039
2026-09-19T02:00:00+02:00,history,open-meteo historical API,14.4,2,0.0,23.37,18.0,home,1.0,0.0,0,0,0.0332,0.0,0.0,0.0,0.0,0.0,0.0,0.0,0.0,0.0,0.01,0.0,0.0,0.03,0.0733
2026-09-19T03:00:00+02:00,history,open-meteo historical API,13.4,1,0.0,23.19,18.0,home,1.0,0.0,0,0,0.0523,0.0,0.0,0.0,0.0,0.0,0.0,0.0,0.0,0.0,0.009,0.0,0.0,0.03,0.0913
2026-09-19T04:00:00+02:00,history,open-meteo historical API,12.8,1,0.0,22.99,18.0,home,1.0,0.0,0,0,0.0428,0.0,0.0,0.0,0.0,0.0,0.0,0.0,0.0,0.0,0.013,0.0,0.0,0.03,0.0858
2026-09-19T05:00:00+02:00,history,open-meteo historical API,12.3,1,0.0,22.78,18.0,home,1.0,0.0,0,0,0.0317,0.0,0.0,0.0,0.0,0.0,0.0,0.0,0.0,0.0,0.012,0.0,0.0,0.03,0.0737
2026-09-19T06:00:00+02:00,history,open-meteo historical API,11.8,1,0.0,22.57,21.0,home,1.0,0.0,0,0,0.0491,0.0,0.0,0.0,0.0,0.0,0.0,0.0,0.0,0.0,0.011,0.0,0.0,0.03,0.0901
2026-09-19T07:00:00+02:00,history,open-meteo historical API,11.9,7,16.0,22.39,21.0,home,1.0,0.0,0,0,0.0459,0.0,0.0,0.0,0.0,0.0,0.0,0.0,0.0,0.0,0.01,0.0,0.0,0.03,0.0859
2026-09-19T08:00:00+02:00,history,open-meteo historical API,13.0,37,126.0,22.41,21.0,home,1.0,0.0,0,0,0.0348,0.0,0.9867,0.1333,0.2033,0.0,0.0,0.0,0.0,0.0,0.009,0.0,0.0,0.038,1.4052
2026-09-19T09:00:00+02:00,history,open-meteo historical API,15.2,33,270.0,22.5,21.0,home,0.5,0.0,0,0,0.0491,0.0,0.1867,0.0,0.0,0.0,0.0,0.0,0.0,0.0,0.013,0.0,0.0,0.036,0.2848
2026-09-19T10:00:00+02:00,history,open-meteo historical API,17.4,18,406.0,22.67,21.0,away,0.0,0.0,0,0,0.0443,0.0,0.0,0.0,0.0,0.0,0.0,0.0,0.0,0.0,0.012,0.0,0.0,0.034,0.0903
2026-09-19T11:00:00+02:00,history,open-meteo historical API,18.8,20,514.0,22.93,21.0,away,0.0,0.0,0,0,0.0317,0.0,0.0,0.0,0.0,0.0,0.0,0.0,0.0,0.0,0.011,0.0,0.0,0.034,0.0767
2026-09-19T12:00:00+02:00,history,open-meteo historical API,19.7,16,565.0,23.25,21.0,away,0.0,0.0,0,0,0.0491,0.0,0.0,0.0,0.0,0.0,0.0,0.0,0.0,0.0,0.01,0.0,0.0,0.034,0.0931
2026-09-19T13:00:00+02:00,history,open-meteo historical API,20.4,46,583.0,23.57,21.0,away,0.0,0.0,0,0,0.0428,0.0,0.0,0.0,0.0,0.0,0.0,0.0,0.0,0.0,0.009,0.0,0.0,0.034,0.0858
2026-09-19T14:00:00+02:00,history,open-meteo historical API,20.8,38,516.0,23.87,21.0,away,0.0,0.0,0,0,0.0332,0.0,0.0,0.0,0.0,0.0,0.0,0.0,0.0,0.0,0.013,0.0,0.0,0.034,0.0803
2026-09-19T15:00:00+02:00,history,open-meteo historical API,20.7,44,462.0,24.12,21.0,away,0.0,0.0,0,0,0.0538,0.0,0.0,0.0,0.0,0.0,0.0,0.0,0.0,0.0,0.012,0.0,0.0,0.034,0.0998
2026-09-19T16:00:00+02:00,history,open-meteo historical API,20.5,14,332.0,24.29,21.0,away,0.0,0.0,0,0,0.0459,0.0,0.0,0.0,0.0,0.0,0.0,0.0,0.0,0.0,0.011,0.0,0.0,0.034,0.0909
2026-09-19T17:00:00+02:00,history,open-meteo historical API,20.2,34,244.0,24.38,21.0,away,0.0,0.0,0,0,0.0348,0.0,0.0,0.0,0.0,0.0,0.0,0.0,0.0,0.0,0.01,0.0,0.0,0.034,0.0788
2026-09-19T18:00:00+02:00,history,open-meteo historical API,18.8,16,114.0,24.35,21.0,away,0.0,0.0,0,0,0.0523,0.0,0.0,0.0,0.0,0.0,0.0,0.0,0.0,0.0,0.009,0.0,0.0,0.034,0.0953
2026-09-19T19:00:00+02:00,history,open-meteo historical API,17.2,99,15.0,24.24,21.0,away,0.0,0.0,0,0,0.0443,0.0,0.0,0.0,0.0,0.0,0.0,0.0,0.0,0.0,0.013,0.0,0.0,0.034,0.0913
2026-09-19T20:00:00+02:00,history,open-meteo historical API,17.4,47,0.0,24.11,21.0,away,0.0,0.0,0,0,0.0364,0.0,0.0,0.0,0.0,0.0,0.0,0.0,0.0,0.0,0.012,0.0,0.0,0.034,0.0824
2026-09-19T21:00:00+02:00,history,open-meteo historical API,16.6,9,0.0,23.96,21.0,away,0.0,0.0,0,0,0.0538,0.0,0.0,0.0,0.0,0.0,0.0,0.0,0.0,0.0,0.011,0.0,0.0,0.034,0.0988
2026-09-19T22:00:00+02:00,history,open-meteo historical API,16.0,10,0.0,23.81,19.5,away,0.0,0.0,0,0,0.0475,0.0,0.0,0.0,0.0,0.0,0.0,0.0,0.0,0.0,0.01,0.0,0.0,0.034,0.0915
2026-09-19T23:00:00+02:00,history,open-meteo historical API,15.5,35,0.0,23.64,18.0,away,0.0,0.0,0,0,0.0317,0.0,0.0,0.0,0.0,0.0,0.0,0.0,0.0,0.0,0.009,0.0,0.0,0.034,0.0747
2026-09-20T00:00:00+02:00,history,open-meteo historical API,15.1,16,0.0,23.47,18.0,away,0.0,0.0,0,0,0.0538,0.0,0.0,0.0,0.0,0.0,0.0,0.0,0.0,0.0,0.013,0.0,0.0,0.034,0.1008
2026-09-20T01:00:00+02:00,history,open-meteo historical API,15.1,49,0.0,23.3,18.0,away,0.0,0.0,0,0,0.0428,0.0,0.0,0.0,0.0,0.0,0.0,0.0,0.0,0.0,0.012,0.0,0.0,0.034,0.0888
2026-09-20T02:00:00+02:00,history,open-meteo historical API,14.9,55,0.0,23.13,18.0,away,0.0,0.0,0,0,0.0285,0.0,0.8533,0.0,0.0,0.0,0.0,0.0,0.0,0.0,0.011,0.0,0.0,0.034,0.9268
2026-09-20T03:00:00+02:00,history,open-meteo historical API,15.0,41,0.0,22.96,18.0,away,0.0,0.0,0,0,0.0475,0.0,0.0,0.0,0.0,0.0,0.0,0.0,0.0,0.0,0.01,0.0,0.0,0.034,0.0915
2026-09-20T04:00:00+02:00,history,open-meteo historical API,14.6,93,0.0,22.79,18.0,away,0.0,0.0,0,0,0.0428,0.0,0.0,0.0,0.0,0.0,0.0,0.0,0.0,0.0,0.009,0.0,0.0,0.034,0.0858
2026-09-20T05:00:00+02:00,history,open-meteo historical API,14.5,46,0.0,22.62,18.0,away,0.0,0.0,0,0,0.0301,0.0,0.0,0.0,0.0,0.0,0.0,0.0,0.0,0.0,0.013,0.0,0.0,0.034,0.0771
2026-09-20T06:00:00+02:00,history,open-meteo historical API,14.1,23,0.0,22.45,21.0,away,0.0,0.0,0,0,0.0507,0.0,0.0,0.0,0.0,0.0,0.0,0.0,0.0,0.0,0.012,0.0,0.0,0.034,0.0967
2026-09-20T07:00:00+02:00,history,open-meteo historical API,14.1,13,14.0,22.3,21.0,away,0.0,0.0,0,0,0.0459,0.0,0.0,0.0,0.0,0.0,0.0,0.0,0.0,0.0,0.011,0.0,0.0,0.034,0.0909
2026-09-20T08:00:00+02:00,history,open-meteo historical API,15.4,98,116.0,22.24,21.0,away,0.0,0.0,0,0,0.0332,0.0,0.0,0.0,0.0,0.0,0.0,0.0,0.0,0.0,0.01,0.0,0.0,0.034,0.0773
2026-09-20T09:00:00+02:00,history,open-meteo historical API,16.8,86,187.0,22.27,21.0,away,0.0,0.0,0,0,0.0491,0.0,0.0,0.0,0.0,0.0,0.0,0.0,0.0,0.0,0.009,0.0,0.0,0.034,0.0921
2026-09-20T10:00:00+02:00,history,open-meteo historical API,18.1,99,305.0,22.36,21.0,away,0.0,0.0,0,0,0.0443,0.0,0.0,0.0,0.0,0.0,0.0,0.0,0.0,0.0,0.013,0.0,0.0,0.034,0.0913
2026-09-20T11:00:00+02:00,history,open-meteo historical API,17.7,100,139.0,22.42,21.0,away,0.0,0.0,0,0,0.0301,0.0,0.0,0.0,0.0,0.0,0.0,0.0,0.0,0.0,0.012,0.0,0.0,0.034,0.0761
2026-09-20T12:00:00+02:00,history,open-meteo historical API,19.3,99,303.0,22.56,21.0,away,0.0,0.0,0,0,0.0523,0.0,0.0,0.0,0.0,0.0,0.0,0.0,0.0,0.0,0.011,0.0,0.0,0.034,0.0973
2026-09-20T13:00:00+02:00,history,open-meteo historical API,20.0,100,319.0,22.72,21.0,away,0.0,0.0,0,0,0.0428,0.0,0.0,0.0,0.0,0.0,0.0,0.0,0.0,0.0,0.01,0.0,0.0,0.034,0.0868
2026-09-20T14:00:00+02:00,history,open-meteo historical API,20.1,100,198.0,22.86,21.0,away,0.0,0.0,0,0,0.0301,0.0,0.0,0.0,0.0,0.0,0.0,0.0,0.0,0.0,0.009,0.0,0.0,0.034,0.0731
2026-09-20T15:00:00+02:00,history,open-meteo historical API,20.7,8,355.0,23.06,21.0,away,0.0,0.0,0,0,0.0507,0.0,0.0,0.0,0.0,0.0,0.0,0.0,0.0,0.0,0.013,0.0,0.0,0.034,0.0977
2026-09-20T16:00:00+02:00,history,open-meteo historical API,21.2,63,389.0,23.28,21.0,away,0.0,0.0,0,0,0.0443,0.0,0.0,0.0,0.0,0.0,0.0,0.0,0.0,0.0,0.012,0.0,0.0,0.034,0.0903
2026-09-20T17:00:00+02:00,history,open-meteo historical API,20.7,100,245.0,23.41,21.0,away,0.33,0.0,0,0,0.0332,0.0,0.0,0.0,0.0,0.0,0.0,0.0,0.0,0.0,0.011,0.009,0.0,0.0353,0.0886
2026-09-20T18:00:00+02:00,history,open-meteo historical API,17.6,100,30.0,23.45,21.0,home,1.0,0.0,0,0,0.0586,0.0,0.0,0.0,0.0,0.0,0.439,0.0,0.0,0.0,0.01,0.108,0.0,0.038,0.6536
2026-09-20T19:00:00+02:00,history,open-meteo historical API,15.9,100,1.0,23.49,21.0,home,1.0,0.0,0,0,0.0475,0.0,0.0,0.0,0.0,0.0,0.1333,0.0,0.0,0.0,0.009,0.104,0.0,0.038,0.3318
2026-09-20T20:00:00+02:00,history,open-meteo historical API,15.9,100,0.0,23.48,21.0,home,1.0,0.0,0,0,0.0348,0.0,0.0,0.0,0.0,0.0,0.075,0.0,0.082,0.0,0.013,0.1,0.0,0.038,0.3428
2026-09-20T21:00:00+02:00,history,open-meteo historical API,16.1,100,0.0,23.45,21.0,home,1.0,0.0,0,0,0.0554,0.0,0.0,0.0,0.0,0.0,0.0,0.0,0.082,0.0,0.012,0.096,0.0,0.038,0.2834
2026-09-20T22:00:00+02:00,history,open-meteo historical API,15.8,100,0.0,23.38,19.5,home,1.0,0.0,0,0,0.0491,0.0,0.0,0.0,0.0,0.0,0.0,0.0,0.0,0.0,0.011,0.0598,0.0088,0.036,0.1647
2026-09-20T23:00:00+02:00,history,open-meteo historical API,14.3,99,0.0,23.24,18.0,home,1.0,0.0,0,0,0.0332,0.0,0.0,0.0,0.0,0.0,0.0,0.0,0.0,0.0,0.01,0.0,0.0186,0.03,0.0919
2026-09-21T00:00:00+02:00,history,open-meteo historical API,13.6,100,0.0,23.06,18.0,home,1.0,0.0,0,0,0.0507,0.0,0.0,0.0,0.0,0.0,0.0,0.0,0.0,0.0,0.009,0.0,0.0007,0.03,0.0903
2026-09-21T01:00:00+02:00,history,open-meteo historical API,12.9,100,0.0,22.87,18.0,home,1.0,0.0,0,0,0.0428,0.0,0.0,0.0,0.0,0.0,0.0,0.0,0.0,0.0,0.013,0.0,0.0,0.03,0.0858
2026-09-21T02:00:00+02:00,history,open-meteo historical API,12.0,45,0.0,22.66,18.0,home,1.0,0.0,0,0,0.0301,0.0,0.0,0.0,0.0,0.0,0.0,0.0,0.0,0.0,0.012,0.0,0.0,0.03,0.0721
2026-09-21T03:00:00+02:00,history,open-meteo historical API,11.7,18,0.0,22.45,18.0,home,1.0,0.0,0,0,0.0523,0.0,0.0,0.0,0.0,0.0,0.0,0.0,0.0,0.0,0.011,0.0,0.0,0.03,0.0933
2026-09-21T04:00:00+02:00,history,open-meteo historical API,11.3,10,0.0,22.23,18.0,home,1.0,0.0,0,0,0.0412,0.0,0.0,0.0,0.0,0.0,0.0,0.0,0.0,0.0,0.01,0.0,0.0,0.03,0.0812
2026-09-21T05:00:00+02:00,history,open-meteo historical API,11.1,6,0.0,22.01,18.0,home,1.0,0.0,0,0,0.0301,0.0,0.0,0.0,0.0,0.0,0.0,0.0,0.0,0.0,0.009,0.0,0.0,0.03,0.0691
2026-09-21T06:00:00+02:00,history,open-meteo historical API,10.9,27,0.0,21.79,21.0,home,1.0,0.0,0,0,0.0475,0.0,0.0,0.1,0.0,0.0,0.0,0.0,0.0,0.0,0.013,0.0,0.0,0.032,0.1925
2026-09-21T07:00:00+02:00,history,open-meteo historical API,11.0,100,12.0,21.7,21.0,home,1.0,0.0,0,0,0.0459,0.0,1.3067,0.0,0.1507,0.0,0.0,0.0,0.0,0.0,0.012,0.03,0.0,0.038,1.5832
2026-09-21T08:00:00+02:00,history,open-meteo historical API,11.5,40,68.0,21.59,21.0,home,1.0,0.0,0,0,0.0317,0.0,0.0,0.0,0.0,0.0,0.0,0.0,0.0,0.0433,0.011,0.0,0.0,0.038,0.124
2026-09-21T09:00:00+02:00,history,open-meteo historical API,12.2,31,201.0,21.58,21.0,home,1.0,0.0,0,0,0.0507,0.0,0.0,0.0,0.0,0.0,0.0,0.0,0.0,0.0581,0.01,0.0,0.015,0.038,0.1717
2026-09-21T10:00:00+02:00,history,open-meteo historical API,12.5,27,327.0,21.66,21.0,home,1.0,0.0,0,0,0.0443,0.0,0.0,0.0,0.0,0.0,0.0,0.0,0.0,0.0751,0.009,0.0,0.015,0.038,0.1814
2026-09-21T11:00:00+02:00,history,open-meteo historical API,13.2,41,423.0,21.82,21.0,home,1.0,0.0,0,0,0.0348,0.0,0.0,0.0,0.0,0.0,0.0,0.0,0.0,0.0536,0.013,0.0,0.005,0.038,0.1445
2026-09-21T12:00:00+02:00,history,open-meteo historical API,14.0,100,469.0,21.98,21.0,home,0.58,0.0,0,0,0.0523,0.0,0.0,0.0,0.0,0.0,0.0,0.0,0.0,0.0145,0.012,0.0178,0.0,0.0363,0.1329
2026-09-21T13:00:00+02:00,history,open-meteo historical API,13.8,62,300.0,22.03,21.0,away,0.0,0.0,0,0,0.0459,0.0,0.0,0.0,0.0,0.0,0.0,0.0,0.0,0.0,0.011,0.0,0.0,0.034,0.0909
2026-09-21T14:00:00+02:00,history,open-meteo historical API,11.7,93,364.0,22.03,21.0,away,0.0,0.0,0,0,0.0285,0.0,0.0,0.0,0.0,0.0,0.0,0.0,0.0,0.0,0.01,0.0,0.0,0.034,0.0725
2026-09-21T15:00:00+02:00,history,open-meteo historical API,13.5,22,276.0,22.04,21.0,away,0.0,0.0,0,0,0.0523,0.0,0.0,0.0,0.0,0.0,0.0,0.0,0.0,0.0,0.009,0.0,0.0,0.034,0.0953
2026-09-21T16:00:00+02:00,history,open-meteo historical API,14.7,50,361.0,22.08,21.0,away,0.0,0.0,0,0,0.0443,0.0,0.0,0.0,0.0,0.0,0.0,0.0,0.0,0.0,0.013,0.0,0.0,0.034,0.0913
2026-09-21T17:00:00+02:00,history,open-meteo historical API,12.0,64,199.0,22.01,21.0,away,0.0,0.0,0,0,0.0301,0.0,0.0,0.0,0.0,0.0,0.0,0.0,0.0,0.0,0.012,0.0,0.0,0.034,0.0761
2026-09-21T18:00:00+02:00,history,open-meteo historical API,12.2,26,94.0,21.85,21.0,away,0.0,0.0,0,0,0.0475,0.0,0.0,0.0,0.0,0.0,0.0,0.0,0.0,0.0,0.011,0.0,0.0,0.034,0.0925
2026-09-21T19:00:00+02:00,history,open-meteo historical API,11.2,73,10.0,21.64,21.0,away,0.0,0.0,0,0,0.0428,0.0,0.0,0.0,0.0,0.0,0.0,0.0,0.0,0.0,0.01,0.0,0.0,0.034,0.0868
2026-09-21T20:00:00+02:00,history,open-meteo historical API,11.4,41,0.0,21.41,21.0,away,0.0,0.0,0,0,0.0285,0.0,0.0,0.0,0.0,0.0,0.0,0.0,0.0,0.0,0.009,0.0,0.0,0.034,0.0715
2026-09-21T21:00:00+02:00,history,open-meteo historical API,10.3,68,0.0,21.17,21.0,away,0.0,0.0,0,0,0.0459,0.0,0.0,0.0,0.0,0.0,0.0,0.0,0.0,0.0,0.013,0.0,0.0,0.034,0.0929
2026-09-21T22:00:00+02:00,history,open-meteo historical API,9.9,91,0.0,20.92,19.5,away,0.0,0.0,0,0,0.0412,0.0,0.0,0.0,0.0,0.0,0.0,0.0,0.0,0.0,0.012,0.0,0.0,0.034,0.0872
2026-09-21T23:00:00+02:00,history,open-meteo historical API,9.9,80,0.0,20.68,18.0,away,0.0,0.0,0,0,0.0237,0.0,0.0,0.0,0.0,0.0,0.0,0.0,0.0,0.0,0.011,0.0,0.0,0.034,0.0688
2026-09-22T00:00:00+02:00,history,open-meteo historical API,10.0,28,0.0,20.45,18.0,away,0.0,0.0,0,0,0.0475,0.0,0.0,0.0,0.0,0.0,0.0,0.0,0.0,0.0,0.01,0.0,0.0,0.034,0.0915
2026-09-22T01:00:00+02:00,history,open-meteo historical API,9.5,19,0.0,20.21,18.0,away,0.0,0.0,0,0,0.0428,0.0,0.0,0.0,0.0,0.0,0.0,0.0,0.0,0.0,0.009,0.0,0.0,0.034,0.0858
2026-09-22T02:00:00+02:00,history,open-meteo historical API,9.5,21,0.0,19.97,18.0,away,0.0,0.0,0,0,0.0269,0.0,0.0,0.0,0.0,0.0,0.0,0.0,0.0,0.0,0.013,0.0,0.0,0.034,0.0739
2026-09-22T03:00:00+02:00,history,open-meteo historical API,9.4,55,0.0,19.74,18.0,away,0.0,0.0,0,0,0.0412,0.0,0.0,0.0,0.0,0.0,0.0,0.0,0.0,0.0,0.012,0.0,0.0,0.034,0.0872
2026-09-22T04:00:00+02:00,history,open-meteo historical API,9.4,34,0.0,19.52,18.0,away,0.0,0.0,0,0,0.0428,0.0,0.0,0.0,0.0,0.0,0.0,0.0,0.0,0.0,0.011,0.0,0.0,0.034,0.0878
2026-09-22T05:00:00+02:00,history,open-meteo historical API,9.1,70,0.0,19.29,18.0,away,0.0,0.0,0,0,0.0237,0.0,0.0,0.0,0.0,0.0,0.0,0.0,0.0,0.0,0.01,0.0,0.0,0.034,0.0678
2026-09-22T06:00:00+02:00,history,open-meteo historical API,9.1,11,0.0,20.54,21.0,away,0.0,0.0,0,0,0.0475,1.5333,0.0,0.0,0.0,0.0,0.0,0.0,0.0,0.0,0.009,0.0,0.0,0.034,1.6238
2026-09-22T07:00:00+02:00,history,open-meteo historical API,8.8,18,11.0,21.15,21.0,away,0.0,0.0,0,0,0.0428,0.0,0.0,0.0,0.0,0.0,0.0,0.0,0.0,0.0,0.013,0.0,0.0,0.034,0.0898
2026-09-22T08:00:00+02:00,history,open-meteo historical API,10.0,23,105.0,20.98,21.0,away,0.0,0.0,0,0,0.0317,0.0,0.0,0.0,0.0,0.0,0.0,0.0,0.0,0.0,0.012,0.0,0.0,0.034,0.0777
2026-09-22T09:00:00+02:00,history,open-meteo historical API,11.2,94,240.0,20.9,21.0,away,0.0,0.0,0,0,0.0491,0.0,0.0,0.0,0.0,0.0,0.0,0.0,0.0,0.0,0.011,0.0,0.0,0.034,0.0941
2026-09-22T10:00:00+02:00,history,open-meteo historical API,12.2,90,232.0,20.88,21.0,away,0.0,0.0,0,0,0.0443,0.0,0.0,0.0,0.0,0.0,0.0,0.0,0.0,0.0,0.01,0.0,0.0,0.034,0.0883
2026-09-22T11:00:00+02:00,history,open-meteo historical API,13.7,85,311.0,20.93,21.0,away,0.0,0.0,0,0,0.0269,0.0,0.0,0.0,0.0,0.0,0.0,0.0,0.0,0.0,0.009,0.0,0.0,0.034,0.0699
2026-09-22T12:00:00+02:00,history,open-meteo historical API,14.8,100,370.0,21.02,21.0,away,0.0,0.0,0,0,0.0443,0.0,0.0,0.0,0.0,0.0,0.0,0.0,0.0,0.0,0.013,0.0,0.0,0.034,0.0913
2026-09-22T13:00:00+02:00,history,open-meteo historical API,15.2,100,232.0,21.06,21.0,away,0.0,0.0,0,0,0.0443,0.0,0.0,0.0,0.0,0.0,0.0,0.0,0.0,0.0,0.012,0.0,0.0,0.034,0.0903
2026-09-22T14:00:00+02:00,history,open-meteo historical API,13.1,41,176.0,21.05,21.0,away,0.0,0.0,0,0,0.0269,0.0,0.0,0.0,0.0,0.0,0.0,0.0,0.0,0.0,0.011,0.0,0.0,0.034,0.0719
2026-09-22T15:00:00+02:00,history,open-meteo historical API,15.0,62,378.0,21.14,21.0,away,0.0,0.0,0,0,0.0491,0.0,0.0,0.0,0.0,0.0,0.0,0.0,0.0,0.0,0.01,0.0,0.0,0.034,0.0931
2026-09-22T16:00:00+02:00,history,open-meteo historical API,13.8,93,332.0,21.19,21.0,away,0.42,0.0,0,0,0.0412,0.0,0.0,0.0,0.0,0.0,0.0,0.0,0.0,0.0,0.009,0.0125,0.0,0.0357,0.0983
2026-09-22T17:00:00+02:00,history,open-meteo historical API,12.5,57,150.0,21.36,21.0,home,1.0,0.0,0,0,0.0491,0.0,0.0,0.0,0.0,0.0,0.6682,0.0,0.0,0.0,0.013,0.0,0.0,0.038,0.7682
2026-09-22T18:00:00+02:00,history,open-meteo historical API,12.8,13,94.0,21.4,21.0,home,1.0,0.0,0,0,0.0681,0.0,0.8267,0.0,0.0,0.0,0.1458,0.0,0.0,0.0,0.012,0.0767,0.0,0.038,1.1673
2026-09-22T19:00:00+02:00,history,open-meteo historical API,12.7,80,9.0,21.29,21.0,away,0.0,0.0,0,0,0.0507,0.0,0.0,0.0,0.0,0.0,0.0,0.0,0.0,0.0,0.011,0.0,0.0,0.034,0.0957
2026-09-22T20:00:00+02:00,history,open-meteo historical API,11.9,95,0.0,21.11,21.0,away,0.17,0.17,0,0,0.0475,0.0,0.0,0.0,0.0,0.0,0.0,0.0,0.0,0.0,0.01,0.0212,0.0,0.0347,0.1134
2026-09-22T21:00:00+02:00,history,open-meteo historical API,11.6,52,0.0,21.22,21.0,home+Paul,1.0,1.0,0,0,0.0538,0.0,0.0,0.0,0.0,0.684,0.0,0.0,0.0,0.0,0.009,0.1224,0.0,0.038,0.9072
2026-09-22T22:00:00+02:00,history,open-meteo historical API,11.2,81,0.0,21.17,19.5,home+Paul,1.0,1.0,0,0,0.0443,0.0,0.0,0.0,0.0,0.0,0.0,0.0,0.0,0.0,0.013,0.0882,0.0,0.038,0.1835
2026-09-22T23:00:00+02:00,history,open-meteo historical API,11.1,17,0.0,21.05,18.0,home+Paul,1.0,1.0,0,0,0.0348,0.0,0.0,0.0,0.0,0.0,0.0,0.0,0.0,0.0,0.012,0.0282,0.0201,0.034,0.1291
2026-09-23T00:00:00+02:00,history,open-meteo historical API,10.7,34,0.0,20.9,18.0,home+Paul,1.0,1.0,0,0,0.0491,0.0,0.0,0.0,0.0,0.0,0.0,0.0,0.0,0.0,0.011,0.0,0.0279,0.03,0.118
2026-09-23T01:00:00+02:00,history,open-meteo historical API,10.5,29,0.0,20.73,18.0,home+Paul,1.0,1.0,0,0,0.0428,0.0,0.0,0.0,0.0,0.0,0.0,0.0,0.0,0.0,0.01,0.0,0.0015,0.03,0.0843
2026-09-23T02:00:00+02:00,history,open-meteo historical API,10.6,38,0.0,20.56,18.0,home+Paul,1.0,1.0,0,0,0.0285,0.0,0.0,0.0,0.0,0.0,0.0,0.0,0.0,0.0,0.009,0.0,0.0,0.03,0.0675
2026-09-23T03:00:00+02:00,history,open-meteo historical API,10.6,40,0.0,20.4,18.0,home+Paul,1.0,1.0,0,0,0.0443,0.0,0.0,0.0,0.0,0.0,0.0,0.0,0.0,0.0,0.013,0.0,0.0,0.03,0.0873
2026-09-23T04:00:00+02:00,history,open-meteo historical API,10.4,27,0.0,20.23,18.0,home+Paul,1.0,1.0,0,0,0.0412,0.0,0.0,0.0,0.0,0.0,0.0,0.0,0.0,0.0,0.012,0.0,0.0,0.03,0.0832
2026-09-23T05:00:00+02:00,history,open-meteo historical API,10.1,17,0.0,20.07,18.0,home+Paul,1.0,1.0,0,0,0.0269,0.0,0.0,0.0,0.0,0.0,0.0,0.0,0.0,0.0,0.011,0.0,0.0,0.03,0.0679
2026-09-23T06:00:00+02:00,history,open-meteo historical API,9.8,22,0.0,20.95,21.0,home+Paul,1.0,1.0,0,0,0.0459,0.9272,0.0,0.0,0.0,0.0,0.0,0.0,0.0,0.0,0.01,0.0,0.0,0.03,1.0131
2026-09-23T07:00:00+02:00,history,open-meteo historical API,9.7,20,9.0,21.25,21.0,home+Paul,1.0,1.0,0,0,0.0459,0.0,1.2,0.1,0.2527,0.0,0.0,0.0,0.0,0.0,0.009,0.0,0.0,0.038,1.6456
2026-09-23T08:00:00+02:00,history,open-meteo historical API,10.5,16,102.0,21.22,21.0,home+Paul,1.0,1.0,0,0,0.0317,0.0,0.48,0.0,0.0,0.0,0.0,0.0,0.0,0.0361,0.013,0.0,0.0,0.038,0.5988
2026-09-23T09:00:00+02:00,history,open-meteo historical API,11.7,36,247.0,21.28,21.0,home+Paul,1.0,1.0,0,0,0.057,0.0,0.0,0.0,0.0,0.0,0.0,0.0,0.0,0.1255,0.012,0.0,0.0,0.038,0.2325
2026-09-23T10:00:00+02:00,history,open-meteo historical API,13.1,27,341.0,21.45,21.0,home+Paul,1.0,1.0,0,0,0.0459,0.0,0.0,0.0,0.0,0.0,0.0,0.0,0.0,0.1388,0.011,0.0,0.0,0.038,0.2337
2026-09-23T11:00:00+02:00,history,open-meteo historical API,14.3,29,452.0,21.71,21.0,home+Paul,1.0,1.0,0,0,0.0364,0.0,0.0,0.0,0.0,0.0,0.0,0.0,0.0,0.1216,0.01,0.0,0.0,0.038,0.206
2026-09-23T12:00:00+02:00,history,open-meteo historical API,15.0,57,512.0,22.03,21.0,home+Paul,1.0,1.0,0,0,0.0586,0.0,0.0,0.1667,0.0,0.0,0.0,0.0,0.0,0.113,0.009,0.0,0.0,0.038,0.3852
2026-09-23T13:00:00+02:00,history,open-meteo historical API,15.5,95,450.0,22.38,21.0,home+Paul,1.0,1.0,0,0,0.0459,0.0,0.0,0.0,0.09,0.0,0.0,0.0,0.0,0.1057,0.013,0.0312,0.0,0.038,0.3238
2026-09-23T14:00:00+02:00,history,open-meteo historical API,15.5,41,355.0,22.62,21.0,home+Paul,1.0,1.0,0,0,0.0396,0.0,0.0,0.0,0.0,0.0,0.0,0.0,0.0,0.1198,0.012,0.0,0.0,0.038,0.2094
2026-09-23T15:00:00+02:00,history,open-meteo historical API,15.5,25,386.0,22.87,21.0,home+Paul,1.0,1.0,0,0,0.0538,0.0,0.0,0.1,0.0,0.0,0.0,0.0,0.0,0.123,0.011,0.0,0.0,0.038,0.3258
2026-09-23T16:00:00+02:00,history,open-meteo historical API,15.5,34,336.0,23.05,21.0,home+Paul,1.0,1.0,0,0,0.0475,0.0,0.0,0.0,0.0,0.0,0.0,0.0,0.0,0.1049,0.01,0.0,0.0,0.038,0.2004
2026-09-23T17:00:00+02:00,history,open-meteo historical API,14.7,36,214.0,23.12,21.0,home+Paul,1.0,1.0,0,0,0.038,0.0,0.0,0.0,0.0,0.0,0.0,0.0,0.0,0.0449,0.009,0.0,0.0,0.038,0.1299
2026-09-23T18:00:00+02:00,history,open-meteo historical API,13.6,99,86.0,23.09,21.0,home+Paul,1.0,1.0,0,0,0.057,0.0,0.0,0.0,0.0,0.0,0.0,0.0,0.0,0.0,0.013,0.1272,0.0,0.038,0.2352
2026-09-23T19:00:00+02:00,history,open-meteo historical API,13.1,25,5.0,23.14,21.0,home+guests,1.0,1.0,2,0,0.0507,0.0,0.0,0.0,0.0,0.7385,0.0,0.0,0.0,0.0,0.012,0.1428,0.0,0.038,0.982
2026-09-23T20:00:00+02:00,history,open-meteo historical API,11.8,16,0.0,23.51,21.0,home+guests,1.0,1.0,2,0,0.0475,0.0,0.0,0.0,0.0,1.035,0.0,0.0,0.0,0.0,0.011,0.1372,0.0,0.038,1.2687
2026-09-23T21:00:00+02:00,history,open-meteo historical API,11.2,10,0.0,23.47,21.0,home+guests,1.0,1.0,2,0,0.0649,0.0,0.9067,0.0,0.0,0.0,0.0,0.0,0.0,0.0,0.01,0.1316,0.0,0.038,1.1512
2026-09-23T22:00:00+02:00,history,open-meteo historical API,10.5,5,0.0,23.45,19.5,home+guests,1.0,1.0,2,0,0.0507,0.0,0.0,0.1667,0.0,0.0,0.0,0.0,0.0,0.0,0.009,0.126,0.0,0.038,0.3903
2026-09-23T23:00:00+02:00,history,open-meteo historical API,9.9,11,0.0,23.41,18.0,home+Paul,1.0,1.0,0,0,0.0428,0.0,0.0,0.0,0.0,0.0,0.0,0.504,0.0,0.0,0.013,0.0486,0.0075,0.036,0.6518
2026-09-24T00:00:00+02:00,history,open-meteo historical API,9.5,36,0.0,23.38,18.0,home+Paul,1.0,1.0,0,0,0.0507,0.0,0.0,0.0,0.0,0.0,0.0,0.4173,0.0,0.0,0.012,0.0,0.0187,0.03,0.5287
2026-09-24T01:00:00+02:00,history,open-meteo historical API,9.3,98,0.0,23.15,18.0,home+Paul,1.0,1.0,0,0,0.0428,0.0,0.0,0.0,0.0,0.0,0.0,0.0,0.0,0.0,0.011,0.0,0.0045,0.03,0.0883
2026-09-24T02:00:00+02:00,history,open-meteo historical API,8.2,21,0.0,22.86,18.0,home+Paul,1.0,1.0,0,0,0.0301,0.0,0.0,0.0,0.0,0.0,0.0,0.0,0.0,0.0,0.01,0.0,0.0,0.03,0.0701
2026-09-24T03:00:00+02:00,history,open-meteo historical API,7.8,20,0.0,22.56,18.0,home+Paul,1.0,1.0,0,0,0.0459,0.0,0.0,0.0,0.0,0.0,0.0,0.0,0.0,0.0,0.009,0.0,0.0,0.03,0.0849
2026-09-24T04:00:00+02:00,history,open-meteo historical API,7.3,5,0.0,22.26,18.0,home+Paul,1.0,1.0,0,0,0.0459,0.0,0.0,0.0,0.0,0.0,0.0,0.0,0.0,0.0,0.013,0.0,0.0,0.03,0.0889
2026-09-24T05:00:00+02:00,history,open-meteo historical API,6.9,16,0.0,22.0,18.0,home+Paul,1.0,0.75,0,0,0.0301,0.0,0.1067,0.1667,0.2217,0.0,0.0,0.0,0.0,0.0,0.012,0.0371,0.0,0.034,0.6082
2026-09-24T06:00:00+02:00,history,open-meteo historical API,6.9,77,0.0,21.91,21.0,home,1.0,0.0,0,0,0.0538,0.0,1.6,0.0,0.1995,0.0,0.0,0.0,0.0,0.0,0.011,0.0655,0.0,0.038,1.9678
2026-09-24T07:00:00+02:00,history,open-meteo historical API,7.3,91,9.0,21.65,21.0,home,1.0,0.0,0,0,0.0459,0.0,0.0267,0.0,0.0,0.0,0.0,0.0,0.0,0.0,0.01,0.0294,0.0,0.038,0.15
2026-09-24T08:00:00+02:00,history,open-meteo historical API,8.3,99,90.0,21.44,21.0,away,0.33,0.0,0,0,0.0332,0.0,0.0,0.0,0.0,0.0,0.0,0.0,0.0,0.0,0.009,0.0094,0.0,0.0353,0.087
2026-09-24T09:00:00+02:00,history,open-meteo historical API,9.7,100,119.0,21.24,21.0,away,0.0,0.0,0,0,0.0475,0.0,0.0,0.0,0.0,0.0,0.0,0.0,0.0,0.0,0.013,0.0,0.0,0.034,0.0945
2026-09-24T10:00:00+02:00,history,open-meteo historical API,10.2,100,80.0,21.06,21.0,away,0.0,0.0,0,0,0.0428,0.0,0.0,0.0,0.0,0.0,0.0,0.0,0.0,0.0,0.012,0.0,0.0,0.034,0.0888
2026-09-24T11:00:00+02:00,history,open-meteo historical API,10.9,100,97.0,20.9,21.0,away,0.0,0.0,0,0,0.0301,0.0,0.0,0.0,0.0,0.0,0.0,0.0,0.0,0.0,0.011,0.0,0.0,0.034,0.0751
2026-09-24T12:00:00+02:00,history,open-meteo historical API,11.5,100,85.0,20.76,21.0,away,0.0,0.0,0,0,0.0459,0.0,0.0,0.0,0.0,0.0,0.0,0.0,0.0,0.0,0.01,0.0,0.0,0.034,0.0899
2026-09-24T13:00:00+02:00,history,open-meteo historical API,12.9,100,165.0,20.9,21.0,away,0.0,0.0,0,0,0.0443,0.3691,0.0,0.0,0.0,0.0,0.0,0.0,0.0,0.0,0.009,0.0,0.0,0.034,0.4564
2026-09-24T14:00:00+02:00,history,open-meteo historical API,13.7,100,197.0,21.3,21.0,away,0.0,0.0,0,0,0.0269,0.0,0.0,0.0,0.0,0.0,0.0,0.0,0.0,0.0,0.013,0.0,0.0,0.034,0.0739
2026-09-24T15:00:00+02:00,history,open-meteo historical API,13.7,100,228.0,21.28,21.0,away,0.0,0.0,0,0,0.0475,0.0,0.0,0.0,0.0,0.0,0.0,0.0,0.0,0.0,0.012,0.0,0.0,0.034,0.0935
2026-09-24T16:00:00+02:00,history,open-meteo historical API,13.5,100,96.0,21.19,21.0,away,0.0,0.0,0,0,0.0412,0.0,0.0,0.0,0.0,0.0,0.0,0.0,0.0,0.0,0.011,0.0,0.0,0.034,0.0862
2026-09-24T17:00:00+02:00,history,open-meteo historical API,13.2,100,51.0,21.06,21.0,away,0.0,0.0,0,0,0.0317,0.0,0.0,0.0,0.0,0.0,0.0,0.0,0.0,0.0,0.01,0.0,0.0,0.034,0.0757
2026-09-24T18:00:00+02:00,history,open-meteo historical API,12.9,100,20.0,20.93,21.0,home,0.75,0.0,0,0,0.0507,0.0,0.0,0.0,0.0,0.0,0.0,0.0,0.0,0.0,0.009,0.0735,0.0,0.037,0.1702
2026-09-24T19:00:00+02:00,history,open-meteo historical API,12.5,100,1.0,21.23,21.0,home,1.0,0.0,0,0,0.0443,0.0,0.0,0.0,0.0,0.646,0.8223,0.0,0.0,0.0,0.013,0.094,0.0,0.038,1.6577
2026-09-24T20:00:00+02:00,history,open-meteo historical API,12.2,85,0.0,21.36,21.0,home,1.0,0.0,0,0,0.0348,0.0,0.0,0.0,0.0,0.0,0.1583,0.0,0.115,0.0,0.012,0.09,0.0,0.038,0.4482
2026-09-24T21:00:00+02:00,history,open-meteo historical API,11.9,79,0.0,21.32,21.0,home,1.0,0.0,0,0,0.0538,0.0,0.0,0.0,0.0,0.0,0.0,0.0,0.115,0.0193,0.011,0.108,0.0,0.038,0.3452
2026-09-24T22:00:00+02:00,history,open-meteo historical API,11.7,35,0.0,21.23,19.5,home,1.0,0.0,0,0,0.0459,0.0,0.0,0.0,0.0,0.0,0.0,0.0,0.0153,0.0,0.01,0.0676,0.0088,0.036,0.1836
2026-09-24T23:00:00+02:00,history,open-meteo historical API,11.1,24,0.0,21.06,18.0,home,1.0,0.0,0,0,0.0269,0.0,0.0,0.0,0.0,0.0,0.0,0.0,0.0,0.0,0.009,0.0,0.0202,0.03,0.0861
2026-09-25T00:00:00+02:00,history,open-meteo historical API,10.6,28,0.0,20.86,18.0,home,1.0,0.0,0,0,0.0443,0.0,0.0,0.0,0.0,0.0,0.0,0.0,0.0,0.0,0.013,0.0,0.001,0.03,0.0883
2026-09-25T01:00:00+02:00,history,open-meteo historical API,10.3,30,0.0,20.65,18.0,home,1.0,0.0,0,0,0.0428,0.0,0.0,0.0,0.0,0.0,0.0,0.0,0.0,0.0,0.012,0.0,0.0,0.03,0.0848
2026-09-25T02:00:00+02:00,history,open-meteo historical API,9.8,48,0.0,20.44,18.0,home,1.0,0.0,0,0,0.0285,0.0,0.0,0.0,0.0,0.0,0.0,0.0,0.0,0.0,0.011,0.0,0.0,0.03,0.0695
2026-09-25T03:00:00+02:00,history,open-meteo historical API,9.8,37,0.0,20.23,18.0,home,1.0,0.0,0,0,0.0491,0.0,0.0,0.0,0.0,0.0,0.0,0.0,0.0,0.0,0.01,0.0,0.0,0.03,0.0891
2026-09-25T04:00:00+02:00,history,open-meteo historical API,9.6,38,0.0,20.03,18.0,home,1.0,0.0,0,0,0.0428,0.0,0.0,0.0,0.0,0.0,0.0,0.0,0.0,0.0,0.009,0.0,0.0,0.03,0.0818
2026-09-25T05:00:00+02:00,history,open-meteo historical API,9.4,56,0.0,19.82,18.0,home,1.0,0.0,0,0,0.0301,0.0,0.0,0.0,0.0,0.0,0.0,0.0,0.0,0.0,0.013,0.0,0.0,0.03,0.0731
2026-09-25T06:00:00+02:00,history,open-meteo historical API,9.3,68,0.0,20.84,21.0,home,1.0,0.0,0,0,0.0443,1.1323,0.0,0.1667,0.124,0.0,0.0,0.0,0.0,0.0,0.012,0.0011,0.0,0.0327,1.513
2026-09-25T07:00:00+02:00,history,open-meteo historical API,9.6,93,6.0,21.27,21.0,home,1.0,0.0,0,0,0.0475,0.0,1.2267,0.0,0.0,0.0,0.0,0.0,0.0,0.0,0.011,0.027,0.0,0.038,1.3502
2026-09-25T08:00:00+02:00,history,open-meteo historical API,10.5,99,62.0,21.11,21.0,away,0.25,0.0,0,0,0.0301,0.0,0.0,0.0,0.0,0.0,0.0,0.0,0.0,0.0,0.01,0.0081,0.0,0.035,0.0832
2026-09-25T09:00:00+02:00,history,open-meteo historical API,11.9,100,91.0,20.98,21.0,away,0.0,0.0,0,0,0.0491,0.0,0.0,0.0,0.0,0.0,0.0,0.0,0.0,0.0,0.009,0.0,0.0,0.034,0.0921
2026-09-25T10:00:00+02:00,history,open-meteo historical API,12.9,87,209.0,20.95,21.0,away,0.0,0.0,0,0,0.0443,0.0,0.0,0.0,0.0,0.0,0.0,0.0,0.0,0.0,0.013,0.0,0.0,0.034,0.0913
2026-09-25T11:00:00+02:00,history,open-meteo historical API,13.9,100,298.0,20.97,21.0,away,0.0,0.0,0,0,0.0285,0.0,0.0,0.0,0.0,0.0,0.0,0.0,0.0,0.0,0.012,0.0,0.0,0.034,0.0745
2026-09-25T12:00:00+02:00,history,open-meteo historical API,14.0,100,169.0,20.95,21.0,away,0.0,0.0,0,0,0.0475,0.0,0.0,0.0,0.0,0.0,0.0,0.0,0.0,0.0,0.011,0.0,0.0,0.034,0.0925
2026-09-25T13:00:00+02:00,history,open-meteo historical API,13.6,100,108.0,20.89,21.0,away,0.0,0.0,0,0,0.0443,0.0,0.0,0.0,0.0,0.0,0.0,0.0,0.0,0.0,0.01,0.0,0.0,0.034,0.0883
2026-09-25T14:00:00+02:00,history,open-meteo historical API,14.8,100,184.0,20.88,21.0,away,0.0,0.0,0,0,0.0269,0.0,0.0,0.0,0.0,0.0,0.0,0.0,0.0,0.0,0.009,0.0,0.0,0.034,0.0699
2026-09-25T15:00:00+02:00,history,open-meteo historical API,14.9,100,191.0,20.88,21.0,away,0.0,0.0,0,0,0.0491,0.0,0.0,0.0,0.0,0.0,0.0,0.0,0.0,0.0,0.013,0.0,0.0,0.034,0.0961
2026-09-25T16:00:00+02:00,history,open-meteo historical API,14.7,100,100.0,20.83,21.0,away,0.0,0.0,0,0,0.0443,0.0,0.0,0.0,0.0,0.0,0.0,0.0,0.0,0.0,0.012,0.0,0.0,0.034,0.0903
2026-09-25T17:00:00+02:00,history,open-meteo historical API,14.1,100,44.0,20.77,21.0,away,0.0,0.0,0,0,0.0237,0.2035,0.0,0.0,0.0,0.0,0.0,0.0,0.0,0.0,0.011,0.0,0.0,0.034,0.2723
2026-09-25T18:00:00+02:00,history,open-meteo historical API,14.0,100,18.0,21.24,21.0,away,0.0,0.0,0,0,0.0491,0.1669,0.0,0.0,0.0,0.0,0.0,0.0,0.0,0.0,0.01,0.0,0.0,0.034,0.2599
2026-09-25T19:00:00+02:00,history,open-meteo historical API,13.8,100,1.0,21.11,21.0,away,0.0,0.0,0,0,0.0428,0.0,0.0,0.0,0.0,0.0,0.0,0.0,0.0,0.0,0.009,0.0,0.0,0.034,0.0858
2026-09-25T20:00:00+02:00,history,open-meteo historical API,13.1,46,0.0,20.95,21.0,away,0.0,0.0,0,0,0.0317,0.0,0.0,0.0,0.0,0.0,0.0,0.0,0.0,0.0,0.013,0.0,0.0,0.034,0.0787
2026-09-25T21:00:00+02:00,history,open-meteo historical API,12.6,38,0.0,20.78,21.0,away,0.0,0.0,0,0,0.0507,0.0489,0.0,0.0,0.0,0.0,0.0,0.0,0.0,0.0,0.012,0.0,0.0,0.034,0.1455
2026-09-25T22:00:00+02:00,history,open-meteo historical API,12.0,88,0.0,21.19,19.5,away,0.0,0.0,0,0,0.0428,0.3612,0.0,0.0,0.0,0.0,0.0,0.0,0.0,0.0,0.011,0.0,0.0,0.034,0.4489
2026-09-25T23:00:00+02:00,history,open-meteo historical API,11.9,98,0.0,21.09,18.0,home,0.67,0.0,0,0,0.0301,0.0,0.0,0.0,0.0,0.0,0.0,0.0,0.0,0.0,0.01,0.0276,0.0108,0.0353,0.1138
2026-09-26T00:00:00+02:00,history,open-meteo historical API,11.8,100,0.0,20.93,18.0,home,1.0,0.0,0,0,0.0507,0.0,0.0,0.0,0.0,0.0,0.0,0.0,0.0,0.0,0.009,0.0,0.0242,0.03,0.1138
2026-09-26T01:00:00+02:00,history,open-meteo historical API,11.7,100,0.0,20.77,18.0,home,1.0,0.0,0,0,0.0428,0.0,0.0,0.0,0.0,0.0,0.0,0.0,0.0,0.0,0.013,0.0,0.0125,0.03,0.0983
2026-09-26T02:00:00+02:00,history,open-meteo historical API,11.7,100,0.0,20.61,18.0,home,1.0,0.0,0,0,0.0253,0.0,0.0,0.0,0.0,0.0,0.0,0.0,0.0,0.0,0.012,0.0,0.0,0.03,0.0673
2026-09-26T03:00:00+02:00,history,open-meteo historical API,12.0,100,0.0,20.46,18.0,home,1.0,0.0,0,0,0.0443,0.0,0.0,0.0,0.0,0.0,0.0,0.0,0.0,0.0,0.011,0.0,0.0,0.03,0.0853
2026-09-26T04:00:00+02:00,history,open-meteo historical API,12.2,100,0.0,20.31,18.0,home,1.0,0.0,0,0,0.0396,0.0,0.0,0.0,0.0,0.0,0.0,0.0,0.0,0.0,0.01,0.0,0.0,0.03,0.0796
2026-09-26T05:00:00+02:00,history,open-meteo historical API,12.2,100,0.0,20.17,18.0,home,1.0,0.0,0,0,0.0253,0.0,0.0,0.0,0.0,0.0,0.0,0.0,0.0,0.0,0.009,0.0,0.0,0.03,0.0643
2026-09-26T06:00:00+02:00,history,open-meteo historical API,12.1,100,0.0,21.02,21.0,home,1.0,0.0,0,0,0.0491,0.7847,0.0,0.0,0.0,0.0,0.0,0.0,0.0,0.0,0.013,0.0,0.0,0.03,0.8767
2026-09-26T07:00:00+02:00,history,open-meteo historical API,12.1,100,1.0,21.18,21.0,home,1.0,0.0,0,0,0.0428,0.0,0.08,0.1,0.1533,0.0,0.0,0.0,0.0,0.0,0.012,0.0156,0.0,0.034,0.4377
2026-09-26T08:00:00+02:00,history,open-meteo historical API,12.2,100,15.0,21.14,20.2,home,0.83,0.0,0,1,0.0332,0.0,1.1733,0.0,0.0,0.0,0.0,0.0,0.0,0.0,0.011,0.025,0.0,0.035,1.2776
2026-09-26T09:00:00+02:00,history,open-meteo historical API,12.9,100,60.0,21.03,16.0,away,0.0,0.0,0,1,0.0475,0.0,0.0,0.0,0.0,0.0,0.0,0.0,0.0,0.0,0.01,0.0,0.0,0.02,0.0775
2026-09-26T10:00:00+02:00,history,open-meteo historical API,13.7,100,162.0,20.98,16.0,away,0.0,0.0,0,1,0.0443,0.0,0.0,0.0,0.0,0.0,0.0,0.0,0.0,0.0,0.009,0.0,0.0,0.02,0.0733
2026-09-26T11:00:00+02:00,history,open-meteo historical API,14.4,98,253.0,21.01,16.0,away,0.0,0.0,0,1,0.0317,0.0,0.0,0.0,0.0,0.0,0.0,0.0,0.0,0.0,0.013,0.0,0.0,0.02,0.0647
2026-09-26T12:00:00+02:00,history,open-meteo historical API,15.5,100,384.0,21.13,16.0,away,0.0,0.0,0,1,0.0475,0.0,0.0,0.0,0.0,0.0,0.0,0.0,0.0,0.0,0.012,0.0,0.0,0.02,0.0795
2026-09-26T13:00:00+02:00,history,open-meteo historical API,16.0,100,341.0,21.25,16.0,away,0.0,0.0,0,1,0.0443,0.0,0.0,0.0,0.0,0.0,0.0,0.0,0.0,0.0,0.011,0.0,0.0,0.02,0.0753
2026-09-26T14:00:00+02:00,history,open-meteo historical API,15.8,100,338.0,21.35,16.0,away,0.0,0.0,0,1,0.0285,0.0,0.0,0.0,0.0,0.0,0.0,0.0,0.0,0.0,0.01,0.0,0.0,0.02,0.0585
2026-09-26T15:00:00+02:00,history,open-meteo historical API,15.9,100,168.0,21.37,16.0,away,0.0,0.0,0,1,0.0491,0.0,0.0,0.0,0.0,0.0,0.0,0.0,0.0,0.0,0.009,0.0,0.0,0.02,0.0781
2026-09-26T16:00:00+02:00,history,open-meteo historical API,16.0,100,149.0,21.36,16.0,away,0.0,0.0,0,1,0.0443,0.0,0.0,0.0,0.0,0.0,0.0,0.0,0.0,0.0,0.013,0.0,0.0,0.02,0.0773
2026-09-26T17:00:00+02:00,history,open-meteo historical API,16.1,52,133.0,21.34,16.0,away,0.0,0.0,0,1,0.0269,0.0,0.0,0.0,0.0,0.0,0.0,0.0,0.0,0.0,0.012,0.0,0.0,0.02,0.0589
2026-09-26T18:00:00+02:00,history,open-meteo historical API,15.2,1,67.0,21.27,16.0,away,0.0,0.0,0,1,0.0491,0.0,0.0,0.0,0.0,0.0,0.0,0.0,0.0,0.0,0.011,0.0,0.0,0.02,0.0801
2026-09-26T19:00:00+02:00,history,open-meteo historical API,13.5,2,4.0,21.12,16.0,away,0.0,0.0,0,1,0.0428,0.0,0.0,0.0,0.0,0.0,0.0,0.0,0.0,0.0,0.01,0.0,0.0,0.02,0.0728
2026-09-26T20:00:00+02:00,history,open-meteo historical API,12.4,81,0.0,20.93,16.0,away,0.0,0.0,0,1,0.0253,0.0,0.0,0.0,0.0,0.0,0.0,0.0,0.0,0.0,0.009,0.0,0.0,0.02,0.0543
2026-09-26T21:00:00+02:00,history,open-meteo historical API,11.9,88,0.0,20.74,16.0,away,0.0,0.0,0,1,0.0443,0.0,0.0,0.0,0.0,0.0,0.0,0.0,0.0,0.0,0.013,0.0,0.0,0.02,0.0773
2026-09-26T22:00:00+02:00,history,open-meteo historical API,11.5,41,0.0,20.53,16.0,away,0.0,0.0,0,1,0.0412,0.0,0.0,0.0,0.0,0.0,0.0,0.0,0.0,0.0,0.012,0.0,0.0,0.02,0.0732
2026-09-26T23:00:00+02:00,history,open-meteo historical API,11.1,97,0.0,20.33,16.0,away,0.0,0.0,0,1,0.0269,0.0,0.0,0.0,0.0,0.0,0.0,0.0,0.0,0.0,0.011,0.0,0.0,0.02,0.0579
2026-09-27T00:00:00+02:00,history,open-meteo historical API,11.4,96,0.0,20.14,16.0,away,0.0,0.0,0,1,0.0475,0.0,0.0,0.0,0.0,0.0,0.0,0.0,0.0,0.0,0.01,0.0,0.0,0.02,0.0775
2026-09-27T01:00:00+02:00,history,open-meteo historical API,10.8,55,0.0,19.93,16.0,away,0.0,0.0,0,1,0.0428,0.0,0.0,0.0,0.0,0.0,0.0,0.0,0.0,0.0,0.009,0.0,0.0,0.02,0.0718
2026-09-27T02:00:00+02:00,history,open-meteo historical API,9.5,31,0.0,19.7,16.0,away,0.0,0.0,0,1,0.0237,0.0,0.0,0.0,0.0,0.0,0.0,0.0,0.0,0.0,0.013,0.0,0.0,0.02,0.0568
2026-09-27T03:00:00+02:00,history,open-meteo historical API,9.2,12,0.0,19.47,16.0,away,0.0,0.0,0,1,0.0443,0.0,0.0,0.0,0.0,0.0,0.0,0.0,0.0,0.0,0.012,0.0,0.0,0.02,0.0763
2026-09-27T04:00:00+02:00,history,open-meteo historical API,9.0,2,0.0,19.23,16.0,away,0.0,0.0,0,1,0.0396,0.0,0.0,0.0,0.0,0.0,0.0,0.0,0.0,0.0,0.011,0.0,0.0,0.02,0.0706
2026-09-27T05:00:00+02:00,history,open-meteo historical API,8.6,0,0.0,18.99,16.0,away,0.0,0.0,0,1,0.0269,0.0,0.0,0.0,0.0,0.0,0.0,0.0,0.0,0.0,0.01,0.0,0.0,0.02,0.0569
2026-09-27T06:00:00+02:00,history,open-meteo historical API,8.2,0,0.0,18.75,16.0,away,0.0,0.0,0,1,0.0428,0.0,0.0,0.0,0.0,0.0,0.0,0.0,0.0,0.0,0.009,0.0,0.0,0.02,0.0718
2026-09-27T07:00:00+02:00,history,open-meteo historical API,8.1,0,6.0,18.53,16.0,away,0.0,0.0,0,1,0.0428,0.0,0.0,0.0,0.0,0.0,0.0,0.0,0.0,0.0,0.013,0.0,0.0,0.02,0.0758
2026-09-27T08:00:00+02:00,history,open-meteo historical API,9.2,0,94.0,18.4,16.0,away,0.0,0.0,0,1,0.0269,0.0,0.0,0.0,0.0,0.0,0.0,0.0,0.0,0.0,0.012,0.0,0.0,0.02,0.0589
2026-09-27T09:00:00+02:00,history,open-meteo historical API,12.2,0,235.0,18.43,16.0,away,0.0,0.0,0,1,0.0428,0.0,0.0,0.0,0.0,0.0,0.0,0.0,0.0,0.0,0.011,0.0,0.0,0.02,0.0738
2026-09-27T10:00:00+02:00,history,open-meteo historical API,14.9,0,374.0,18.6,16.0,away,0.0,0.0,0,1,0.0428,0.0,0.0,0.0,0.0,0.0,0.0,0.0,0.0,0.0,0.01,0.0,0.0,0.02,0.0728
2026-09-27T11:00:00+02:00,history,open-meteo historical API,16.9,0,482.0,18.89,16.0,away,0.0,0.0,0,1,0.019,0.0,0.0,0.0,0.0,0.0,0.0,0.0,0.0,0.0,0.009,0.0,0.0,0.02,0.048
2026-09-27T12:00:00+02:00,history,open-meteo historical API,17.9,0,551.0,19.25,16.0,away,0.0,0.0,0,1,0.0443,0.0,0.0,0.0,0.0,0.0,0.0,0.0,0.0,0.0,0.013,0.0,0.0,0.02,0.0773
2026-09-27T13:00:00+02:00,history,open-meteo historical API,18.6,0,574.0,19.63,16.0,away,0.0,0.0,0,1,0.0412,0.0,0.0,0.0,0.0,0.0,0.0,0.0,0.0,0.0,0.012,0.0,0.0,0.02,0.0732
2026-09-27T14:00:00+02:00,history,open-meteo historical API,19.4,9,547.0,20.0,16.0,away,0.0,0.0,0,1,0.0269,0.0,0.0,0.0,0.0,0.0,0.0,0.0,0.0,0.0,0.011,0.0,0.0,0.02,0.0579
2026-09-27T15:00:00+02:00,history,open-meteo historical API,19.7,2,451.0,20.31,16.0,away,0.0,0.0,0,1,0.0459,0.0,0.0,0.0,0.0,0.0,0.0,0.0,0.0,0.0,0.01,0.0,0.0,0.02,0.0759
2026-09-27T16:00:00+02:00,history,open-meteo historical API,19.7,5,356.0,20.56,16.0,away,0.0,0.0,0,1,0.0443,0.0,0.0,0.0,0.0,0.0,0.0,0.0,0.0,0.0,0.009,0.0,0.0,0.02,0.0733
2026-09-27T17:00:00+02:00,history,open-meteo historical API,19.2,13,221.0,20.7,16.0,away,0.0,0.0,0,1,0.0285,0.0,0.0,0.0,0.0,0.0,0.0,0.0,0.0,0.0,0.013,0.0,0.0,0.02,0.0615
2026-09-27T18:00:00+02:00,history,open-meteo historical API,17.1,11,81.0,20.71,16.0,away,0.0,0.0,0,1,0.0491,0.0,0.0,0.0,0.0,0.0,0.0,0.0,0.0,0.0,0.012,0.0,0.0,0.02,0.0811
2026-09-27T19:00:00+02:00,history,open-meteo historical API,15.6,12,3.0,21.16,20.6,home,0.92,0.0,0,1,0.0443,0.3541,0.0,0.0,0.0,0.0,0.0,0.0,0.0,0.0,0.011,0.0843,0.0,0.0365,0.5303
2026-09-27T20:00:00+02:00,history,open-meteo historical API,14.6,0,0.0,21.25,21.0,home,1.0,0.0,0,0,0.0348,0.0,0.0,0.0,0.0,0.0,0.0,0.0,0.0,0.0,0.01,0.11,0.0,0.038,0.1928
2026-09-27T21:00:00+02:00,history,open-meteo historical API,14.0,0,0.0,21.25,21.0,home,1.0,0.0,0,0,0.0554,0.0,0.24,0.0,0.0,0.0,0.0,0.452,0.0,0.0,0.009,0.106,0.0,0.038,0.9004
2026-09-27T22:00:00+02:00,history,open-meteo historical API,13.3,0,0.0,21.37,19.5,home,1.0,0.0,0,0,0.0443,0.0,0.5867,0.0,0.0,0.0,0.0,0.3693,0.0,0.0,0.013,0.0816,0.0033,0.038,1.1362
2026-09-27T23:00:00+02:00,history,open-meteo historical API,12.6,0,0.0,21.31,18.0,home,1.0,0.0,0,0,0.0301,0.0,0.0,0.0,0.0,0.0,0.0,0.0,0.0,0.0,0.012,0.0,0.022,0.03,0.0941
2026-09-28T00:00:00+02:00,history,open-meteo historical API,11.9,0,0.0,21.14,18.0,home,1.0,0.0,0,0,0.0507,0.0,0.0,0.0,0.0,0.0,0.0,0.0,0.0,0.0,0.011,0.0,0.0068,0.03,0.0985
2026-09-28T01:00:00+02:00,history,open-meteo historical API,11.4,0,0.0,20.95,18.0,home,1.0,0.0,0,0,0.0412,0.0,0.0,0.0,0.0,0.0,0.0,0.0,0.0,0.0,0.01,0.0,0.0,0.03,0.0812
2026-09-28T02:00:00+02:00,history,open-meteo historical API,10.3,0,0.0,20.75,18.0,home,1.0,0.0,0,0,0.0269,0.0,0.0,0.0,0.0,0.0,0.0,0.0,0.0,0.0,0.009,0.0,0.0,0.03,0.0659
2026-09-28T03:00:00+02:00,history,open-meteo historical API,9.7,0,0.0,20.53,18.0,home,1.0,0.0,0,0,0.0491,0.0,0.0,0.0,0.0,0.0,0.0,0.0,0.0,0.0,0.013,0.0,0.0,0.03,0.0921
2026-09-28T04:00:00+02:00,history,open-meteo historical API,9.2,0,0.0,20.31,18.0,home,1.0,0.0,0,0,0.0412,0.0,0.0,0.0,0.0,0.0,0.0,0.0,0.0,0.0,0.012,0.0,0.0,0.03,0.0832
2026-09-28T05:00:00+02:00,history,open-meteo historical API,8.8,0,0.0,20.08,18.0,home,1.0,0.0,0,0,0.0285,0.0,0.0,0.0,0.0,0.0,0.0,0.0,0.0,0.0,0.011,0.0,0.0,0.03,0.0695
2026-09-28T06:00:00+02:00,history,open-meteo historical API,8.5,0,0.0,20.93,21.0,home,1.0,0.0,0,0,0.0491,1.0043,0.0,0.1,0.12,0.0,0.0,0.0,0.0,0.0,0.01,0.0118,0.0,0.0333,1.3285
2026-09-28T07:00:00+02:00,history,open-meteo historical API,8.3,0,5.0,21.21,21.0,home,1.0,0.0,0,0,0.0459,0.0,0.88,0.0,0.0,0.0,0.0,0.0,0.0,0.0,0.009,0.0,0.0,0.038,0.9729
2026-09-28T08:00:00+02:00,history,open-meteo historical API,9.4,0,94.0,21.04,21.0,away,0.25,0.0,0,0,0.0332,0.0,0.0,0.0,0.0,0.0,0.0,0.0,0.0,0.0,0.013,0.0,0.0,0.035,0.0813
2026-09-28T09:00:00+02:00,history,open-meteo historical API,11.1,0,237.0,20.98,21.0,away,0.0,0.0,0,0,0.0459,0.0,0.0,0.0,0.0,0.0,0.0,0.0,0.0,0.0,0.012,0.0,0.0,0.034,0.0919
2026-09-28T10:00:00+02:00,history,open-meteo historical API,13.2,0,373.0,21.05,21.0,away,0.0,0.0,0,0,0.0412,0.0,0.0,0.0,0.0,0.0,0.0,0.0,0.0,0.0,0.011,0.0,0.0,0.034,0.0862
2026-09-28T11:00:00+02:00,history,open-meteo historical API,15.4,0,483.0,21.25,21.0,away,0.0,0.0,0,0,0.0301,0.0,0.0,0.0,0.0,0.0,0.0,0.0,0.0,0.0,0.01,0.0,0.0,0.034,0.0741
2026-09-28T12:00:00+02:00,history,open-meteo historical API,17.3,0,552.0,21.53,21.0,away,0.0,0.0,0,0,0.0507,0.0,0.0,0.0,0.0,0.0,0.0,0.0,0.0,0.0,0.009,0.0,0.0,0.034,0.0937
2026-09-28T13:00:00+02:00,history,open-meteo historical API,18.5,0,573.0,21.85,21.0,away,0.0,0.0,0,0,0.0412,0.0,0.0,0.0,0.0,0.0,0.0,0.0,0.0,0.0,0.013,0.0,0.0,0.034,0.0882
2026-09-28T14:00:00+02:00,history,open-meteo historical API,19.1,0,545.0,22.16,21.0,away,0.0,0.0,0,0,0.0301,0.0,0.0,0.0,0.0,0.0,0.0,0.0,0.0,0.0,0.012,0.0,0.0,0.034,0.0761
2026-09-28T15:00:00+02:00,history,open-meteo historical API,19.4,0,472.0,22.43,21.0,away,0.0,0.0,0,0,0.0475,0.0,0.0,0.0,0.0,0.0,0.0,0.0,0.0,0.0,0.011,0.0,0.0,0.034,0.0925
2026-09-28T16:00:00+02:00,history,open-meteo historical API,19.4,0,360.0,22.61,21.0,away,0.0,0.0,0,0,0.0428,0.0,0.0,0.0,0.0,0.0,0.0,0.0,0.0,0.0,0.01,0.0,0.0,0.034,0.0868
2026-09-28T17:00:00+02:00,history,open-meteo historical API,18.7,0,221.0,22.69,21.0,away,0.0,0.0,0,0,0.0348,0.0,0.0,0.0,0.0,0.0,0.0,0.0,0.0,0.0,0.009,0.0,0.0,0.034,0.0778
2026-09-28T18:00:00+02:00,history,open-meteo historical API,17.0,0,80.0,22.67,21.0,away,0.25,0.0,0,0,0.0554,0.0,0.0,0.0,0.0,0.0,0.0,0.0,0.0,0.0,0.013,0.0275,0.0,0.035,0.1309
2026-09-28T19:00:00+02:00,history,open-meteo historical API,15.6,0,2.0,22.59,21.0,away,0.42,0.0,0,0,0.0412,0.0,0.0,0.0,0.0,0.535,0.0,0.0,0.0,0.0,0.012,0.0442,0.0,0.0357,0.668
2026-09-28T20:00:00+02:00,history,open-meteo historical API,14.9,0,0.0,22.87,21.0,home,1.0,0.0,0,0,0.0364,0.0,0.0,0.0,0.0,0.321,0.624,0.0,0.0,0.0,0.011,0.102,0.0,0.038,1.1324
2026-09-28T21:00:00+02:00,history,open-meteo historical API,14.2,0,0.0,23.0,21.0,home,1.0,0.0,0,0,0.0602,0.0,0.0,0.0,0.0,0.0,0.1383,0.0,0.0,0.0149,0.01,0.098,0.015,0.038,0.3744
2026-09-28T22:00:00+02:00,history,open-meteo historical API,13.7,0,0.0,23.03,19.5,home,1.0,0.0,0,0,0.0459,0.0,0.0,0.0,0.0,0.0,0.085,0.644,0.0,0.0347,0.009,0.0752,0.0183,0.038,0.9501
2026-09-28T23:00:00+02:00,history,open-meteo historical API,13.0,0,0.0,23.15,18.0,home,1.0,0.0,0,0,0.0332,0.0,0.0,0.0,0.0,0.0,0.0,0.5422,0.0,0.0,0.013,0.0,0.027,0.03,0.6454
2026-09-29T00:00:00+02:00,future,open-meteo forecast,13.0,0,0.0,23.09,18.0,home,1.0,0.0,0,0,0.0523,0.0,0.0,0.0,0.0,0.0,0.0,0.0018,0.0,0.0,0.012,0.0,0.0077,0.03,0.1038
2026-09-29T01:00:00+02:00,future,open-meteo forecast,12.3,0,0.0,22.89,18.0,home,1.0,0.0,0,0,0.0459,0.0,0.0,0.0,0.0,0.0,0.0,0.0,0.0,0.0,0.011,0.0,0.0,0.03,0.0869
2026-09-29T02:00:00+02:00,future,open-meteo forecast,11.7,0,0.0,22.67,18.0,home,1.0,0.0,0,0,0.0301,0.0,0.0,0.0,0.0,0.0,0.0,0.0,0.0,0.0,0.01,0.0,0.0,0.03,0.0701
2026-09-29T03:00:00+02:00,future,open-meteo forecast,11.4,0,0.0,22.44,18.0,home,1.0,0.0,0,0,0.0523,0.0,0.0,0.0,0.0,0.0,0.0,0.0,0.0,0.0,0.009,0.0,0.0,0.03,0.0913
2026-09-29T04:00:00+02:00,future,open-meteo forecast,10.9,0,0.0,22.22,18.0,home,1.0,0.0,0,0,0.0459,0.0,0.0,0.1,0.0,0.0,0.0,0.0,0.0,0.0,0.013,0.0107,0.0,0.0313,0.201
2026-09-29T05:00:00+02:00,future,open-meteo forecast,10.4,0,0.0,22.1,18.0,home,0.5,0.0,0,0,0.0332,0.0,1.2,0.0,0.2067,0.0,0.0,0.0,0.0,0.0,0.012,0.0385,0.0,0.036,1.5264
2026-09-29T06:00:00+02:00,future,open-meteo forecast,9.9,0,0.0,21.86,21.0,away,0.0,0.0,0,0,0.0475,0.0,0.0,0.0,0.0,0.0,0.0,0.0,0.0,0.0,0.011,0.0,0.0,0.034,0.0925
2026-09-29T07:00:00+02:00,future,open-meteo forecast,9.9,0,5.0,21.61,21.0,away,0.0,0.0,0,0,0.0459,0.0,0.0,0.0,0.0,0.0,0.0,0.0,0.0,0.0,0.01,0.0,0.0,0.034,0.0899
2026-09-29T08:00:00+02:00,future,open-meteo forecast,11.0,0,87.0,21.44,21.0,away,0.0,0.0,0,0,0.0269,0.0,0.0,0.0,0.0,0.0,0.0,0.0,0.0,0.0,0.009,0.0,0.0,0.034,0.0699
2026-09-29T09:00:00+02:00,future,open-meteo forecast,12.8,0,218.0,21.4,21.0,away,0.0,0.0,0,0,0.0475,0.0,0.0,0.0,0.0,0.0,0.0,0.0,0.0,0.0,0.013,0.0,0.0,0.034,0.0945
2026-09-29T10:00:00+02:00,future,open-meteo forecast,14.8,0,348.0,21.49,21.0,away,0.0,0.0,0,0,0.0443,0.0,0.0,0.0,0.0,0.0,0.0,0.0,0.0,0.0,0.012,0.0,0.0,0.034,0.0903
2026-09-29T11:00:00+02:00,future,open-meteo forecast,16.9,0,452.0,21.69,21.0,away,0.0,0.0,0,0,0.0301,0.0,0.0,0.0,0.0,0.0,0.0,0.0,0.0,0.0,0.011,0.0,0.0,0.034,0.0751
2026-09-29T12:00:00+02:00,future,open-meteo forecast,18.4,0,519.0,21.97,21.0,away,0.0,0.0,0,0,0.0507,0.0,0.0,0.0,0.0,0.0,0.0,0.0,0.0,0.0,0.01,0.0,0.0,0.034,0.0947
2026-09-29T13:00:00+02:00,future,open-meteo forecast,19.4,0,540.0,22.28,21.0,away,0.0,0.0,0,0,0.0443,0.0,0.0,0.0,0.0,0.0,0.0,0.0,0.0,0.0,0.009,0.0,0.0,0.034,0.0873
2026-09-29T14:00:00+02:00,future,open-meteo forecast,20.0,0,512.0,22.59,21.0,away,0.0,0.0,0,0,0.0332,0.0,0.0,0.0,0.0,0.0,0.0,0.0,0.0,0.0,0.013,0.0,0.0,0.034,0.0803
2026-09-29T15:00:00+02:00,future,open-meteo forecast,20.3,0,440.0,22.85,21.0,away,0.0,0.0,0,0,0.0475,0.0,0.0,0.0,0.0,0.0,0.0,0.0,0.0,0.0,0.012,0.0,0.0,0.034,0.0935
2026-09-29T16:00:00+02:00,future,open-meteo forecast,20.4,0,332.0,23.04,21.0,away,0.0,0.0,0,0,0.0428,0.0,0.0,0.0,0.0,0.0,0.0,0.0,0.0,0.0,0.011,0.0,0.0,0.034,0.0878
2026-09-29T17:00:00+02:00,future,open-meteo forecast,20.2,0,200.0,23.14,21.0,away,0.0,0.0,0,0,0.0332,0.0,0.0,0.0,0.0,0.0,0.0,0.0,0.0,0.0,0.01,0.0,0.0,0.034,0.0773
2026-09-29T18:00:00+02:00,future,open-meteo forecast,19.2,0,72.0,23.13,21.0,away,0.0,0.0,0,0,0.0507,0.0,0.0,0.0,0.0,0.0,0.0,0.0,0.0,0.0,0.009,0.0,0.0,0.034,0.0937
2026-09-29T19:00:00+02:00,future,open-meteo forecast,17.0,2,2.0,23.03,21.0,away,0.0,0.0,0,0,0.0428,0.0,0.0,0.0,0.0,0.0,0.0,0.0,0.0,0.0,0.013,0.0,0.0,0.034,0.0898
2026-09-29T20:00:00+02:00,future,open-meteo forecast,15.7,0,0.0,22.89,21.0,away,0.0,0.0,0,0,0.0285,0.0,0.0,0.0,0.0,0.0,0.0,0.0,0.0,0.0,0.012,0.0,0.0,0.034,0.0745
2026-09-29T21:00:00+02:00,future,open-meteo forecast,15.0,1,0.0,22.73,21.0,away,0.0,0.0,0,0,0.0538,0.0,0.0,0.0,0.0,0.0,0.0,0.0,0.0,0.0,0.011,0.0,0.0,0.034,0.0988
2026-09-29T22:00:00+02:00,future,open-meteo forecast,14.3,25,0.0,22.56,19.5,away,0.0,0.0,0,0,0.0443,0.0,0.0,0.0,0.0,0.0,0.0,0.0,0.0,0.0,0.01,0.0,0.0,0.034,0.0883
2026-09-29T23:00:00+02:00,future,open-meteo forecast,13.8,89,0.0,22.38,18.0,away,0.0,0.0,0,0,0.0301,0.0,0.0,0.0,0.0,0.0,0.0,0.0,0.0,0.0,0.009,0.0,0.0,0.034,0.0731
2026-09-30T00:00:00+02:00,future,open-meteo forecast,13.1,96,0.0,22.18,18.0,away,0.0,0.0,0,0,0.0491,0.0,0.0,0.0,0.0,0.0,0.0,0.0,0.0,0.0,0.013,0.0,0.0,0.034,0.0961
2026-09-30T01:00:00+02:00,future,open-meteo forecast,12.5,96,0.0,21.98,18.0,away,0.0,0.0,0,0,0.0428,0.0,0.0,0.0,0.0,0.0,0.0,0.0,0.0,0.0,0.012,0.0,0.0,0.034,0.0888
2026-09-30T02:00:00+02:00,future,open-meteo forecast,11.8,96,0.0,21.76,18.0,away,0.0,0.0,0,0,0.0332,0.0,0.0,0.0,0.0,0.0,0.0,0.0,0.0,0.0,0.011,0.0,0.0,0.034,0.0783
2026-09-30T03:00:00+02:00,future,open-meteo forecast,11.4,68,0.0,21.54,18.0,away,0.0,0.0,0,0,0.0491,0.0,0.0,0.0,0.0,0.0,0.0,0.0,0.0,0.0,0.01,0.0,0.0,0.034,0.0931
2026-09-30T04:00:00+02:00,future,open-meteo forecast,10.9,0,0.0,21.31,18.0,away,0.0,0.0,0,0,0.0428,0.0,0.0,0.0,0.0,0.0,0.0,0.0,0.0,0.0,0.009,0.0,0.0,0.034,0.0858
2026-09-30T05:00:00+02:00,future,open-meteo forecast,10.4,45,0.0,21.07,18.0,away,0.0,0.0,0,0,0.0285,0.0,0.0,0.0,0.0,0.0,0.0,0.0,0.0,0.0,0.013,0.0,0.0,0.034,0.0755
2026-09-30T06:00:00+02:00,future,open-meteo forecast,10.0,100,0.0,20.83,21.0,away,0.0,0.0,0,0,0.0443,0.0,0.0,0.0,0.0,0.0,0.0,0.0,0.0,0.0,0.012,0.0,0.0,0.034,0.0903
2026-09-30T07:00:00+02:00,future,open-meteo forecast,10.4,95,4.0,21.14,21.0,away,0.0,0.0,0,0,0.0428,0.4305,0.0,0.0,0.0,0.0,0.0,0.0,0.0,0.0,0.011,0.0,0.0,0.034,0.5182
2026-09-30T08:00:00+02:00,future,open-meteo forecast,11.3,21,83.0,21.14,21.0,away,0.0,0.0,0,0,0.0301,0.0,0.0,0.0,0.0,0.0,0.0,0.0,0.0,0.0,0.01,0.0,0.0,0.034,0.0741
2026-09-30T09:00:00+02:00,future,open-meteo forecast,12.9,89,210.0,21.1,21.0,away,0.0,0.0,0,0,0.0459,0.0,0.0,0.0,0.0,0.0,0.0,0.0,0.0,0.0,0.009,0.0,0.0,0.034,0.0889
2026-09-30T10:00:00+02:00,future,open-meteo forecast,14.6,99,315.0,21.18,21.0,away,0.0,0.0,0,0,0.0428,0.0,0.0,0.0,0.0,0.0,0.0,0.0,0.0,0.0,0.013,0.0,0.0,0.034,0.0898
2026-09-30T11:00:00+02:00,future,open-meteo forecast,16.6,99,427.0,21.37,21.0,away,0.0,0.0,0,0,0.0253,0.0,0.0,0.0,0.0,0.0,0.0,0.0,0.0,0.0,0.012,0.0,0.0,0.034,0.0713
2026-09-30T12:00:00+02:00,future,open-meteo forecast,18.4,100,474.0,21.63,21.0,away,0.0,0.0,0,0,0.0459,0.0,0.0,0.0,0.0,0.0,0.0,0.0,0.0,0.0,0.011,0.0,0.0,0.034,0.0909
2026-09-30T13:00:00+02:00,future,open-meteo forecast,19.4,100,482.0,21.91,21.0,away,0.0,0.0,0,0,0.0443,0.0,0.0,0.0,0.0,0.0,0.0,0.0,0.0,0.0,0.01,0.0,0.0,0.034,0.0883
2026-09-30T14:00:00+02:00,future,open-meteo forecast,19.9,100,412.0,22.16,21.0,away,0.0,0.0,0,0,0.0285,0.0,0.0,0.0,0.0,0.0,0.0,0.0,0.0,0.0,0.009,0.0,0.0,0.034,0.0715
2026-09-30T15:00:00+02:00,future,open-meteo forecast,20.3,100,343.0,22.37,21.0,away,0.0,0.0,0,0,0.0538,0.0,0.0,0.0,0.0,0.0,0.0,0.0,0.0,0.0,0.013,0.0,0.0,0.034,0.1008
2026-09-30T16:00:00+02:00,future,open-meteo forecast,20.3,100,272.0,22.53,21.0,away,0.0,0.0,0,0,0.0443,0.0,0.0,0.0,0.0,0.0,0.0,0.0,0.0,0.0,0.012,0.0,0.0,0.034,0.0903
2026-09-30T17:00:00+02:00,future,open-meteo forecast,19.4,100,168.0,22.6,21.0,away,0.0,0.0,0,0,0.0301,0.0,0.0,0.0,0.0,0.0,0.0,0.0,0.0,0.0,0.011,0.0,0.0,0.034,0.0751
2026-09-30T18:00:00+02:00,future,open-meteo forecast,17.5,100,54.5,22.56,21.0,away,0.0,0.0,0,0,0.0507,0.0,0.0,0.0,0.0,0.0,0.0,0.0,0.0,0.0,0.01,0.0,0.0,0.034,0.0947
2026-09-30T19:00:00+02:00,future,open-meteo forecast,15.6,100,1.0,22.43,21.0,away,0.0,0.0,0,0,0.0459,0.0,0.0,0.0,0.0,0.0,0.0,0.0,0.0,0.0,0.009,0.0,0.0,0.034,0.0889
2026-09-30T20:00:00+02:00,future,open-meteo forecast,14.3,100,0.0,22.27,21.0,away,0.0,0.0,0,0,0.0301,0.0,0.0,0.0,0.0,0.0,0.0,0.0,0.0,0.0,0.013,0.0,0.0,0.034,0.0771
2026-09-30T21:00:00+02:00,future,open-meteo forecast,13.7,100,0.0,22.1,21.0,away,0.0,0.0,0,0,0.0491,0.0,0.0267,0.0,0.0,0.0,0.0,0.0,0.0,0.0,0.012,0.0,0.0,0.034,0.1218
2026-09-30T22:00:00+02:00,future,open-meteo forecast,13.2,100,0.0,21.91,19.5,away,0.0,0.0,0,0,0.0443,0.0,0.8,0.0,0.0,0.0,0.0,0.0,0.0,0.0,0.011,0.0,0.0,0.034,0.8893
2026-09-30T23:00:00+02:00,future,open-meteo forecast,12.7,100,0.0,21.72,18.0,away,0.0,0.0,0,0,0.0301,0.0,0.0,0.0,0.0,0.0,0.0,0.0,0.0,0.0,0.01,0.0,0.0,0.034,0.0741
2026-10-01T00:00:00+02:00,future,open-meteo forecast,12.2,100,0.0,21.52,18.0,away,0.0,0.0,0,0,0.0475,0.0,0.0,0.0,0.0,0.0,0.0,0.0,0.0,0.0,0.009,0.0,0.0,0.034,0.0905
2026-10-01T01:00:00+02:00,future,open-meteo forecast,12.0,100,0.0,21.32,18.0,away,0.0,0.0,0,0,0.0428,0.0,0.0,0.0,0.0,0.0,0.0,0.0,0.0,0.0,0.013,0.0,0.0,0.034,0.0898
2026-10-01T02:00:00+02:00,future,open-meteo forecast,11.6,100,0.0,21.11,18.0,away,0.0,0.0,0,0,0.0285,0.0,0.0,0.0,0.0,0.0,0.0,0.0,0.0,0.0,0.012,0.0,0.0,0.034,0.0745
2026-10-01T03:00:00+02:00,future,open-meteo forecast,11.4,100,0.0,20.9,18.0,away,0.0,0.0,0,0,0.0475,0.0,0.0,0.0,0.0,0.0,0.0,0.0,0.0,0.0,0.011,0.0,0.0,0.034,0.0925
2026-10-01T04:00:00+02:00,future,open-meteo forecast,11.1,100,0.0,20.69,18.0,away,0.0,0.0,0,0,0.0412,0.0,0.0,0.0,0.0,0.0,0.0,0.0,0.0,0.0,0.01,0.0,0.0,0.034,0.0852
2026-10-01T05:00:00+02:00,future,open-meteo forecast,10.7,100,0.0,20.48,18.0,away,0.0,0.0,0,0,0.0285,0.0,0.0,0.0,0.0,0.0,0.0,0.0,0.0,0.0,0.009,0.0,0.0,0.034,0.0715
2026-10-01T06:00:00+02:00,future,open-meteo forecast,10.4,100,0.0,21.08,21.0,away,0.0,0.0,0,0,0.0475,0.6682,0.0,0.0,0.0,0.0,0.0,0.0,0.0,0.0,0.013,0.0,0.0,0.034,0.7627
2026-10-01T07:00:00+02:00,future,open-meteo forecast,10.3,100,3.0,21.09,21.0,away,0.0,0.0,0,0,0.0443,0.0,0.0,0.0,0.0,0.0,0.0,0.0,0.0,0.0,0.012,0.0,0.0,0.034,0.0903
2026-10-01T08:00:00+02:00,future,open-meteo forecast,11.0,100,68.0,20.92,21.0,away,0.0,0.0,0,0,0.0285,0.0,0.0,0.0,0.0,0.0,0.0,0.0,0.0,0.0,0.011,0.0,0.0,0.034,0.0735
2026-10-01T09:00:00+02:00,future,open-meteo forecast,12.4,98,183.0,20.86,21.0,away,0.0,0.0,0,0,0.0459,0.0,0.0,0.0,0.0,0.0,0.0,0.0,0.0,0.0,0.01,0.0,0.0,0.034,0.0899
2026-10-01T10:00:00+02:00,future,open-meteo forecast,14.0,98,271.0,20.9,21.0,away,0.0,0.0,0,0,0.0443,0.0,0.0,0.0,0.0,0.0,0.0,0.0,0.0,0.0,0.009,0.0,0.0,0.034,0.0873
2026-10-01T11:00:00+02:00,future,open-meteo forecast,15.9,98,397.0,21.06,21.0,away,0.0,0.0,0,0,0.0301,0.0,0.0,0.0,0.0,0.0,0.0,0.0,0.0,0.0,0.013,0.0,0.0,0.034,0.0771
2026-10-01T12:00:00+02:00,future,open-meteo forecast,17.3,96,452.0,21.29,21.0,away,0.0,0.0,0,0,0.0491,0.0,0.0,0.0,0.0,0.0,0.0,0.0,0.0,0.0,0.012,0.0,0.0,0.034,0.0951
2026-10-01T13:00:00+02:00,future,open-meteo forecast,18.2,93,502.0,21.56,21.0,away,0.0,0.0,0,0,0.0412,0.0,0.0,0.0,0.0,0.0,0.0,0.0,0.0,0.0,0.011,0.0,0.0,0.034,0.0862
2026-10-01T14:00:00+02:00,future,open-meteo forecast,18.5,77,469.0,21.82,21.0,away,0.0,0.0,0,0,0.0301,0.0,0.0,0.0,0.0,0.0,0.0,0.0,0.0,0.0,0.01,0.0,0.0,0.034,0.0741
2026-10-01T15:00:00+02:00,future,open-meteo forecast,18.7,52,432.0,22.05,21.0,away,0.0,0.0,0,0,0.0507,0.0,0.0,0.0,0.0,0.0,0.0,0.0,0.0,0.0,0.009,0.0,0.0,0.034,0.0937
2026-10-01T16:00:00+02:00,future,open-meteo forecast,18.4,20,331.0,22.2,21.0,away,0.0,0.0,0,0,0.0459,0.0,0.0,0.0,0.0,0.0,0.0,0.0,0.0,0.0,0.013,0.0,0.0,0.034,0.0929
2026-10-01T17:00:00+02:00,future,open-meteo forecast,17.7,13,200.0,22.26,21.0,away,0.0,0.0,0,0,0.0317,0.0,0.0,0.0,0.0,0.0,0.0,0.0,0.0,0.0,0.012,0.0,0.0,0.034,0.0777
2026-10-01T18:00:00+02:00,future,open-meteo forecast,16.0,1,64.0,22.19,21.0,away,0.0,0.0,0,0,0.0475,0.0,0.0,0.0,0.0,0.0,0.0,0.0,0.0,0.0,0.011,0.0,0.0,0.034,0.0925
2026-10-01T19:00:00+02:00,future,open-meteo forecast,14.7,0,1.0,22.05,21.0,away,0.0,0.0,0,0,0.0412,0.0,0.0,0.0,0.0,0.0,0.0,0.0,0.0,0.0,0.01,0.0,0.0,0.034,0.0852
2026-10-01T20:00:00+02:00,future,open-meteo forecast,13.9,0,0.0,21.88,21.0,away,0.0,0.0,0,0,0.0317,0.0,0.0,0.0,0.0,0.0,0.0,0.0,0.0,0.0,0.009,0.0,0.0,0.034,0.0747
2026-10-01T21:00:00+02:00,future,open-meteo forecast,13.1,0,0.0,21.7,21.0,away,0.0,0.0,0,0,0.0475,0.0,0.0,0.0,0.0,0.0,0.0,0.0,0.0,0.0,0.013,0.0,0.0,0.034,0.0945
2026-10-01T22:00:00+02:00,future,open-meteo forecast,12.6,0,0.0,21.51,19.5,away,0.0,0.0,0,0,0.0412,0.0,0.0,0.0,0.0,0.0,0.0,0.0,0.0,0.0,0.012,0.0,0.0,0.034,0.0872
2026-10-01T23:00:00+02:00,future,open-meteo forecast,12.0,0,0.0,21.31,18.0,away,0.0,0.0,0,0,0.0301,0.0,0.0,0.0,0.0,0.0,0.0,0.0,0.0,0.0,0.011,0.0,0.0,0.034,0.0751
2026-10-02T00:00:00+02:00,future,open-meteo forecast,11.4,0,0.0,21.1,18.0,away,0.0,0.0,0,0,0.0475,0.0,0.0,0.0,0.0,0.0,0.0,0.0,0.0,0.0,0.01,0.0,0.0,0.034,0.0915
2026-10-02T01:00:00+02:00,future,open-meteo forecast,10.9,0,0.0,20.88,18.0,away,0.0,0.0,0,0,0.0412,0.0,0.0,0.0,0.0,0.0,0.0,0.0,0.0,0.0,0.009,0.0,0.0,0.034,0.0842
2026-10-02T02:00:00+02:00,future,open-meteo forecast,10.4,0,0.0,20.65,18.0,away,0.0,0.0,0,0,0.0269,0.0,0.0,0.0,0.0,0.0,0.0,0.0,0.0,0.0,0.013,0.0,0.0,0.034,0.0739
2026-10-02T03:00:00+02:00,future,open-meteo forecast,9.9,0,0.0,20.42,18.0,away,0.0,0.0,0,0,0.0475,0.0,0.0,0.0,0.0,0.0,0.0,0.0,0.0,0.0,0.012,0.0,0.0,0.034,0.0935
2026-10-02T04:00:00+02:00,future,open-meteo forecast,9.5,0,0.0,20.18,18.0,away,0.0,0.0,0,0,0.0412,0.0,0.0,0.0,0.0,0.0,0.0,0.0,0.0,0.0,0.011,0.0,0.0,0.034,0.0862
2026-10-02T05:00:00+02:00,future,open-meteo forecast,9.3,0,0.0,19.94,18.0,away,0.0,0.0,0,0,0.0269,0.0,0.0,0.0,0.0,0.0,0.0,0.0,0.0,0.0,0.01,0.0,0.0,0.034,0.0709
2026-10-02T06:00:00+02:00,future,open-meteo forecast,9.1,0,0.0,20.85,21.0,away,0.0,0.0,0,0,0.0459,1.0859,0.0,0.0,0.0,0.0,0.0,0.0,0.0,0.0,0.009,0.0,0.0,0.034,1.1748
2026-10-02T07:00:00+02:00,future,open-meteo forecast,9.1,0,1.0,21.1,21.0,away,0.0,0.0,0,0,0.0428,0.0,0.0,0.0,0.0,0.0,0.0,0.0,0.0,0.0,0.013,0.0,0.0,0.034,0.0898
2026-10-02T08:00:00+02:00,future,open-meteo forecast,9.7,0,80.0,20.91,21.0,away,0.0,0.0,0,0,0.0301,0.0,0.0,0.0,0.0,0.0,0.0,0.0,0.0,0.0,0.012,0.0,0.0,0.034,0.0761
2026-10-02T09:00:00+02:00,future,open-meteo forecast,11.2,2,226.0,20.84,21.0,away,0.0,0.0,0,0,0.0459,0.0,0.0,0.0,0.0,0.0,0.0,0.0,0.0,0.0,0.011,0.0,0.0,0.034,0.0909
2026-10-02T10:00:00+02:00,future,open-meteo forecast,13.4,4,357.0,20.91,21.0,away,0.0,0.0,0,0,0.0443,0.0,0.0,0.0,0.0,0.0,0.0,0.0,0.0,0.0,0.01,0.0,0.0,0.034,0.0883
2026-10-02T11:00:00+02:00,future,open-meteo forecast,15.3,5,460.0,21.1,21.0,away,0.0,0.0,0,0,0.0269,0.0,0.0,0.0,0.0,0.0,0.0,0.0,0.0,0.0,0.009,0.0,0.0,0.034,0.0699
2026-10-02T12:00:00+02:00,future,open-meteo forecast,16.8,4,534.0,21.36,21.0,away,0.0,0.0,0,0,0.0459,0.0,0.0,0.0,0.0,0.0,0.0,0.0,0.0,0.0,0.013,0.0,0.0,0.034,0.0929
2026-10-02T13:00:00+02:00,future,open-meteo forecast,18.0,2,553.0,21.66,21.0,away,0.0,0.0,0,0,0.0459,0.0,0.0,0.0,0.0,0.0,0.0,0.0,0.0,0.0,0.012,0.0,0.0,0.034,0.0919
2026-10-02T14:00:00+02:00,future,open-meteo forecast,18.8,0,523.0,21.95,21.0,away,0.0,0.0,0,0,0.0317,0.0,0.8,0.0,0.0,0.0,0.0,0.0,0.0,0.0,0.011,0.0,0.0,0.034,0.8767
2026-10-02T15:00:00+02:00,future,open-meteo forecast,19.0,0,441.0,22.2,21.0,away,0.0,0.0,0,0,0.0491,0.0,0.0267,0.0,0.0,0.0,0.0,0.0,0.0,0.0,0.01,0.0,0.0,0.034,0.1198
2026-10-02T16:00:00+02:00,future,open-meteo forecast,18.7,0,337.0,22.36,21.0,away,0.0,0.0,0,0,0.0459,0.0,0.0,0.0,0.0,0.0,0.0,0.0,0.0,0.0,0.009,0.0,0.0,0.034,0.0889
2026-10-02T17:00:00+02:00,future,open-meteo forecast,18.0,0,206.0,22.42,21.0,away,0.0,0.0,0,0,0.0285,0.0,0.0,0.0,0.0,0.0,0.0,0.0,0.0,0.0,0.013,0.0,0.0,0.034,0.0755
2026-10-02T18:00:00+02:00,future,open-meteo forecast,16.9,0,60.0,22.37,21.0,away,0.0,0.0,0,0,0.0491,0.0,0.0,0.0,0.0,0.0,0.0,0.0,0.0,0.0,0.012,0.0,0.0,0.034,0.0951
2026-10-02T19:00:00+02:00,future,open-meteo forecast,15.3,0,0.0,22.24,21.0,away,0.0,0.0,0,0,0.0459,0.0,0.0,0.0,0.0,0.0,0.0,0.0,0.0,0.0,0.011,0.0,0.0,0.034,0.0909
2026-10-02T20:00:00+02:00,future,open-meteo forecast,13.9,0,0.0,22.07,21.0,away,0.0,0.0,0,0,0.0285,0.0,0.0,0.0,0.0,0.0,0.0,0.0,0.0,0.0,0.01,0.0,0.0,0.034,0.0725
2026-10-02T21:00:00+02:00,future,open-meteo forecast,12.9,0,0.0,21.88,21.0,away,0.0,0.0,0,0,0.0507,0.0,0.0,0.0,0.0,0.0,0.0,0.0,0.0,0.0,0.009,0.0,0.0,0.034,0.0937
2026-10-02T22:00:00+02:00,future,open-meteo forecast,12.0,0,0.0,21.67,19.5,away,0.0,0.0,0,0,0.0443,0.0,0.0,0.0,0.0,0.0,0.0,0.0,0.0,0.0,0.013,0.0,0.0,0.034,0.0913
2026-10-02T23:00:00+02:00,future,open-meteo forecast,11.2,0,0.0,21.44,18.0,away,0.0,0.0,0,0,0.0285,0.0,0.0,0.0,0.0,0.0,0.0,0.0,0.0,0.0,0.012,0.0,0.0,0.034,0.0745
2026-10-03T00:00:00+02:00,future,open-meteo forecast,10.6,0,0.0,21.21,18.0,away,0.0,0.0,0,0,0.0475,0.0,0.0,0.0,0.0,0.0,0.0,0.0,0.0,0.0,0.011,0.0,0.0,0.034,0.0925
2026-10-03T01:00:00+02:00,future,open-meteo forecast,10.1,0,0.0,20.96,18.0,away,0.0,0.0,0,0,0.0443,0.0,0.0,0.0,0.0,0.0,0.0,0.0,0.0,0.0,0.01,0.0,0.0,0.034,0.0883
2026-10-03T02:00:00+02:00,future,open-meteo forecast,9.6,0,0.0,20.71,18.0,away,0.0,0.0,0,0,0.0269,0.0,0.0,0.0,0.0,0.0,0.0,0.0,0.0,0.0,0.009,0.0,0.0,0.034,0.0699
2026-10-03T03:00:00+02:00,future,open-meteo forecast,9.1,0,0.0,20.45,18.0,away,0.0,0.0,0,0,0.0475,0.0,0.0,0.0,0.0,0.0,0.0,0.0,0.0,0.0,0.013,0.0,0.0,0.034,0.0945
2026-10-03T04:00:00+02:00,future,open-meteo forecast,8.6,0,0.0,20.19,18.0,away,0.0,0.0,0,0,0.0412,0.0,0.0,0.0,0.0,0.0,0.0,0.0,0.0,0.0,0.012,0.0,0.0,0.034,0.0872
2026-10-03T05:00:00+02:00,future,open-meteo forecast,8.2,0,0.0,19.92,18.0,away,0.0,0.0,0,0,0.0269,0.0,0.0,0.0,0.0,0.0,0.0,0.0,0.0,0.0,0.011,0.0,0.0,0.034,0.0719
2026-10-03T06:00:00+02:00,future,open-meteo forecast,8.0,0,0.0,20.82,21.0,away,0.0,0.0,0,0,0.0491,1.1653,0.0,0.0,0.0,0.0,0.0,0.0,0.0,0.0,0.01,0.0,0.0,0.034,1.2584
2026-10-03T07:00:00+02:00,future,open-meteo forecast,7.9,0,1.0,21.09,21.0,away,0.0,0.0,0,0,0.0443,0.0,0.0,0.0,0.0,0.0,0.0,0.0,0.0,0.0,0.009,0.0,0.0,0.034,0.0873
2026-10-03T08:00:00+02:00,future,open-meteo forecast,8.6,0,74.0,20.87,21.0,away,0.0,0.0,0,0,0.0317,0.0,0.0,0.0,0.0,0.0,0.0,0.0,0.0,0.0,0.013,0.0,0.0,0.034,0.0787
2026-10-03T09:00:00+02:00,future,open-meteo forecast,10.7,0,219.0,20.79,21.0,away,0.0,0.0,0,0,0.0428,0.0,0.0,0.0,0.0,0.0,0.0,0.0,0.0,0.0,0.012,0.0,0.0,0.034,0.0888
2026-10-03T10:00:00+02:00,future,open-meteo forecast,13.5,0,348.0,20.86,21.0,away,0.0,0.0,0,0,0.0428,0.0,0.0,0.0,0.0,0.0,0.0,0.0,0.0,0.0,0.011,0.0,0.0,0.034,0.0878
2026-10-03T11:00:00+02:00,future,open-meteo forecast,15.8,1,450.0,21.05,21.0,away,0.0,0.0,0,0,0.0269,0.0,0.0,0.0,0.0,0.0,0.0,0.0,0.0,0.0,0.01,0.0,0.0,0.034,0.0709
2026-10-03T12:00:00+02:00,future,open-meteo forecast,17.1,3,522.0,21.31,21.0,away,0.0,0.0,0,0,0.0507,0.0,0.0,0.0,0.0,0.0,0.0,0.0,0.0,0.0,0.009,0.0,0.0,0.034,0.0937
2026-10-03T13:00:00+02:00,future,open-meteo forecast,17.9,7,540.0,21.6,21.0,away,0.0,0.0,0,0,0.0443,0.0,0.0,0.0,0.0,0.0,0.0,0.0,0.0,0.0,0.013,0.0,0.0,0.034,0.0913
2026-10-03T14:00:00+02:00,future,open-meteo forecast,18.3,16,510.0,21.88,21.0,away,0.0,0.0,0,0,0.0301,0.0,0.0,0.0,0.0,0.0,0.0,0.0,0.0,0.0,0.012,0.0,0.0,0.034,0.0761
2026-10-03T15:00:00+02:00,future,open-meteo forecast,18.3,33,428.0,22.09,21.0,away,0.0,0.0,0,0,0.0443,0.0,0.0,0.0,0.0,0.0,0.0,0.0,0.0,0.0,0.011,0.0,0.0,0.034,0.0893
2026-10-03T16:00:00+02:00,future,open-meteo forecast,18.1,54,326.0,22.24,21.0,away,0.0,0.0,0,0,0.0428,0.0,0.0,0.0,0.0,0.0,0.0,0.0,0.0,0.0,0.01,0.0,0.0,0.034,0.0868
2026-10-03T17:00:00+02:00,future,open-meteo forecast,17.5,72,196.0,22.28,21.0,away,0.0,0.0,0,0,0.0285,0.0,0.0,0.0,0.0,0.0,0.0,0.0,0.0,0.0,0.009,0.0,0.0,0.034,0.0715
2026-10-03T18:00:00+02:00,future,open-meteo forecast,16.5,84,54.0,22.22,21.0,away,0.0,0.0,0,0,0.0491,0.0,0.0,0.0,0.0,0.0,0.0,0.0,0.0,0.0,0.013,0.0,0.0,0.034,0.0961
2026-10-03T19:00:00+02:00,future,open-meteo forecast,15.3,94,0.0,22.09,21.0,away,0.0,0.0,0,0,0.0428,0.0,0.0,0.0,0.0,0.0,0.0,0.0,0.0,0.0,0.012,0.0,0.0,0.034,0.0888
2026-10-03T20:00:00+02:00,future,open-meteo forecast,14.1,100,0.0,21.93,21.0,away,0.0,0.0,0,0,0.0301,0.0,0.0,0.0,0.0,0.0,0.0,0.0,0.0,0.0,0.011,0.0,0.0,0.034,0.0751
2026-10-03T21:00:00+02:00,future,open-meteo forecast,13.1,100,0.0,21.75,21.0,away,0.0,0.0,0,0,0.0507,0.0,0.0,0.0,0.0,0.0,0.0,0.0,0.0,0.0,0.01,0.0,0.0,0.034,0.0947
2026-10-03T22:00:00+02:00,future,open-meteo forecast,12.1,100,0.0,21.54,19.5,away,0.0,0.0,0,0,0.0428,0.0,0.0,0.0,0.0,0.0,0.0,0.0,0.0,0.0,0.009,0.0,0.0,0.034,0.0858
2026-10-03T23:00:00+02:00,future,open-meteo forecast,11.3,100,0.0,21.33,18.0,away,0.0,0.0,0,0,0.0285,0.0,0.0,0.0,0.0,0.0,0.0,0.0,0.0,0.0,0.013,0.0,0.0,0.034,0.0755
2026-10-04T00:00:00+02:00,future,open-meteo forecast,11.3,100,0.0,21.11,18.0,away,0.0,0.0,0,0,0.0475,0.0,0.0,0.0,0.0,0.0,0.0,0.0,0.0,0.0,0.012,0.0,0.0,0.034,0.0935
2026-10-04T01:00:00+02:00,future,open-meteo forecast,10.8,100,0.0,20.89,18.0,away,0.0,0.0,0,0,0.0428,0.0,0.0,0.0,0.0,0.0,0.0,0.0,0.0,0.0,0.011,0.0,0.0,0.034,0.0878
2026-10-04T02:00:00+02:00,future,open-meteo forecast,10.3,100,0.0,20.66,18.0,away,0.0,0.0,0,0,0.0253,0.0,1.2,0.0,0.0,0.0,0.0,0.0,0.0,0.0,0.01,0.0,0.0,0.034,1.2693
2026-10-04T03:00:00+02:00,future,open-meteo forecast,10.0,100,0.0,20.42,18.0,away,0.0,0.0,0,0,0.0428,0.0,0.0,0.0,0.0,0.0,0.0,0.0,0.0,0.0,0.009,0.0,0.0,0.034,0.0858
2026-10-04T04:00:00+02:00,future,open-meteo forecast,9.6,100,0.0,20.18,18.0,away,0.0,0.0,0,0,0.0443,0.0,0.0,0.0,0.0,0.0,0.0,0.0,0.0,0.0,0.013,0.0,0.0,0.034,0.0913
2026-10-04T05:00:00+02:00,future,open-meteo forecast,9.4,100,0.0,19.95,18.0,away,0.0,0.0,0,0,0.0285,0.0,0.0,0.0,0.0,0.0,0.0,0.0,0.0,0.0,0.012,0.0,0.0,0.034,0.0745
2026-10-04T06:00:00+02:00,future,open-meteo forecast,9.3,100,0.0,20.87,21.0,away,0.0,0.0,0,0,0.0475,1.0768,0.0,0.0,0.0,0.0,0.0,0.0,0.0,0.0,0.011,0.0,0.0,0.034,1.1693
2026-10-04T07:00:00+02:00,future,open-meteo forecast,9.4,100,0.0,21.12,21.0,away,0.0,0.0,0,0,0.0428,0.0,0.0,0.0,0.0,0.0,0.0,0.0,0.0,0.0,0.01,0.0,0.0,0.034,0.0868
2026-10-04T08:00:00+02:00,future,open-meteo forecast,9.8,98,60.0,20.91,21.0,away,0.0,0.0,0,0,0.0285,0.0,0.0,0.0,0.0,0.0,0.0,0.0,0.0,0.0,0.009,0.0,0.0,0.034,0.0715
2026-10-04T09:00:00+02:00,future,open-meteo forecast,10.7,93,136.0,20.78,21.0,away,0.0,0.0,0,0,0.0507,0.0,0.0,0.0,0.0,0.0,0.0,0.0,0.0,0.0,0.013,0.0,0.0,0.034,0.0977
2026-10-04T10:00:00+02:00,future,open-meteo forecast,12.0,86,212.0,20.73,21.0,away,0.0,0.0,0,0,0.0428,0.0,0.0,0.0,0.0,0.0,0.0,0.0,0.0,0.0,0.012,0.0,0.0,0.034,0.0888
2026-10-04T11:00:00+02:00,future,open-meteo forecast,13.6,77,270.0,20.75,21.0,away,0.0,0.0,0,0,0.0253,0.0,0.0,0.0,0.0,0.0,0.0,0.0,0.0,0.0,0.011,0.0,0.0,0.034,0.0703
2026-10-04T12:00:00+02:00,future,open-meteo forecast,15.1,68,310.0,20.84,21.0,away,0.0,0.0,0,0,0.0491,0.0,0.0,0.0,0.0,0.0,0.0,0.0,0.0,0.0,0.01,0.0,0.0,0.034,0.0931
2026-10-04T13:00:00+02:00,future,open-meteo forecast,16.3,59,329.0,20.97,21.0,away,0.0,0.0,0,0,0.0428,0.0,0.0,0.0,0.0,0.0,0.0,0.0,0.0,0.0,0.009,0.0,0.0,0.034,0.0858
2026-10-04T14:00:00+02:00,future,open-meteo forecast,17.0,51,326.0,21.12,21.0,away,0.0,0.0,0,0,0.0285,0.0,0.0,0.0,0.0,0.0,0.0,0.0,0.0,0.0,0.013,0.0,0.0,0.034,0.0755
2026-10-04T15:00:00+02:00,future,open-meteo forecast,17.0,42,351.0,21.27,21.0,away,0.0,0.0,0,0,0.0507,0.0,0.0,0.0,0.0,0.0,0.0,0.0,0.0,0.0,0.012,0.0,0.0,0.034,0.0967
2026-10-04T16:00:00+02:00,future,open-meteo forecast,16.6,30,275.0,21.36,21.0,away,0.0,0.0,0,0,0.0428,0.0,0.0,0.0,0.0,0.0,0.0,0.0,0.0,0.0,0.011,0.0,0.0,0.034,0.0878
2026-10-04T17:00:00+02:00,future,open-meteo forecast,15.8,19,166.0,21.37,21.0,away,0.0,0.0,0,0,0.0285,0.0,0.0,0.0,0.0,0.0,0.0,0.0,0.0,0.0,0.01,0.0,0.0,0.034,0.0725
2026-10-04T18:00:00+02:00,future,open-meteo forecast,14.9,9,42.0,21.28,21.0,away,0.0,0.0,0,0,0.0475,0.0,0.0,0.0,0.0,0.0,0.0,0.0,0.0,0.0,0.009,0.0,0.0,0.034,0.0905
2026-10-04T19:00:00+02:00,future,open-meteo forecast,14.0,4,0.0,21.14,21.0,away,0.0,0.0,0,0,0.0443,0.0,0.0,0.0,0.0,0.0,0.0,0.0,0.0,0.0,0.013,0.0,0.0,0.034,0.0913
2026-10-04T20:00:00+02:00,future,open-meteo forecast,13.3,4,0.0,20.99,21.0,away,0.0,0.0,0,0,0.0269,0.0,0.0,0.0,0.0,0.0,0.0,0.0,0.0,0.0,0.012,0.0,0.0,0.034,0.0729
2026-10-04T21:00:00+02:00,future,open-meteo forecast,12.6,13,0.0,20.81,21.0,away,0.0,0.0,0,0,0.0459,0.0,0.0,0.0,0.0,0.0,0.0,0.0,0.0,0.0,0.011,0.0,0.0,0.034,0.0909
2026-10-04T22:00:00+02:00,future,open-meteo forecast,11.8,31,0.0,21.1,19.5,away,0.08,0.0,0,0,0.0428,0.4109,0.0,0.0,0.0,0.0,0.0,0.0,0.0,0.0,0.01,0.0045,0.0,0.0343,0.5025
2026-10-04T23:00:00+02:00,future,open-meteo forecast,11.0,53,0.0,21.1,18.0,home,1.0,0.0,0,0,0.0301,0.0,0.0,0.0,0.0,0.0,0.0,0.0,0.0,0.0,0.009,0.0324,0.0067,0.034,0.1121
2026-10-05T00:00:00+02:00,future,open-meteo forecast,10.3,74,0.0,20.9,18.0,home,1.0,0.0,0,0,0.0475,0.0,0.0,0.0,0.0,0.0,0.0,0.0,0.0,0.0,0.013,0.0,0.008,0.03,0.0985
2026-10-05T01:00:00+02:00,future,open-meteo forecast,9.8,90,0.0,20.69,18.0,home,1.0,0.0,0,0,0.0428,0.0,0.0,0.0,0.0,0.0,0.0,0.0,0.0,0.0,0.012,0.0,0.0,0.03,0.0848
2026-10-05T02:00:00+02:00,future,open-meteo forecast,9.4,98,0.0,20.46,18.0,home,1.0,0.0,0,0,0.0269,0.0,0.0,0.0,0.0,0.0,0.0,0.0,0.0,0.0,0.011,0.0,0.0,0.03,0.0679
2026-10-05T03:00:00+02:00,future,open-meteo forecast,9.3,94,0.0,20.24,18.0,home,1.0,0.0,0,0,0.0459,0.0,0.0,0.0,0.0,0.0,0.0,0.0,0.0,0.0,0.01,0.0,0.0,0.03,0.0859
2026-10-05T04:00:00+02:00,future,open-meteo forecast,9.4,82,0.0,20.03,18.0,home,1.0,0.0,0,0,0.0396,0.0,0.0,0.0,0.0,0.0,0.0,0.0,0.0,0.0,0.009,0.0,0.0,0.03,0.0786
2026-10-05T05:00:00+02:00,future,open-meteo forecast,9.6,66,0.0,19.83,18.0,home,1.0,0.0,0,0,0.0301,0.0,0.0,0.0,0.0,0.0,0.0,0.0,0.0,0.0,0.013,0.0,0.0,0.03,0.0731
2026-10-05T06:00:00+02:00,future,open-meteo forecast,10.0,48,0.0,20.84,21.0,home,1.0,0.0,0,0,0.0443,1.0833,0.0,0.0,0.0,0.0,0.0,0.0,0.0,0.0,0.012,0.0,0.0,0.03,1.1696
2026-10-05T07:00:00+02:00,future,open-meteo forecast,10.4,34,0.0,21.22,21.0,home,1.0,0.0,0,0,0.0475,0.0,1.0933,0.1333,0.129,0.0,0.0,0.0,0.0,0.0,0.011,0.0,0.0,0.038,1.4522
2026-10-05T08:00:00+02:00,future,open-meteo forecast,10.9,25,42.0,21.26,21.0,home,1.0,0.0,0,0,0.0364,0.0,0.1867,0.0,0.0,0.0,0.5448,0.0,0.0,0.0253,0.01,0.0,0.0,0.038,0.8413
2026-10-05T09:00:00+02:00,future,open-meteo forecast,11.7,23,133.0,21.28,21.0,home,1.0,0.0,0,0,0.0523,0.0,0.0,0.0,0.0,0.0,0.1358,0.0,0.0,0.0526,0.009,0.0,0.0,0.038,0.2877
2026-10-05T10:00:00+02:00,future,open-meteo forecast,12.7,25,218.0,21.39,21.0,home,1.0,0.0,0,0,0.0459,0.0,0.0,0.0,0.0,0.0,0.5007,0.0,0.0,0.0604,0.013,0.0,0.0,0.038,0.658
2026-10-05T11:00:00+02:00,future,open-meteo forecast,13.8,30,286.0,21.64,21.0,home,1.0,0.0,0,0,0.0364,0.0,0.0,0.0,0.0,0.0,0.135,0.0,0.0,0.0526,0.012,0.0,0.0,0.038,0.274
2026-10-05T12:00:00+02:00,future,open-meteo forecast,14.8,36,332.0,21.87,21.0,home,1.0,0.0,0,0,0.057,0.0,0.0,0.1667,0.1707,0.0,0.0783,0.0,0.0,0.0151,0.011,0.0,0.0,0.038,0.5368
2026-10-05T13:00:00+02:00,future,open-meteo forecast,15.5,43,351.0,22.11,21.0,home,1.0,0.0,0,0,0.0459,0.0,0.0,0.0,0.0,0.0,0.0,0.0,0.0,0.0515,0.01,0.0,0.0,0.038,0.1455
2026-10-05T14:00:00+02:00,future,open-meteo forecast,15.9,48,342.0,22.25,21.0,home,1.0,0.0,0,0,0.038,0.0,0.0,0.0,0.0,0.0,0.0,0.0,0.0,0.0,0.009,0.0,0.0,0.038,0.085
2026-10-05T15:00:00+02:00,future,open-meteo forecast,15.7,53,325.0,23.3,21.0,home,1.0,0.0,0,0,0.0538,0.8,0.0,0.0,0.0,0.0,0.0,0.0,0.0,0.0238,0.013,0.0,0.0,0.038,0.9287
2026-10-05T16:00:00+02:00,future,open-meteo forecast,15.1,59,249.0,23.62,21.0,home,1.0,0.0,0,0,0.0491,0.0,0.0,0.0,0.0,0.0,0.0,0.0,0.0,0.0472,0.012,0.0,0.0,0.038,0.1463
2026-10-05T17:00:00+02:00,future,open-meteo forecast,14.3,65,147.0,23.47,21.0,home,1.0,0.0,0,0,0.0459,0.0,0.0,0.0,0.0,0.0,0.0,0.0,0.0,0.0715,0.011,0.034,0.0,0.038,0.2004
2026-10-05T18:00:00+02:00,future,open-meteo forecast,13.3,71,35.0,23.37,21.0,home,0.67,0.0,0,0,0.0744,0.0,0.0,0.0,0.0,0.0,0.0,0.0,0.0,0.0228,0.01,0.0653,0.0,0.0367,0.2093
2026-10-05T19:00:00+02:00,future,open-meteo forecast,12.4,76,0.0,23.16,21.0,away,0.0,0.0,0,0,0.0554,0.0,0.0,0.0,0.0,0.0,0.0,0.0,0.0,0.0,0.009,0.0,0.0,0.034,0.0984
2026-10-05T20:00:00+02:00,future,open-meteo forecast,11.7,79,0.0,22.92,21.0,away,0.0,0.0,0,0,0.0507,0.0,0.0,0.0,0.0,0.0,0.0,0.0,0.0,0.0,0.013,0.0,0.0,0.034,0.0977
2026-10-05T21:00:00+02:00,future,open-meteo forecast,11.2,81,0.0,22.68,21.0,home,0.67,0.0,0,0,0.0554,0.0,0.9333,0.0,0.0,0.0,0.0,0.0,0.0,0.0,0.012,0.072,0.0,0.0367,1.1094
2026-10-05T22:00:00+02:00,future,open-meteo forecast,10.7,81,0.0,22.49,19.5,home,1.0,0.0,0,0,0.0459,0.0,0.1067,0.0,0.0,0.0,0.0,0.0,0.0,0.0,0.011,0.0832,0.0,0.038,0.2848
2026-10-05T23:00:00+02:00,future,open-meteo forecast,10.3,80,0.0,22.27,18.0,home,1.0,0.0,0,0,0.0332,0.0,0.0,0.0,0.0,0.0,0.0,0.0,0.0,0.0,0.01,0.015,0.0198,0.032,0.11
2026-10-06T00:00:00+02:00,future,open-meteo forecast,9.9,79,0.0,22.03,18.0,home,1.0,0.0,0,0,0.0491,0.0,0.0,0.0,0.0,0.0,0.0,0.0,0.0,0.0,0.009,0.0,0.0129,0.03,0.101
2026-10-06T01:00:00+02:00,future,open-meteo forecast,9.5,78,0.0,21.78,18.0,home,1.0,0.0,0,0,0.0443,0.0,0.0,0.0,0.0,0.0,0.0,0.0,0.0,0.0,0.013,0.0,0.0,0.03,0.0873
2026-10-06T02:00:00+02:00,future,open-meteo forecast,9.2,79,0.0,21.52,18.0,home,1.0,0.0,0,0,0.0285,0.0,0.0,0.0,0.0,0.0,0.0,0.0,0.0,0.0,0.012,0.0,0.0,0.03,0.0705
2026-10-06T03:00:00+02:00,future,open-meteo forecast,8.9,82,0.0,21.26,18.0,home,1.0,0.0,0,0,0.0459,0.0,0.0,0.0,0.0,0.0,0.0,0.0,0.0,0.0,0.011,0.0,0.0,0.03,0.0869
2026-10-06T04:00:00+02:00,future,open-meteo forecast,8.5,86,0.0,20.99,18.0,home,1.0,0.0,0,0,0.0428,0.0,0.0,0.0,0.0,0.0,0.0,0.0,0.0,0.0,0.01,0.0,0.0,0.03,0.0828
2026-10-06T05:00:00+02:00,future,open-meteo forecast,8.2,90,0.0,20.73,18.0,home,1.0,0.0,0,0,0.0285,0.0,0.0,0.0,0.0,0.0,0.0,0.0,0.0,0.0,0.009,0.0,0.0,0.03,0.0675
2026-10-06T06:00:00+02:00,future,open-meteo forecast,8.1,94,0.0,21.16,21.0,home,1.0,0.0,0,0,0.0507,0.547,0.2133,0.1333,0.1755,0.0,0.0,0.0,0.0,0.0,0.013,0.0329,0.0,0.034,1.1997
2026-10-06T07:00:00+02:00,future,open-meteo forecast,8.2,96,0.0,21.18,21.0,home,1.0,0.0,0,0,0.0475,0.0,0.6933,0.0,0.0,0.0,0.0,0.0,0.0,0.0,0.012,0.036,0.0,0.038,0.8268
2026-10-06T08:00:00+02:00,future,open-meteo forecast,8.6,95,60.0,20.98,21.0,away,0.17,0.0,0,0,0.0301,0.0,0.0,0.0,0.0,0.0,0.0,0.0,0.0,0.0,0.011,0.0054,0.0,0.0347,0.0812
2026-10-06T09:00:00+02:00,future,open-meteo forecast,9.5,90,207.0,20.85,21.0,away,0.0,0.0,0,0,0.0475,0.0,0.0,0.0,0.0,0.0,0.0,0.0,0.0,0.0,0.01,0.0,0.0,0.034,0.0915
2026-10-06T10:00:00+02:00,future,open-meteo forecast,11.1,83,334.0,20.85,21.0,away,0.0,0.0,0,0,0.0428,0.0,0.0,0.0,0.0,0.0,0.0,0.0,0.0,0.0,0.009,0.0,0.0,0.034,0.0858
2026-10-06T11:00:00+02:00,future,open-meteo forecast,12.8,73,427.0,20.95,21.0,away,0.0,0.0,0,0,0.0253,0.0,0.0,0.0,0.0,0.0,0.0,0.0,0.0,0.0,0.013,0.0,0.0,0.034,0.0723
2026-10-06T12:00:00+02:00,future,open-meteo forecast,14.5,63,478.0,21.12,21.0,away,0.0,0.0,0,0,0.0491,0.0,0.0,0.0,0.0,0.0,0.0,0.0,0.0,0.0,0.012,0.0,0.0,0.034,0.0951
2026-10-06T13:00:00+02:00,future,open-meteo forecast,15.9,53,484.0,21.33,21.0,away,0.0,0.0,0,0,0.0443,0.0,0.0,0.0,0.0,0.0,0.0,0.0,0.0,0.0,0.011,0.0,0.0,0.034,0.0893
2026-10-06T14:00:00+02:00,future,open-meteo forecast,16.6,44,447.0,21.52,21.0,away,0.0,0.0,0,0,0.0269,0.0,0.0,0.0,0.0,0.0,0.0,0.0,0.0,0.0,0.01,0.0,0.0,0.034,0.0709
2026-10-06T15:00:00+02:00,future,open-meteo forecast,16.7,36,340.0,21.65,21.0,away,0.0,0.0,0,0,0.0475,0.0,0.0,0.0,0.0,0.0,0.0,0.0,0.0,0.0,0.009,0.0,0.0,0.034,0.0905
2026-10-06T16:00:00+02:00,future,open-meteo forecast,16.2,29,248.0,21.71,21.0,away,0.0,0.0,0,0,0.0412,0.0,0.0,0.0,0.0,0.0,0.0,0.0,0.0,0.0,0.013,0.0,0.0,0.034,0.0882
2026-10-06T17:00:00+02:00,future,open-meteo forecast,15.5,22,139.0,21.69,21.0,away,0.25,0.0,0,0,0.0348,0.0,0.0,0.0,0.0,0.0,0.0,0.0,0.0,0.0,0.012,0.0235,0.0,0.035,0.1053
2026-10-06T18:00:00+02:00,future,open-meteo forecast,14.6,15,30.0,21.63,21.0,home,1.0,0.0,0,0,0.0554,0.0,0.0,0.0,0.0,0.0,0.0,0.0,0.0,0.0,0.011,0.09,0.0,0.038,0.1944
2026-10-06T19:00:00+02:00,future,open-meteo forecast,13.6,9,0.0,21.83,21.0,home,1.0,0.0,0,0,0.0459,0.0,0.0,0.0,0.0,0.888,0.0,0.0,0.0,0.0,0.01,0.108,0.0,0.038,1.0899
2026-10-06T20:00:00+02:00,future,open-meteo forecast,12.9,5,0.0,21.83,21.0,home,1.0,0.0,0,0,0.0332,0.0,0.0,0.1333,0.0,0.0,0.0,0.0,0.0,0.0,0.009,0.104,0.0,0.038,0.3176
2026-10-06T21:00:00+02:00,future,open-meteo forecast,12.2,2,0.0,21.94,21.0,home,1.0,0.0,0,0,0.0538,0.0,0.0,0.0,0.0,0.0,0.514,0.452,0.0,0.0,0.013,0.1,0.0075,0.038,1.1783
2026-10-06T22:00:00+02:00,future,open-meteo forecast,11.5,1,0.0,22.09,19.5,home,1.0,0.0,0,0,0.0459,0.0,0.0,0.0,0.0,0.0,0.1333,0.4025,0.0,0.0,0.012,0.0624,0.0238,0.036,0.7159
2026-10-06T23:00:00+02:00,future,open-meteo forecast,10.9,0,0.0,21.99,18.0,home,1.0,0.0,0,0,0.0285,0.0,0.0,0.0,0.0,0.0,0.0,0.0002,0.0,0.0,0.011,0.0,0.0311,0.03,0.1008
2026-10-07T00:00:00+02:00,future,open-meteo forecast,10.2,0,0.0,21.76,18.0,home,1.0,0.0,0,0,0.0475,0.0,0.0,0.0,0.0,0.0,0.0,0.0,0.0,0.0,0.01,0.0,0.0,0.03,0.0875
2026-10-07T01:00:00+02:00,future,open-meteo forecast,9.7,0,0.0,21.51,18.0,home,1.0,0.0,0,0,0.0428,0.0,0.0,0.0,0.0,0.0,0.0,0.0,0.0,0.0,0.009,0.0,0.0,0.03,0.0818
2026-10-07T02:00:00+02:00,future,open-meteo forecast,9.2,0,0.0,21.26,18.0,home,1.0,0.0,0,0,0.0285,0.0,0.0,0.0,0.0,0.0,0.0,0.0,0.0,0.0,0.013,0.0,0.0,0.03,0.0715
2026-10-07T03:00:00+02:00,future,open-meteo forecast,8.8,0,0.0,21.01,18.0,home,1.0,0.0,0,0,0.0475,0.0,0.0,0.0,0.0,0.0,0.0,0.0,0.0,0.0,0.012,0.0,0.0,0.03,0.0895
2026-10-07T04:00:00+02:00,future,open-meteo forecast,8.4,0,0.0,20.75,18.0,home,1.0,0.0,0,0,0.0412,0.0,0.0,0.1333,0.0,0.0,0.0,0.0,0.0,0.0,0.011,0.011,0.0,0.0313,0.2278
2026-10-07T05:00:00+02:00,future,open-meteo forecast,8.0,0,0.0,20.62,17.0,home,0.5,0.0,0,1,0.0332,0.0,0.5333,0.0333,0.17,0.0,0.0,0.0,0.0,0.0,0.01,0.0315,0.0,0.029,0.8404
2026-10-07T06:00:00+02:00,future,open-meteo forecast,7.8,0,0.0,20.35,16.0,away,0.0,0.0,0,1,0.0475,0.0,0.0,0.0,0.0,0.0,0.0,0.0,0.0,0.0,0.009,0.0,0.0,0.02,0.0765
2026-10-07T07:00:00+02:00,future,open-meteo forecast,7.9,0,0.0,20.07,16.0,away,0.0,0.0,0,1,0.0412,0.0,0.0,0.0,0.0,0.0,0.0,0.0,0.0,0.0,0.013,0.0,0.0,0.02,0.0742
2026-10-07T08:00:00+02:00,future,open-meteo forecast,8.4,0,60.0,19.85,16.0,away,0.0,0.0,0,1,0.0237,0.0,0.0,0.0,0.0,0.0,0.0,0.0,0.0,0.0,0.012,0.0,0.0,0.02,0.0558
2026-10-07T09:00:00+02:00,future,open-meteo forecast,9.5,0,203.0,19.75,16.0,away,0.0,0.0,0,1,0.0443,0.0,0.0,0.0,0.0,0.0,0.0,0.0,0.0,0.0,0.011,0.0,0.0,0.02,0.0753
2026-10-07T10:00:00+02:00,future,open-meteo forecast,11.2,0,332.0,19.77,16.0,away,0.0,0.0,0,1,0.0412,0.0,0.0,0.0,0.0,0.0,0.0,0.0,0.0,0.0,0.01,0.0,0.0,0.02,0.0712
2026-10-07T11:00:00+02:00,future,open-meteo forecast,13.1,0,428.0,19.9,16.0,away,0.0,0.0,0,1,0.0222,0.0,0.0,0.0,0.0,0.0,0.0,0.0,0.0,0.0,0.009,0.0,0.0,0.02,0.0512
2026-10-07T12:00:00+02:00,future,open-meteo forecast,15.1,0,486.0,20.11,16.0,away,0.0,0.0,0,1,0.0459,0.0,0.0,0.0,0.0,0.0,0.0,0.0,0.0,0.0,0.013,0.0,0.0,0.02,0.0789
2026-10-07T13:00:00+02:00,future,open-meteo forecast,16.6,0,501.0,20.37,16.0,away,0.0,0.0,0,1,0.0412,0.0,0.0,0.0,0.0,0.0,0.0,0.0,0.0,0.0,0.012,0.0,0.0,0.02,0.0732
2026-10-07T14:00:00+02:00,future,open-meteo forecast,17.6,0,473.0,20.63,16.0,away,0.0,0.0,0,1,0.0285,0.0,0.0,0.0,0.0,0.0,0.0,0.0,0.0,0.0,0.011,0.0,0.0,0.02,0.0595
2026-10-07T15:00:00+02:00,future,open-meteo forecast,17.7,0,399.0,20.84,16.0,away,0.0,0.0,0,1,0.0443,0.0,0.0,0.0,0.0,0.0,0.0,0.0,0.0,0.0,0.01,0.0,0.0,0.02,0.0743
2026-10-07T16:00:00+02:00,future,open-meteo forecast,17.3,0,296.0,20.97,16.0,away,0.0,0.0,0,1,0.0412,0.0,0.0,0.0,0.0,0.0,0.0,0.0,0.0,0.0,0.009,0.0,0.0,0.02,0.0702
2026-10-07T17:00:00+02:00,future,open-meteo forecast,16.6,0,166.0,21.0,16.0,away,0.0,0.0,0,1,0.0285,0.0,0.0,0.0,0.0,0.0,0.0,0.0,0.0,0.0,0.013,0.0,0.0,0.02,0.0615
2026-10-07T18:00:00+02:00,future,open-meteo forecast,15.7,0,33.0,20.94,16.0,away,0.0,0.0,0,1,0.0491,0.0,0.0,0.0,0.0,0.0,0.0,0.0,0.0,0.0,0.012,0.0,0.0,0.02,0.0811
2026-10-07T19:00:00+02:00,future,open-meteo forecast,14.9,0,0.0,20.82,16.0,away,0.0,0.0,0,1,0.0412,0.0,0.0,0.0,0.0,0.0,0.0,0.0,0.0,0.0,0.011,0.0,0.0,0.02,0.0722
2026-10-07T20:00:00+02:00,future,open-meteo forecast,14.3,0,0.0,20.7,16.0,away,0.0,0.0,0,1,0.0317,0.0,0.0,0.0,0.0,0.0,0.0,0.0,0.0,0.0,0.01,0.0,0.0,0.02,0.0617
2026-10-07T21:00:00+02:00,future,open-meteo forecast,13.9,0,0.0,20.56,16.0,away,0.0,0.0,0,1,0.0443,0.0,0.0,0.0,0.0,0.0,0.0,0.0,0.0,0.0,0.009,0.0,0.0,0.02,0.0733
2026-10-07T22:00:00+02:00,future,open-meteo forecast,13.5,0,0.0,20.42,16.0,away,0.0,0.0,0,1,0.0443,0.0,0.0,0.0,0.0,0.0,0.0,0.0,0.0,0.0,0.013,0.0,0.0,0.02,0.0773
2026-10-07T23:00:00+02:00,future,open-meteo forecast,13.2,0,0.0,20.27,16.0,away,0.0,0.0,0,1,0.0237,0.0,0.0,0.0,0.0,0.0,0.0,0.0,0.0,0.0,0.012,0.0,0.0,0.02,0.0558
2026-10-08T00:00:00+02:00,future,open-meteo forecast,12.9,0,0.0,20.12,16.0,away,0.0,0.0,0,1,0.0443,0.0,0.0,0.0,0.0,0.0,0.0,0.0,0.0,0.0,0.011,0.0,0.0,0.02,0.0753
2026-10-08T01:00:00+02:00,future,open-meteo forecast,12.7,0,0.0,19.97,16.0,away,0.0,0.0,0,1,0.0412,0.0,0.0,0.0,0.0,0.0,0.0,0.0,0.0,0.0,0.01,0.0,0.0,0.02,0.0712
2026-10-08T02:00:00+02:00,future,open-meteo forecast,12.6,0,0.0,19.82,16.0,away,0.0,0.0,0,1,0.0269,0.0,0.0,0.0,0.0,0.0,0.0,0.0,0.0,0.0,0.009,0.0,0.0,0.02,0.0559
2026-10-08T03:00:00+02:00,future,open-meteo forecast,12.4,3,0.0,19.67,16.0,away,0.0,0.0,0,1,0.0443,0.0,0.0,0.0,0.0,0.0,0.0,0.0,0.0,0.0,0.013,0.0,0.0,0.02,0.0773
2026-10-08T04:00:00+02:00,future,open-meteo forecast,12.3,7,0.0,19.52,16.0,away,0.0,0.0,0,1,0.0428,0.0,0.0,0.0,0.0,0.0,0.0,0.0,0.0,0.0,0.012,0.0,0.0,0.02,0.0748
2026-10-08T05:00:00+02:00,future,open-meteo forecast,12.3,11,0.0,19.37,16.0,away,0.0,0.0,0,1,0.0253,0.0,0.0,0.0,0.0,0.0,0.0,0.0,0.0,0.0,0.011,0.0,0.0,0.02,0.0563
2026-10-08T06:00:00+02:00,future,open-meteo forecast,12.3,17,0.0,19.23,16.0,away,0.0,0.0,0,1,0.0443,0.0,0.0,0.0,0.0,0.0,0.0,0.0,0.0,0.0,0.01,0.0,0.0,0.02,0.0743
2026-10-08T07:00:00+02:00,future,open-meteo forecast,12.5,23,0.0,19.1,16.0,away,0.0,0.0,0,1,0.0428,0.0,0.0,0.0,0.0,0.0,0.0,0.0,0.0,0.0,0.009,0.0,0.0,0.02,0.0718
2026-10-08T08:00:00+02:00,future,open-meteo forecast,12.9,31,54.0,19.02,16.0,away,0.0,0.0,0,1,0.0269,0.0,0.0,0.0,0.0,0.0,0.0,0.0,0.0,0.0,0.013,0.0,0.0,0.02,0.0599
2026-10-08T09:00:00+02:00,future,open-meteo forecast,13.7,41,190.0,19.04,16.0,away,0.0,0.0,0,1,0.0412,0.0,0.0,0.0,0.0,0.0,0.0,0.0,0.0,0.0,0.012,0.0,0.0,0.02,0.0732
2026-10-08T10:00:00+02:00,future,open-meteo forecast,14.9,54,295.0,19.16,16.0,away,0.0,0.0,0,1,0.0412,0.0,0.0,0.0,0.0,0.0,0.0,0.0,0.0,0.0,0.011,0.0,0.0,0.02,0.0722
2026-10-08T11:00:00+02:00,future,open-meteo forecast,16.3,67,354.0,19.34,16.0,away,0.0,0.0,0,1,0.0269,0.0,0.0,0.0,0.0,0.0,0.0,0.0,0.0,0.0,0.01,0.0,0.0,0.02,0.0569
2026-10-08T12:00:00+02:00,future,open-meteo forecast,17.5,81,365.0,19.56,16.0,away,0.0,0.0,0,1,0.0459,0.0,0.0,0.0,0.0,0.0,0.0,0.0,0.0,0.0,0.009,0.0,0.0,0.02,0.0749
2026-10-08T13:00:00+02:00,future,open-meteo forecast,18.4,92,333.0,19.77,16.0,away,0.0,0.0,0,1,0.0428,0.0,0.0,0.0,0.0,0.0,0.0,0.0,0.0,0.0,0.013,0.0,0.0,0.02,0.0758
2026-10-08T14:00:00+02:00,future,open-meteo forecast,18.6,100,268.0,19.94,16.0,away,0.0,0.0,0,1,0.0237,0.0,0.0,0.0,0.0,0.0,0.0,0.0,0.0,0.0,0.012,0.0,0.0,0.02,0.0558
2026-10-08T15:00:00+02:00,future,open-meteo forecast,17.9,100,99.0,20.0,16.0,away,0.0,0.0,0,1,0.0443,0.0,0.0,0.0,0.0,0.0,0.0,0.0,0.0,0.0,0.011,0.0,0.0,0.02,0.0753
2026-10-08T16:00:00+02:00,future,open-meteo forecast,16.6,100,61.0,19.99,16.0,away,0.0,0.0,0,1,0.0428,0.0,0.0,0.0,0.0,0.0,0.0,0.0,0.0,0.0,0.01,0.0,0.0,0.02,0.0728
2026-10-08T17:00:00+02:00,future,open-meteo forecast,14.9,100,28.0,19.92,16.0,away,0.0,0.0,0,1,0.0253,0.0,0.0,0.0,0.0,0.0,0.0,0.0,0.0,0.0,0.009,0.0,0.0,0.02,0.0543
2026-10-08T18:00:00+02:00,future,open-meteo forecast,13.1,100,5.0,19.79,16.0,away,0.0,0.0,0,1,0.0412,0.0,0.0,0.0,0.0,0.0,0.0,0.0,0.0,0.0,0.013,0.0,0.0,0.02,0.0742
2026-10-08T19:00:00+02:00,future,open-meteo forecast,11.4,100,0.0,19.61,16.0,away,0.0,0.0,0,1,0.0443,0.0,0.0,0.0,0.0,0.0,0.0,0.0,0.0,0.0,0.012,0.0,0.0,0.02,0.0763
2026-10-08T20:00:00+02:00,future,open-meteo forecast,10.2,100,0.0,19.41,16.0,away,0.0,0.0,0,1,0.0253,0.0,0.0,0.0,0.0,0.0,0.0,0.0,0.0,0.0,0.011,0.0,0.0,0.02,0.0563
2026-10-08T21:00:00+02:00,future,open-meteo forecast,9.5,87,0.0,19.19,16.0,away,0.0,0.0,0,1,0.0428,0.0,0.0,0.0,0.0,0.0,0.0,0.0,0.0,0.0,0.01,0.0,0.0,0.02,0.0728
2026-10-08T22:00:00+02:00,future,open-meteo forecast,8.9,68,0.0,18.96,16.0,away,0.0,0.0,0,1,0.0412,0.0,0.0,0.0,0.0,0.0,0.0,0.0,0.0,0.0,0.009,0.0,0.0,0.02,0.0702
2026-10-08T23:00:00+02:00,future,open-meteo forecast,8.5,46,0.0,18.73,16.0,away,0.0,0.0,0,1,0.0253,0.0,0.0,0.0,0.0,0.0,0.0,0.0,0.0,0.0,0.013,0.0,0.0,0.02,0.0583
2026-10-09T00:00:00+02:00,future,open-meteo forecast,8.3,25,0.0,18.49,16.0,away,0.0,0.0,0,1,0.0428,0.0,0.0,0.0,0.0,0.0,0.0,0.0,0.0,0.0,0.012,0.0,0.0,0.02,0.0748
2026-10-09T01:00:00+02:00,future,open-meteo forecast,8.1,9,0.0,18.26,16.0,away,0.0,0.0,0,1,0.0396,0.0,0.0,0.0,0.0,0.0,0.0,0.0,0.0,0.0,0.011,0.0,0.0,0.02,0.0706
2026-10-09T02:00:00+02:00,future,open-meteo forecast,7.9,1,0.0,18.03,16.0,away,0.0,0.0,0,1,0.0206,0.0,0.0,0.0,0.0,0.0,0.0,0.0,0.0,0.0,0.01,0.0,0.0,0.02,0.0506
2026-10-09T03:00:00+02:00,future,open-meteo forecast,7.7,5,0.0,17.8,16.0,away,0.0,0.0,0,1,0.0428,0.0,0.0,0.0,0.0,0.0,0.0,0.0,0.0,0.0,0.009,0.0,0.0,0.02,0.0718
2026-10-09T04:00:00+02:00,future,open-meteo forecast,7.5,18,0.0,17.57,16.0,away,0.0,0.0,0,1,0.0412,0.0,0.0,0.0,0.0,0.0,0.0,0.0,0.0,0.0,0.013,0.0,0.0,0.02,0.0742
2026-10-09T05:00:00+02:00,future,open-meteo forecast,7.4,35,0.0,17.34,16.0,away,0.0,0.0,0,1,0.019,0.0,0.0,0.0,0.0,0.0,0.0,0.0,0.0,0.0,0.012,0.0,0.0,0.02,0.051
2026-10-09T06:00:00+02:00,future,open-meteo forecast,7.3,54,0.0,17.12,16.0,away,0.0,0.0,0,1,0.0412,0.0,0.0,0.0,0.0,0.0,0.0,0.0,0.0,0.0,0.011,0.0,0.0,0.02,0.0722
2026-10-09T07:00:00+02:00,future,open-meteo forecast,7.4,69,0.0,16.91,16.0,away,0.0,0.0,0,1,0.0396,0.0,0.0,0.0,0.0,0.0,0.0,0.0,0.0,0.0,0.01,0.0,0.0,0.02,0.0696
2026-10-09T08:00:00+02:00,future,open-meteo forecast,7.6,77,48.0,16.74,16.0,away,0.0,0.0,0,1,0.0222,0.0,0.0,0.0,0.0,0.0,0.0,0.0,0.0,0.0,0.009,0.0,0.0,0.02,0.0512
2026-10-09T09:00:00+02:00,future,open-meteo forecast,8.1,76,163.0,16.66,16.0,away,0.0,0.0,0,1,0.038,0.0,0.0,0.0,0.0,0.0,0.0,0.0,0.0,0.0,0.013,0.0,0.0,0.02,0.071
2026-10-09T10:00:00+02:00,future,open-meteo forecast,8.8,70,265.0,16.65,16.0,away,0.0,0.0,0,1,0.0364,0.0,0.0,0.0,0.0,0.0,0.0,0.0,0.0,0.0,0.012,0.0,0.0,0.02,0.0684
2026-10-09T11:00:00+02:00,future,open-meteo forecast,9.6,61,339.0,16.71,16.0,away,0.0,0.0,0,1,0.0222,0.0,0.0,0.0,0.0,0.0,0.0,0.0,0.0,0.0,0.011,0.0,0.0,0.02,0.0532
2026-10-09T12:00:00+02:00,future,open-meteo forecast,10.3,51,381.0,16.82,16.0,away,0.0,0.0,0,1,0.0428,0.0,0.0,0.0,0.0,0.0,0.0,0.0,0.0,0.0,0.01,0.0,0.0,0.02,0.0728
2026-10-09T13:00:00+02:00,future,open-meteo forecast,10.9,41,389.0,16.94,16.0,away,0.0,0.0,0,1,0.0412,0.0,0.0,0.0,0.0,0.0,0.0,0.0,0.0,0.0,0.009,0.0,0.0,0.02,0.0702
2026-10-09T14:00:00+02:00,future,open-meteo forecast,11.2,35,364.0,17.06,16.0,away,0.0,0.0,0,1,0.0206,0.0,0.0,0.0,0.0,0.0,0.0,0.0,0.0,0.0,0.013,0.0,0.0,0.02,0.0536
2026-10-09T15:00:00+02:00,future,open-meteo forecast,11.2,32,304.0,17.13,16.0,away,0.0,0.0,0,1,0.0412,0.0,0.0,0.0,0.0,0.0,0.0,0.0,0.0,0.0,0.012,0.0,0.0,0.02,0.0732
2026-10-09T16:00:00+02:00,future,open-meteo forecast,10.9,30,222.0,17.14,16.0,away,0.0,0.0,0,1,0.0396,0.0,0.0,0.0,0.0,0.0,0.0,0.0,0.0,0.0,0.011,0.0,0.0,0.02,0.0706
2026-10-09T17:00:00+02:00,future,open-meteo forecast,10.5,30,120.0,17.08,16.0,away,0.0,0.0,0,1,0.0222,0.0,0.0,0.0,0.0,0.0,0.0,0.0,0.0,0.0,0.01,0.0,0.0,0.02,0.0522
2026-10-09T18:00:00+02:00,future,open-meteo forecast,9.9,30,21.0,16.96,16.0,away,0.0,0.0,0,1,0.0412,0.0,0.0,0.0,0.0,0.0,0.0,0.0,0.0,0.0,0.009,0.0,0.0,0.02,0.0702
2026-10-09T19:00:00+02:00,future,open-meteo forecast,9.4,29,0.0,16.8,16.0,away,0.0,0.0,0,1,0.0396,0.0,0.0,0.0,0.0,0.0,0.0,0.0,0.0,0.0,0.013,0.0,0.0,0.02,0.0726
2026-10-09T20:00:00+02:00,future,open-meteo forecast,8.9,27,0.0,16.63,16.0,away,0.0,0.0,0,1,0.019,0.0,0.0,0.0,0.0,0.0,0.0,0.0,0.0,0.0,0.012,0.0,0.0,0.02,0.051
2026-10-09T21:00:00+02:00,future,open-meteo forecast,8.4,23,0.0,16.46,16.0,away,0.0,0.0,0,1,0.038,0.0,0.0,0.0,0.0,0.0,0.0,0.0,0.0,0.0,0.011,0.0,0.0,0.02,0.069
2026-10-09T22:00:00+02:00,future,open-meteo forecast,7.8,19,0.0,16.29,17.8,home,0.67,0.0,0,1,0.0364,0.0,1.0667,0.0,0.0,0.0,0.0,0.0,0.0,0.0,0.01,0.0439,0.0,0.032,1.189
2026-10-09T23:00:00+02:00,future,open-meteo forecast,7.3,14,0.0,16.5,18.0,home,1.0,0.0,0,0,0.0222,0.9773,0.88,0.0,0.0,0.0,0.0,0.0,0.0,0.0,0.009,0.009,0.01,0.0313,1.9388
2026-10-10T00:00:00+02:00,future,open-meteo forecast,6.7,8,0.0,18.1,18.0,home,1.0,0.0,0,0,0.0428,0.6737,0.0,0.0,0.0,0.0,0.0,0.0,0.0,0.0,0.013,0.0,0.0045,0.03,0.764
2026-10-10T01:00:00+02:00,future,open-meteo forecast,6.3,4,0.0,18.07,18.0,home,1.0,0.0,0,0,0.0428,0.0,0.0,0.0,0.0,0.0,0.0,0.0,0.0,0.0,0.012,0.0,0.0,0.03,0.0848
2026-10-10T02:00:00+02:00,future,open-meteo forecast,5.9,1,0.0,17.82,18.0,home,1.0,0.0,0,0,0.0206,0.0,0.0,0.0,0.0,0.0,0.0,0.0,0.0,0.0,0.011,0.0,0.0,0.03,0.0616
2026-10-10T03:00:00+02:00,future,open-meteo forecast,5.5,0,0.0,18.14,18.0,home,1.0,0.0,0,0,0.0428,0.5122,0.0,0.0,0.0,0.0,0.0,0.0,0.0,0.0,0.01,0.0,0.0,0.03,0.5949
2026-10-10T04:00:00+02:00,future,open-meteo forecast,5.1,0,0.0,18.0,18.0,home,1.0,0.0,0,0,0.0428,0.0,0.0,0.0,0.0,0.0,0.0,0.0,0.0,0.0,0.009,0.0,0.0,0.03,0.0818
2026-10-10T05:00:00+02:00,future,open-meteo forecast,4.8,0,0.0,17.86,18.0,home,1.0,0.0,0,0,0.0253,0.4825,0.0,0.0,0.0,0.0,0.0,0.0,0.0,0.0,0.013,0.0,0.0,0.03,0.5509
2026-10-10T06:00:00+02:00,future,open-meteo forecast,4.6,0,0.0,19.81,21.0,home,1.0,0.0,0,0,0.0428,2.1924,0.0,0.0,0.0,0.0,0.0,0.0,0.0,0.0,0.012,0.0,0.0,0.03,2.2772
2026-10-10T07:00:00+02:00,future,open-meteo forecast,4.6,0,0.0,21.17,21.0,home,1.0,0.0,0,0,0.0443,0.4067,0.0,0.0,0.0,0.0,0.0,0.0,0.0,0.0,0.011,0.0,0.0,0.03,0.492
2026-10-10T08:00:00+02:00,future,open-meteo forecast,4.9,0,48.0,21.15,21.0,home,1.0,0.0,0,0,0.0317,0.0,0.0,0.1333,0.1817,0.0,0.5382,0.0,0.0,0.0,0.01,0.0,0.0,0.038,0.9328
2026-10-10T09:00:00+02:00,future,open-meteo forecast,5.8,0,198.0,21.11,21.0,away,0.25,0.0,0,0,0.0523,0.0,0.8267,0.0,0.0,0.0,0.1758,0.0,0.0,0.0,0.009,0.0,0.0,0.035,1.0987
2026-10-10T10:00:00+02:00,future,open-meteo forecast,7.1,0,332.0,21.03,21.0,away,0.0,0.0,0,0,0.0428,0.0,0.0,0.0,0.0,0.0,0.0,0.0,0.0,0.0,0.013,0.0,0.0,0.034,0.0898
2026-10-10T11:00:00+02:00,future,open-meteo forecast,8.7,0,431.0,21.04,21.0,home,0.83,0.0,0,0,0.038,0.0,0.0,0.0,0.0,0.0,0.0,0.0,0.0,0.0,0.012,0.0,0.0,0.0373,0.0873
2026-10-10T12:00:00+02:00,future,open-meteo forecast,10.3,0,486.0,21.12,21.0,away,0.0,0.0,0,0,0.0649,0.0,0.0,0.0,0.0,0.0,0.0,0.0,0.0,0.0,0.011,0.0,0.0,0.034,0.1099
2026-10-10T13:00:00+02:00,future,open-meteo forecast,11.5,0,493.0,21.22,21.0,away,0.25,0.25,0,0,0.0507,0.0,0.0,0.0,0.0,0.0,0.0,0.0,0.0,0.0,0.01,0.0,0.0,0.035,0.0957
2026-10-10T14:00:00+02:00,future,open-meteo forecast,12.2,0,454.0,21.37,21.0,home+Paul,1.0,1.0,0,0,0.0507,0.0,0.0,0.0,0.0,0.0,0.0,0.0,0.0,0.0,0.009,0.0,0.0,0.038,0.0977
2026-10-10T15:00:00+02:00,future,open-meteo forecast,12.3,12,343.0,21.47,21.0,home+Paul,1.0,1.0,0,0,0.0633,0.0,0.0,0.0,0.0,0.0,0.0,0.0,0.0,0.0,0.013,0.0,0.0,0.038,0.1143
2026-10-10T16:00:00+02:00,future,open-meteo forecast,11.9,29,245.0,21.49,21.0,home+Paul,1.0,1.0,0,0,0.0443,0.0,0.0,0.0,0.0,0.0,0.0,0.0,0.0,0.0,0.012,0.0,0.0,0.038,0.0943
2026-10-10T17:00:00+02:00,future,open-meteo forecast,11.2,48,129.0,21.43,21.0,home+Paul,1.0,1.0,0,0,0.0317,0.0,0.0,0.0,0.0,0.0,0.0,0.0,0.0,0.0,0.011,0.0678,0.0,0.038,0.1485
2026-10-10T18:00:00+02:00,future,open-meteo forecast,10.3,68,20.0,21.37,21.0,home+Paul,1.0,1.0,5,0,0.0602,0.0,0.0,0.1333,0.0,0.0,0.0,0.0,0.0,0.0,0.01,0.1326,0.0,0.038,0.3741
2026-10-10T19:00:00+02:00,future,open-meteo forecast,9.5,85,0.0,21.78,21.0,home+guests,1.0,1.0,5,0,0.0491,0.0,0.0,0.1667,0.0,0.9765,0.0,0.0,0.0,0.0,0.009,0.1372,0.0,0.038,1.3765
2026-10-10T20:00:00+02:00,future,open-meteo forecast,8.9,96,0.0,22.02,21.0,home+guests,1.0,1.0,5,0,0.0428,0.0,0.0,0.2667,0.0,0.0,0.0,0.0,0.0,0.0,0.013,0.1316,0.0,0.038,0.492
2026-10-10T21:00:00+02:00,future,open-meteo forecast,8.4,100,0.0,22.07,21.0,home+guests,1.0,1.0,5,0,0.0649,0.0,0.48,0.0,0.0,0.0,0.0,0.0,0.0,0.0,0.012,0.126,0.0,0.038,0.7209
2026-10-10T22:00:00+02:00,future,open-meteo forecast,7.8,100,0.0,22.08,19.5,home+guests,1.0,1.0,5,0,0.0507,0.0,0.4267,0.0,0.0,0.0,0.0,0.0,0.0,0.0,0.011,0.1512,0.0,0.038,0.6775
2026-10-10T23:00:00+02:00,future,open-meteo forecast,7.3,100,0.0,22.07,18.0,home+guests,1.0,1.0,5,0,0.0428,0.0,0.0,0.0,0.0,0.0,0.0,0.0,0.0,0.0,0.01,0.1456,0.0,0.038,0.2364
2026-10-11T00:00:00+02:00,future,open-meteo forecast,6.9,97,0.0,22.09,18.0,home+Paul,1.0,1.0,5,0,0.0602,0.0,0.0,0.0,0.0,0.0,0.0,0.6187,0.0,0.0,0.009,0.0758,0.0075,0.036,0.8072
2026-10-11T01:00:00+02:00,future,open-meteo forecast,6.5,94,0.0,22.07,18.0,home+Paul,1.0,1.0,0,0,0.0428,0.0,0.0,0.0,0.0,0.0,0.0,0.5352,0.0,0.0,0.013,0.0,0.02,0.03,0.6409
2026-10-11T02:00:00+02:00,future,open-meteo forecast,6.2,93,0.0,21.87,18.0,home+Paul,1.0,1.0,0,0,0.0301,0.0,0.88,0.0,0.0,0.0,0.0,0.0008,0.0,0.0,0.012,0.0,0.0058,0.03,0.9588
2026-10-11T03:00:00+02:00,future,open-meteo forecast,5.8,94,0.0,21.55,18.0,home+Paul,1.0,1.0,0,0,0.0459,0.0,0.0,0.0,0.0,0.0,0.0,0.0,0.0,0.0,0.011,0.0,0.0,0.03,0.0869
2026-10-11T04:00:00+02:00,future,open-meteo forecast,5.5,95,0.0,21.22,18.0,home+Paul,1.0,1.0,0,0,0.0412,0.0,0.0,0.0,0.0,0.0,0.0,0.0,0.0,0.0,0.01,0.0,0.0,0.03,0.0812
2026-10-11T05:00:00+02:00,future,open-meteo forecast,5.1,96,0.0,20.89,18.0,home+Paul,1.0,1.0,0,0,0.0285,0.0,0.0,0.0,0.0,0.0,0.0,0.0,0.0,0.0,0.009,0.0,0.0,0.03,0.0675
2026-10-11T06:00:00+02:00,future,open-meteo forecast,5.0,98,0.0,21.09,21.0,home+Paul,1.0,1.0,0,0,0.0491,0.5511,0.0,0.0,0.0,0.0,0.0,0.0,0.0,0.0,0.013,0.0,0.0,0.03,0.6431
2026-10-11T07:00:00+02:00,future,open-meteo forecast,5.2,99,0.0,21.01,21.0,home+Paul,1.0,1.0,0,0,0.0412,0.0,0.0,0.0,0.0,0.0,0.0,0.0,0.0,0.0,0.012,0.0,0.0,0.03,0.0832
2026-10-11T08:00:00+02:00,future,open-meteo forecast,5.7,100,36.0,20.83,21.0,home+Paul,1.0,1.0,0,0,0.0285,0.3851,0.0,0.0,0.0,0.0,0.0,0.0,0.0,0.0,0.011,0.0,0.0,0.03,0.4546
2026-10-11T09:00:00+02:00,future,open-meteo forecast,7.0,100,168.0,21.37,21.0,home+Paul,1.0,1.0,0,0,0.0554,0.0872,0.2933,0.1,0.38,0.0,0.0,0.0,0.0,0.0,0.01,0.0324,0.0,0.038,0.9964
2026-10-11T10:00:00+02:00,future,open-meteo forecast,8.8,100,288.0,21.42,21.0,away,0.25,0.25,0,0,0.0475,0.0,1.2,0.0,0.0,0.0,0.0,0.0,0.0,0.0,0.009,0.0078,0.0,0.035,1.2993
2026-10-11T11:00:00+02:00,future,open-meteo forecast,11.0,99,378.0,21.43,21.0,away,0.25,0.25,0,0,0.0269,0.0,0.0,0.0,0.0,0.0,0.0,0.0,0.0,0.0,0.013,0.0075,0.0,0.035,0.0824
2026-10-11T12:00:00+02:00,future,open-meteo forecast,13.1,99,429.0,21.76,21.0,home+Paul,1.0,1.0,0,0,0.0554,0.0,0.0,0.0,0.0,0.0,0.0,0.6505,0.0,0.0,0.012,0.0288,0.0,0.038,0.7847
2026-10-11T13:00:00+02:00,future,open-meteo forecast,14.9,98,436.0,22.18,21.0,home+Paul,1.0,1.0,0,0,0.0459,0.0,0.0,0.0,0.0,0.0,0.0,0.3042,0.0,0.0,0.011,0.0276,0.0,0.038,0.4267
2026-10-11T14:00:00+02:00,future,open-meteo forecast,15.9,98,401.0,22.4,21.0,home+Paul,0.67,1.0,0,0,0.0364,0.0,0.0,0.0,0.0,0.0,0.0,0.0,0.0,0.0,0.01,0.033,0.0,0.038,0.1174
2026-10-11T15:00:00+02:00,future,open-meteo forecast,16.1,98,296.0,22.52,21.0,Paul only,0.0,1.0,0,0,0.0523,0.0,0.0,0.0,0.0,0.0,0.0,0.0,0.0,0.0,0.009,0.0318,0.0,0.038,0.1311
2026-10-11T16:00:00+02:00,future,open-meteo forecast,15.8,99,210.0,22.57,21.0,Paul only,0.33,1.0,0,0,0.0459,0.0,0.0,0.0,0.0,0.0,0.0,0.0,0.0,0.0,0.013,0.0306,0.0,0.038,0.1275
2026-10-11T17:00:00+02:00,future,open-meteo forecast,15.0,99,108.0,22.58,21.0,home+Paul,1.0,1.0,0,0,0.0364,0.0,0.8267,0.0,0.0,0.0,0.0,0.0,0.0,0.0,0.012,0.1014,0.0,0.038,1.0145
2026-10-11T18:00:00+02:00,future,open-meteo forecast,14.1,100,15.0,22.55,21.0,home+Paul,1.0,1.0,0,0,0.057,0.0,0.0,0.0,0.0,0.0,0.0,0.0,0.0,0.0,0.011,0.1128,0.0,0.038,0.2188
2026-10-11T19:00:00+02:00,future,open-meteo forecast,13.1,100,0.0,22.47,21.0,home+Paul,1.0,1.0,0,0,0.0459,0.0,0.0,0.0,0.0,0.0,0.0,0.0,0.0,0.0,0.01,0.108,0.0,0.038,0.2019
2026-10-11T20:00:00+02:00,future,open-meteo forecast,12.4,100,0.0,22.38,21.0,home+Paul,1.0,1.0,0,0,0.038,0.0,0.0,0.0,0.0,0.0,0.0,0.0,0.07,0.0,0.009,0.1296,0.0,0.038,0.2846
2026-10-11T21:00:00+02:00,future,open-meteo forecast,11.8,99,0.0,22.36,21.0,home+Paul,1.0,1.0,0,0,0.057,0.0,0.0,0.1667,0.0,0.0,0.0,0.0,0.14,0.0,0.013,0.1248,0.0,0.038,0.5395
2026-10-11T22:00:00+02:00,future,open-meteo forecast,11.2,98,0.0,22.32,19.5,home+Paul,1.0,1.0,0,0,0.0475,0.0,0.0,0.0,0.0,0.0,0.0,0.0,0.07,0.0,0.012,0.09,0.0,0.038,0.2575
2026-10-11T23:00:00+02:00,future,open-meteo forecast,10.6,96,0.0,22.16,18.0,home+Paul,1.0,1.0,0,0,0.038,0.0,0.0,0.0,0.0,0.0,0.0,0.0,0.0,0.0,0.011,0.0288,0.0125,0.034,0.1243
2026-10-12T00:00:00+02:00,future,open-meteo forecast,10.1,95,0.0,21.96,18.0,home+Paul,1.0,1.0,0,0,0.0491,0.0,0.0,0.0,0.0,0.0,0.0,0.0,0.0,0.0,0.01,0.0,0.017,0.03,0.1061
2026-10-12T01:00:00+02:00,future,open-meteo forecast,9.6,93,0.0,21.74,18.0,home+Paul,1.0,1.0,0,0,0.0443,0.0,0.0,0.0,0.0,0.0,0.0,0.0,0.0,0.0,0.009,0.0,0.0002,0.03,0.0835
2026-10-12T02:00:00+02:00,future,open-meteo forecast,9.3,93,0.0,21.51,18.0,home+Paul,1.0,1.0,0,0,0.0269,0.0,0.0,0.0,0.0,0.0,0.0,0.0,0.0,0.0,0.013,0.0,0.0,0.03,0.0699
2026-10-12T03:00:00+02:00,future,open-meteo forecast,9.1,94,0.0,21.28,18.0,home+Paul,1.0,1.0,0,0,0.0443,0.0,0.0,0.0,0.0,0.0,0.0,0.0,0.0,0.0,0.012,0.0,0.0,0.03,0.0863
2026-10-12T04:00:00+02:00,future,open-meteo forecast,8.9,98,0.0,21.06,18.0,home+Paul,1.0,1.0,0,0,0.0443,0.0,0.0,0.0,0.0,0.0,0.0,0.0,0.0,0.0,0.011,0.0,0.0,0.03,0.0853
2026-10-12T05:00:00+02:00,future,open-meteo forecast,8.9,100,0.0,20.84,18.0,home+Paul,1.0,1.0,0,0,0.0285,0.0,0.0,0.0,0.0,0.0,0.0,0.0,0.0,0.0,0.01,0.0,0.0,0.03,0.0685
2026-10-12T06:00:00+02:00,future,open-meteo forecast,9.0,100,0.0,21.1,21.0,home+Paul,1.0,1.0,0,0,0.0475,0.4501,0.0,0.0,0.0,0.0,0.0,0.0,0.0,0.0,0.009,0.0,0.0,0.03,0.5366
2026-10-12T07:00:00+02:00,future,open-meteo forecast,9.2,100,0.0,21.23,21.0,home+Paul,1.0,1.0,0,0,0.0443,0.0,0.8,0.1333,0.3045,0.0,0.0,0.0,0.0,0.0,0.013,0.0504,0.0,0.038,1.3836
2026-10-12T08:00:00+02:00,future,open-meteo forecast,9.7,100,23.0,21.16,21.0,home+Paul,1.0,1.0,0,0,0.0348,0.0,0.9333,0.0,0.0,0.0,0.0,0.0,0.0,0.036,0.012,0.0312,0.0,0.038,1.0854
2026-10-12T09:00:00+02:00,future,open-meteo forecast,10.6,90,108.0,21.12,21.0,home+Paul,1.0,1.0,0,0,0.0538,0.0,0.0,0.0,0.0,0.0,0.0,0.0,0.0,0.1279,0.011,0.03,0.0,0.038,0.2608
2026-10-12T10:00:00+02:00,future,open-meteo forecast,11.9,75,194.0,21.17,21.0,home+Paul,1.0,1.0,0,0,0.0459,0.0,0.0,0.0,0.0,0.0,0.0,0.0,0.0,0.1213,0.01,0.0,0.0,0.038,0.2152
2026-10-12T11:00:00+02:00,future,open-meteo forecast,13.3,57,267.0,21.31,21.0,home+Paul,1.0,1.0,0,0,0.0348,0.0,0.0,0.0,0.0,0.0,0.0,0.0,0.0,0.1274,0.009,0.0,0.0,0.038,0.2093
2026-10-12T12:00:00+02:00,future,open-meteo forecast,14.8,39,322.0,21.51,21.0,home+Paul,1.0,1.0,0,0,0.0538,0.0,0.0,0.1333,0.0,0.0,0.0,0.0,0.0,0.1119,0.013,0.0,0.0,0.038,0.35
2026-10-12T13:00:00+02:00,future,open-meteo forecast,15.9,23,350.0,21.85,21.0,home+Paul,1.0,1.0,0,0,0.0475,0.0,0.0,0.0,0.2025,0.0,0.0,0.0,0.0,0.1085,0.012,0.0,0.0,0.038,0.4085
2026-10-12T14:00:00+02:00,future,open-meteo forecast,16.4,12,348.0,22.1,21.0,home+Paul,1.0,0.5,0,0,0.0364,0.0,0.0,0.0,0.0,0.0,0.0,0.0,0.0,0.0781,0.011,0.0,0.0,0.038,0.1636
2026-10-12T15:00:00+02:00,future,open-meteo forecast,16.3,5,360.0,22.53,21.0,home,1.0,0.0,0,0,0.0538,0.0,0.0,0.1333,0.0,0.0,0.7607,0.0,0.0,0.0711,0.01,0.0,0.0,0.038,1.0669
2026-10-12T16:00:00+02:00,future,open-meteo forecast,15.7,2,270.0,22.76,21.0,home,1.0,0.0,0,0,0.0491,0.0,0.0,0.0,0.0,0.0,0.1533,0.0,0.0,0.0448,0.009,0.0,0.0,0.038,0.2943
2026-10-12T17:00:00+02:00,future,open-meteo forecast,14.8,0,143.0,22.78,21.0,home,1.0,0.0,0,0,0.0348,0.0,0.0,0.0,0.0,0.0,0.0,0.0,0.0,0.0219,0.013,0.054,0.0,0.038,0.1618
2026-10-12T18:00:00+02:00,future,open-meteo forecast,13.8,0,19.0,22.73,21.0,home,1.0,0.0,0,0,0.0554,0.0,0.0,0.0,0.0,0.5025,0.0,0.0,0.0,0.0,0.012,0.108,0.0,0.038,0.7159
2026-10-12T19:00:00+02:00,future,open-meteo forecast,12.8,0,0.0,22.92,21.0,home,1.0,0.0,0,0,0.0491,0.0,0.0,0.0,0.0,0.5025,0.0,0.0,0.0,0.0,0.011,0.104,0.0,0.038,0.7046
2026-10-12T20:00:00+02:00,future,open-meteo forecast,12.1,0,0.0,22.83,21.0,home,1.0,0.0,0,0,0.038,0.0,0.0,0.0,0.0,0.0,0.0,0.0,0.0775,0.0,0.01,0.1,0.0,0.038,0.2635
2026-10-12T21:00:00+02:00,future,open-meteo forecast,11.5,0,0.0,22.88,21.0,home,1.0,0.0,0,0,0.0554,0.0,0.0,0.0,0.0,0.0,0.0,0.6505,0.141,0.0225,0.009,0.096,0.0,0.038,1.0125
2026-10-12T22:00:00+02:00,future,open-meteo forecast,10.9,1,0.0,22.95,19.5,home,1.0,0.0,0,0,0.0443,0.0,0.0,0.0,0.0,0.0,0.0,0.3042,0.0658,0.0459,0.013,0.0598,0.0042,0.036,0.5732
2026-10-12T23:00:00+02:00,future,open-meteo forecast,10.4,2,0.0,22.74,18.0,home,1.0,0.0,0,0,0.0332,0.0,0.0,0.0,0.0,0.0,0.0,0.0,0.0,0.0,0.012,0.0,0.01,0.03,0.0853
